[{"info": {"url": "https://farm4.staticflickr.com/3799/19008657050_f059747f2d.jpg", "url_m": "https://farm4.staticflickr.com/3799/19008657050_f059747f2d_m.jpg", "link": "https://www.flickr.com/photos/115096994@N02/19008657050", "url_b": "https://farm4.staticflickr.com/3799/19008657050_f059747f2d_b.jpg", "title": "Austria_Sword0001_Austria_Sword0002_fb"}, "n_answers": 3, "quorum": 0, "calibration": 0, "created": "2015-06-27T07:46:52.901638", "state": "completed", "project_id": 220, "id": 41334, "priority_0": 0.0}, {"info": {"url": "https://farm1.staticflickr.com/422/19190463122_f2fbe1e73a.jpg", "url_m": "https://farm1.staticflickr.com/422/19190463122_f2fbe1e73a_m.jpg", "link": "https://www.flickr.com/photos/115096994@N02/19190463122", "url_b": "https://farm1.staticflickr.com/422/19190463122_f2fbe1e73a_b.jpg", "title": "China_Sword0001_China_Sword0002_fb"}, "n_answers": 3, "quorum": 0, "calibration": 0, "created": "2015-06-27T07:46:52.977956", "state": "completed", "project_id": 220, "id": 41335, "priority_0": 0.0}, {"info": {"url": "https://farm1.staticflickr.com/357/19008589960_cd991ec2e4.jpg", "url_m": "https://farm1.staticflickr.com/357/19008589960_cd991ec2e4_m.jpg", "link": "https://www.flickr.com/photos/115096994@N02/19008589960", "url_b": "https://farm1.staticflickr.com/357/19008589960_cd991ec2e4_b.jpg", "title": "China_Sword0003_China_Sword0004_fb"}, "n_answers": 3, "quorum": 0, "calibration": 0, "created": "2015-06-27T07:46:53.009893", "state": "completed", "project_id": 220, "id": 41336, "priority_0": 0.0}, {"info": {"url": "https://farm1.staticflickr.com/377/19010117749_17d5ee6b73.jpg", "url_m": "https://farm1.staticflickr.com/377/19010117749_17d5ee6b73_m.jpg", "link": "https://www.flickr.com/photos/115096994@N02/19010117749", "url_b": "https://farm1.staticflickr.com/377/19010117749_17d5ee6b73_b.jpg", "title": "Cyprus_Sword0001_Cyprus_Sword0002_fb"}, "n_answers": 3, "quorum": 0, "calibration": 0, "created": "2015-06-27T07:46:53.045379", "state": "completed", "project_id": 220, "id": 41337, "priority_0": 0.0}, {"info": {"url": "https://farm1.staticflickr.com/457/19169414416_9e78e81e4c.jpg", "url_m": "https://farm1.staticflickr.com/457/19169414416_9e78e81e4c_m.jpg", "link": "https://www.flickr.com/photos/115096994@N02/19169414416", "url_b": "https://farm1.staticflickr.com/457/19169414416_9e78e81e4c_b.jpg", "title": "Cyprus_Sword0003_Cyprus_Sword0004_fb"}, "n_answers": 3, "quorum": 0, "calibration": 0, "created": "2015-06-27T07:46:53.077211", "state": "completed", "project_id": 220, "id": 41338, "priority_0": 0.0}, {"info": {"url": "https://farm1.staticflickr.com/427/19169391466_48fe3b951d.jpg", "url_m": "https://farm1.staticflickr.com/427/19169391466_48fe3b951d_m.jpg", "link": "https://www.flickr.com/photos/115096994@N02/19169391466", "url_b": "https://farm1.staticflickr.com/427/19169391466_48fe3b951d_b.jpg", "title": "Denmark_Buttons0001_Denmark_Buttons0002_fb"}, "n_answers": 3, "quorum": 0, "calibration": 0, "created": "2015-06-27T07:46:53.102155", "state": "completed", "project_id": 220, "id": 41339, "priority_0": 0.0}, {"info": {"url": "https://farm1.staticflickr.com/332/18572988674_945788509d.jpg", "url_m": "https://farm1.staticflickr.com/332/18572988674_945788509d_m.jpg", "link": "https://www.flickr.com/photos/115096994@N02/18572988674", "url_b": "https://farm1.staticflickr.com/332/18572988674_945788509d_b.jpg", "title": "Denmark_Buttons0003_Denmark_Buttons0004_fb"}, "n_answers": 3, "quorum": 0, "calibration": 0, "created": "2015-06-27T07:46:53.127043", "state": "completed", "project_id": 220, "id": 41340, "priority_0": 0.0}, {"info": {"url": "https://farm1.staticflickr.com/413/18574881293_fed0ffbab9.jpg", "url_m": "https://farm1.staticflickr.com/413/18574881293_fed0ffbab9_m.jpg", "link": "https://www.flickr.com/photos/115096994@N02/18574881293", "url_b": "https://farm1.staticflickr.com/413/18574881293_fed0ffbab9_b.jpg", "title": "Denmark_DoubleSpiral0001_Denmark_DoubleSpiral0002_fb"}, "n_answers": 3, "quorum": 0, "calibration": 0, "created": "2015-06-27T07:46:53.152211", "state": "completed", "project_id": 220, "id": 41341, "priority_0": 0.0}, {"info": {"url": "https://farm1.staticflickr.com/307/19198997961_2d753d09c4.jpg", "url_m": "https://farm1.staticflickr.com/307/19198997961_2d753d09c4_m.jpg", "link": "https://www.flickr.com/photos/115096994@N02/19198997961", "url_b": "https://farm1.staticflickr.com/307/19198997961_2d753d09c4_b.jpg", "title": "Denmark_Sword0001_Denmark_Sword0002_fb"}, "n_answers": 3, "quorum": 0, "calibration": 0, "created": "2015-06-27T07:46:53.177232", "state": "completed", "project_id": 220, "id": 41342, "priority_0": 0.0}, {"info": {"url": "https://farm1.staticflickr.com/482/19199089961_85ce97f77b.jpg", "url_m": "https://farm1.staticflickr.com/482/19199089961_85ce97f77b_m.jpg", "link": "https://www.flickr.com/photos/115096994@N02/19199089961", "url_b": "https://farm1.staticflickr.com/482/19199089961_85ce97f77b_b.jpg", "title": "Denmark_Sword0003_Denmark_Sword0004_fb"}, "n_answers": 3, "quorum": 0, "calibration": 0, "created": "2015-06-27T07:46:53.202275", "state": "completed", "project_id": 220, "id": 41343, "priority_0": 0.0}, {"info": {"url": "https://farm1.staticflickr.com/338/18572939554_4f2e6332f1.jpg", "url_m": "https://farm1.staticflickr.com/338/18572939554_4f2e6332f1_m.jpg", "link": "https://www.flickr.com/photos/115096994@N02/18572939554", "url_b": "https://farm1.staticflickr.com/338/18572939554_4f2e6332f1_b.jpg", "title": "Denmark_Sword0005_Denmark_Sword0006_fb"}, "n_answers": 3, "quorum": 0, "calibration": 0, "created": "2015-06-27T07:46:53.226898", "state": "completed", "project_id": 220, "id": 41344, "priority_0": 0.0}, {"info": {"url": "https://farm1.staticflickr.com/448/19007877318_f559251d3d.jpg", "url_m": "https://farm1.staticflickr.com/448/19007877318_f559251d3d_m.jpg", "link": "https://www.flickr.com/photos/115096994@N02/19007877318", "url_b": "https://farm1.staticflickr.com/448/19007877318_f559251d3d_b.jpg", "title": "Denmark_Sword0007_Denmark_Sword0008_fb"}, "n_answers": 3, "quorum": 0, "calibration": 0, "created": "2015-06-27T07:46:53.251825", "state": "completed", "project_id": 220, "id": 41345, "priority_0": 0.0}, {"info": {"url": "https://farm1.staticflickr.com/423/18574807333_a486b10305.jpg", "url_m": "https://farm1.staticflickr.com/423/18574807333_a486b10305_m.jpg", "link": "https://www.flickr.com/photos/115096994@N02/18574807333", "url_b": "https://farm1.staticflickr.com/423/18574807333_a486b10305_b.jpg", "title": "Denmark_Sword0009_Denmark_Sword0010_fb"}, "n_answers": 3, "quorum": 0, "calibration": 0, "created": "2015-06-27T07:46:53.276704", "state": "completed", "project_id": 220, "id": 41346, "priority_0": 0.0}, {"info": {"url": "https://farm1.staticflickr.com/336/19184573652_012dafb887.jpg", "url_m": "https://farm1.staticflickr.com/336/19184573652_012dafb887_m.jpg", "link": "https://www.flickr.com/photos/115096994@N02/19184573652", "url_b": "https://farm1.staticflickr.com/336/19184573652_012dafb887_b.jpg", "title": "Denmark_Sword0011_Denmark_Sword0012_fb"}, "n_answers": 3, "quorum": 0, "calibration": 0, "created": "2015-06-27T07:46:53.302015", "state": "completed", "project_id": 220, "id": 41347, "priority_0": 0.0}, {"info": {"url": "https://farm1.staticflickr.com/497/19184536892_f750085a5d.jpg", "url_m": "https://farm1.staticflickr.com/497/19184536892_f750085a5d_m.jpg", "link": "https://www.flickr.com/photos/115096994@N02/19184536892", "url_b": "https://farm1.staticflickr.com/497/19184536892_f750085a5d_b.jpg", "title": "Denmark_Sword0013_Denmark_Sword0014_fb"}, "n_answers": 3, "quorum": 0, "calibration": 0, "created": "2015-06-27T07:46:53.327352", "state": "completed", "project_id": 220, "id": 41348, "priority_0": 0.0}, {"info": {"url": "https://farm1.staticflickr.com/515/19002751608_a1db582c9a.jpg", "url_m": "https://farm1.staticflickr.com/515/19002751608_a1db582c9a_m.jpg", "link": "https://www.flickr.com/photos/115096994@N02/19002751608", "url_b": "https://farm1.staticflickr.com/515/19002751608_a1db582c9a_b.jpg", "title": "Denmark_Sword0015_Denmark_Sword0016_fb"}, "n_answers": 3, "quorum": 0, "calibration": 0, "created": "2015-06-27T07:46:53.351616", "state": "completed", "project_id": 220, "id": 41349, "priority_0": 0.0}, {"info": {"url": "https://farm4.staticflickr.com/3880/18569671953_4cc5244a7d.jpg", "url_m": "https://farm4.staticflickr.com/3880/18569671953_4cc5244a7d_m.jpg", "link": "https://www.flickr.com/photos/115096994@N02/18569671953", "url_b": "https://farm4.staticflickr.com/3880/18569671953_4cc5244a7d_b.jpg", "title": "Denmark_Sword0017_Denmark_Sword0018_fb"}, "n_answers": 3, "quorum": 0, "calibration": 0, "created": "2015-06-27T07:46:53.376801", "state": "completed", "project_id": 220, "id": 41350, "priority_0": 0.0}, {"info": {"url": "https://farm1.staticflickr.com/335/19004113999_ccbb6dce6a.jpg", "url_m": "https://farm1.staticflickr.com/335/19004113999_ccbb6dce6a_m.jpg", "link": "https://www.flickr.com/photos/115096994@N02/19004113999", "url_b": "https://farm1.staticflickr.com/335/19004113999_ccbb6dce6a_b.jpg", "title": "Denmark_Sword0019_Denmark_Sword0020_fb"}, "n_answers": 3, "quorum": 0, "calibration": 0, "created": "2015-06-27T07:46:53.401449", "state": "completed", "project_id": 220, "id": 41351, "priority_0": 0.0}, {"info": {"url": "https://farm1.staticflickr.com/544/19190234325_bab9e1400c.jpg", "url_m": "https://farm1.staticflickr.com/544/19190234325_bab9e1400c_m.jpg", "link": "https://www.flickr.com/photos/115096994@N02/19190234325", "url_b": "https://farm1.staticflickr.com/544/19190234325_bab9e1400c_b.jpg", "title": "Egypt_Sword0001_Egypt_Sword0002_fb"}, "n_answers": 3, "quorum": 0, "calibration": 0, "created": "2015-06-27T07:46:53.426762", "state": "completed", "project_id": 220, "id": 41352, "priority_0": 0.0}, {"info": {"url": "https://farm1.staticflickr.com/261/19193795271_03d82819a3.jpg", "url_m": "https://farm1.staticflickr.com/261/19193795271_03d82819a3_m.jpg", "link": "https://www.flickr.com/photos/115096994@N02/19193795271", "url_b": "https://farm1.staticflickr.com/261/19193795271_03d82819a3_b.jpg", "title": "Egypt_Tool0001_Egypt_Tool0002_fb"}, "n_answers": 3, "quorum": 0, "calibration": 0, "created": "2015-06-27T07:46:53.451317", "state": "completed", "project_id": 220, "id": 41353, "priority_0": 0.0}, {"info": {"url": "https://farm4.staticflickr.com/3754/19002513430_0f926a0d79.jpg", "url_m": "https://farm4.staticflickr.com/3754/19002513430_0f926a0d79_m.jpg", "link": "https://www.flickr.com/photos/115096994@N02/19002513430", "url_b": "https://farm4.staticflickr.com/3754/19002513430_0f926a0d79_b.jpg", "title": "Egypt_Tool0003_Egypt_Tool0004_fb"}, "n_answers": 3, "quorum": 0, "calibration": 0, "created": "2015-06-27T07:46:53.476270", "state": "completed", "project_id": 220, "id": 41354, "priority_0": 0.0}, {"info": {"url": "https://farm1.staticflickr.com/461/19164021686_5301dae6b0.jpg", "url_m": "https://farm1.staticflickr.com/461/19164021686_5301dae6b0_m.jpg", "link": "https://www.flickr.com/photos/115096994@N02/19164021686", "url_b": "https://farm1.staticflickr.com/461/19164021686_5301dae6b0_b.jpg", "title": "Egypt_Tool0005_Egypt_Tool0006_fb"}, "n_answers": 3, "quorum": 0, "calibration": 0, "created": "2015-06-27T07:46:53.501647", "state": "completed", "project_id": 220, "id": 41355, "priority_0": 0.0}, {"info": {"url": "https://farm4.staticflickr.com/3918/19184327482_91ddc9c91e.jpg", "url_m": "https://farm4.staticflickr.com/3918/19184327482_91ddc9c91e_m.jpg", "link": "https://www.flickr.com/photos/115096994@N02/19184327482", "url_b": "https://farm4.staticflickr.com/3918/19184327482_91ddc9c91e_b.jpg", "title": "France_Earring0001_France_Earring0002_fb"}, "n_answers": 3, "quorum": 0, "calibration": 0, "created": "2015-06-27T07:46:53.526533", "state": "completed", "project_id": 220, "id": 41356, "priority_0": 0.0}, {"info": {"url": "https://farm1.staticflickr.com/418/19163984006_7839bb26c2.jpg", "url_m": "https://farm1.staticflickr.com/418/19163984006_7839bb26c2_m.jpg", "link": "https://www.flickr.com/photos/115096994@N02/19163984006", "url_b": "https://farm1.staticflickr.com/418/19163984006_7839bb26c2_b.jpg", "title": "France_Earring0003_France_Earring0004_fb"}, "n_answers": 3, "quorum": 0, "calibration": 0, "created": "2015-06-27T07:46:53.551407", "state": "completed", "project_id": 220, "id": 41357, "priority_0": 0.0}, {"info": {"url": "https://farm1.staticflickr.com/318/19163965826_c7c71b6ed5.jpg", "url_m": "https://farm1.staticflickr.com/318/19163965826_c7c71b6ed5_m.jpg", "link": "https://www.flickr.com/photos/115096994@N02/19163965826", "url_b": "https://farm1.staticflickr.com/318/19163965826_c7c71b6ed5_b.jpg", "title": "France_Hilt0001_France_Hilt0002_fb"}, "n_answers": 3, "quorum": 0, "calibration": 0, "created": "2015-06-27T07:46:53.576244", "state": "completed", "project_id": 220, "id": 41358, "priority_0": 0.0}, {"info": {"url": "https://farm1.staticflickr.com/261/19163948896_99361a82c8.jpg", "url_m": "https://farm1.staticflickr.com/261/19163948896_99361a82c8_m.jpg", "link": "https://www.flickr.com/photos/115096994@N02/19163948896", "url_b": "https://farm1.staticflickr.com/261/19163948896_99361a82c8_b.jpg", "title": "France_Hook0001_France_Hook0002_fb"}, "n_answers": 3, "quorum": 0, "calibration": 0, "created": "2015-06-27T07:46:53.601668", "state": "completed", "project_id": 220, "id": 41359, "priority_0": 0.0}, {"info": {"url": "https://farm1.staticflickr.com/476/19193668051_906dacbacd.jpg", "url_m": "https://farm1.staticflickr.com/476/19193668051_906dacbacd_m.jpg", "link": "https://www.flickr.com/photos/115096994@N02/19193668051", "url_b": "https://farm1.staticflickr.com/476/19193668051_906dacbacd_b.jpg", "title": "France_Mount0001_France_Mount0002_fb"}, "n_answers": 3, "quorum": 0, "calibration": 0, "created": "2015-06-27T07:46:53.626069", "state": "completed", "project_id": 220, "id": 41360, "priority_0": 0.0}, {"info": {"url": "https://farm1.staticflickr.com/495/19002390460_0b02f8a760.jpg", "url_m": "https://farm1.staticflickr.com/495/19002390460_0b02f8a760_m.jpg", "link": "https://www.flickr.com/photos/115096994@N02/19002390460", "url_b": "https://farm1.staticflickr.com/495/19002390460_0b02f8a760_b.jpg", "title": "France_Spiral0001_France_Spiral0002_fb"}, "n_answers": 3, "quorum": 0, "calibration": 0, "created": "2015-06-27T07:46:53.650712", "state": "completed", "project_id": 220, "id": 41361, "priority_0": 0.0}, {"info": {"url": "https://farm1.staticflickr.com/256/19184227242_11a562b049.jpg", "url_m": "https://farm1.staticflickr.com/256/19184227242_11a562b049_m.jpg", "link": "https://www.flickr.com/photos/115096994@N02/19184227242", "url_b": "https://farm1.staticflickr.com/256/19184227242_11a562b049_b.jpg", "title": "France_Spiral0003_France_Spiral0004_fb"}, "n_answers": 3, "quorum": 0, "calibration": 0, "created": "2015-06-27T07:46:53.676170", "state": "completed", "project_id": 220, "id": 41362, "priority_0": 0.0}, {"info": {"url": "https://farm4.staticflickr.com/3864/19190031325_643caf5d7b.jpg", "url_m": "https://farm4.staticflickr.com/3864/19190031325_643caf5d7b_m.jpg", "link": "https://www.flickr.com/photos/115096994@N02/19190031325", "url_b": "https://farm4.staticflickr.com/3864/19190031325_643caf5d7b_b.jpg", "title": "France_Sword0001_France_Sword0002_fb"}, "n_answers": 3, "quorum": 0, "calibration": 0, "created": "2015-06-27T07:46:53.700817", "state": "completed", "project_id": 220, "id": 41363, "priority_0": 0.0}, {"info": {"url": "https://farm4.staticflickr.com/3668/18567484364_f5100bf45e.jpg", "url_m": "https://farm4.staticflickr.com/3668/18567484364_f5100bf45e_m.jpg", "link": "https://www.flickr.com/photos/115096994@N02/18567484364", "url_b": "https://farm4.staticflickr.com/3668/18567484364_f5100bf45e_b.jpg", "title": "France_Sword0003_France_Sword0004_fb"}, "n_answers": 3, "quorum": 0, "calibration": 0, "created": "2015-06-27T07:46:53.725829", "state": "completed", "project_id": 220, "id": 41364, "priority_0": 0.0}, {"info": {"url": "https://farm4.staticflickr.com/3677/19184153472_b36362369c.jpg", "url_m": "https://farm4.staticflickr.com/3677/19184153472_b36362369c_m.jpg", "link": "https://www.flickr.com/photos/115096994@N02/19184153472", "url_b": "https://farm4.staticflickr.com/3677/19184153472_b36362369c_b.jpg", "title": "France_Sword0005_France_Sword0006_fb"}, "n_answers": 3, "quorum": 0, "calibration": 0, "created": "2015-06-27T07:46:53.750970", "state": "completed", "project_id": 220, "id": 41365, "priority_0": 0.0}, {"info": {"url": "https://farm4.staticflickr.com/3878/19189948485_dfc68200bf.jpg", "url_m": "https://farm4.staticflickr.com/3878/19189948485_dfc68200bf_m.jpg", "link": "https://www.flickr.com/photos/115096994@N02/19189948485", "url_b": "https://farm4.staticflickr.com/3878/19189948485_dfc68200bf_b.jpg", "title": "France_Tool0001_France_Tool0002_fb"}, "n_answers": 3, "quorum": 0, "calibration": 0, "created": "2015-06-27T07:46:53.775643", "state": "completed", "project_id": 220, "id": 41366, "priority_0": 0.0}, {"info": {"url": "https://farm1.staticflickr.com/498/18567401184_07a4da73ae.jpg", "url_m": "https://farm1.staticflickr.com/498/18567401184_07a4da73ae_m.jpg", "link": "https://www.flickr.com/photos/115096994@N02/18567401184", "url_b": "https://farm1.staticflickr.com/498/18567401184_07a4da73ae_b.jpg", "title": "Greece_Sword0001_Greece_Sword0002_fb"}, "n_answers": 3, "quorum": 0, "calibration": 0, "created": "2015-06-27T07:46:53.800806", "state": "completed", "project_id": 220, "id": 41367, "priority_0": 0.0}, {"info": {"url": "https://farm1.staticflickr.com/490/19002323108_fcfc099166.jpg", "url_m": "https://farm1.staticflickr.com/490/19002323108_fcfc099166_m.jpg", "link": "https://www.flickr.com/photos/115096994@N02/19002323108", "url_b": "https://farm1.staticflickr.com/490/19002323108_fcfc099166_b.jpg", "title": "Greece_Sword0003_Greece_Sword0004_fb"}, "n_answers": 3, "quorum": 0, "calibration": 0, "created": "2015-06-27T07:46:53.825458", "state": "completed", "project_id": 220, "id": 41368, "priority_0": 0.0}, {"info": {"url": "https://farm1.staticflickr.com/283/18569243233_d702964811.jpg", "url_m": "https://farm1.staticflickr.com/283/18569243233_d702964811_m.jpg", "link": "https://www.flickr.com/photos/115096994@N02/18569243233", "url_b": "https://farm1.staticflickr.com/283/18569243233_d702964811_b.jpg", "title": "Greece_Sword0005_Greece_Sword0006_fb"}, "n_answers": 3, "quorum": 0, "calibration": 0, "created": "2015-06-27T07:46:53.850413", "state": "completed", "project_id": 220, "id": 41369, "priority_0": 0.0}, {"info": {"url": "https://farm1.staticflickr.com/309/19163695036_57102979d3.jpg", "url_m": "https://farm1.staticflickr.com/309/19163695036_57102979d3_m.jpg", "link": "https://www.flickr.com/photos/115096994@N02/19163695036", "url_b": "https://farm1.staticflickr.com/309/19163695036_57102979d3_b.jpg", "title": "Hungary_Hilt0001_Hungary_Hilt0002_fb"}, "n_answers": 3, "quorum": 0, "calibration": 0, "created": "2015-06-27T07:46:53.876379", "state": "completed", "project_id": 220, "id": 41370, "priority_0": 0.0}, {"info": {"url": "https://farm4.staticflickr.com/3702/19002250538_14ba8a3cbc.jpg", "url_m": "https://farm4.staticflickr.com/3702/19002250538_14ba8a3cbc_m.jpg", "link": "https://www.flickr.com/photos/115096994@N02/19002250538", "url_b": "https://farm4.staticflickr.com/3702/19002250538_14ba8a3cbc_b.jpg", "title": "Hungary_Sword0001_Hungary_Sword0002_fb"}, "n_answers": 3, "quorum": 0, "calibration": 0, "created": "2015-06-27T07:46:53.900780", "state": "completed", "project_id": 220, "id": 41371, "priority_0": 0.0}, {"info": {"url": "https://farm1.staticflickr.com/486/19193358911_edafe70a5a.jpg", "url_m": "https://farm1.staticflickr.com/486/19193358911_edafe70a5a_m.jpg", "link": "https://www.flickr.com/photos/115096994@N02/19193358911", "url_b": "https://farm1.staticflickr.com/486/19193358911_edafe70a5a_b.jpg", "title": "Hungary_Sword0003_Hungary_Sword0004_fb"}, "n_answers": 3, "quorum": 0, "calibration": 0, "created": "2015-06-27T07:46:53.925881", "state": "completed", "project_id": 220, "id": 41372, "priority_0": 0.0}, {"info": {"url": "https://farm4.staticflickr.com/3913/19183913142_715e836db6.jpg", "url_m": "https://farm4.staticflickr.com/3913/19183913142_715e836db6_m.jpg", "link": "https://www.flickr.com/photos/115096994@N02/19183913142", "url_b": "https://farm4.staticflickr.com/3913/19183913142_715e836db6_b.jpg", "title": "Hungary_Sword0005_Hungary_Sword0006_fb"}, "n_answers": 3, "quorum": 0, "calibration": 0, "created": "2015-06-27T07:46:53.950623", "state": "completed", "project_id": 220, "id": 41373, "priority_0": 0.0}, {"info": {"url": "https://farm1.staticflickr.com/263/19193290651_19204a1eca.jpg", "url_m": "https://farm1.staticflickr.com/263/19193290651_19204a1eca_m.jpg", "link": "https://www.flickr.com/photos/115096994@N02/19193290651", "url_b": "https://farm1.staticflickr.com/263/19193290651_19204a1eca_b.jpg", "title": "Hungary_Sword0007_Hungary_Sword0008_fb"}, "n_answers": 3, "quorum": 0, "calibration": 0, "created": "2015-06-27T07:46:53.975734", "state": "completed", "project_id": 220, "id": 41374, "priority_0": 0.0}, {"info": {"url": "https://farm1.staticflickr.com/511/19189676275_d726f718f8.jpg", "url_m": "https://farm1.staticflickr.com/511/19189676275_d726f718f8_m.jpg", "link": "https://www.flickr.com/photos/115096994@N02/19189676275", "url_b": "https://farm1.staticflickr.com/511/19189676275_d726f718f8_b.jpg", "title": "Hungary_Sword0009_Hungary_Sword0010_fb"}, "n_answers": 3, "quorum": 0, "calibration": 0, "created": "2015-06-27T07:46:54.000515", "state": "completed", "project_id": 220, "id": 41375, "priority_0": 0.0}, {"info": {"url": "https://farm1.staticflickr.com/481/18567121974_37c79fcc1f.jpg", "url_m": "https://farm1.staticflickr.com/481/18567121974_37c79fcc1f_m.jpg", "link": "https://www.flickr.com/photos/115096994@N02/18567121974", "url_b": "https://farm1.staticflickr.com/481/18567121974_37c79fcc1f_b.jpg", "title": "Hungary_Sword0011_Hungary_Sword0012_fb"}, "n_answers": 3, "quorum": 0, "calibration": 0, "created": "2015-06-27T07:46:54.025473", "state": "completed", "project_id": 220, "id": 41376, "priority_0": 0.0}, {"info": {"url": "https://farm1.staticflickr.com/488/19002046508_ff54c259d3.jpg", "url_m": "https://farm1.staticflickr.com/488/19002046508_ff54c259d3_m.jpg", "link": "https://www.flickr.com/photos/115096994@N02/19002046508", "url_b": "https://farm1.staticflickr.com/488/19002046508_ff54c259d3_b.jpg", "title": "Hungary_Sword0013_Hungary_Sword0014_fb"}, "n_answers": 3, "quorum": 0, "calibration": 0, "created": "2015-06-27T07:46:54.051027", "state": "completed", "project_id": 220, "id": 41377, "priority_0": 0.0}, {"info": {"url": "https://farm4.staticflickr.com/3720/19001999908_5affeb0b77.jpg", "url_m": "https://farm4.staticflickr.com/3720/19001999908_5affeb0b77_m.jpg", "link": "https://www.flickr.com/photos/115096994@N02/19001999908", "url_b": "https://farm4.staticflickr.com/3720/19001999908_5affeb0b77_b.jpg", "title": "Hungary_Sword0015_Hungary_Sword0016_fb"}, "n_answers": 3, "quorum": 0, "calibration": 0, "created": "2015-06-27T07:46:54.075831", "state": "completed", "project_id": 220, "id": 41378, "priority_0": 0.0}, {"info": {"url": "https://farm1.staticflickr.com/346/19193116501_b0cff725a4.jpg", "url_m": "https://farm1.staticflickr.com/346/19193116501_b0cff725a4_m.jpg", "link": "https://www.flickr.com/photos/115096994@N02/19193116501", "url_b": "https://farm1.staticflickr.com/346/19193116501_b0cff725a4_b.jpg", "title": "Hungary_Sword0017_Hungary_Sword0018_fb"}, "n_answers": 3, "quorum": 0, "calibration": 0, "created": "2015-06-27T07:46:54.100761", "state": "completed", "project_id": 220, "id": 41379, "priority_0": 0.0}, {"info": {"url": "https://farm1.staticflickr.com/438/19001824560_75d8876147.jpg", "url_m": "https://farm1.staticflickr.com/438/19001824560_75d8876147_m.jpg", "link": "https://www.flickr.com/photos/115096994@N02/19001824560", "url_b": "https://farm1.staticflickr.com/438/19001824560_75d8876147_b.jpg", "title": "Hungary_Sword0019_Hungary_Sword0020_fb"}, "n_answers": 3, "quorum": 0, "calibration": 0, "created": "2015-06-27T07:46:54.126122", "state": "completed", "project_id": 220, "id": 41380, "priority_0": 0.0}, {"info": {"url": "https://farm4.staticflickr.com/3909/19001799740_355b3f15e2.jpg", "url_m": "https://farm4.staticflickr.com/3909/19001799740_355b3f15e2_m.jpg", "link": "https://www.flickr.com/photos/115096994@N02/19001799740", "url_b": "https://farm4.staticflickr.com/3909/19001799740_355b3f15e2_b.jpg", "title": "Italy_Bar0001_Italy_Bar0002_fb"}, "n_answers": 3, "quorum": 0, "calibration": 0, "created": "2015-06-27T07:46:54.151578", "state": "completed", "project_id": 220, "id": 41381, "priority_0": 0.0}, {"info": {"url": "https://farm1.staticflickr.com/520/19193039161_c2d737bc97.jpg", "url_m": "https://farm1.staticflickr.com/520/19193039161_c2d737bc97_m.jpg", "link": "https://www.flickr.com/photos/115096994@N02/19193039161", "url_b": "https://farm1.staticflickr.com/520/19193039161_c2d737bc97_b.jpg", "title": "Italy_DoubleSpiral0001_Italy_DoubleSpiral0002_fb"}, "n_answers": 3, "quorum": 0, "calibration": 0, "created": "2015-06-27T07:46:54.176135", "state": "completed", "project_id": 220, "id": 41382, "priority_0": 0.0}, {"info": {"url": "https://farm1.staticflickr.com/329/19183615502_8395fa8287.jpg", "url_m": "https://farm1.staticflickr.com/329/19183615502_8395fa8287_m.jpg", "link": "https://www.flickr.com/photos/115096994@N02/19183615502", "url_b": "https://farm1.staticflickr.com/329/19183615502_8395fa8287_b.jpg", "title": "Italy_Ferrule0001_Italy_Ferrule0002_fb"}, "n_answers": 3, "quorum": 0, "calibration": 0, "created": "2015-06-27T07:46:54.200791", "state": "completed", "project_id": 220, "id": 41383, "priority_0": 0.0}, {"info": {"url": "https://farm1.staticflickr.com/464/19193000471_6290f22e4d.jpg", "url_m": "https://farm1.staticflickr.com/464/19193000471_6290f22e4d_m.jpg", "link": "https://www.flickr.com/photos/115096994@N02/19193000471", "url_b": "https://farm1.staticflickr.com/464/19193000471_6290f22e4d_b.jpg", "title": "Italy_Sword0001_Italy_Sword0002_fb"}, "n_answers": 3, "quorum": 0, "calibration": 0, "created": "2015-06-27T07:46:54.225863", "state": "completed", "project_id": 220, "id": 41384, "priority_0": 0.0}, {"info": {"url": "https://farm1.staticflickr.com/349/18568753083_777fa59671.jpg", "url_m": "https://farm1.staticflickr.com/349/18568753083_777fa59671_m.jpg", "link": "https://www.flickr.com/photos/115096994@N02/18568753083", "url_b": "https://farm1.staticflickr.com/349/18568753083_777fa59671_b.jpg", "title": "Romania_Ferrule0001_Romania_Ferrule0002_fb"}, "n_answers": 3, "quorum": 0, "calibration": 0, "created": "2015-06-27T07:46:54.251330", "state": "completed", "project_id": 220, "id": 41385, "priority_0": 0.0}, {"info": {"url": "https://farm1.staticflickr.com/437/18566825724_e8e84336f1.jpg", "url_m": "https://farm1.staticflickr.com/437/18566825724_e8e84336f1_m.jpg", "link": "https://www.flickr.com/photos/115096994@N02/18566825724", "url_b": "https://farm1.staticflickr.com/437/18566825724_e8e84336f1_b.jpg", "title": "Russia_Sword0001_Russia_Sword0002_fb"}, "n_answers": 3, "quorum": 0, "calibration": 0, "created": "2015-06-27T07:46:54.286841", "state": "completed", "project_id": 220, "id": 41386, "priority_0": 0.0}, {"info": {"url": "https://farm1.staticflickr.com/292/19001761798_13748589a5.jpg", "url_m": "https://farm1.staticflickr.com/292/19001761798_13748589a5_m.jpg", "link": "https://www.flickr.com/photos/115096994@N02/19001761798", "url_b": "https://farm1.staticflickr.com/292/19001761798_13748589a5_b.jpg", "title": "Spain_Cup0001_Spain_Cup0002_fb"}, "n_answers": 3, "quorum": 0, "calibration": 0, "created": "2015-06-27T07:46:54.317776", "state": "completed", "project_id": 220, "id": 41387, "priority_0": 0.0}, {"info": {"url": "https://farm1.staticflickr.com/382/19001743038_4683eb383a.jpg", "url_m": "https://farm1.staticflickr.com/382/19001743038_4683eb383a_m.jpg", "link": "https://www.flickr.com/photos/115096994@N02/19001743038", "url_b": "https://farm1.staticflickr.com/382/19001743038_4683eb383a_b.jpg", "title": "Spain_Sword0001_Spain_Sword0002_fb"}, "n_answers": 3, "quorum": 0, "calibration": 0, "created": "2015-06-27T07:46:54.342942", "state": "completed", "project_id": 220, "id": 41388, "priority_0": 0.0}, {"info": {"url": "https://farm1.staticflickr.com/488/19003122879_a5dc4b06a4.jpg", "url_m": "https://farm1.staticflickr.com/488/19003122879_a5dc4b06a4_m.jpg", "link": "https://www.flickr.com/photos/115096994@N02/19003122879", "url_b": "https://farm1.staticflickr.com/488/19003122879_a5dc4b06a4_b.jpg", "title": "Suffolk_Sword0001_Suffolk_Sword0002_fb"}, "n_answers": 3, "quorum": 0, "calibration": 0, "created": "2015-06-27T07:46:54.367613", "state": "completed", "project_id": 220, "id": 41389, "priority_0": 0.0}, {"info": {"url": "https://farm1.staticflickr.com/390/18568634223_7372161c27.jpg", "url_m": "https://farm1.staticflickr.com/390/18568634223_7372161c27_m.jpg", "link": "https://www.flickr.com/photos/115096994@N02/18568634223", "url_b": "https://farm1.staticflickr.com/390/18568634223_7372161c27_b.jpg", "title": "Switzerland_Ferrule0001_Switzerland_Ferrule0002_fb"}, "n_answers": 3, "quorum": 0, "calibration": 0, "created": "2015-06-27T07:46:54.392551", "state": "completed", "project_id": 220, "id": 41390, "priority_0": 0.0}, {"info": {"url": "https://farm1.staticflickr.com/267/18566706494_29d8737c73.jpg", "url_m": "https://farm1.staticflickr.com/267/18566706494_29d8737c73_m.jpg", "link": "https://www.flickr.com/photos/115096994@N02/18566706494", "url_b": "https://farm1.staticflickr.com/267/18566706494_29d8737c73_b.jpg", "title": "Switzerland_Pendant0001_Switzerland_Pendant0002_fb"}, "n_answers": 3, "quorum": 0, "calibration": 0, "created": "2015-06-27T07:46:54.417517", "state": "completed", "project_id": 220, "id": 41391, "priority_0": 0.0}, {"info": {"url": "https://farm1.staticflickr.com/377/19003070759_4895cdf273.jpg", "url_m": "https://farm1.staticflickr.com/377/19003070759_4895cdf273_m.jpg", "link": "https://www.flickr.com/photos/115096994@N02/19003070759", "url_b": "https://farm1.staticflickr.com/377/19003070759_4895cdf273_b.jpg", "title": "Switzerland_Sword0001_Switzerland_Sword0002_fb"}, "n_answers": 3, "quorum": 0, "calibration": 0, "created": "2015-06-27T07:46:54.442582", "state": "completed", "project_id": 220, "id": 41392, "priority_0": 0.0}, {"info": {"url": "https://farm1.staticflickr.com/356/19183383122_79aa7c66e5.jpg", "url_m": "https://farm1.staticflickr.com/356/19183383122_79aa7c66e5_m.jpg", "link": "https://www.flickr.com/photos/115096994@N02/19183383122", "url_b": "https://farm1.staticflickr.com/356/19183383122_79aa7c66e5_b.jpg", "title": "Switzerland_Sword0003_Switzerland_Sword0004_fb"}, "n_answers": 3, "quorum": 0, "calibration": 0, "created": "2015-06-27T07:46:54.467724", "state": "completed", "project_id": 220, "id": 41393, "priority_0": 0.0}, {"info": {"url": "https://farm1.staticflickr.com/330/19183360412_baafe0907d.jpg", "url_m": "https://farm1.staticflickr.com/330/19183360412_baafe0907d_m.jpg", "link": "https://www.flickr.com/photos/115096994@N02/19183360412", "url_b": "https://farm1.staticflickr.com/330/19183360412_baafe0907d_b.jpg", "title": "Switzerland_Sword0005_Switzerland_Sword0006_fb"}, "n_answers": 3, "quorum": 0, "calibration": 0, "created": "2015-06-27T07:46:54.492975", "state": "completed", "project_id": 220, "id": 41394, "priority_0": 0.0}, {"info": {"url": "https://farm1.staticflickr.com/486/19003000029_5c3569256b.jpg", "url_m": "https://farm1.staticflickr.com/486/19003000029_5c3569256b_m.jpg", "link": "https://www.flickr.com/photos/115096994@N02/19003000029", "url_b": "https://farm1.staticflickr.com/486/19003000029_5c3569256b_b.jpg", "title": "Switzerland_Sword0007_Switzerland_Sword0008_fb"}, "n_answers": 3, "quorum": 0, "calibration": 0, "created": "2015-06-27T07:46:54.517927", "state": "completed", "project_id": 220, "id": 41395, "priority_0": 0.0}, {"info": {"url": "https://farm4.staticflickr.com/3842/18568463173_2d43c76400.jpg", "url_m": "https://farm4.staticflickr.com/3842/18568463173_2d43c76400_m.jpg", "link": "https://www.flickr.com/photos/115096994@N02/18568463173", "url_b": "https://farm4.staticflickr.com/3842/18568463173_2d43c76400_b.jpg", "title": "Switzerland_Sword0009_Switzerland_Sword0010_fb"}, "n_answers": 3, "quorum": 0, "calibration": 0, "created": "2015-06-27T07:46:54.542956", "state": "completed", "project_id": 220, "id": 41396, "priority_0": 0.0}, {"info": {"url": "https://farm1.staticflickr.com/357/19183184842_51e9e2a2a8.jpg", "url_m": "https://farm1.staticflickr.com/357/19183184842_51e9e2a2a8_m.jpg", "link": "https://www.flickr.com/photos/115096994@N02/19183184842", "url_b": "https://farm1.staticflickr.com/357/19183184842_51e9e2a2a8_b.jpg", "title": "Switzerland_Tool0001_Switzerland_Tool0002_fb"}, "n_answers": 3, "quorum": 0, "calibration": 0, "created": "2015-06-27T07:46:54.567802", "state": "completed", "project_id": 220, "id": 41397, "priority_0": 0.0}, {"info": {"url": "https://farm1.staticflickr.com/512/18568351853_3ef15706f3.jpg", "url_m": "https://farm1.staticflickr.com/512/18568351853_3ef15706f3_m.jpg", "link": "https://www.flickr.com/photos/115096994@N02/18568351853", "url_b": "https://farm1.staticflickr.com/512/18568351853_3ef15706f3_b.jpg", "title": "Switzerland_Tool0003_Switzerland_Tool0004_fb"}, "n_answers": 3, "quorum": 0, "calibration": 0, "created": "2015-06-27T07:46:54.593363", "state": "completed", "project_id": 220, "id": 41398, "priority_0": 0.0}, {"info": {"url": "https://farm1.staticflickr.com/312/18566427784_062e1995d1.jpg", "url_m": "https://farm1.staticflickr.com/312/18566427784_062e1995d1_m.jpg", "link": "https://www.flickr.com/photos/115096994@N02/18566427784", "url_b": "https://farm1.staticflickr.com/312/18566427784_062e1995d1_b.jpg", "title": "Switzerland_Tool0005_Switzerland_Tool0006_fb"}, "n_answers": 3, "quorum": 0, "calibration": 0, "created": "2015-06-27T07:46:54.618094", "state": "completed", "project_id": 220, "id": 41399, "priority_0": 0.0}, {"info": {"url": "https://farm1.staticflickr.com/431/19001363598_e89f9ec01e.jpg", "url_m": "https://farm1.staticflickr.com/431/19001363598_e89f9ec01e_m.jpg", "link": "https://www.flickr.com/photos/115096994@N02/19001363598", "url_b": "https://farm1.staticflickr.com/431/19001363598_e89f9ec01e_b.jpg", "title": "Turkey_Sword0001_Turkey_Sword0002_fb"}, "n_answers": 3, "quorum": 0, "calibration": 0, "created": "2015-06-27T07:46:54.643201", "state": "completed", "project_id": 220, "id": 41400, "priority_0": 0.0}, {"info": {"url": "https://farm1.staticflickr.com/407/18568260223_bfcbbb19f4.jpg", "url_m": "https://farm1.staticflickr.com/407/18568260223_bfcbbb19f4_m.jpg", "link": "https://www.flickr.com/photos/115096994@N02/18568260223", "url_b": "https://farm1.staticflickr.com/407/18568260223_bfcbbb19f4_b.jpg", "title": "Unprov_Hilt0001_Unprov_Hilt0002_fb"}, "n_answers": 3, "quorum": 0, "calibration": 0, "created": "2015-06-27T07:46:54.668234", "state": "completed", "project_id": 220, "id": 41401, "priority_0": 0.0}, {"info": {"url": "https://farm1.staticflickr.com/262/18566332384_0544231ccf.jpg", "url_m": "https://farm1.staticflickr.com/262/18566332384_0544231ccf_m.jpg", "link": "https://www.flickr.com/photos/115096994@N02/18566332384", "url_b": "https://farm1.staticflickr.com/262/18566332384_0544231ccf_b.jpg", "title": "Unprov_Hilt0003_Unprov_Hilt0004_fb"}, "n_answers": 3, "quorum": 0, "calibration": 0, "created": "2015-06-27T07:46:54.693047", "state": "completed", "project_id": 220, "id": 41402, "priority_0": 0.0}, {"info": {"url": "https://farm1.staticflickr.com/550/19183030272_0fd20b922b.jpg", "url_m": "https://farm1.staticflickr.com/550/19183030272_0fd20b922b_m.jpg", "link": "https://www.flickr.com/photos/115096994@N02/19183030272", "url_b": "https://farm1.staticflickr.com/550/19183030272_0fd20b922b_b.jpg", "title": "Unprov_Hilt0005_Unprov_Hilt0006_fb"}, "n_answers": 3, "quorum": 0, "calibration": 0, "created": "2015-06-27T07:46:54.718378", "state": "completed", "project_id": 220, "id": 41403, "priority_0": 0.0}, {"info": {"url": "https://farm1.staticflickr.com/389/19188820235_0451dedb37.jpg", "url_m": "https://farm1.staticflickr.com/389/19188820235_0451dedb37_m.jpg", "link": "https://www.flickr.com/photos/115096994@N02/19188820235", "url_b": "https://farm1.staticflickr.com/389/19188820235_0451dedb37_b.jpg", "title": "Yugoslavia_Sword0001_Yugoslavia_Sword0002_fb"}, "n_answers": 3, "quorum": 0, "calibration": 0, "created": "2015-06-27T07:46:54.743240", "state": "completed", "project_id": 220, "id": 41404, "priority_0": 0.0}]