[{"info": {"url": "https://farm9.staticflickr.com/8875/17985538394_2bf7bdfc35.jpg", "url_m": "https://farm9.staticflickr.com/8875/17985538394_2bf7bdfc35_m.jpg", "link": "https://www.flickr.com/photos/115096994@N02/17985538394", "url_b": "https://farm9.staticflickr.com/8875/17985538394_2bf7bdfc35_b.jpg", "title": "Austria_Bracelet0001_Austria_Bracelet0002_fb"}, "n_answers": 3, "quorum": 0, "calibration": 0, "created": "2015-06-08T17:49:22.086431", "state": "completed", "project_id": 213, "id": 40500, "priority_0": 0.0}, {"info": {"url": "https://farm1.staticflickr.com/557/18581781246_9323bdcbf7.jpg", "url_m": "https://farm1.staticflickr.com/557/18581781246_9323bdcbf7_m.jpg", "link": "https://www.flickr.com/photos/115096994@N02/18581781246", "url_b": "https://farm1.staticflickr.com/557/18581781246_9323bdcbf7_b.jpg", "title": "Cyprus_Ring0001_Cyprus_Ring0002_fb"}, "n_answers": 3, "quorum": 0, "calibration": 0, "created": "2015-06-08T17:49:22.130758", "state": "completed", "project_id": 213, "id": 40501, "priority_0": 0.0}, {"info": {"url": "https://farm9.staticflickr.com/8844/17987498363_ff73bb7a67.jpg", "url_m": "https://farm9.staticflickr.com/8844/17987498363_ff73bb7a67_m.jpg", "link": "https://www.flickr.com/photos/115096994@N02/17987498363", "url_b": "https://farm9.staticflickr.com/8844/17987498363_ff73bb7a67_b.jpg", "title": "Denmark_Bracelet0001_Denmark_Bracelet0002_fb"}, "n_answers": 3, "quorum": 0, "calibration": 0, "created": "2015-06-08T17:49:22.159738", "state": "completed", "project_id": 213, "id": 40502, "priority_0": 0.0}, {"info": {"url": "https://farm9.staticflickr.com/8899/18420445050_2dd505cf9b.jpg", "url_m": "https://farm9.staticflickr.com/8899/18420445050_2dd505cf9b_m.jpg", "link": "https://www.flickr.com/photos/115096994@N02/18420445050", "url_b": "https://farm9.staticflickr.com/8899/18420445050_2dd505cf9b_b.jpg", "title": "Denmark_Bracelet0003_Denmark_Bracelet0004_fb"}, "n_answers": 3, "quorum": 0, "calibration": 0, "created": "2015-06-08T17:49:22.184657", "state": "completed", "project_id": 213, "id": 40503, "priority_0": 0.0}, {"info": {"url": "https://farm9.staticflickr.com/8883/18581714186_cf5f747458.jpg", "url_m": "https://farm9.staticflickr.com/8883/18581714186_cf5f747458_m.jpg", "link": "https://www.flickr.com/photos/115096994@N02/18581714186", "url_b": "https://farm9.staticflickr.com/8883/18581714186_cf5f747458_b.jpg", "title": "Denmark_Bracelet0005_Denmark_Bracelet0006_fb"}, "n_answers": 3, "quorum": 0, "calibration": 0, "created": "2015-06-08T17:49:22.209893", "state": "completed", "project_id": 213, "id": 40504, "priority_0": 0.0}, {"info": {"url": "https://farm1.staticflickr.com/562/18420400520_eda004f6af.jpg", "url_m": "https://farm1.staticflickr.com/562/18420400520_eda004f6af_m.jpg", "link": "https://www.flickr.com/photos/115096994@N02/18420400520", "url_b": "https://farm1.staticflickr.com/562/18420400520_eda004f6af_b.jpg", "title": "Denmark_Bracelet0007_Denmark_Bracelet0008_fb"}, "n_answers": 3, "quorum": 0, "calibration": 0, "created": "2015-06-08T17:49:22.239330", "state": "completed", "project_id": 213, "id": 40505, "priority_0": 0.0}, {"info": {"url": "https://farm1.staticflickr.com/302/18610201861_8a972a9f5b.jpg", "url_m": "https://farm1.staticflickr.com/302/18610201861_8a972a9f5b_m.jpg", "link": "https://www.flickr.com/photos/115096994@N02/18610201861", "url_b": "https://farm1.staticflickr.com/302/18610201861_8a972a9f5b_b.jpg", "title": "Denmark_Bracelet0009_Denmark_Bracelet0010_fb"}, "n_answers": 3, "quorum": 0, "calibration": 0, "created": "2015-06-08T17:49:22.268159", "state": "completed", "project_id": 213, "id": 40506, "priority_0": 0.0}, {"info": {"url": "https://farm1.staticflickr.com/332/17987387983_3369a29307.jpg", "url_m": "https://farm1.staticflickr.com/332/17987387983_3369a29307_m.jpg", "link": "https://www.flickr.com/photos/115096994@N02/17987387983", "url_b": "https://farm1.staticflickr.com/332/17987387983_3369a29307_b.jpg", "title": "Denmark_Bracelet0011_Denmark_Bracelet0012_fb"}, "n_answers": 3, "quorum": 0, "calibration": 0, "created": "2015-06-08T17:49:22.293497", "state": "completed", "project_id": 213, "id": 40507, "priority_0": 0.0}, {"info": {"url": "https://farm1.staticflickr.com/506/17987367243_5c4b527e31.jpg", "url_m": "https://farm1.staticflickr.com/506/17987367243_5c4b527e31_m.jpg", "link": "https://www.flickr.com/photos/115096994@N02/17987367243", "url_b": "https://farm1.staticflickr.com/506/17987367243_5c4b527e31_b.jpg", "title": "Denmark_Bracelet0013_Denmark_Bracelet0014_fb"}, "n_answers": 3, "quorum": 0, "calibration": 0, "created": "2015-06-08T17:49:22.322735", "state": "completed", "project_id": 213, "id": 40508, "priority_0": 0.0}, {"info": {"url": "https://farm1.staticflickr.com/420/18610138021_a7d0d53960.jpg", "url_m": "https://farm1.staticflickr.com/420/18610138021_a7d0d53960_m.jpg", "link": "https://www.flickr.com/photos/115096994@N02/18610138021", "url_b": "https://farm1.staticflickr.com/420/18610138021_a7d0d53960_b.jpg", "title": "Denmark_Bracelet0015_Denmark_Bracelet0016_fb"}, "n_answers": 3, "quorum": 0, "calibration": 0, "created": "2015-06-08T17:49:22.351770", "state": "completed", "project_id": 213, "id": 40509, "priority_0": 0.0}, {"info": {"url": "https://farm1.staticflickr.com/485/18420217868_0286384a88.jpg", "url_m": "https://farm1.staticflickr.com/485/18420217868_0286384a88_m.jpg", "link": "https://www.flickr.com/photos/115096994@N02/18420217868", "url_b": "https://farm1.staticflickr.com/485/18420217868_0286384a88_b.jpg", "title": "Denmark_Bracelet0017_Denmark_Bracelet0018_fb"}, "n_answers": 3, "quorum": 0, "calibration": 0, "created": "2015-06-08T17:49:22.377295", "state": "completed", "project_id": 213, "id": 40510, "priority_0": 0.0}, {"info": {"url": "https://farm9.staticflickr.com/8890/18421778359_06ab18c733.jpg", "url_m": "https://farm9.staticflickr.com/8890/18421778359_06ab18c733_m.jpg", "link": "https://www.flickr.com/photos/115096994@N02/18421778359", "url_b": "https://farm9.staticflickr.com/8890/18421778359_06ab18c733_b.jpg", "title": "Denmark_Ring0001_Denmark_Ring0002_fb"}, "n_answers": 3, "quorum": 0, "calibration": 0, "created": "2015-06-08T17:49:22.406292", "state": "completed", "project_id": 213, "id": 40511, "priority_0": 0.0}, {"info": {"url": "https://farm1.staticflickr.com/358/18610075901_99bb8b81f9.jpg", "url_m": "https://farm1.staticflickr.com/358/18610075901_99bb8b81f9_m.jpg", "link": "https://www.flickr.com/photos/115096994@N02/18610075901", "url_b": "https://farm1.staticflickr.com/358/18610075901_99bb8b81f9_b.jpg", "title": "Denmark_Ring0003_Denmark_Ring0004_fb"}, "n_answers": 3, "quorum": 0, "calibration": 0, "created": "2015-06-08T17:49:22.435181", "state": "completed", "project_id": 213, "id": 40512, "priority_0": 0.0}, {"info": {"url": "https://farm9.staticflickr.com/8856/17985255014_452d1fc77d.jpg", "url_m": "https://farm9.staticflickr.com/8856/17985255014_452d1fc77d_m.jpg", "link": "https://www.flickr.com/photos/115096994@N02/17985255014", "url_b": "https://farm9.staticflickr.com/8856/17985255014_452d1fc77d_b.jpg", "title": "Denmark_Ring0005_Denmark_Ring0006_fb"}, "n_answers": 3, "quorum": 0, "calibration": 0, "created": "2015-06-08T17:49:22.472910", "state": "completed", "project_id": 213, "id": 40513, "priority_0": 0.0}, {"info": {"url": "https://farm1.staticflickr.com/345/18603346152_728598f43c.jpg", "url_m": "https://farm1.staticflickr.com/345/18603346152_728598f43c_m.jpg", "link": "https://www.flickr.com/photos/115096994@N02/18603346152", "url_b": "https://farm1.staticflickr.com/345/18603346152_728598f43c_b.jpg", "title": "Denmark_Ring0007_Denmark_Ring0008_fb"}, "n_answers": 3, "quorum": 0, "calibration": 0, "created": "2015-06-08T17:49:22.501828", "state": "completed", "project_id": 213, "id": 40514, "priority_0": 0.0}, {"info": {"url": "https://farm9.staticflickr.com/8885/18421693379_28e4a3531d.jpg", "url_m": "https://farm9.staticflickr.com/8885/18421693379_28e4a3531d_m.jpg", "link": "https://www.flickr.com/photos/115096994@N02/18421693379", "url_b": "https://farm9.staticflickr.com/8885/18421693379_28e4a3531d_b.jpg", "title": "Denmark_Torque0001_Denmark_Torque0002_fb"}, "n_answers": 3, "quorum": 0, "calibration": 0, "created": "2015-06-08T17:49:22.527002", "state": "completed", "project_id": 213, "id": 40515, "priority_0": 0.0}, {"info": {"url": "https://farm1.staticflickr.com/527/18420088378_b85e8ee2de.jpg", "url_m": "https://farm1.staticflickr.com/527/18420088378_b85e8ee2de_m.jpg", "link": "https://www.flickr.com/photos/115096994@N02/18420088378", "url_b": "https://farm1.staticflickr.com/527/18420088378_b85e8ee2de_b.jpg", "title": "Egypt_Ring0001_Egypt_Ring0002_fb"}, "n_answers": 3, "quorum": 0, "calibration": 0, "created": "2015-06-08T17:49:22.581298", "state": "completed", "project_id": 213, "id": 40516, "priority_0": 0.0}, {"info": {"url": "https://farm9.staticflickr.com/8852/18607806645_cb0421f964.jpg", "url_m": "https://farm9.staticflickr.com/8852/18607806645_cb0421f964_m.jpg", "link": "https://www.flickr.com/photos/115096994@N02/18607806645", "url_b": "https://farm9.staticflickr.com/8852/18607806645_cb0421f964_b.jpg", "title": "France_Bracelet0001_France_Bracelet0002_fb"}, "n_answers": 3, "quorum": 0, "calibration": 0, "created": "2015-06-08T17:49:22.610322", "state": "completed", "project_id": 213, "id": 40517, "priority_0": 0.0}, {"info": {"url": "https://farm9.staticflickr.com/8896/18603250922_2c1c1358e3.jpg", "url_m": "https://farm9.staticflickr.com/8896/18603250922_2c1c1358e3_m.jpg", "link": "https://www.flickr.com/photos/115096994@N02/18603250922", "url_b": "https://farm9.staticflickr.com/8896/18603250922_2c1c1358e3_b.jpg", "title": "France_Bracelet0003_France_Bracelet0004_fb"}, "n_answers": 3, "quorum": 0, "calibration": 0, "created": "2015-06-08T17:49:22.636800", "state": "completed", "project_id": 213, "id": 40518, "priority_0": 0.0}, {"info": {"url": "https://farm1.staticflickr.com/483/18420088760_f52d974595.jpg", "url_m": "https://farm1.staticflickr.com/483/18420088760_f52d974595_m.jpg", "link": "https://www.flickr.com/photos/115096994@N02/18420088760", "url_b": "https://farm1.staticflickr.com/483/18420088760_f52d974595_b.jpg", "title": "France_Bracelet0005_France_Bracelet0006_fb"}, "n_answers": 3, "quorum": 0, "calibration": 0, "created": "2015-06-08T17:49:22.666079", "state": "completed", "project_id": 213, "id": 40519, "priority_0": 0.0}, {"info": {"url": "https://farm9.staticflickr.com/8884/18581359276_11f3277c1a.jpg", "url_m": "https://farm9.staticflickr.com/8884/18581359276_11f3277c1a_m.jpg", "link": "https://www.flickr.com/photos/115096994@N02/18581359276", "url_b": "https://farm9.staticflickr.com/8884/18581359276_11f3277c1a_b.jpg", "title": "France_Bracelet0007_France_Bracelet0008_fb"}, "n_answers": 3, "quorum": 0, "calibration": 0, "created": "2015-06-08T17:49:22.695079", "state": "completed", "project_id": 213, "id": 40520, "priority_0": 0.0}, {"info": {"url": "https://farm1.staticflickr.com/436/18581338516_b072a60e5f.jpg", "url_m": "https://farm1.staticflickr.com/436/18581338516_b072a60e5f_m.jpg", "link": "https://www.flickr.com/photos/115096994@N02/18581338516", "url_b": "https://farm1.staticflickr.com/436/18581338516_b072a60e5f_b.jpg", "title": "France_Ring0001_France_Ring0002_fb"}, "n_answers": 3, "quorum": 0, "calibration": 0, "created": "2015-06-08T17:49:22.723546", "state": "completed", "project_id": 213, "id": 40521, "priority_0": 0.0}, {"info": {"url": "https://farm9.staticflickr.com/8833/18581318106_5cc63c0093.jpg", "url_m": "https://farm9.staticflickr.com/8833/18581318106_5cc63c0093_m.jpg", "link": "https://www.flickr.com/photos/115096994@N02/18581318106", "url_b": "https://farm9.staticflickr.com/8833/18581318106_5cc63c0093_b.jpg", "title": "France_Ring0003_France_Ring0004_fb"}, "n_answers": 3, "quorum": 0, "calibration": 0, "created": "2015-06-08T17:49:22.749444", "state": "completed", "project_id": 213, "id": 40522, "priority_0": 0.0}, {"info": {"url": "https://farm9.staticflickr.com/8893/18419925388_ffce6ca820.jpg", "url_m": "https://farm9.staticflickr.com/8893/18419925388_ffce6ca820_m.jpg", "link": "https://www.flickr.com/photos/115096994@N02/18419925388", "url_b": "https://farm9.staticflickr.com/8893/18419925388_ffce6ca820_b.jpg", "title": "Germany_Bracelet0001_Germany_Bracelet0002_fb"}, "n_answers": 3, "quorum": 0, "calibration": 0, "created": "2015-06-08T17:49:22.778744", "state": "completed", "project_id": 213, "id": 40523, "priority_0": 0.0}, {"info": {"url": "https://farm1.staticflickr.com/452/18419975150_922aa3779e.jpg", "url_m": "https://farm1.staticflickr.com/452/18419975150_922aa3779e_m.jpg", "link": "https://www.flickr.com/photos/115096994@N02/18419975150", "url_b": "https://farm1.staticflickr.com/452/18419975150_922aa3779e_b.jpg", "title": "Germany_Bracelet0003_Germany_Bracelet0004_fb"}, "n_answers": 3, "quorum": 0, "calibration": 0, "created": "2015-06-08T17:49:22.807703", "state": "completed", "project_id": 213, "id": 40524, "priority_0": 0.0}, {"info": {"url": "https://farm1.staticflickr.com/260/17986981773_0976918e2b.jpg", "url_m": "https://farm1.staticflickr.com/260/17986981773_0976918e2b_m.jpg", "link": "https://www.flickr.com/photos/115096994@N02/17986981773", "url_b": "https://farm1.staticflickr.com/260/17986981773_0976918e2b_b.jpg", "title": "Germany_Bracelet0005_Germany_Bracelet0006_fb"}, "n_answers": 3, "quorum": 0, "calibration": 0, "created": "2015-06-08T17:49:22.832896", "state": "completed", "project_id": 213, "id": 40525, "priority_0": 0.0}, {"info": {"url": "https://farm1.staticflickr.com/509/17986957433_cd913f54eb.jpg", "url_m": "https://farm1.staticflickr.com/509/17986957433_cd913f54eb_m.jpg", "link": "https://www.flickr.com/photos/115096994@N02/17986957433", "url_b": "https://farm1.staticflickr.com/509/17986957433_cd913f54eb_b.jpg", "title": "Germany_Bracelet0007_Germany_Bracelet0008_fb"}, "n_answers": 3, "quorum": 0, "calibration": 0, "created": "2015-06-08T17:49:22.861811", "state": "completed", "project_id": 213, "id": 40526, "priority_0": 0.0}, {"info": {"url": "https://farm1.staticflickr.com/494/18603039892_78d78597d8.jpg", "url_m": "https://farm1.staticflickr.com/494/18603039892_78d78597d8_m.jpg", "link": "https://www.flickr.com/photos/115096994@N02/18603039892", "url_b": "https://farm1.staticflickr.com/494/18603039892_78d78597d8_b.jpg", "title": "Germany_Torque0001_Germany_Torque0002_fb"}, "n_answers": 3, "quorum": 0, "calibration": 0, "created": "2015-06-08T17:49:22.886890", "state": "completed", "project_id": 213, "id": 40527, "priority_0": 0.0}, {"info": {"url": "https://farm1.staticflickr.com/442/17986908813_ea69a80d48.jpg", "url_m": "https://farm1.staticflickr.com/442/17986908813_ea69a80d48_m.jpg", "link": "https://www.flickr.com/photos/115096994@N02/17986908813", "url_b": "https://farm1.staticflickr.com/442/17986908813_ea69a80d48_b.jpg", "title": "Hungary_Bracelet0001_Hungary_Bracelet0002_fb"}, "n_answers": 3, "quorum": 0, "calibration": 0, "created": "2015-06-08T17:49:22.916111", "state": "completed", "project_id": 213, "id": 40528, "priority_0": 0.0}, {"info": {"url": "https://farm1.staticflickr.com/397/18419777388_9a523df5ca.jpg", "url_m": "https://farm1.staticflickr.com/397/18419777388_9a523df5ca_m.jpg", "link": "https://www.flickr.com/photos/115096994@N02/18419777388", "url_b": "https://farm1.staticflickr.com/397/18419777388_9a523df5ca_b.jpg", "title": "Hungary_Bracelet0003_Hungary_Bracelet0004_fb"}, "n_answers": 3, "quorum": 0, "calibration": 0, "created": "2015-06-08T17:49:22.941119", "state": "completed", "project_id": 213, "id": 40529, "priority_0": 0.0}, {"info": {"url": "https://farm9.staticflickr.com/8831/18607503265_3144249ef7.jpg", "url_m": "https://farm9.staticflickr.com/8831/18607503265_3144249ef7_m.jpg", "link": "https://www.flickr.com/photos/115096994@N02/18607503265", "url_b": "https://farm9.staticflickr.com/8831/18607503265_3144249ef7_b.jpg", "title": "Hungary_Bracelet0005_Hungary_Bracelet0006_fb"}, "n_answers": 3, "quorum": 0, "calibration": 0, "created": "2015-06-08T17:49:22.966172", "state": "completed", "project_id": 213, "id": 40530, "priority_0": 0.0}, {"info": {"url": "https://farm1.staticflickr.com/476/18421318699_9ebbf74667.jpg", "url_m": "https://farm1.staticflickr.com/476/18421318699_9ebbf74667_m.jpg", "link": "https://www.flickr.com/photos/115096994@N02/18421318699", "url_b": "https://farm1.staticflickr.com/476/18421318699_9ebbf74667_b.jpg", "title": "Hungary_Bracelet0007_Hungary_Bracelet0008_fb"}, "n_answers": 3, "quorum": 0, "calibration": 0, "created": "2015-06-08T17:49:22.995418", "state": "completed", "project_id": 213, "id": 40531, "priority_0": 0.0}, {"info": {"url": "https://farm1.staticflickr.com/371/18607460015_75aaebabee.jpg", "url_m": "https://farm1.staticflickr.com/371/18607460015_75aaebabee_m.jpg", "link": "https://www.flickr.com/photos/115096994@N02/18607460015", "url_b": "https://farm1.staticflickr.com/371/18607460015_75aaebabee_b.jpg", "title": "Hungary_Bracelet0009_Hungary_Bracelet0010_fb"}, "n_answers": 3, "quorum": 0, "calibration": 0, "created": "2015-06-08T17:49:23.022122", "state": "completed", "project_id": 213, "id": 40532, "priority_0": 0.0}, {"info": {"url": "https://farm9.staticflickr.com/8899/18419690488_5e5a774f3c.jpg", "url_m": "https://farm9.staticflickr.com/8899/18419690488_5e5a774f3c_m.jpg", "link": "https://www.flickr.com/photos/115096994@N02/18419690488", "url_b": "https://farm9.staticflickr.com/8899/18419690488_5e5a774f3c_b.jpg", "title": "Hungary_Bracelet0011_Hungary_Bracelet0012_fb"}, "n_answers": 3, "quorum": 0, "calibration": 0, "created": "2015-06-08T17:49:23.049723", "state": "completed", "project_id": 213, "id": 40533, "priority_0": 0.0}, {"info": {"url": "https://farm9.staticflickr.com/8880/18419669658_cff29ed790.jpg", "url_m": "https://farm9.staticflickr.com/8880/18419669658_cff29ed790_m.jpg", "link": "https://www.flickr.com/photos/115096994@N02/18419669658", "url_b": "https://farm9.staticflickr.com/8880/18419669658_cff29ed790_b.jpg", "title": "Hungary_Bracelet0013_Hungary_Bracelet0014_fb"}, "n_answers": 3, "quorum": 0, "calibration": 0, "created": "2015-06-08T17:49:23.078907", "state": "completed", "project_id": 213, "id": 40534, "priority_0": 0.0}, {"info": {"url": "https://farm9.staticflickr.com/8896/18602860032_0853e3f93e.jpg", "url_m": "https://farm9.staticflickr.com/8896/18602860032_0853e3f93e_m.jpg", "link": "https://www.flickr.com/photos/115096994@N02/18602860032", "url_b": "https://farm9.staticflickr.com/8896/18602860032_0853e3f93e_b.jpg", "title": "Hungary_Bracelet0015_Hungary_Bracelet0016_fb"}, "n_answers": 3, "quorum": 0, "calibration": 0, "created": "2015-06-08T17:49:23.108229", "state": "completed", "project_id": 213, "id": 40535, "priority_0": 0.0}, {"info": {"url": "https://farm1.staticflickr.com/269/18602837542_936b6fc99e.jpg", "url_m": "https://farm1.staticflickr.com/269/18602837542_936b6fc99e_m.jpg", "link": "https://www.flickr.com/photos/115096994@N02/18602837542", "url_b": "https://farm1.staticflickr.com/269/18602837542_936b6fc99e_b.jpg", "title": "Hungary_Bracelet0017_Hungary_Bracelet0018_fb"}, "n_answers": 3, "quorum": 0, "calibration": 0, "created": "2015-06-08T17:49:23.137196", "state": "completed", "project_id": 213, "id": 40536, "priority_0": 0.0}, {"info": {"url": "https://farm9.staticflickr.com/8828/18419604368_d963125384.jpg", "url_m": "https://farm9.staticflickr.com/8828/18419604368_d963125384_m.jpg", "link": "https://www.flickr.com/photos/115096994@N02/18419604368", "url_b": "https://farm9.staticflickr.com/8828/18419604368_d963125384_b.jpg", "title": "Hungary_Bracelet0019_Hungary_Bracelet0020_fb"}, "n_answers": 3, "quorum": 0, "calibration": 0, "created": "2015-06-08T17:49:23.162280", "state": "completed", "project_id": 213, "id": 40537, "priority_0": 0.0}, {"info": {"url": "https://farm9.staticflickr.com/8881/17986691213_e7053777af.jpg", "url_m": "https://farm9.staticflickr.com/8881/17986691213_e7053777af_m.jpg", "link": "https://www.flickr.com/photos/115096994@N02/17986691213", "url_b": "https://farm9.staticflickr.com/8881/17986691213_e7053777af_b.jpg", "title": "Hungary_Bracelet0021_Hungary_Bracelet0022_fb"}, "n_answers": 3, "quorum": 0, "calibration": 0, "created": "2015-06-08T17:49:23.187171", "state": "completed", "project_id": 213, "id": 40538, "priority_0": 0.0}, {"info": {"url": "https://farm1.staticflickr.com/348/18609457641_2115f8bafb.jpg", "url_m": "https://farm1.staticflickr.com/348/18609457641_2115f8bafb_m.jpg", "link": "https://www.flickr.com/photos/115096994@N02/18609457641", "url_b": "https://farm1.staticflickr.com/348/18609457641_2115f8bafb_b.jpg", "title": "Hungary_Bracelet0023_Hungary_Bracelet0024_fb"}, "n_answers": 3, "quorum": 0, "calibration": 0, "created": "2015-06-08T17:49:23.212122", "state": "completed", "project_id": 213, "id": 40539, "priority_0": 0.0}, {"info": {"url": "https://farm1.staticflickr.com/274/18609430911_0a855f17b2.jpg", "url_m": "https://farm1.staticflickr.com/274/18609430911_0a855f17b2_m.jpg", "link": "https://www.flickr.com/photos/115096994@N02/18609430911", "url_b": "https://farm1.staticflickr.com/274/18609430911_0a855f17b2_b.jpg", "title": "Hungary_Bracelet0025_Hungary_Bracelet0026_fb"}, "n_answers": 3, "quorum": 0, "calibration": 0, "created": "2015-06-08T17:49:23.237174", "state": "completed", "project_id": 213, "id": 40540, "priority_0": 0.0}, {"info": {"url": "https://farm1.staticflickr.com/259/18421081859_d51c14948c.jpg", "url_m": "https://farm1.staticflickr.com/259/18421081859_d51c14948c_m.jpg", "link": "https://www.flickr.com/photos/115096994@N02/18421081859", "url_b": "https://farm1.staticflickr.com/259/18421081859_d51c14948c_b.jpg", "title": "Hungary_Bracelet0027_Hungary_Bracelet0028_fb"}, "n_answers": 3, "quorum": 0, "calibration": 0, "created": "2015-06-08T17:49:23.262373", "state": "completed", "project_id": 213, "id": 40541, "priority_0": 0.0}, {"info": {"url": "https://farm9.staticflickr.com/8876/18607202695_47853a0442.jpg", "url_m": "https://farm9.staticflickr.com/8876/18607202695_47853a0442_m.jpg", "link": "https://www.flickr.com/photos/115096994@N02/18607202695", "url_b": "https://farm9.staticflickr.com/8876/18607202695_47853a0442_b.jpg", "title": "Hungary_Ring0001_Hungary_Ring0002_fb"}, "n_answers": 3, "quorum": 0, "calibration": 0, "created": "2015-06-08T17:49:23.287344", "state": "completed", "project_id": 213, "id": 40542, "priority_0": 0.0}, {"info": {"url": "https://farm9.staticflickr.com/8868/18607182225_332e3623ce.jpg", "url_m": "https://farm9.staticflickr.com/8868/18607182225_332e3623ce_m.jpg", "link": "https://www.flickr.com/photos/115096994@N02/18607182225", "url_b": "https://farm9.staticflickr.com/8868/18607182225_332e3623ce_b.jpg", "title": "Hungary_Ring0003_Hungary_Ring0004_fb"}, "n_answers": 3, "quorum": 0, "calibration": 0, "created": "2015-06-08T17:49:23.317226", "state": "completed", "project_id": 213, "id": 40543, "priority_0": 0.0}, {"info": {"url": "https://farm1.staticflickr.com/546/18580782046_30d2813edb.jpg", "url_m": "https://farm1.staticflickr.com/546/18580782046_30d2813edb_m.jpg", "link": "https://www.flickr.com/photos/115096994@N02/18580782046", "url_b": "https://farm1.staticflickr.com/546/18580782046_30d2813edb_b.jpg", "title": "Hungary_Ring0005_Hungary_Ring0006_fb"}, "n_answers": 3, "quorum": 0, "calibration": 0, "created": "2015-06-08T17:49:23.345768", "state": "completed", "project_id": 213, "id": 40544, "priority_0": 0.0}, {"info": {"url": "https://farm1.staticflickr.com/480/18419390728_d67a4d9a46.jpg", "url_m": "https://farm1.staticflickr.com/480/18419390728_d67a4d9a46_m.jpg", "link": "https://www.flickr.com/photos/115096994@N02/18419390728", "url_b": "https://farm1.staticflickr.com/480/18419390728_d67a4d9a46_b.jpg", "title": "Hungary_Torque0001_Hungary_Torque0002_fb"}, "n_answers": 3, "quorum": 0, "calibration": 0, "created": "2015-06-08T17:49:23.370736", "state": "completed", "project_id": 213, "id": 40545, "priority_0": 0.0}, {"info": {"url": "https://farm1.staticflickr.com/439/18602582352_0f2d6c98aa.jpg", "url_m": "https://farm1.staticflickr.com/439/18602582352_0f2d6c98aa_m.jpg", "link": "https://www.flickr.com/photos/115096994@N02/18602582352", "url_b": "https://farm1.staticflickr.com/439/18602582352_0f2d6c98aa_b.jpg", "title": "Hungary_Torque0003_Hungary_Torque0004_fb"}, "n_answers": 3, "quorum": 0, "calibration": 0, "created": "2015-06-08T17:49:23.395611", "state": "completed", "project_id": 213, "id": 40546, "priority_0": 0.0}, {"info": {"url": "https://farm1.staticflickr.com/487/18609231841_6f47b5fcba.jpg", "url_m": "https://farm1.staticflickr.com/487/18609231841_6f47b5fcba_m.jpg", "link": "https://www.flickr.com/photos/115096994@N02/18609231841", "url_b": "https://farm1.staticflickr.com/487/18609231841_6f47b5fcba_b.jpg", "title": "Hungary_Torque0005_Hungary_Torque0006_fb"}, "n_answers": 3, "quorum": 0, "calibration": 0, "created": "2015-06-08T17:49:23.420858", "state": "completed", "project_id": 213, "id": 40547, "priority_0": 0.0}, {"info": {"url": "https://farm9.staticflickr.com/8878/18420884509_cd0d4eac0c.jpg", "url_m": "https://farm9.staticflickr.com/8878/18420884509_cd0d4eac0c_m.jpg", "link": "https://www.flickr.com/photos/115096994@N02/18420884509", "url_b": "https://farm9.staticflickr.com/8878/18420884509_cd0d4eac0c_b.jpg", "title": "Hungary_Torque0007_Hungary_Torque0008_fb"}, "n_answers": 3, "quorum": 0, "calibration": 0, "created": "2015-06-08T17:49:23.450042", "state": "completed", "project_id": 213, "id": 40548, "priority_0": 0.0}, {"info": {"url": "https://farm9.staticflickr.com/8882/18419351680_6c62ab3ab4.jpg", "url_m": "https://farm9.staticflickr.com/8882/18419351680_6c62ab3ab4_m.jpg", "link": "https://www.flickr.com/photos/115096994@N02/18419351680", "url_b": "https://farm9.staticflickr.com/8882/18419351680_6c62ab3ab4_b.jpg", "title": "Italy_Bracelet0001_Italy_Bracelet0002_fb"}, "n_answers": 3, "quorum": 0, "calibration": 0, "created": "2015-06-08T17:49:23.474994", "state": "completed", "project_id": 213, "id": 40549, "priority_0": 0.0}, {"info": {"url": "https://farm1.staticflickr.com/549/18419325450_e89f1e22c1.jpg", "url_m": "https://farm1.staticflickr.com/549/18419325450_e89f1e22c1_m.jpg", "link": "https://www.flickr.com/photos/115096994@N02/18419325450", "url_b": "https://farm1.staticflickr.com/549/18419325450_e89f1e22c1_b.jpg", "title": "Italy_Bracelet0003_Italy_Bracelet0004_fb"}, "n_answers": 3, "quorum": 0, "calibration": 0, "created": "2015-06-08T17:49:23.504192", "state": "completed", "project_id": 213, "id": 40550, "priority_0": 0.0}, {"info": {"url": "https://farm9.staticflickr.com/8859/18606971315_f64dc7b59f.jpg", "url_m": "https://farm9.staticflickr.com/8859/18606971315_f64dc7b59f_m.jpg", "link": "https://www.flickr.com/photos/115096994@N02/18606971315", "url_b": "https://farm9.staticflickr.com/8859/18606971315_f64dc7b59f_b.jpg", "title": "Italy_Bracelet0005_Italy_Bracelet0006_fb"}, "n_answers": 3, "quorum": 0, "calibration": 0, "created": "2015-06-08T17:49:23.529142", "state": "completed", "project_id": 213, "id": 40551, "priority_0": 0.0}, {"info": {"url": "https://farm9.staticflickr.com/8837/18606945385_41650698b9.jpg", "url_m": "https://farm9.staticflickr.com/8837/18606945385_41650698b9_m.jpg", "link": "https://www.flickr.com/photos/115096994@N02/18606945385", "url_b": "https://farm9.staticflickr.com/8837/18606945385_41650698b9_b.jpg", "title": "Italy_Bracelet0007_Italy_Bracelet0008_fb"}, "n_answers": 3, "quorum": 0, "calibration": 0, "created": "2015-06-08T17:49:23.554168", "state": "completed", "project_id": 213, "id": 40552, "priority_0": 0.0}, {"info": {"url": "https://farm1.staticflickr.com/358/18602385082_c7ce5e0fc1.jpg", "url_m": "https://farm1.staticflickr.com/358/18602385082_c7ce5e0fc1_m.jpg", "link": "https://www.flickr.com/photos/115096994@N02/18602385082", "url_b": "https://farm1.staticflickr.com/358/18602385082_c7ce5e0fc1_b.jpg", "title": "Italy_Bracelet0009_Italy_Bracelet0010_fb"}, "n_answers": 3, "quorum": 0, "calibration": 0, "created": "2015-06-08T17:49:23.579363", "state": "completed", "project_id": 213, "id": 40553, "priority_0": 0.0}, {"info": {"url": "https://farm9.staticflickr.com/8828/18419143948_a30e926d21.jpg", "url_m": "https://farm9.staticflickr.com/8828/18419143948_a30e926d21_m.jpg", "link": "https://www.flickr.com/photos/115096994@N02/18419143948", "url_b": "https://farm9.staticflickr.com/8828/18419143948_a30e926d21_b.jpg", "title": "Italy_Bracelet0011_Italy_Bracelet0012_fb"}, "n_answers": 3, "quorum": 0, "calibration": 0, "created": "2015-06-08T17:49:23.604965", "state": "completed", "project_id": 213, "id": 40554, "priority_0": 0.0}, {"info": {"url": "https://farm1.staticflickr.com/419/18609017681_72cf12c4ed.jpg", "url_m": "https://farm1.staticflickr.com/419/18609017681_72cf12c4ed_m.jpg", "link": "https://www.flickr.com/photos/115096994@N02/18609017681", "url_b": "https://farm1.staticflickr.com/419/18609017681_72cf12c4ed_b.jpg", "title": "Italy_Fibula0001_Italy_Fibula0002_fb"}, "n_answers": 3, "quorum": 0, "calibration": 0, "created": "2015-06-08T17:49:23.633777", "state": "completed", "project_id": 213, "id": 40555, "priority_0": 0.0}, {"info": {"url": "https://farm1.staticflickr.com/426/18580459746_5036c5d39a.jpg", "url_m": "https://farm1.staticflickr.com/426/18580459746_5036c5d39a_m.jpg", "link": "https://www.flickr.com/photos/115096994@N02/18580459746", "url_b": "https://farm1.staticflickr.com/426/18580459746_5036c5d39a_b.jpg", "title": "Italy_Fibula0003_Italy_Fibula0004_fb"}, "n_answers": 3, "quorum": 0, "calibration": 0, "created": "2015-06-08T17:49:23.662633", "state": "completed", "project_id": 213, "id": 40556, "priority_0": 0.0}, {"info": {"url": "https://farm1.staticflickr.com/384/17986175933_b45e6bf1a4.jpg", "url_m": "https://farm1.staticflickr.com/384/17986175933_b45e6bf1a4_m.jpg", "link": "https://www.flickr.com/photos/115096994@N02/17986175933", "url_b": "https://farm1.staticflickr.com/384/17986175933_b45e6bf1a4_b.jpg", "title": "Italy_Fibula0005_Italy_Fibula0006_fb"}, "n_answers": 3, "quorum": 0, "calibration": 0, "created": "2015-06-08T17:49:23.687854", "state": "completed", "project_id": 213, "id": 40557, "priority_0": 0.0}, {"info": {"url": "https://farm1.staticflickr.com/494/17984131744_4eed38981d.jpg", "url_m": "https://farm1.staticflickr.com/494/17984131744_4eed38981d_m.jpg", "link": "https://www.flickr.com/photos/115096994@N02/17984131744", "url_b": "https://farm1.staticflickr.com/494/17984131744_4eed38981d_b.jpg", "title": "Switzerland_Bracelet0001_Switzerland_Bracelet0002_fb"}, "n_answers": 3, "quorum": 0, "calibration": 0, "created": "2015-06-08T17:49:23.716968", "state": "completed", "project_id": 213, "id": 40558, "priority_0": 0.0}, {"info": {"url": "https://farm1.staticflickr.com/501/18602224202_e83a9a9418.jpg", "url_m": "https://farm1.staticflickr.com/501/18602224202_e83a9a9418_m.jpg", "link": "https://www.flickr.com/photos/115096994@N02/18602224202", "url_b": "https://farm1.staticflickr.com/501/18602224202_e83a9a9418_b.jpg", "title": "Switzerland_Bracelet0003_Switzerland_Bracelet0004_fb"}, "n_answers": 3, "quorum": 0, "calibration": 0, "created": "2015-06-08T17:49:23.746263", "state": "completed", "project_id": 213, "id": 40559, "priority_0": 0.0}, {"info": {"url": "https://farm9.staticflickr.com/8862/18602199442_46b051cb49.jpg", "url_m": "https://farm9.staticflickr.com/8862/18602199442_46b051cb49_m.jpg", "link": "https://www.flickr.com/photos/115096994@N02/18602199442", "url_b": "https://farm9.staticflickr.com/8862/18602199442_46b051cb49_b.jpg", "title": "Switzerland_Bracelet0005_Switzerland_Bracelet0006_fb"}, "n_answers": 3, "quorum": 0, "calibration": 0, "created": "2015-06-08T17:49:23.775553", "state": "completed", "project_id": 213, "id": 40560, "priority_0": 0.0}, {"info": {"url": "https://farm1.staticflickr.com/452/17984059294_be98ef1100.jpg", "url_m": "https://farm1.staticflickr.com/452/17984059294_be98ef1100_m.jpg", "link": "https://www.flickr.com/photos/115096994@N02/17984059294", "url_b": "https://farm1.staticflickr.com/452/17984059294_be98ef1100_b.jpg", "title": "Switzerland_Bracelet0007_Switzerland_Bracelet0008_fb"}, "n_answers": 3, "quorum": 0, "calibration": 0, "created": "2015-06-08T17:49:23.805033", "state": "completed", "project_id": 213, "id": 40561, "priority_0": 0.0}, {"info": {"url": "https://farm1.staticflickr.com/443/18602150732_9672fc8d8c.jpg", "url_m": "https://farm1.staticflickr.com/443/18602150732_9672fc8d8c_m.jpg", "link": "https://www.flickr.com/photos/115096994@N02/18602150732", "url_b": "https://farm1.staticflickr.com/443/18602150732_9672fc8d8c_b.jpg", "title": "Switzerland_Bracelet0009_Switzerland_Bracelet0010_fb"}, "n_answers": 3, "quorum": 0, "calibration": 0, "created": "2015-06-08T17:49:23.833763", "state": "completed", "project_id": 213, "id": 40562, "priority_0": 0.0}, {"info": {"url": "https://farm1.staticflickr.com/388/18580273156_9623056b51.jpg", "url_m": "https://farm1.staticflickr.com/388/18580273156_9623056b51_m.jpg", "link": "https://www.flickr.com/photos/115096994@N02/18580273156", "url_b": "https://farm1.staticflickr.com/388/18580273156_9623056b51_b.jpg", "title": "Switzerland_Bracelet0011_Switzerland_Bracelet0012_fb"}, "n_answers": 3, "quorum": 0, "calibration": 0, "created": "2015-06-08T17:49:23.862991", "state": "completed", "project_id": 213, "id": 40563, "priority_0": 0.0}, {"info": {"url": "https://farm1.staticflickr.com/460/18418882028_6befd225c9.jpg", "url_m": "https://farm1.staticflickr.com/460/18418882028_6befd225c9_m.jpg", "link": "https://www.flickr.com/photos/115096994@N02/18418882028", "url_b": "https://farm1.staticflickr.com/460/18418882028_6befd225c9_b.jpg", "title": "Switzerland_Bracelet0013_Switzerland_Bracelet0014_fb"}, "n_answers": 3, "quorum": 0, "calibration": 0, "created": "2015-06-08T17:49:23.892138", "state": "completed", "project_id": 213, "id": 40564, "priority_0": 0.0}, {"info": {"url": "https://farm1.staticflickr.com/402/17985960913_3395b56701.jpg", "url_m": "https://farm1.staticflickr.com/402/17985960913_3395b56701_m.jpg", "link": "https://www.flickr.com/photos/115096994@N02/17985960913", "url_b": "https://farm1.staticflickr.com/402/17985960913_3395b56701_b.jpg", "title": "Switzerland_Bracelet0015_Switzerland_Bracelet0016_fb"}, "n_answers": 3, "quorum": 0, "calibration": 0, "created": "2015-06-08T17:49:23.921778", "state": "completed", "project_id": 213, "id": 40565, "priority_0": 0.0}, {"info": {"url": "https://farm1.staticflickr.com/533/18580196916_ba2bbced0e.jpg", "url_m": "https://farm1.staticflickr.com/533/18580196916_ba2bbced0e_m.jpg", "link": "https://www.flickr.com/photos/115096994@N02/18580196916", "url_b": "https://farm1.staticflickr.com/533/18580196916_ba2bbced0e_b.jpg", "title": "Switzerland_Ring0001_Switzerland_Ring0002_fb"}, "n_answers": 3, "quorum": 0, "calibration": 0, "created": "2015-06-08T17:49:23.950617", "state": "completed", "project_id": 213, "id": 40566, "priority_0": 0.0}, {"info": {"url": "https://farm1.staticflickr.com/318/18602022272_d11a096258.jpg", "url_m": "https://farm1.staticflickr.com/318/18602022272_d11a096258_m.jpg", "link": "https://www.flickr.com/photos/115096994@N02/18602022272", "url_b": "https://farm1.staticflickr.com/318/18602022272_d11a096258_b.jpg", "title": "Switzerland_Ring0003_Switzerland_Ring0004_fb"}, "n_answers": 3, "quorum": 0, "calibration": 0, "created": "2015-06-08T17:49:23.979921", "state": "completed", "project_id": 213, "id": 40567, "priority_0": 0.0}, {"info": {"url": "https://farm9.staticflickr.com/8861/18606528455_517e7df6fe.jpg", "url_m": "https://farm9.staticflickr.com/8861/18606528455_517e7df6fe_m.jpg", "link": "https://www.flickr.com/photos/115096994@N02/18606528455", "url_b": "https://farm9.staticflickr.com/8861/18606528455_517e7df6fe_b.jpg", "title": "Switzerland_Ring0005_Switzerland_Ring0006_fb"}, "n_answers": 3, "quorum": 0, "calibration": 0, "created": "2015-06-08T17:49:24.009308", "state": "completed", "project_id": 213, "id": 40568, "priority_0": 0.0}, {"info": {"url": "https://farm1.staticflickr.com/533/18601971062_655347d75c.jpg", "url_m": "https://farm1.staticflickr.com/533/18601971062_655347d75c_m.jpg", "link": "https://www.flickr.com/photos/115096994@N02/18601971062", "url_b": "https://farm1.staticflickr.com/533/18601971062_655347d75c_b.jpg", "title": "Switzerland_Ring0007_Switzerland_Ring0008_fb"}, "n_answers": 3, "quorum": 0, "calibration": 0, "created": "2015-06-08T17:49:24.038069", "state": "completed", "project_id": 213, "id": 40569, "priority_0": 0.0}, {"info": {"url": "https://farm1.staticflickr.com/426/17983825534_1d82fb8efd.jpg", "url_m": "https://farm1.staticflickr.com/426/17983825534_1d82fb8efd_m.jpg", "link": "https://www.flickr.com/photos/115096994@N02/17983825534", "url_b": "https://farm1.staticflickr.com/426/17983825534_1d82fb8efd_b.jpg", "title": "Switzerland_Ring0009_Switzerland_Ring0010_fb"}, "n_answers": 3, "quorum": 0, "calibration": 0, "created": "2015-06-08T17:49:24.067438", "state": "completed", "project_id": 213, "id": 40570, "priority_0": 0.0}, {"info": {"url": "https://farm9.staticflickr.com/8854/18580072576_f5c0530294.jpg", "url_m": "https://farm9.staticflickr.com/8854/18580072576_f5c0530294_m.jpg", "link": "https://www.flickr.com/photos/115096994@N02/18580072576", "url_b": "https://farm9.staticflickr.com/8854/18580072576_f5c0530294_b.jpg", "title": "Switzerland_Ring0011_Switzerland_Ring0012_fb"}, "n_answers": 3, "quorum": 0, "calibration": 0, "created": "2015-06-08T17:49:24.096497", "state": "completed", "project_id": 213, "id": 40571, "priority_0": 0.0}]