[{"info": {"url": "https://farm9.staticflickr.com/8842/17359186945_dee1b2fe4b.jpg", "url_m": "https://farm9.staticflickr.com/8842/17359186945_dee1b2fe4b_m.jpg", "link": "https://www.flickr.com/photos/115096994@N02/17359186945", "url_b": "https://farm9.staticflickr.com/8842/17359186945_dee1b2fe4b_b.jpg", "title": "Antrim_DaggerI0001_Antrim_DaggerI0002_fb"}, "n_answers": 3, "quorum": 0, "calibration": 0, "created": "2015-05-05T10:49:35.525919", "state": "completed", "project_id": 194, "id": 38321, "priority_0": 0.0}, {"info": {"url": "https://farm9.staticflickr.com/8762/17359180455_07871ebf99.jpg", "url_m": "https://farm9.staticflickr.com/8762/17359180455_07871ebf99_m.jpg", "link": "https://www.flickr.com/photos/115096994@N02/17359180455", "url_b": "https://farm9.staticflickr.com/8762/17359180455_07871ebf99_b.jpg", "title": "Antrim_DaggerII0001_Antrim_DaggerII0002_fb"}, "n_answers": 3, "quorum": 0, "calibration": 0, "created": "2015-05-05T10:49:35.624005", "state": "completed", "project_id": 194, "id": 38322, "priority_0": 0.0}, {"info": {"url": "https://farm9.staticflickr.com/8859/17172966329_7f9634abd9.jpg", "url_m": "https://farm9.staticflickr.com/8859/17172966329_7f9634abd9_m.jpg", "link": "https://www.flickr.com/photos/115096994@N02/17172966329", "url_b": "https://farm9.staticflickr.com/8859/17172966329_7f9634abd9_b.jpg", "title": "Antrium_DaggerVar0001_Antrium_DaggerVar0002_fb"}, "n_answers": 3, "quorum": 0, "calibration": 0, "created": "2015-05-05T10:49:35.649432", "state": "completed", "project_id": 194, "id": 38323, "priority_0": 0.0}, {"info": {"url": "https://farm8.staticflickr.com/7725/17171375478_ce2b5bf626.jpg", "url_m": "https://farm8.staticflickr.com/7725/17171375478_ce2b5bf626_m.jpg", "link": "https://www.flickr.com/photos/115096994@N02/17171375478", "url_b": "https://farm8.staticflickr.com/7725/17171375478_ce2b5bf626_b.jpg", "title": "Antrium_DaggerVar0003_Antrium_DaggerVar0004_fb"}, "n_answers": 3, "quorum": 0, "calibration": 0, "created": "2015-05-05T10:49:35.757845", "state": "completed", "project_id": 194, "id": 38324, "priority_0": 0.0}, {"info": {"url": "https://farm9.staticflickr.com/8784/17359160185_b4bec6f10e.jpg", "url_m": "https://farm9.staticflickr.com/8784/17359160185_b4bec6f10e_m.jpg", "link": "https://www.flickr.com/photos/115096994@N02/17359160185", "url_b": "https://farm9.staticflickr.com/8784/17359160185_b4bec6f10e_b.jpg", "title": "Donegal_DaggerVar0001_Donegal_DaggerVar0002_fb"}, "n_answers": 3, "quorum": 0, "calibration": 0, "created": "2015-05-05T10:49:35.874022", "state": "completed", "project_id": 194, "id": 38325, "priority_0": 0.0}, {"info": {"url": "https://farm9.staticflickr.com/8765/17359152635_41034a4f19.jpg", "url_m": "https://farm9.staticflickr.com/8765/17359152635_41034a4f19_m.jpg", "link": "https://www.flickr.com/photos/115096994@N02/17359152635", "url_b": "https://farm9.staticflickr.com/8765/17359152635_41034a4f19_b.jpg", "title": "Down_DaggerVar0001_Down_DaggerVar0002_fb"}, "n_answers": 3, "quorum": 0, "calibration": 0, "created": "2015-05-05T10:49:35.899621", "state": "completed", "project_id": 194, "id": 38326, "priority_0": 0.0}, {"info": {"url": "https://farm8.staticflickr.com/7784/17172943429_b84a7b61de.jpg", "url_m": "https://farm8.staticflickr.com/7784/17172943429_b84a7b61de_m.jpg", "link": "https://www.flickr.com/photos/115096994@N02/17172943429", "url_b": "https://farm8.staticflickr.com/7784/17172943429_b84a7b61de_b.jpg", "title": "Galway_DaggerI0001_Galway_DaggerI0002_fb"}, "n_answers": 3, "quorum": 0, "calibration": 0, "created": "2015-05-05T10:49:35.925500", "state": "completed", "project_id": 194, "id": 38327, "priority_0": 0.0}, {"info": {"url": "https://farm8.staticflickr.com/7658/16738883693_93edb25040.jpg", "url_m": "https://farm8.staticflickr.com/7658/16738883693_93edb25040_m.jpg", "link": "https://www.flickr.com/photos/115096994@N02/16738883693", "url_b": "https://farm8.staticflickr.com/7658/16738883693_93edb25040_b.jpg", "title": "Galway_DaggerVar0001_Galway_DaggerVar0002_fb"}, "n_answers": 3, "quorum": 0, "calibration": 0, "created": "2015-05-05T10:49:35.950384", "state": "completed", "project_id": 194, "id": 38328, "priority_0": 0.0}, {"info": {"url": "https://farm8.staticflickr.com/7784/17333185376_2f44a004d5.jpg", "url_m": "https://farm8.staticflickr.com/7784/17333185376_2f44a004d5_m.jpg", "link": "https://www.flickr.com/photos/115096994@N02/17333185376", "url_b": "https://farm8.staticflickr.com/7784/17333185376_2f44a004d5_b.jpg", "title": "IrishUnprov_DaggerIII0001_IrishUnprov_DaggerIII0002_fb"}, "n_answers": 3, "quorum": 0, "calibration": 0, "created": "2015-05-05T10:49:35.974629", "state": "completed", "project_id": 194, "id": 38329, "priority_0": 0.0}, {"info": {"url": "https://farm8.staticflickr.com/7675/17359134525_66f1de84ce.jpg", "url_m": "https://farm8.staticflickr.com/7675/17359134525_66f1de84ce_m.jpg", "link": "https://www.flickr.com/photos/115096994@N02/17359134525", "url_b": "https://farm8.staticflickr.com/7675/17359134525_66f1de84ce_b.jpg", "title": "IrishUnprov_DaggerIII0003_IrishUnprov_DaggerIII0004_fb"}, "n_answers": 3, "quorum": 0, "calibration": 0, "created": "2015-05-05T10:49:35.999456", "state": "completed", "project_id": 194, "id": 38330, "priority_0": 0.0}, {"info": {"url": "https://farm9.staticflickr.com/8775/17357211452_5b20fd03e2.jpg", "url_m": "https://farm9.staticflickr.com/8775/17357211452_5b20fd03e2_m.jpg", "link": "https://www.flickr.com/photos/115096994@N02/17357211452", "url_b": "https://farm9.staticflickr.com/8775/17357211452_5b20fd03e2_b.jpg", "title": "IrishUnprov_DaggerIII0005_IrishUnprov_DaggerIII0006_fb"}, "n_answers": 3, "quorum": 0, "calibration": 0, "created": "2015-05-05T10:49:36.024256", "state": "completed", "project_id": 194, "id": 38331, "priority_0": 0.0}, {"info": {"url": "https://farm8.staticflickr.com/7673/17358766591_2bd221bbe4.jpg", "url_m": "https://farm8.staticflickr.com/7673/17358766591_2bd221bbe4_m.jpg", "link": "https://www.flickr.com/photos/115096994@N02/17358766591", "url_b": "https://farm8.staticflickr.com/7673/17358766591_2bd221bbe4_b.jpg", "title": "IrishUnprov_DaggerVar0001_IrishUnprov_DaggerVar0002_fb"}, "n_answers": 3, "quorum": 0, "calibration": 0, "created": "2015-05-05T10:49:36.049416", "state": "completed", "project_id": 194, "id": 38332, "priority_0": 0.0}, {"info": {"url": "https://farm8.staticflickr.com/7796/16736610854_a4a9bf120c.jpg", "url_m": "https://farm8.staticflickr.com/7796/16736610854_a4a9bf120c_m.jpg", "link": "https://www.flickr.com/photos/115096994@N02/16736610854", "url_b": "https://farm8.staticflickr.com/7796/16736610854_a4a9bf120c_b.jpg", "title": "IrishUnprov_DaggerVar0003_IrishUnprov_DaggerVar0004_fb"}, "n_answers": 3, "quorum": 0, "calibration": 0, "created": "2015-05-05T10:49:36.074970", "state": "completed", "project_id": 194, "id": 38333, "priority_0": 0.0}, {"info": {"url": "https://farm9.staticflickr.com/8762/17333144606_240b051858.jpg", "url_m": "https://farm9.staticflickr.com/8762/17333144606_240b051858_m.jpg", "link": "https://www.flickr.com/photos/115096994@N02/17333144606", "url_b": "https://farm9.staticflickr.com/8762/17333144606_240b051858_b.jpg", "title": "IrishUnprov_DaggerVar0005_IrishUnprov_DaggerVar0006_fb"}, "n_answers": 3, "quorum": 0, "calibration": 0, "created": "2015-05-05T10:49:36.099187", "state": "completed", "project_id": 194, "id": 38334, "priority_0": 0.0}, {"info": {"url": "https://farm9.staticflickr.com/8878/16738836253_b608ffaa8c.jpg", "url_m": "https://farm9.staticflickr.com/8878/16738836253_b608ffaa8c_m.jpg", "link": "https://www.flickr.com/photos/115096994@N02/16738836253", "url_b": "https://farm9.staticflickr.com/8878/16738836253_b608ffaa8c_b.jpg", "title": "IrishUnprov_DaggerVar0007_IrishUnprov_DaggerVar0008_fb"}, "n_answers": 3, "quorum": 0, "calibration": 0, "created": "2015-05-05T10:49:36.124050", "state": "completed", "project_id": 194, "id": 38335, "priority_0": 0.0}, {"info": {"url": "https://farm8.staticflickr.com/7706/17172885129_13c8584076.jpg", "url_m": "https://farm8.staticflickr.com/7706/17172885129_13c8584076_m.jpg", "link": "https://www.flickr.com/photos/115096994@N02/17172885129", "url_b": "https://farm8.staticflickr.com/7706/17172885129_13c8584076_b.jpg", "title": "IrishUnprov_DaggerVar0009_IrishUnprov_DaggerVar0010_fb"}, "n_answers": 3, "quorum": 0, "calibration": 0, "created": "2015-05-05T10:49:36.149076", "state": "completed", "project_id": 194, "id": 38336, "priority_0": 0.0}, {"info": {"url": "https://farm8.staticflickr.com/7738/16738831973_af76ce2a3e.jpg", "url_m": "https://farm8.staticflickr.com/7738/16738831973_af76ce2a3e_m.jpg", "link": "https://www.flickr.com/photos/115096994@N02/16738831973", "url_b": "https://farm8.staticflickr.com/7738/16738831973_af76ce2a3e_b.jpg", "title": "IrishUnprov_DaggerVar0011_IrishUnprov_DaggerVar0012_fb"}, "n_answers": 3, "quorum": 0, "calibration": 0, "created": "2015-05-05T10:49:36.174200", "state": "completed", "project_id": 194, "id": 38337, "priority_0": 0.0}, {"info": {"url": "https://farm8.staticflickr.com/7774/17171296668_b77dff88dd.jpg", "url_m": "https://farm8.staticflickr.com/7774/17171296668_b77dff88dd_m.jpg", "link": "https://www.flickr.com/photos/115096994@N02/17171296668", "url_b": "https://farm8.staticflickr.com/7774/17171296668_b77dff88dd_b.jpg", "title": "IrishUnprov_DaggerVar0013_IrishUnprov_DaggerVar0014_fb"}, "n_answers": 3, "quorum": 0, "calibration": 0, "created": "2015-05-05T10:49:36.200469", "state": "completed", "project_id": 194, "id": 38338, "priority_0": 0.0}, {"info": {"url": "https://farm8.staticflickr.com/7705/17333129486_0764382b29.jpg", "url_m": "https://farm8.staticflickr.com/7705/17333129486_0764382b29_m.jpg", "link": "https://www.flickr.com/photos/115096994@N02/17333129486", "url_b": "https://farm8.staticflickr.com/7705/17333129486_0764382b29_b.jpg", "title": "IrishUnprov_DaggerVar0015_IrishUnprov_DaggerVar0016_fb"}, "n_answers": 3, "quorum": 0, "calibration": 0, "created": "2015-05-05T10:49:36.224276", "state": "completed", "project_id": 194, "id": 38339, "priority_0": 0.0}, {"info": {"url": "https://farm8.staticflickr.com/7798/17171292678_4095f6bddc.jpg", "url_m": "https://farm8.staticflickr.com/7798/17171292678_4095f6bddc_m.jpg", "link": "https://www.flickr.com/photos/115096994@N02/17171292678", "url_b": "https://farm8.staticflickr.com/7798/17171292678_4095f6bddc_b.jpg", "title": "IrishUnprov_DaggerVar0017_IrishUnprov_DaggerVar0018_fb"}, "n_answers": 3, "quorum": 0, "calibration": 0, "created": "2015-05-05T10:49:36.249196", "state": "completed", "project_id": 194, "id": 38340, "priority_0": 0.0}, {"info": {"url": "https://farm8.staticflickr.com/7699/17333125196_d4b444b2eb.jpg", "url_m": "https://farm8.staticflickr.com/7699/17333125196_d4b444b2eb_m.jpg", "link": "https://www.flickr.com/photos/115096994@N02/17333125196", "url_b": "https://farm8.staticflickr.com/7699/17333125196_d4b444b2eb_b.jpg", "title": "IrishUnprov_DaggerVar0019_IrishUnprov_DaggerVar0020_fb"}, "n_answers": 3, "quorum": 0, "calibration": 0, "created": "2015-05-05T10:49:36.274073", "state": "completed", "project_id": 194, "id": 38341, "priority_0": 0.0}, {"info": {"url": "https://farm9.staticflickr.com/8737/16736582424_49ec0cd57a.jpg", "url_m": "https://farm9.staticflickr.com/8737/16736582424_49ec0cd57a_m.jpg", "link": "https://www.flickr.com/photos/115096994@N02/16736582424", "url_b": "https://farm9.staticflickr.com/8737/16736582424_49ec0cd57a_b.jpg", "title": "IrishUnprov_DaggerVar0021_IrishUnprov_DaggerVar0022_fb"}, "n_answers": 3, "quorum": 0, "calibration": 0, "created": "2015-05-05T10:49:36.299128", "state": "completed", "project_id": 194, "id": 38342, "priority_0": 0.0}, {"info": {"url": "https://farm8.staticflickr.com/7754/17171510730_aa899567ab.jpg", "url_m": "https://farm8.staticflickr.com/7754/17171510730_aa899567ab_m.jpg", "link": "https://www.flickr.com/photos/115096994@N02/17171510730", "url_b": "https://farm8.staticflickr.com/7754/17171510730_aa899567ab_b.jpg", "title": "Kings_DaggerI0001_Kings_DaggerI0002_fb"}, "n_answers": 3, "quorum": 0, "calibration": 0, "created": "2015-05-05T10:49:36.325478", "state": "completed", "project_id": 194, "id": 38343, "priority_0": 0.0}, {"info": {"url": "https://farm9.staticflickr.com/8748/17357155582_94bb61ecd1.jpg", "url_m": "https://farm9.staticflickr.com/8748/17357155582_94bb61ecd1_m.jpg", "link": "https://www.flickr.com/photos/115096994@N02/17357155582", "url_b": "https://farm9.staticflickr.com/8748/17357155582_94bb61ecd1_b.jpg", "title": "Kings_DaggerI0003_Kings_DaggerI0004_fb"}, "n_answers": 3, "quorum": 0, "calibration": 0, "created": "2015-05-05T10:49:36.349259", "state": "completed", "project_id": 194, "id": 38344, "priority_0": 0.0}, {"info": {"url": "https://farm9.staticflickr.com/8743/16738802623_49980f2668.jpg", "url_m": "https://farm9.staticflickr.com/8743/16738802623_49980f2668_m.jpg", "link": "https://www.flickr.com/photos/115096994@N02/16738802623", "url_b": "https://farm9.staticflickr.com/8743/16738802623_49980f2668_b.jpg", "title": "Kings_DaggerII0001_Kings_DaggerII0002_fb"}, "n_answers": 3, "quorum": 0, "calibration": 0, "created": "2015-05-05T10:49:36.374765", "state": "completed", "project_id": 194, "id": 38345, "priority_0": 0.0}, {"info": {"url": "https://farm9.staticflickr.com/8708/16738794593_45083f953f.jpg", "url_m": "https://farm9.staticflickr.com/8708/16738794593_45083f953f_m.jpg", "link": "https://www.flickr.com/photos/115096994@N02/16738794593", "url_b": "https://farm9.staticflickr.com/8708/16738794593_45083f953f_b.jpg", "title": "Limerick_DaggerVar0001_Limerick_DaggerVar0002_fb"}, "n_answers": 3, "quorum": 0, "calibration": 0, "created": "2015-05-05T10:49:36.399361", "state": "completed", "project_id": 194, "id": 38346, "priority_0": 0.0}, {"info": {"url": "https://farm8.staticflickr.com/7673/16738786773_534e46cf43.jpg", "url_m": "https://farm8.staticflickr.com/7673/16738786773_534e46cf43_m.jpg", "link": "https://www.flickr.com/photos/115096994@N02/16738786773", "url_b": "https://farm8.staticflickr.com/7673/16738786773_534e46cf43_b.jpg", "title": "Meath_DaggerVar0001_Meath_DaggerVar0002_fb"}, "n_answers": 3, "quorum": 0, "calibration": 0, "created": "2015-05-05T10:49:36.424257", "state": "completed", "project_id": 194, "id": 38347, "priority_0": 0.0}, {"info": {"url": "https://farm9.staticflickr.com/8795/17333086726_138777d740.jpg", "url_m": "https://farm9.staticflickr.com/8795/17333086726_138777d740_m.jpg", "link": "https://www.flickr.com/photos/115096994@N02/17333086726", "url_b": "https://farm9.staticflickr.com/8795/17333086726_138777d740_b.jpg", "title": "Offaly_DaggerVar0001_Offaly_DaggerVar0002_fb"}, "n_answers": 3, "quorum": 0, "calibration": 0, "created": "2015-05-05T10:49:36.450080", "state": "completed", "project_id": 194, "id": 38348, "priority_0": 0.0}, {"info": {"url": "https://farm9.staticflickr.com/8894/16736542804_e86af3daea.jpg", "url_m": "https://farm9.staticflickr.com/8894/16736542804_e86af3daea_m.jpg", "link": "https://www.flickr.com/photos/115096994@N02/16736542804", "url_b": "https://farm9.staticflickr.com/8894/16736542804_e86af3daea_b.jpg", "title": "Westmeath_DaggerI0001_Westmeath_DaggerI0002_fb"}, "n_answers": 3, "quorum": 0, "calibration": 0, "created": "2015-05-05T10:49:36.475177", "state": "completed", "project_id": 194, "id": 38349, "priority_0": 0.0}, {"info": {"url": "https://farm8.staticflickr.com/7683/17357118322_93de4297a8.jpg", "url_m": "https://farm8.staticflickr.com/7683/17357118322_93de4297a8_m.jpg", "link": "https://www.flickr.com/photos/115096994@N02/17357118322", "url_b": "https://farm8.staticflickr.com/7683/17357118322_93de4297a8_b.jpg", "title": "Westmeath_DaggerVar0001_Westmeath_DaggerVar0002_fb"}, "n_answers": 3, "quorum": 0, "calibration": 0, "created": "2015-05-05T10:49:36.499372", "state": "completed", "project_id": 194, "id": 38350, "priority_0": 0.0}, {"info": {"url": "https://farm9.staticflickr.com/8829/17172815799_9459e8f0a4.jpg", "url_m": "https://farm9.staticflickr.com/8829/17172815799_9459e8f0a4_m.jpg", "link": "https://www.flickr.com/photos/115096994@N02/17172815799", "url_b": "https://farm9.staticflickr.com/8829/17172815799_9459e8f0a4_b.jpg", "title": "Wicklow_DaggerIII0001_Wicklow_DaggerIII0002_fb"}, "n_answers": 3, "quorum": 0, "calibration": 0, "created": "2015-05-05T10:49:36.524331", "state": "completed", "project_id": 194, "id": 38351, "priority_0": 0.0}]