[{"info": {"url": "https://farm1.staticflickr.com/632/22522745233_af7d46a1cd.jpg", "url_m": "https://farm1.staticflickr.com/632/22522745233_af7d46a1cd_m.jpg", "link": "https://www.flickr.com/photos/115096994@N02/22522745233", "url_b": "https://farm1.staticflickr.com/632/22522745233_af7d46a1cd_b.jpg", "title": "Glamorgan_Sword0001_Glamorgan_Sword0002_fb"}, "n_answers": 3, "quorum": 0, "calibration": 0, "created": "2015-11-19T15:00:24.284232", "state": "completed", "project_id": 267, "id": 50037, "priority_0": 0.0}, {"info": {"url": "https://farm1.staticflickr.com/750/22522744853_ee2e1d4f87.jpg", "url_m": "https://farm1.staticflickr.com/750/22522744853_ee2e1d4f87_m.jpg", "link": "https://www.flickr.com/photos/115096994@N02/22522744853", "url_b": "https://farm1.staticflickr.com/750/22522744853_ee2e1d4f87_b.jpg", "title": "Glamorgan_Sword0003_Glamorgan_Sword0004_fb"}, "n_answers": 3, "quorum": 0, "calibration": 0, "created": "2015-11-19T15:00:24.402660", "state": "completed", "project_id": 267, "id": 50038, "priority_0": 0.0}, {"info": {"url": "https://farm1.staticflickr.com/691/22725579358_c801b8f3ec.jpg", "url_m": "https://farm1.staticflickr.com/691/22725579358_c801b8f3ec_m.jpg", "link": "https://www.flickr.com/photos/115096994@N02/22725579358", "url_b": "https://farm1.staticflickr.com/691/22725579358_c801b8f3ec_b.jpg", "title": "Glamorgan_Sword0005_Glamorgan_Sword0006_fb"}, "n_answers": 3, "quorum": 0, "calibration": 0, "created": "2015-11-19T15:00:24.435222", "state": "completed", "project_id": 267, "id": 50039, "priority_0": 0.0}, {"info": {"url": "https://farm6.staticflickr.com/5748/22522744333_aa542f2a50.jpg", "url_m": "https://farm6.staticflickr.com/5748/22522744333_aa542f2a50_m.jpg", "link": "https://www.flickr.com/photos/115096994@N02/22522744333", "url_b": "https://farm6.staticflickr.com/5748/22522744333_aa542f2a50_b.jpg", "title": "Glamorgan_Sword0007_Glamorgan_Sword0008_fb"}, "n_answers": 3, "quorum": 0, "calibration": 0, "created": "2015-11-19T15:00:24.469168", "state": "completed", "project_id": 267, "id": 50040, "priority_0": 0.0}, {"info": {"url": "https://farm6.staticflickr.com/5635/22522744033_b52fb89cef.jpg", "url_m": "https://farm6.staticflickr.com/5635/22522744033_b52fb89cef_m.jpg", "link": "https://www.flickr.com/photos/115096994@N02/22522744033", "url_b": "https://farm6.staticflickr.com/5635/22522744033_b52fb89cef_b.jpg", "title": "Glamorgan_Sword0009_Glamorgan_Sword0010_fb"}, "n_answers": 3, "quorum": 0, "calibration": 0, "created": "2015-11-19T15:00:24.501572", "state": "completed", "project_id": 267, "id": 50041, "priority_0": 0.0}, {"info": {"url": "https://farm6.staticflickr.com/5667/23155534781_8f4d442c26.jpg", "url_m": "https://farm6.staticflickr.com/5667/23155534781_8f4d442c26_m.jpg", "link": "https://www.flickr.com/photos/115096994@N02/23155534781", "url_b": "https://farm6.staticflickr.com/5667/23155534781_8f4d442c26_b.jpg", "title": "Glamorgan_Sword0011_Glamorgan_Sword0012_fb"}, "n_answers": 3, "quorum": 0, "calibration": 0, "created": "2015-11-19T15:00:24.534848", "state": "completed", "project_id": 267, "id": 50042, "priority_0": 0.0}, {"info": {"url": "https://farm1.staticflickr.com/717/22725478107_15ba1ee4e7.jpg", "url_m": "https://farm1.staticflickr.com/717/22725478107_15ba1ee4e7_m.jpg", "link": "https://www.flickr.com/photos/115096994@N02/22725478107", "url_b": "https://farm1.staticflickr.com/717/22725478107_15ba1ee4e7_b.jpg", "title": "Lancs_Sword0001_Lancs_Sword0002_fb"}, "n_answers": 3, "quorum": 0, "calibration": 0, "created": "2015-11-19T15:00:24.568400", "state": "completed", "project_id": 267, "id": 50043, "priority_0": 0.0}, {"info": {"url": "https://farm6.staticflickr.com/5788/22823784230_5887251c0b.jpg", "url_m": "https://farm6.staticflickr.com/5788/22823784230_5887251c0b_m.jpg", "link": "https://www.flickr.com/photos/115096994@N02/22823784230", "url_b": "https://farm6.staticflickr.com/5788/22823784230_5887251c0b_b.jpg", "title": "Lancs_Sword0003_Lancs_Sword0004_fb"}, "n_answers": 3, "quorum": 0, "calibration": 0, "created": "2015-11-19T15:00:24.602072", "state": "completed", "project_id": 267, "id": 50044, "priority_0": 0.0}, {"info": {"url": "https://farm6.staticflickr.com/5646/23155533981_708f16374d.jpg", "url_m": "https://farm6.staticflickr.com/5646/23155533981_708f16374d_m.jpg", "link": "https://www.flickr.com/photos/115096994@N02/23155533981", "url_b": "https://farm6.staticflickr.com/5646/23155533981_708f16374d_b.jpg", "title": "Leics_Sword0001_Leics_Sword0002_fb"}, "n_answers": 3, "quorum": 0, "calibration": 0, "created": "2015-11-19T15:00:24.635869", "state": "completed", "project_id": 267, "id": 50045, "priority_0": 0.0}, {"info": {"url": "https://farm1.staticflickr.com/639/23129978482_afe098e22f.jpg", "url_m": "https://farm1.staticflickr.com/639/23129978482_afe098e22f_m.jpg", "link": "https://www.flickr.com/photos/115096994@N02/23129978482", "url_b": "https://farm1.staticflickr.com/639/23129978482_afe098e22f_b.jpg", "title": "Lincs_Sword0001_Lincs_Sword0002_fb"}, "n_answers": 3, "quorum": 0, "calibration": 0, "created": "2015-11-19T15:00:24.669094", "state": "completed", "project_id": 267, "id": 50046, "priority_0": 0.0}, {"info": {"url": "https://farm1.staticflickr.com/743/23129978122_803da4c5fd.jpg", "url_m": "https://farm1.staticflickr.com/743/23129978122_803da4c5fd_m.jpg", "link": "https://www.flickr.com/photos/115096994@N02/23129978122", "url_b": "https://farm1.staticflickr.com/743/23129978122_803da4c5fd_b.jpg", "title": "Lincs_Sword0003_Lincs_Sword0004_fb"}, "n_answers": 3, "quorum": 0, "calibration": 0, "created": "2015-11-19T15:00:24.702069", "state": "completed", "project_id": 267, "id": 50047, "priority_0": 0.0}, {"info": {"url": "https://farm6.staticflickr.com/5811/22725476797_7bca4acfc7.jpg", "url_m": "https://farm6.staticflickr.com/5811/22725476797_7bca4acfc7_m.jpg", "link": "https://www.flickr.com/photos/115096994@N02/22725476797", "url_b": "https://farm6.staticflickr.com/5811/22725476797_7bca4acfc7_b.jpg", "title": "Lincs_Sword0005_Lincs_Sword0006_fb"}, "n_answers": 3, "quorum": 0, "calibration": 0, "created": "2015-11-19T15:00:24.735094", "state": "completed", "project_id": 267, "id": 50048, "priority_0": 0.0}, {"info": {"url": "https://farm1.staticflickr.com/685/22725576948_0be5995366.jpg", "url_m": "https://farm1.staticflickr.com/685/22725576948_0be5995366_m.jpg", "link": "https://www.flickr.com/photos/115096994@N02/22725576948", "url_b": "https://farm1.staticflickr.com/685/22725576948_0be5995366_b.jpg", "title": "Lincs_Sword0007_Lincs_Sword0008_fb"}, "n_answers": 3, "quorum": 0, "calibration": 0, "created": "2015-11-19T15:00:24.768118", "state": "completed", "project_id": 267, "id": 50049, "priority_0": 0.0}, {"info": {"url": "https://farm6.staticflickr.com/5813/23129977372_d82ae403c0.jpg", "url_m": "https://farm6.staticflickr.com/5813/23129977372_d82ae403c0_m.jpg", "link": "https://www.flickr.com/photos/115096994@N02/23129977372", "url_b": "https://farm6.staticflickr.com/5813/23129977372_d82ae403c0_b.jpg", "title": "Lincs_Sword0009_Lincs_Sword0010_fb"}, "n_answers": 3, "quorum": 0, "calibration": 0, "created": "2015-11-19T15:00:24.801365", "state": "completed", "project_id": 267, "id": 50050, "priority_0": 0.0}, {"info": {"url": "https://farm1.staticflickr.com/596/23129977162_5c5feb4cc4.jpg", "url_m": "https://farm1.staticflickr.com/596/23129977162_5c5feb4cc4_m.jpg", "link": "https://www.flickr.com/photos/115096994@N02/23129977162", "url_b": "https://farm1.staticflickr.com/596/23129977162_5c5feb4cc4_b.jpg", "title": "Lincs_Sword0011_Lincs_Sword0012_fb"}, "n_answers": 3, "quorum": 0, "calibration": 0, "created": "2015-11-19T15:00:24.834139", "state": "completed", "project_id": 267, "id": 50051, "priority_0": 0.0}, {"info": {"url": "https://farm1.staticflickr.com/689/22521243554_07039a108e.jpg", "url_m": "https://farm1.staticflickr.com/689/22521243554_07039a108e_m.jpg", "link": "https://www.flickr.com/photos/115096994@N02/22521243554", "url_b": "https://farm1.staticflickr.com/689/22521243554_07039a108e_b.jpg", "title": "Lincs_Sword0013_Lincs_Sword0014_fb"}, "n_answers": 3, "quorum": 0, "calibration": 0, "created": "2015-11-19T15:00:24.867842", "state": "completed", "project_id": 267, "id": 50052, "priority_0": 0.0}, {"info": {"url": "https://farm1.staticflickr.com/715/22522741223_e78f2276c7.jpg", "url_m": "https://farm1.staticflickr.com/715/22522741223_e78f2276c7_m.jpg", "link": "https://www.flickr.com/photos/115096994@N02/22522741223", "url_b": "https://farm1.staticflickr.com/715/22522741223_e78f2276c7_b.jpg", "title": "Lincs_Sword0015_Lincs_Sword0016_fb"}, "n_answers": 3, "quorum": 0, "calibration": 0, "created": "2015-11-19T15:00:24.901351", "state": "completed", "project_id": 267, "id": 50053, "priority_0": 0.0}, {"info": {"url": "https://farm6.staticflickr.com/5662/22725575528_a51deb5d36.jpg", "url_m": "https://farm6.staticflickr.com/5662/22725575528_a51deb5d36_m.jpg", "link": "https://www.flickr.com/photos/115096994@N02/22725575528", "url_b": "https://farm6.staticflickr.com/5662/22725575528_a51deb5d36_b.jpg", "title": "Lincs_Sword0017_Lincs_Sword0018_fb"}, "n_answers": 3, "quorum": 0, "calibration": 0, "created": "2015-11-19T15:00:24.934587", "state": "completed", "project_id": 267, "id": 50054, "priority_0": 0.0}, {"info": {"url": "https://farm6.staticflickr.com/5757/22725575318_8640a189aa.jpg", "url_m": "https://farm6.staticflickr.com/5757/22725575318_8640a189aa_m.jpg", "link": "https://www.flickr.com/photos/115096994@N02/22725575318", "url_b": "https://farm6.staticflickr.com/5757/22725575318_8640a189aa_b.jpg", "title": "Lothian_Sword0001_Lothian_Sword0002_fb"}, "n_answers": 3, "quorum": 0, "calibration": 0, "created": "2015-11-19T15:00:24.967700", "state": "completed", "project_id": 267, "id": 50055, "priority_0": 0.0}, {"info": {"url": "https://farm6.staticflickr.com/5751/22521242184_7d3d791566.jpg", "url_m": "https://farm6.staticflickr.com/5751/22521242184_7d3d791566_m.jpg", "link": "https://www.flickr.com/photos/115096994@N02/22521242184", "url_b": "https://farm6.staticflickr.com/5751/22521242184_7d3d791566_b.jpg", "title": "Norfolk_Sword0001_Norfolk_Sword0002_fb"}, "n_answers": 3, "quorum": 0, "calibration": 0, "created": "2015-11-19T15:00:25.001865", "state": "completed", "project_id": 267, "id": 50056, "priority_0": 0.0}, {"info": {"url": "https://farm1.staticflickr.com/700/22521242344_d1d2988eaf.jpg", "url_m": "https://farm1.staticflickr.com/700/22521242344_d1d2988eaf_m.jpg", "link": "https://www.flickr.com/photos/115096994@N02/22521242344", "url_b": "https://farm1.staticflickr.com/700/22521242344_d1d2988eaf_b.jpg", "title": "Norfolk_Sword0003_Norfolk_Sword0004_fb"}, "n_answers": 3, "quorum": 0, "calibration": 0, "created": "2015-11-19T15:00:25.034708", "state": "completed", "project_id": 267, "id": 50057, "priority_0": 0.0}, {"info": {"url": "https://farm6.staticflickr.com/5733/22823780890_02563e2814.jpg", "url_m": "https://farm6.staticflickr.com/5733/22823780890_02563e2814_m.jpg", "link": "https://www.flickr.com/photos/115096994@N02/22823780890", "url_b": "https://farm6.staticflickr.com/5733/22823780890_02563e2814_b.jpg", "title": "Norfolk_Sword0005_Norfolk_Sword0006_fb"}, "n_answers": 3, "quorum": 0, "calibration": 0, "created": "2015-11-19T15:00:25.067260", "state": "completed", "project_id": 267, "id": 50058, "priority_0": 0.0}, {"info": {"url": "https://farm6.staticflickr.com/5749/22823780510_25b852e0ec.jpg", "url_m": "https://farm6.staticflickr.com/5749/22823780510_25b852e0ec_m.jpg", "link": "https://www.flickr.com/photos/115096994@N02/22823780510", "url_b": "https://farm6.staticflickr.com/5749/22823780510_25b852e0ec_b.jpg", "title": "Norfolk_Sword0007_Norfolk_Sword0008_fb"}, "n_answers": 3, "quorum": 0, "calibration": 0, "created": "2015-11-19T15:00:25.101578", "state": "completed", "project_id": 267, "id": 50059, "priority_0": 0.0}, {"info": {"url": "https://farm6.staticflickr.com/5735/23129974852_3de6041185.jpg", "url_m": "https://farm6.staticflickr.com/5735/23129974852_3de6041185_m.jpg", "link": "https://www.flickr.com/photos/115096994@N02/23129974852", "url_b": "https://farm6.staticflickr.com/5735/23129974852_3de6041185_b.jpg", "title": "Norfolk_Sword0009_Norfolk_Sword0010_fb"}, "n_answers": 3, "quorum": 0, "calibration": 0, "created": "2015-11-19T15:00:25.134155", "state": "completed", "project_id": 267, "id": 50060, "priority_0": 0.0}, {"info": {"url": "https://farm1.staticflickr.com/765/22521241514_cc755fef98.jpg", "url_m": "https://farm1.staticflickr.com/765/22521241514_cc755fef98_m.jpg", "link": "https://www.flickr.com/photos/115096994@N02/22521241514", "url_b": "https://farm1.staticflickr.com/765/22521241514_cc755fef98_b.jpg", "title": "Norfolk_Sword0011_Norfolk_Sword0012_fb"}, "n_answers": 3, "quorum": 0, "calibration": 0, "created": "2015-11-19T15:00:25.168169", "state": "completed", "project_id": 267, "id": 50061, "priority_0": 0.0}, {"info": {"url": "https://farm1.staticflickr.com/708/23155529951_f39d7dfa78.jpg", "url_m": "https://farm1.staticflickr.com/708/23155529951_f39d7dfa78_m.jpg", "link": "https://www.flickr.com/photos/115096994@N02/23155529951", "url_b": "https://farm1.staticflickr.com/708/23155529951_f39d7dfa78_b.jpg", "title": "Norfolk_Sword0013_Norfolk_Sword0014_fb"}, "n_answers": 3, "quorum": 0, "calibration": 0, "created": "2015-11-19T15:00:25.201198", "state": "completed", "project_id": 267, "id": 50062, "priority_0": 0.0}, {"info": {"url": "https://farm6.staticflickr.com/5672/22522738273_0e1e11cb27.jpg", "url_m": "https://farm6.staticflickr.com/5672/22522738273_0e1e11cb27_m.jpg", "link": "https://www.flickr.com/photos/115096994@N02/22522738273", "url_b": "https://farm6.staticflickr.com/5672/22522738273_0e1e11cb27_b.jpg", "title": "Norfolk_Sword0015_Norfolk_Sword0016_fb"}, "n_answers": 3, "quorum": 0, "calibration": 0, "created": "2015-11-19T15:00:25.234680", "state": "completed", "project_id": 267, "id": 50063, "priority_0": 0.0}, {"info": {"url": "https://farm1.staticflickr.com/756/22522737833_e0bd6a80ab.jpg", "url_m": "https://farm1.staticflickr.com/756/22522737833_e0bd6a80ab_m.jpg", "link": "https://www.flickr.com/photos/115096994@N02/22522737833", "url_b": "https://farm1.staticflickr.com/756/22522737833_e0bd6a80ab_b.jpg", "title": "Norfolk_Sword0017_Norfolk_Sword0018_fb"}, "n_answers": 3, "quorum": 0, "calibration": 0, "created": "2015-11-19T15:00:25.267946", "state": "completed", "project_id": 267, "id": 50064, "priority_0": 0.0}, {"info": {"url": "https://farm6.staticflickr.com/5708/22725572758_549e8fa7a1.jpg", "url_m": "https://farm6.staticflickr.com/5708/22725572758_549e8fa7a1_m.jpg", "link": "https://www.flickr.com/photos/115096994@N02/22725572758", "url_b": "https://farm6.staticflickr.com/5708/22725572758_549e8fa7a1_b.jpg", "title": "Norfolk_Sword0019_Norfolk_Sword0020_fb"}, "n_answers": 3, "quorum": 0, "calibration": 0, "created": "2015-11-19T15:00:25.301709", "state": "completed", "project_id": 267, "id": 50065, "priority_0": 0.0}, {"info": {"url": "https://farm1.staticflickr.com/735/23155528971_398efb11d3.jpg", "url_m": "https://farm1.staticflickr.com/735/23155528971_398efb11d3_m.jpg", "link": "https://www.flickr.com/photos/115096994@N02/23155528971", "url_b": "https://farm1.staticflickr.com/735/23155528971_398efb11d3_b.jpg", "title": "Norfolk_Sword0021_Norfolk_Sword0022_fb"}, "n_answers": 3, "quorum": 0, "calibration": 0, "created": "2015-11-19T15:00:25.333743", "state": "completed", "project_id": 267, "id": 50066, "priority_0": 0.0}, {"info": {"url": "https://farm6.staticflickr.com/5742/22521239924_eebc56da6a.jpg", "url_m": "https://farm6.staticflickr.com/5742/22521239924_eebc56da6a_m.jpg", "link": "https://www.flickr.com/photos/115096994@N02/22521239924", "url_b": "https://farm6.staticflickr.com/5742/22521239924_eebc56da6a_b.jpg", "title": "Northampton_Sword0001_Northampton_Sword0002_fb"}, "n_answers": 3, "quorum": 0, "calibration": 0, "created": "2015-11-19T15:00:25.367556", "state": "completed", "project_id": 267, "id": 50067, "priority_0": 0.0}, {"info": {"url": "https://farm1.staticflickr.com/567/23155528341_800ac06206.jpg", "url_m": "https://farm1.staticflickr.com/567/23155528341_800ac06206_m.jpg", "link": "https://www.flickr.com/photos/115096994@N02/23155528341", "url_b": "https://farm1.staticflickr.com/567/23155528341_800ac06206_b.jpg", "title": "Northumber_Sword0001_Northumber_Sword0002_fb"}, "n_answers": 3, "quorum": 0, "calibration": 0, "created": "2015-11-19T15:00:25.401358", "state": "completed", "project_id": 267, "id": 50068, "priority_0": 0.0}, {"info": {"url": "https://farm1.staticflickr.com/588/22725571758_8dd15cd146.jpg", "url_m": "https://farm1.staticflickr.com/588/22725571758_8dd15cd146_m.jpg", "link": "https://www.flickr.com/photos/115096994@N02/22725571758", "url_b": "https://farm1.staticflickr.com/588/22725571758_8dd15cd146_b.jpg", "title": "Northumber_Sword0003_Northumber_Sword0004_fb"}, "n_answers": 3, "quorum": 0, "calibration": 0, "created": "2015-11-19T15:00:25.434814", "state": "completed", "project_id": 267, "id": 50069, "priority_0": 0.0}, {"info": {"url": "https://farm1.staticflickr.com/655/23129971972_8a9652eb9c.jpg", "url_m": "https://farm1.staticflickr.com/655/23129971972_8a9652eb9c_m.jpg", "link": "https://www.flickr.com/photos/115096994@N02/23129971972", "url_b": "https://farm1.staticflickr.com/655/23129971972_8a9652eb9c_b.jpg", "title": "Northumber_Sword0005_Northumber_Sword0006_fb"}, "n_answers": 3, "quorum": 0, "calibration": 0, "created": "2015-11-19T15:00:25.467413", "state": "completed", "project_id": 267, "id": 50070, "priority_0": 0.0}, {"info": {"url": "https://farm1.staticflickr.com/713/22751669919_752248d958.jpg", "url_m": "https://farm1.staticflickr.com/713/22751669919_752248d958_m.jpg", "link": "https://www.flickr.com/photos/115096994@N02/22751669919", "url_b": "https://farm1.staticflickr.com/713/22751669919_752248d958_b.jpg", "title": "Northumber_Sword0007_Northumber_Sword0008_fb"}, "n_answers": 3, "quorum": 0, "calibration": 0, "created": "2015-11-19T15:00:25.500204", "state": "completed", "project_id": 267, "id": 50071, "priority_0": 0.0}, {"info": {"url": "https://farm6.staticflickr.com/5741/22522735603_1561a25cc5.jpg", "url_m": "https://farm6.staticflickr.com/5741/22522735603_1561a25cc5_m.jpg", "link": "https://www.flickr.com/photos/115096994@N02/22522735603", "url_b": "https://farm6.staticflickr.com/5741/22522735603_1561a25cc5_b.jpg", "title": "Northumber_Sword0009_Northumber_Sword0010_fb"}, "n_answers": 3, "quorum": 0, "calibration": 0, "created": "2015-11-19T15:00:25.534170", "state": "completed", "project_id": 267, "id": 50072, "priority_0": 0.0}, {"info": {"url": "https://farm6.staticflickr.com/5703/23155526531_8be22f1e49.jpg", "url_m": "https://farm6.staticflickr.com/5703/23155526531_8be22f1e49_m.jpg", "link": "https://www.flickr.com/photos/115096994@N02/23155526531", "url_b": "https://farm6.staticflickr.com/5703/23155526531_8be22f1e49_b.jpg", "title": "Northumber_Sword0011_Northumber_Sword0012_fb"}, "n_answers": 3, "quorum": 0, "calibration": 0, "created": "2015-11-19T15:00:25.567234", "state": "completed", "project_id": 267, "id": 50073, "priority_0": 0.0}, {"info": {"url": "https://farm6.staticflickr.com/5642/22725569638_2cc82137e2.jpg", "url_m": "https://farm6.staticflickr.com/5642/22725569638_2cc82137e2_m.jpg", "link": "https://www.flickr.com/photos/115096994@N02/22725569638", "url_b": "https://farm6.staticflickr.com/5642/22725569638_2cc82137e2_b.jpg", "title": "Northumber_Sword0013_Northumber_Sword0014_fb"}, "n_answers": 3, "quorum": 0, "calibration": 0, "created": "2015-11-19T15:00:25.600898", "state": "completed", "project_id": 267, "id": 50074, "priority_0": 0.0}, {"info": {"url": "https://farm6.staticflickr.com/5703/22522734533_b7706f5df6.jpg", "url_m": "https://farm6.staticflickr.com/5703/22522734533_b7706f5df6_m.jpg", "link": "https://www.flickr.com/photos/115096994@N02/22522734533", "url_b": "https://farm6.staticflickr.com/5703/22522734533_b7706f5df6_b.jpg", "title": "Northumber_Sword0015_Northumber_Sword0016_fb"}, "n_answers": 3, "quorum": 0, "calibration": 0, "created": "2015-11-19T15:00:25.633092", "state": "completed", "project_id": 267, "id": 50075, "priority_0": 0.0}, {"info": {"url": "https://farm1.staticflickr.com/657/22823775170_f9a12ea0d6.jpg", "url_m": "https://farm1.staticflickr.com/657/22823775170_f9a12ea0d6_m.jpg", "link": "https://www.flickr.com/photos/115096994@N02/22823775170", "url_b": "https://farm1.staticflickr.com/657/22823775170_f9a12ea0d6_b.jpg", "title": "Northumber_Sword0017_Northumber_Sword0018_fb"}, "n_answers": 3, "quorum": 0, "calibration": 0, "created": "2015-11-19T15:00:25.663792", "state": "completed", "project_id": 267, "id": 50076, "priority_0": 0.0}, {"info": {"url": "https://farm1.staticflickr.com/748/22823774650_35e53ce6f0.jpg", "url_m": "https://farm1.staticflickr.com/748/22823774650_35e53ce6f0_m.jpg", "link": "https://www.flickr.com/photos/115096994@N02/22823774650", "url_b": "https://farm1.staticflickr.com/748/22823774650_35e53ce6f0_b.jpg", "title": "Northumber_Sword0019_Northumber_Sword0020_fb"}, "n_answers": 3, "quorum": 0, "calibration": 0, "created": "2015-11-19T15:00:25.690959", "state": "completed", "project_id": 267, "id": 50077, "priority_0": 0.0}, {"info": {"url": "https://farm1.staticflickr.com/721/22725568098_82b05a2862.jpg", "url_m": "https://farm1.staticflickr.com/721/22725568098_82b05a2862_m.jpg", "link": "https://www.flickr.com/photos/115096994@N02/22725568098", "url_b": "https://farm1.staticflickr.com/721/22725568098_82b05a2862_b.jpg", "title": "NorthYork_Sword0001_NorthYork_Sword0002_fb"}, "n_answers": 3, "quorum": 0, "calibration": 0, "created": "2015-11-19T15:00:25.723733", "state": "completed", "project_id": 267, "id": 50078, "priority_0": 0.0}, {"info": {"url": "https://farm6.staticflickr.com/5791/23129968762_6cd0075dfc.jpg", "url_m": "https://farm6.staticflickr.com/5791/23129968762_6cd0075dfc_m.jpg", "link": "https://www.flickr.com/photos/115096994@N02/23129968762", "url_b": "https://farm6.staticflickr.com/5791/23129968762_6cd0075dfc_b.jpg", "title": "NorthYork_Sword0003_NorthYork_Sword0004_fb"}, "n_answers": 3, "quorum": 0, "calibration": 0, "created": "2015-11-19T15:00:25.756293", "state": "completed", "project_id": 267, "id": 50079, "priority_0": 0.0}, {"info": {"url": "https://farm6.staticflickr.com/5657/22521235014_b8a6c83076.jpg", "url_m": "https://farm6.staticflickr.com/5657/22521235014_b8a6c83076_m.jpg", "link": "https://www.flickr.com/photos/115096994@N02/22521235014", "url_b": "https://farm6.staticflickr.com/5657/22521235014_b8a6c83076_b.jpg", "title": "NorthYork_Sword0005_NorthYork_Sword0006_fb"}, "n_answers": 3, "quorum": 0, "calibration": 0, "created": "2015-11-19T15:00:25.792042", "state": "completed", "project_id": 267, "id": 50080, "priority_0": 0.0}, {"info": {"url": "https://farm1.staticflickr.com/618/22751666409_d74c376edc.jpg", "url_m": "https://farm1.staticflickr.com/618/22751666409_d74c376edc_m.jpg", "link": "https://www.flickr.com/photos/115096994@N02/22751666409", "url_b": "https://farm1.staticflickr.com/618/22751666409_d74c376edc_b.jpg", "title": "NorthYork_Sword0007_NorthYork_Sword0008_fb"}, "n_answers": 3, "quorum": 0, "calibration": 0, "created": "2015-11-19T15:00:25.826617", "state": "completed", "project_id": 267, "id": 50081, "priority_0": 0.0}, {"info": {"url": "https://farm6.staticflickr.com/5768/22725567118_f04cc9f9a8.jpg", "url_m": "https://farm6.staticflickr.com/5768/22725567118_f04cc9f9a8_m.jpg", "link": "https://www.flickr.com/photos/115096994@N02/22725567118", "url_b": "https://farm6.staticflickr.com/5768/22725567118_f04cc9f9a8_b.jpg", "title": "NorthYork_Sword0009_NorthYork_Sword0010_fb"}, "n_answers": 3, "quorum": 0, "calibration": 0, "created": "2015-11-19T15:00:25.858087", "state": "completed", "project_id": 267, "id": 50082, "priority_0": 0.0}, {"info": {"url": "https://farm1.staticflickr.com/615/22521233964_d5831484c6.jpg", "url_m": "https://farm1.staticflickr.com/615/22521233964_d5831484c6_m.jpg", "link": "https://www.flickr.com/photos/115096994@N02/22521233964", "url_b": "https://farm1.staticflickr.com/615/22521233964_d5831484c6_b.jpg", "title": "NorthYork_Sword0011_NorthYork_Sword0012_fb"}, "n_answers": 3, "quorum": 0, "calibration": 0, "created": "2015-11-19T15:00:25.891952", "state": "completed", "project_id": 267, "id": 50083, "priority_0": 0.0}, {"info": {"url": "https://farm6.staticflickr.com/5727/22725465977_8c65ec33e9.jpg", "url_m": "https://farm6.staticflickr.com/5727/22725465977_8c65ec33e9_m.jpg", "link": "https://www.flickr.com/photos/115096994@N02/22725465977", "url_b": "https://farm6.staticflickr.com/5727/22725465977_8c65ec33e9_b.jpg", "title": "NorthYork_Sword0013_NorthYork_Sword0014_fb"}, "n_answers": 3, "quorum": 0, "calibration": 0, "created": "2015-11-19T15:00:25.925946", "state": "completed", "project_id": 267, "id": 50084, "priority_0": 0.0}, {"info": {"url": "https://farm6.staticflickr.com/5769/23129967092_d069ff8c2a.jpg", "url_m": "https://farm6.staticflickr.com/5769/23129967092_d069ff8c2a_m.jpg", "link": "https://www.flickr.com/photos/115096994@N02/23129967092", "url_b": "https://farm6.staticflickr.com/5769/23129967092_d069ff8c2a_b.jpg", "title": "NorthYork_Sword0015_NorthYork_Sword0016_fb"}, "n_answers": 3, "quorum": 0, "calibration": 0, "created": "2015-11-19T15:00:25.957949", "state": "completed", "project_id": 267, "id": 50085, "priority_0": 0.0}, {"info": {"url": "https://farm6.staticflickr.com/5637/22725566068_e15d0c1376.jpg", "url_m": "https://farm6.staticflickr.com/5637/22725566068_e15d0c1376_m.jpg", "link": "https://www.flickr.com/photos/115096994@N02/22725566068", "url_b": "https://farm6.staticflickr.com/5637/22725566068_e15d0c1376_b.jpg", "title": "NorthYork_Sword0017_NorthYork_Sword0018_fb"}, "n_answers": 3, "quorum": 0, "calibration": 0, "created": "2015-11-19T15:00:25.990341", "state": "completed", "project_id": 267, "id": 50086, "priority_0": 0.0}, {"info": {"url": "https://farm6.staticflickr.com/5668/22751664919_f1174714a8.jpg", "url_m": "https://farm6.staticflickr.com/5668/22751664919_f1174714a8_m.jpg", "link": "https://www.flickr.com/photos/115096994@N02/22751664919", "url_b": "https://farm6.staticflickr.com/5668/22751664919_f1174714a8_b.jpg", "title": "NorthYork_Sword0019_NorthYork_Sword0020_fb"}, "n_answers": 3, "quorum": 0, "calibration": 0, "created": "2015-11-19T15:00:26.024596", "state": "completed", "project_id": 267, "id": 50087, "priority_0": 0.0}, {"info": {"url": "https://farm6.staticflickr.com/5752/22522730663_7f85a250c8.jpg", "url_m": "https://farm6.staticflickr.com/5752/22522730663_7f85a250c8_m.jpg", "link": "https://www.flickr.com/photos/115096994@N02/22522730663", "url_b": "https://farm6.staticflickr.com/5752/22522730663_7f85a250c8_b.jpg", "title": "NorthYork_Sword0021_NorthYork_Sword0022_fb"}, "n_answers": 3, "quorum": 0, "calibration": 0, "created": "2015-11-19T15:00:26.056406", "state": "completed", "project_id": 267, "id": 50088, "priority_0": 0.0}, {"info": {"url": "https://farm6.staticflickr.com/5724/23155521381_4d0d89932a.jpg", "url_m": "https://farm6.staticflickr.com/5724/23155521381_4d0d89932a_m.jpg", "link": "https://www.flickr.com/photos/115096994@N02/23155521381", "url_b": "https://farm6.staticflickr.com/5724/23155521381_4d0d89932a_b.jpg", "title": "NorthYork_Sword0023_NorthYork_Sword0024_fb"}, "n_answers": 3, "quorum": 0, "calibration": 0, "created": "2015-11-19T15:00:26.083685", "state": "completed", "project_id": 267, "id": 50089, "priority_0": 0.0}, {"info": {"url": "https://farm6.staticflickr.com/5647/22522729843_9a14dc5f44.jpg", "url_m": "https://farm6.staticflickr.com/5647/22522729843_9a14dc5f44_m.jpg", "link": "https://www.flickr.com/photos/115096994@N02/22522729843", "url_b": "https://farm6.staticflickr.com/5647/22522729843_9a14dc5f44_b.jpg", "title": "NorthYork_Sword0025_NorthYork_Sword0026_fb"}, "n_answers": 3, "quorum": 0, "calibration": 0, "created": "2015-11-19T15:00:26.116768", "state": "completed", "project_id": 267, "id": 50090, "priority_0": 0.0}, {"info": {"url": "https://farm6.staticflickr.com/5785/22725464157_db9182699d.jpg", "url_m": "https://farm6.staticflickr.com/5785/22725464157_db9182699d_m.jpg", "link": "https://www.flickr.com/photos/115096994@N02/22725464157", "url_b": "https://farm6.staticflickr.com/5785/22725464157_db9182699d_b.jpg", "title": "Notts_Sword0001_Notts_Sword0002_fb"}, "n_answers": 3, "quorum": 0, "calibration": 0, "created": "2015-11-19T15:00:26.149616", "state": "completed", "project_id": 267, "id": 50091, "priority_0": 0.0}, {"info": {"url": "https://farm6.staticflickr.com/5820/23129965412_eb313b7c36.jpg", "url_m": "https://farm6.staticflickr.com/5820/23129965412_eb313b7c36_m.jpg", "link": "https://www.flickr.com/photos/115096994@N02/23129965412", "url_b": "https://farm6.staticflickr.com/5820/23129965412_eb313b7c36_b.jpg", "title": "Notts_Sword0003_Notts_Sword0004_fb"}, "n_answers": 3, "quorum": 0, "calibration": 0, "created": "2015-11-19T15:00:26.182958", "state": "completed", "project_id": 267, "id": 50092, "priority_0": 0.0}, {"info": {"url": "https://farm1.staticflickr.com/732/22522729093_0e8c0ffdfc.jpg", "url_m": "https://farm1.staticflickr.com/732/22522729093_0e8c0ffdfc_m.jpg", "link": "https://www.flickr.com/photos/115096994@N02/22522729093", "url_b": "https://farm1.staticflickr.com/732/22522729093_0e8c0ffdfc_b.jpg", "title": "Notts_Sword0005_Notts_Sword0006_fb"}, "n_answers": 3, "quorum": 0, "calibration": 0, "created": "2015-11-19T15:00:26.216894", "state": "completed", "project_id": 267, "id": 50093, "priority_0": 0.0}, {"info": {"url": "https://farm1.staticflickr.com/676/22725563878_76c350a13a.jpg", "url_m": "https://farm1.staticflickr.com/676/22725563878_76c350a13a_m.jpg", "link": "https://www.flickr.com/photos/115096994@N02/22725563878", "url_b": "https://farm1.staticflickr.com/676/22725563878_76c350a13a_b.jpg", "title": "Oxford_Sword0001_Oxford_Sword0002_fb"}, "n_answers": 3, "quorum": 0, "calibration": 0, "created": "2015-11-19T15:00:26.284099", "state": "completed", "project_id": 267, "id": 50094, "priority_0": 0.0}, {"info": {"url": "https://farm6.staticflickr.com/5736/22725563578_fecbb9ac19.jpg", "url_m": "https://farm6.staticflickr.com/5736/22725563578_fecbb9ac19_m.jpg", "link": "https://www.flickr.com/photos/115096994@N02/22725563578", "url_b": "https://farm6.staticflickr.com/5736/22725563578_fecbb9ac19_b.jpg", "title": "Oxford_Sword0003_Oxford_Sword0004_fb"}, "n_answers": 3, "quorum": 0, "calibration": 0, "created": "2015-11-19T15:00:26.323913", "state": "completed", "project_id": 267, "id": 50095, "priority_0": 0.0}, {"info": {"url": "https://farm1.staticflickr.com/576/22522728253_6865b7bd0b.jpg", "url_m": "https://farm1.staticflickr.com/576/22522728253_6865b7bd0b_m.jpg", "link": "https://www.flickr.com/photos/115096994@N02/22522728253", "url_b": "https://farm1.staticflickr.com/576/22522728253_6865b7bd0b_b.jpg", "title": "Powys_Sword0001_Powys_Sword0002_fb"}, "n_answers": 3, "quorum": 0, "calibration": 0, "created": "2015-11-19T15:00:26.350687", "state": "completed", "project_id": 267, "id": 50096, "priority_0": 0.0}, {"info": {"url": "https://farm1.staticflickr.com/678/22751661859_43c7ac5620.jpg", "url_m": "https://farm1.staticflickr.com/678/22751661859_43c7ac5620_m.jpg", "link": "https://www.flickr.com/photos/115096994@N02/22751661859", "url_b": "https://farm1.staticflickr.com/678/22751661859_43c7ac5620_b.jpg", "title": "Powys_Sword0003_Powys_Sword0004_fb"}, "n_answers": 3, "quorum": 0, "calibration": 0, "created": "2015-11-19T15:00:26.382134", "state": "completed", "project_id": 267, "id": 50097, "priority_0": 0.0}, {"info": {"url": "https://farm1.staticflickr.com/565/22521230034_f94c30c6a1.jpg", "url_m": "https://farm1.staticflickr.com/565/22521230034_f94c30c6a1_m.jpg", "link": "https://www.flickr.com/photos/115096994@N02/22521230034", "url_b": "https://farm1.staticflickr.com/565/22521230034_f94c30c6a1_b.jpg", "title": "Powys_Sword0005_Powys_Sword0006_fb"}, "n_answers": 3, "quorum": 0, "calibration": 0, "created": "2015-11-19T15:00:26.408752", "state": "completed", "project_id": 267, "id": 50098, "priority_0": 0.0}, {"info": {"url": "https://farm6.staticflickr.com/5689/23155518271_c36366482b.jpg", "url_m": "https://farm6.staticflickr.com/5689/23155518271_c36366482b_m.jpg", "link": "https://www.flickr.com/photos/115096994@N02/23155518271", "url_b": "https://farm6.staticflickr.com/5689/23155518271_c36366482b_b.jpg", "title": "Powys_Sword0007_Powys_Sword0008_fb"}, "n_answers": 3, "quorum": 0, "calibration": 0, "created": "2015-11-19T15:00:26.441026", "state": "completed", "project_id": 267, "id": 50099, "priority_0": 0.0}, {"info": {"url": "https://farm6.staticflickr.com/5793/22521229614_2c668d026c.jpg", "url_m": "https://farm6.staticflickr.com/5793/22521229614_2c668d026c_m.jpg", "link": "https://www.flickr.com/photos/115096994@N02/22521229614", "url_b": "https://farm6.staticflickr.com/5793/22521229614_2c668d026c_b.jpg", "title": "Powys_Sword0009_Powys_Sword0010_fb"}, "n_answers": 3, "quorum": 0, "calibration": 0, "created": "2015-11-19T15:00:26.474547", "state": "completed", "project_id": 267, "id": 50100, "priority_0": 0.0}, {"info": {"url": "https://farm6.staticflickr.com/5792/22751660759_1192afb5c1.jpg", "url_m": "https://farm6.staticflickr.com/5792/22751660759_1192afb5c1_m.jpg", "link": "https://www.flickr.com/photos/115096994@N02/22751660759", "url_b": "https://farm6.staticflickr.com/5792/22751660759_1192afb5c1_b.jpg", "title": "Powys_Sword0011_Powys_Sword0012_fb"}, "n_answers": 3, "quorum": 0, "calibration": 0, "created": "2015-11-19T15:00:26.507778", "state": "completed", "project_id": 267, "id": 50101, "priority_0": 0.0}, {"info": {"url": "https://farm6.staticflickr.com/5710/22725460997_e2860bce27.jpg", "url_m": "https://farm6.staticflickr.com/5710/22725460997_e2860bce27_m.jpg", "link": "https://www.flickr.com/photos/115096994@N02/22725460997", "url_b": "https://farm6.staticflickr.com/5710/22725460997_e2860bce27_b.jpg", "title": "Powys_Sword0013_Powys_Sword0014_fb"}, "n_answers": 3, "quorum": 0, "calibration": 0, "created": "2015-11-19T15:00:26.541020", "state": "completed", "project_id": 267, "id": 50102, "priority_0": 0.0}, {"info": {"url": "https://farm6.staticflickr.com/5636/22725561258_73235944f6.jpg", "url_m": "https://farm6.staticflickr.com/5636/22725561258_73235944f6_m.jpg", "link": "https://www.flickr.com/photos/115096994@N02/22725561258", "url_b": "https://farm6.staticflickr.com/5636/22725561258_73235944f6_b.jpg", "title": "Powys_Sword0015_Powys_Sword0016_fb"}, "n_answers": 3, "quorum": 0, "calibration": 0, "created": "2015-11-19T15:00:26.576392", "state": "completed", "project_id": 267, "id": 50103, "priority_0": 0.0}, {"info": {"url": "https://farm6.staticflickr.com/5788/22823767940_701b9a6b67.jpg", "url_m": "https://farm6.staticflickr.com/5788/22823767940_701b9a6b67_m.jpg", "link": "https://www.flickr.com/photos/115096994@N02/22823767940", "url_b": "https://farm6.staticflickr.com/5788/22823767940_701b9a6b67_b.jpg", "title": "Powys_Sword0017_Powys_Sword0018_fb"}, "n_answers": 3, "quorum": 0, "calibration": 0, "created": "2015-11-19T15:00:26.605260", "state": "completed", "project_id": 267, "id": 50104, "priority_0": 0.0}, {"info": {"url": "https://farm1.staticflickr.com/630/22823767700_0d5b23ea41.jpg", "url_m": "https://farm1.staticflickr.com/630/22823767700_0d5b23ea41_m.jpg", "link": "https://www.flickr.com/photos/115096994@N02/22823767700", "url_b": "https://farm1.staticflickr.com/630/22823767700_0d5b23ea41_b.jpg", "title": "Shropshire_Sword0001_Shropshire_Sword0002_fb"}, "n_answers": 3, "quorum": 0, "calibration": 0, "created": "2015-11-19T15:00:26.634296", "state": "completed", "project_id": 267, "id": 50105, "priority_0": 0.0}, {"info": {"url": "https://farm1.staticflickr.com/778/22751659849_2f85d327b0.jpg", "url_m": "https://farm1.staticflickr.com/778/22751659849_2f85d327b0_m.jpg", "link": "https://www.flickr.com/photos/115096994@N02/22751659849", "url_b": "https://farm1.staticflickr.com/778/22751659849_2f85d327b0_b.jpg", "title": "Shropshire_Sword0004_Shropshire_Sword0005_fb"}, "n_answers": 3, "quorum": 0, "calibration": 0, "created": "2015-11-19T15:00:26.663861", "state": "completed", "project_id": 267, "id": 50106, "priority_0": 0.0}, {"info": {"url": "https://farm1.staticflickr.com/694/22725459657_2d02326ff0.jpg", "url_m": "https://farm1.staticflickr.com/694/22725459657_2d02326ff0_m.jpg", "link": "https://www.flickr.com/photos/115096994@N02/22725459657", "url_b": "https://farm1.staticflickr.com/694/22725459657_2d02326ff0_b.jpg", "title": "Shropshire_Sword0006_Shropshire_Sword0007_fb"}, "n_answers": 3, "quorum": 0, "calibration": 0, "created": "2015-11-19T15:00:26.692666", "state": "completed", "project_id": 267, "id": 50107, "priority_0": 0.0}, {"info": {"url": "https://farm1.staticflickr.com/763/22521227604_1f5c77c9b9.jpg", "url_m": "https://farm1.staticflickr.com/763/22521227604_1f5c77c9b9_m.jpg", "link": "https://www.flickr.com/photos/115096994@N02/22521227604", "url_b": "https://farm1.staticflickr.com/763/22521227604_1f5c77c9b9_b.jpg", "title": "Shropshire_Sword0008_Shropshire_Sword0009_fb"}, "n_answers": 3, "quorum": 0, "calibration": 0, "created": "2015-11-19T15:00:26.722350", "state": "completed", "project_id": 267, "id": 50108, "priority_0": 0.0}, {"info": {"url": "https://farm6.staticflickr.com/5744/22751659479_e0af3e2f52.jpg", "url_m": "https://farm6.staticflickr.com/5744/22751659479_e0af3e2f52_m.jpg", "link": "https://www.flickr.com/photos/115096994@N02/22751659479", "url_b": "https://farm6.staticflickr.com/5744/22751659479_e0af3e2f52_b.jpg", "title": "Somerset_Sword0001_Somerset_Sword0002_fb"}, "n_answers": 3, "quorum": 0, "calibration": 0, "created": "2015-11-19T15:00:26.756181", "state": "completed", "project_id": 267, "id": 50109, "priority_0": 0.0}, {"info": {"url": "https://farm6.staticflickr.com/5711/22823766750_e1aaf44c38.jpg", "url_m": "https://farm6.staticflickr.com/5711/22823766750_e1aaf44c38_m.jpg", "link": "https://www.flickr.com/photos/115096994@N02/22823766750", "url_b": "https://farm6.staticflickr.com/5711/22823766750_e1aaf44c38_b.jpg", "title": "Somerset_Sword0003_Somerset_Sword0004_fb"}, "n_answers": 3, "quorum": 0, "calibration": 0, "created": "2015-11-19T15:00:26.789577", "state": "completed", "project_id": 267, "id": 50110, "priority_0": 0.0}, {"info": {"url": "https://farm1.staticflickr.com/782/22725559548_fe5da9c2e1.jpg", "url_m": "https://farm1.staticflickr.com/782/22725559548_fe5da9c2e1_m.jpg", "link": "https://www.flickr.com/photos/115096994@N02/22725559548", "url_b": "https://farm1.staticflickr.com/782/22725559548_fe5da9c2e1_b.jpg", "title": "Somerset_Sword0005_Somerset_Sword0006_fb"}, "n_answers": 3, "quorum": 0, "calibration": 0, "created": "2015-11-19T15:00:26.823103", "state": "completed", "project_id": 267, "id": 50111, "priority_0": 0.0}, {"info": {"url": "https://farm6.staticflickr.com/5726/22521226734_660110fe38.jpg", "url_m": "https://farm6.staticflickr.com/5726/22521226734_660110fe38_m.jpg", "link": "https://www.flickr.com/photos/115096994@N02/22521226734", "url_b": "https://farm6.staticflickr.com/5726/22521226734_660110fe38_b.jpg", "title": "Somerset_Sword0007_Somerset_Sword0008_fb"}, "n_answers": 3, "quorum": 0, "calibration": 0, "created": "2015-11-19T15:00:26.856072", "state": "completed", "project_id": 267, "id": 50112, "priority_0": 0.0}, {"info": {"url": "https://farm6.staticflickr.com/5694/22725458427_7b71fae770.jpg", "url_m": "https://farm6.staticflickr.com/5694/22725458427_7b71fae770_m.jpg", "link": "https://www.flickr.com/photos/115096994@N02/22725458427", "url_b": "https://farm6.staticflickr.com/5694/22725458427_7b71fae770_b.jpg", "title": "Somerset_Sword0009_Somerset_Sword0010_fb"}, "n_answers": 3, "quorum": 0, "calibration": 0, "created": "2015-11-19T15:00:26.889695", "state": "completed", "project_id": 267, "id": 50113, "priority_0": 0.0}, {"info": {"url": "https://farm6.staticflickr.com/5783/22823765820_b6353bf9b8.jpg", "url_m": "https://farm6.staticflickr.com/5783/22823765820_b6353bf9b8_m.jpg", "link": "https://www.flickr.com/photos/115096994@N02/22823765820", "url_b": "https://farm6.staticflickr.com/5783/22823765820_b6353bf9b8_b.jpg", "title": "Somerset_Sword0011_Somerset_Sword0012_fb"}, "n_answers": 3, "quorum": 0, "calibration": 0, "created": "2015-11-19T15:00:26.922972", "state": "completed", "project_id": 267, "id": 50114, "priority_0": 0.0}, {"info": {"url": "https://farm1.staticflickr.com/758/22823765480_e76a4e619d.jpg", "url_m": "https://farm1.staticflickr.com/758/22823765480_e76a4e619d_m.jpg", "link": "https://www.flickr.com/photos/115096994@N02/22823765480", "url_b": "https://farm1.staticflickr.com/758/22823765480_e76a4e619d_b.jpg", "title": "Somerset_Sword0013_Somerset_Sword0014_fb"}, "n_answers": 3, "quorum": 0, "calibration": 0, "created": "2015-11-19T15:00:26.956039", "state": "completed", "project_id": 267, "id": 50115, "priority_0": 0.0}, {"info": {"url": "https://farm1.staticflickr.com/574/23155513921_d4f943bd9d.jpg", "url_m": "https://farm1.staticflickr.com/574/23155513921_d4f943bd9d_m.jpg", "link": "https://www.flickr.com/photos/115096994@N02/23155513921", "url_b": "https://farm1.staticflickr.com/574/23155513921_d4f943bd9d_b.jpg", "title": "Somerset_Sword0015_Somerset_Sword0016_fb"}, "n_answers": 3, "quorum": 0, "calibration": 0, "created": "2015-11-19T15:00:26.985459", "state": "completed", "project_id": 267, "id": 50116, "priority_0": 0.0}, {"info": {"url": "https://farm6.staticflickr.com/5765/22823765100_b537f00a29.jpg", "url_m": "https://farm6.staticflickr.com/5765/22823765100_b537f00a29_m.jpg", "link": "https://www.flickr.com/photos/115096994@N02/22823765100", "url_b": "https://farm6.staticflickr.com/5765/22823765100_b537f00a29_b.jpg", "title": "SouthYorks_Sword0001_SouthYorks_Sword0002_fb"}, "n_answers": 3, "quorum": 0, "calibration": 0, "created": "2015-11-19T15:00:27.017863", "state": "completed", "project_id": 267, "id": 50117, "priority_0": 0.0}, {"info": {"url": "https://farm6.staticflickr.com/5672/22823765060_a6e2936867.jpg", "url_m": "https://farm6.staticflickr.com/5672/22823765060_a6e2936867_m.jpg", "link": "https://www.flickr.com/photos/115096994@N02/22823765060", "url_b": "https://farm6.staticflickr.com/5672/22823765060_a6e2936867_b.jpg", "title": "Staffordshire_Sword0001_Staffordshire_Sword0002_fb"}, "n_answers": 3, "quorum": 0, "calibration": 0, "created": "2015-11-19T15:00:27.052156", "state": "completed", "project_id": 267, "id": 50118, "priority_0": 0.0}, {"info": {"url": "https://farm1.staticflickr.com/591/23129958852_25cd1693c8.jpg", "url_m": "https://farm1.staticflickr.com/591/23129958852_25cd1693c8_m.jpg", "link": "https://www.flickr.com/photos/115096994@N02/23129958852", "url_b": "https://farm1.staticflickr.com/591/23129958852_25cd1693c8_b.jpg", "title": "Suffolk_Sword0001_Suffolk_Sword0002_fb"}, "n_answers": 3, "quorum": 0, "calibration": 0, "created": "2015-11-19T15:00:27.084980", "state": "completed", "project_id": 267, "id": 50119, "priority_0": 0.0}, {"info": {"url": "https://farm1.staticflickr.com/618/23129958772_ae76227a10.jpg", "url_m": "https://farm1.staticflickr.com/618/23129958772_ae76227a10_m.jpg", "link": "https://www.flickr.com/photos/115096994@N02/23129958772", "url_b": "https://farm1.staticflickr.com/618/23129958772_ae76227a10_b.jpg", "title": "Suffolk_Sword0003_Suffolk_Sword0004_fb"}, "n_answers": 3, "quorum": 0, "calibration": 0, "created": "2015-11-19T15:00:27.119486", "state": "completed", "project_id": 267, "id": 50120, "priority_0": 0.0}, {"info": {"url": "https://farm1.staticflickr.com/697/22751656959_bccd85247b.jpg", "url_m": "https://farm1.staticflickr.com/697/22751656959_bccd85247b_m.jpg", "link": "https://www.flickr.com/photos/115096994@N02/22751656959", "url_b": "https://farm1.staticflickr.com/697/22751656959_bccd85247b_b.jpg", "title": "Suffolk_Sword0005_Suffolk_Sword0006_fb"}, "n_answers": 3, "quorum": 0, "calibration": 0, "created": "2015-11-19T15:00:27.152354", "state": "completed", "project_id": 267, "id": 50121, "priority_0": 0.0}, {"info": {"url": "https://farm6.staticflickr.com/5704/22823764270_3d52c4292a.jpg", "url_m": "https://farm6.staticflickr.com/5704/22823764270_3d52c4292a_m.jpg", "link": "https://www.flickr.com/photos/115096994@N02/22823764270", "url_b": "https://farm6.staticflickr.com/5704/22823764270_3d52c4292a_b.jpg", "title": "Suffolk_Sword0007_Suffolk_Sword0008_fb"}, "n_answers": 3, "quorum": 0, "calibration": 0, "created": "2015-11-19T15:00:27.185236", "state": "completed", "project_id": 267, "id": 50122, "priority_0": 0.0}, {"info": {"url": "https://farm1.staticflickr.com/590/22521224444_f145dae97a.jpg", "url_m": "https://farm1.staticflickr.com/590/22521224444_f145dae97a_m.jpg", "link": "https://www.flickr.com/photos/115096994@N02/22521224444", "url_b": "https://farm1.staticflickr.com/590/22521224444_f145dae97a_b.jpg", "title": "Suffolk_Sword0009_Suffolk_Sword0010_fb"}, "n_answers": 3, "quorum": 0, "calibration": 0, "created": "2015-11-19T15:00:27.213926", "state": "completed", "project_id": 267, "id": 50123, "priority_0": 0.0}, {"info": {"url": "https://farm6.staticflickr.com/5728/22823763700_c99834d1eb.jpg", "url_m": "https://farm6.staticflickr.com/5728/22823763700_c99834d1eb_m.jpg", "link": "https://www.flickr.com/photos/115096994@N02/22823763700", "url_b": "https://farm6.staticflickr.com/5728/22823763700_c99834d1eb_b.jpg", "title": "Suffolk_Sword0011_Suffolk_Sword0012_fb"}, "n_answers": 3, "quorum": 0, "calibration": 0, "created": "2015-11-19T15:00:27.243301", "state": "completed", "project_id": 267, "id": 50124, "priority_0": 0.0}, {"info": {"url": "https://farm1.staticflickr.com/574/22823763590_3c302cd7fe.jpg", "url_m": "https://farm1.staticflickr.com/574/22823763590_3c302cd7fe_m.jpg", "link": "https://www.flickr.com/photos/115096994@N02/22823763590", "url_b": "https://farm1.staticflickr.com/574/22823763590_3c302cd7fe_b.jpg", "title": "Suffolk_Sword0013_Suffolk_Sword0014_fb"}, "n_answers": 3, "quorum": 0, "calibration": 0, "created": "2015-11-19T15:00:27.273124", "state": "completed", "project_id": 267, "id": 50125, "priority_0": 0.0}, {"info": {"url": "https://farm6.staticflickr.com/5642/22823763280_041fd22938.jpg", "url_m": "https://farm6.staticflickr.com/5642/22823763280_041fd22938_m.jpg", "link": "https://www.flickr.com/photos/115096994@N02/22823763280", "url_b": "https://farm6.staticflickr.com/5642/22823763280_041fd22938_b.jpg", "title": "Suffolk_Sword0015_Suffolk_Sword0016_fb"}, "n_answers": 3, "quorum": 0, "calibration": 0, "created": "2015-11-19T15:00:27.305840", "state": "completed", "project_id": 267, "id": 50126, "priority_0": 0.0}, {"info": {"url": "https://farm1.staticflickr.com/774/22823762570_d6801ceaec.jpg", "url_m": "https://farm1.staticflickr.com/774/22823762570_d6801ceaec_m.jpg", "link": "https://www.flickr.com/photos/115096994@N02/22823762570", "url_b": "https://farm1.staticflickr.com/774/22823762570_d6801ceaec_b.jpg", "title": "Suffolk_Sword0017_Suffolk_Sword0018_fb"}, "n_answers": 3, "quorum": 0, "calibration": 0, "created": "2015-11-19T15:00:27.334684", "state": "completed", "project_id": 267, "id": 50127, "priority_0": 0.0}, {"info": {"url": "https://farm6.staticflickr.com/5703/23155510631_a84a8a72a7.jpg", "url_m": "https://farm6.staticflickr.com/5703/23155510631_a84a8a72a7_m.jpg", "link": "https://www.flickr.com/photos/115096994@N02/23155510631", "url_b": "https://farm6.staticflickr.com/5703/23155510631_a84a8a72a7_b.jpg", "title": "Suffolk_Sword0019_Suffolk_Sword0020_fb"}, "n_answers": 3, "quorum": 0, "calibration": 0, "created": "2015-11-19T15:00:27.363991", "state": "completed", "project_id": 267, "id": 50128, "priority_0": 0.0}, {"info": {"url": "https://farm1.staticflickr.com/725/22521222644_b405a81953.jpg", "url_m": "https://farm1.staticflickr.com/725/22521222644_b405a81953_m.jpg", "link": "https://www.flickr.com/photos/115096994@N02/22521222644", "url_b": "https://farm1.staticflickr.com/725/22521222644_b405a81953_b.jpg", "title": "Suffolk_Sword0021_Suffolk_Sword0022_fb"}, "n_answers": 3, "quorum": 0, "calibration": 0, "created": "2015-11-19T15:00:27.398059", "state": "completed", "project_id": 267, "id": 50129, "priority_0": 0.0}, {"info": {"url": "https://farm6.staticflickr.com/5669/22522719283_796268f68a.jpg", "url_m": "https://farm6.staticflickr.com/5669/22522719283_796268f68a_m.jpg", "link": "https://www.flickr.com/photos/115096994@N02/22522719283", "url_b": "https://farm6.staticflickr.com/5669/22522719283_796268f68a_b.jpg", "title": "Suffolk_Sword0023_Suffolk_Sword0024_fb"}, "n_answers": 3, "quorum": 0, "calibration": 0, "created": "2015-11-19T15:00:27.694009", "state": "completed", "project_id": 267, "id": 50130, "priority_0": 0.0}]