[{"info": {"url": "https://farm2.staticflickr.com/1460/26288953600_05f7e5a412.jpg", "url_m": "https://farm2.staticflickr.com/1460/26288953600_05f7e5a412_m.jpg", "link": "https://www.flickr.com/photos/115096994@N02/26288953600", "url_b": "https://farm2.staticflickr.com/1460/26288953600_05f7e5a412_b.jpg", "title": "AlderneyChannelIslands_CastFrags0001_AlderneyChannelIslands_CastFrags0002_fb"}, "n_answers": 3, "quorum": 0, "calibration": 0, "created": "2016-04-21T17:28:41.834448", "state": "completed", "project_id": 305, "id": 61484, "priority_0": 0.0}, {"info": {"url": "https://farm2.staticflickr.com/1509/26535842346_acd8dbec1a.jpg", "url_m": "https://farm2.staticflickr.com/1509/26535842346_acd8dbec1a_m.jpg", "link": "https://www.flickr.com/photos/115096994@N02/26535842346", "url_b": "https://farm2.staticflickr.com/1509/26535842346_acd8dbec1a_b.jpg", "title": "AlderneyChannelIslands_Razor0001_AlderneyChannelIslands_Razor0002_fb"}, "n_answers": 3, "quorum": 0, "calibration": 0, "created": "2016-04-21T17:28:41.923021", "state": "completed", "project_id": 305, "id": 61485, "priority_0": 0.0}, {"info": {"url": "https://farm2.staticflickr.com/1704/26469516522_eeef224ca0.jpg", "url_m": "https://farm2.staticflickr.com/1704/26469516522_eeef224ca0_m.jpg", "link": "https://www.flickr.com/photos/115096994@N02/26469516522", "url_b": "https://farm2.staticflickr.com/1704/26469516522_eeef224ca0_b.jpg", "title": "AlderneyChannelIslands_TerretRing0001_AlderneyChannelIslands_TerretRing0002_fb"}, "n_answers": 3, "quorum": 0, "calibration": 0, "created": "2016-04-21T17:28:41.956576", "state": "completed", "project_id": 305, "id": 61486, "priority_0": 0.0}, {"info": {"url": "https://farm2.staticflickr.com/1654/26495775281_269a91238d.jpg", "url_m": "https://farm2.staticflickr.com/1654/26495775281_269a91238d_m.jpg", "link": "https://www.flickr.com/photos/115096994@N02/26495775281", "url_b": "https://farm2.staticflickr.com/1654/26495775281_269a91238d_b.jpg", "title": "Angus_Tool0001_Angus_Tool0002_fb"}, "n_answers": 3, "quorum": 0, "calibration": 0, "created": "2016-04-21T17:28:41.994510", "state": "completed", "project_id": 305, "id": 61487, "priority_0": 0.0}, {"info": {"url": "https://farm2.staticflickr.com/1692/25958921123_ccf206285f.jpg", "url_m": "https://farm2.staticflickr.com/1692/25958921123_ccf206285f_m.jpg", "link": "https://www.flickr.com/photos/115096994@N02/25958921123", "url_b": "https://farm2.staticflickr.com/1692/25958921123_ccf206285f_b.jpg", "title": "Antrim_FlatAxe0001_Antrim_FlatAxe0002_fb"}, "n_answers": 3, "quorum": 0, "calibration": 0, "created": "2016-04-21T17:28:42.027612", "state": "completed", "project_id": 305, "id": 61488, "priority_0": 0.0}, {"info": {"url": "https://farm2.staticflickr.com/1701/25958920793_9d112e1ef0.jpg", "url_m": "https://farm2.staticflickr.com/1701/25958920793_9d112e1ef0_m.jpg", "link": "https://www.flickr.com/photos/115096994@N02/25958920793", "url_b": "https://farm2.staticflickr.com/1701/25958920793_9d112e1ef0_b.jpg", "title": "Antrim_ScabbardChape0001_Antrim_ScabbardChape0002_fb"}, "n_answers": 3, "quorum": 0, "calibration": 0, "created": "2016-04-21T17:28:42.061106", "state": "completed", "project_id": 305, "id": 61489, "priority_0": 0.0}, {"info": {"url": "https://farm2.staticflickr.com/1545/26495775551_27ac7829e5.jpg", "url_m": "https://farm2.staticflickr.com/1545/26495775551_27ac7829e5_m.jpg", "link": "https://www.flickr.com/photos/115096994@N02/26495775551", "url_b": "https://farm2.staticflickr.com/1545/26495775551_27ac7829e5_b.jpg", "title": "BattlefieldShropshire_CastFrags0001_BattlefieldShropshire_CastFrags0002_fb"}, "n_answers": 3, "quorum": 0, "calibration": 0, "created": "2016-04-21T17:28:42.094563", "state": "completed", "project_id": 305, "id": 61490, "priority_0": 0.0}, {"info": {"url": "https://farm2.staticflickr.com/1691/26469515922_410e19d52a.jpg", "url_m": "https://farm2.staticflickr.com/1691/26469515922_410e19d52a_m.jpg", "link": "https://www.flickr.com/photos/115096994@N02/26469515922", "url_b": "https://farm2.staticflickr.com/1691/26469515922_410e19d52a_b.jpg", "title": "BattlefieldShropshire_CastFrags0003_BattlefieldShropshire_CastFrags0004_fb"}, "n_answers": 3, "quorum": 0, "calibration": 0, "created": "2016-04-21T17:28:42.127945", "state": "completed", "project_id": 305, "id": 61491, "priority_0": 0.0}, {"info": {"url": "https://farm2.staticflickr.com/1446/26469515792_6c2dc54c80.jpg", "url_m": "https://farm2.staticflickr.com/1446/26469515792_6c2dc54c80_m.jpg", "link": "https://www.flickr.com/photos/115096994@N02/26469515792", "url_b": "https://farm2.staticflickr.com/1446/26469515792_6c2dc54c80_b.jpg", "title": "BattlefieldShropshire_CastFrags0005_BattlefieldShropshire_CastFrags0006_fb"}, "n_answers": 3, "quorum": 0, "calibration": 0, "created": "2016-04-21T17:28:42.161590", "state": "completed", "project_id": 305, "id": 61492, "priority_0": 0.0}, {"info": {"url": "https://farm2.staticflickr.com/1608/25958921073_f1f9c02457.jpg", "url_m": "https://farm2.staticflickr.com/1608/25958921073_f1f9c02457_m.jpg", "link": "https://www.flickr.com/photos/115096994@N02/25958921073", "url_b": "https://farm2.staticflickr.com/1608/25958921073_f1f9c02457_b.jpg", "title": "BattlefieldShropshire_CastFrags0007_BattlefieldShropshire_CastFrags0008_fb"}, "n_answers": 3, "quorum": 0, "calibration": 0, "created": "2016-04-21T17:28:42.194422", "state": "completed", "project_id": 305, "id": 61493, "priority_0": 0.0}, {"info": {"url": "https://farm2.staticflickr.com/1654/26535841416_b3a19c8432.jpg", "url_m": "https://farm2.staticflickr.com/1654/26535841416_b3a19c8432_m.jpg", "link": "https://www.flickr.com/photos/115096994@N02/26535841416", "url_b": "https://farm2.staticflickr.com/1654/26535841416_b3a19c8432_b.jpg", "title": "BattlefieldShropshire_CastFrags0009_BattlefieldShropshire_CastFrags0010_fb"}, "n_answers": 3, "quorum": 0, "calibration": 0, "created": "2016-04-21T17:28:42.227625", "state": "completed", "project_id": 305, "id": 61494, "priority_0": 0.0}, {"info": {"url": "https://farm2.staticflickr.com/1700/26469515342_bb599bc566.jpg", "url_m": "https://farm2.staticflickr.com/1700/26469515342_bb599bc566_m.jpg", "link": "https://www.flickr.com/photos/115096994@N02/26469515342", "url_b": "https://farm2.staticflickr.com/1700/26469515342_bb599bc566_b.jpg", "title": "Berks_Spearhead0001_Berks_Spearhead0002_fb"}, "n_answers": 3, "quorum": 0, "calibration": 0, "created": "2016-04-21T17:28:42.260862", "state": "completed", "project_id": 305, "id": 61495, "priority_0": 0.0}, {"info": {"url": "https://farm2.staticflickr.com/1574/26469515112_cbe700b0af.jpg", "url_m": "https://farm2.staticflickr.com/1574/26469515112_cbe700b0af_m.jpg", "link": "https://www.flickr.com/photos/115096994@N02/26469515112", "url_b": "https://farm2.staticflickr.com/1574/26469515112_cbe700b0af_b.jpg", "title": "Berks_Spearhead0003_Berks_Spearhead0004_fb"}, "n_answers": 3, "quorum": 0, "calibration": 0, "created": "2016-04-21T17:28:42.294063", "state": "completed", "project_id": 305, "id": 61496, "priority_0": 0.0}, {"info": {"url": "https://farm2.staticflickr.com/1657/26469516182_b632721991.jpg", "url_m": "https://farm2.staticflickr.com/1657/26469516182_b632721991_m.jpg", "link": "https://www.flickr.com/photos/115096994@N02/26469516182", "url_b": "https://farm2.staticflickr.com/1657/26469516182_b632721991_b.jpg", "title": "BodminCornwall_Palstave0001_BodminCornwall_Palstave0002_fb"}, "n_answers": 3, "quorum": 0, "calibration": 0, "created": "2016-04-21T17:28:42.327395", "state": "completed", "project_id": 305, "id": 61497, "priority_0": 0.0}, {"info": {"url": "https://farm2.staticflickr.com/1607/26469515552_0f2ed152a3.jpg", "url_m": "https://farm2.staticflickr.com/1607/26469515552_0f2ed152a3_m.jpg", "link": "https://www.flickr.com/photos/115096994@N02/26469515552", "url_b": "https://farm2.staticflickr.com/1607/26469515552_0f2ed152a3_b.jpg", "title": "Cambs_NonmetalHoardVessel0001_Cambs_NonmetalHoardVessel0002_fb"}, "n_answers": 3, "quorum": 0, "calibration": 0, "created": "2016-04-21T17:28:42.360751", "state": "completed", "project_id": 305, "id": 61498, "priority_0": 0.0}, {"info": {"url": "https://farm2.staticflickr.com/1503/26495772991_567dc59c3f.jpg", "url_m": "https://farm2.staticflickr.com/1503/26495772991_567dc59c3f_m.jpg", "link": "https://www.flickr.com/photos/115096994@N02/26495772991", "url_b": "https://farm2.staticflickr.com/1503/26495772991_567dc59c3f_b.jpg", "title": "Carlow_HaftFlangedAxe0001_Carlow_HaftFlangedAxe0002_fb"}, "n_answers": 3, "quorum": 0, "calibration": 0, "created": "2016-04-21T17:28:42.393961", "state": "completed", "project_id": 305, "id": 61499, "priority_0": 0.0}, {"info": {"url": "https://farm2.staticflickr.com/1528/26495773711_de1037e779.jpg", "url_m": "https://farm2.staticflickr.com/1528/26495773711_de1037e779_m.jpg", "link": "https://www.flickr.com/photos/115096994@N02/26495773711", "url_b": "https://farm2.staticflickr.com/1528/26495773711_de1037e779_b.jpg", "title": "CawthornYorks_TangedDagger0001_CawthornYorks_TangedDagger0002_fb"}, "n_answers": 3, "quorum": 0, "calibration": 0, "created": "2016-04-21T17:28:42.427374", "state": "completed", "project_id": 305, "id": 61500, "priority_0": 0.0}, {"info": {"url": "https://farm2.staticflickr.com/1652/26535839626_a64aff09e6.jpg", "url_m": "https://farm2.staticflickr.com/1652/26535839626_a64aff09e6_m.jpg", "link": "https://www.flickr.com/photos/115096994@N02/26535839626", "url_b": "https://farm2.staticflickr.com/1652/26535839626_a64aff09e6_b.jpg", "title": "Cheshire_TangedDagger0001_Cheshire_TangedDagger0002_fb"}, "n_answers": 3, "quorum": 0, "calibration": 0, "created": "2016-04-21T17:28:42.460610", "state": "completed", "project_id": 305, "id": 61501, "priority_0": 0.0}, {"info": {"url": "https://farm2.staticflickr.com/1653/26495772921_5ffd45a769.jpg", "url_m": "https://farm2.staticflickr.com/1653/26495772921_5ffd45a769_m.jpg", "link": "https://www.flickr.com/photos/115096994@N02/26495772921", "url_b": "https://farm2.staticflickr.com/1653/26495772921_5ffd45a769_b.jpg", "title": "ClothallHerts_SheetMetal0001_ClothallHerts_SheetMetal0002_fb"}, "n_answers": 3, "quorum": 0, "calibration": 0, "created": "2016-04-21T17:28:42.493984", "state": "completed", "project_id": 305, "id": 61502, "priority_0": 0.0}, {"info": {"url": "https://farm2.staticflickr.com/1563/26495772581_deca3db0b7.jpg", "url_m": "https://farm2.staticflickr.com/1563/26495772581_deca3db0b7_m.jpg", "link": "https://www.flickr.com/photos/115096994@N02/26495772581", "url_b": "https://farm2.staticflickr.com/1563/26495772581_deca3db0b7_b.jpg", "title": "Down_FlatAxe0001_Down_FlatAxe0002_fb"}, "n_answers": 3, "quorum": 0, "calibration": 0, "created": "2016-04-21T17:28:42.528967", "state": "completed", "project_id": 305, "id": 61503, "priority_0": 0.0}, {"info": {"url": "https://farm2.staticflickr.com/1552/26535839606_c64347dce3.jpg", "url_m": "https://farm2.staticflickr.com/1552/26535839606_c64347dce3_m.jpg", "link": "https://www.flickr.com/photos/115096994@N02/26535839606", "url_b": "https://farm2.staticflickr.com/1552/26535839606_c64347dce3_b.jpg", "title": "Down_HaftFlangedAxe0001_Down_HaftFlangedAxe0002_fb"}, "n_answers": 3, "quorum": 0, "calibration": 0, "created": "2016-04-21T17:28:42.560397", "state": "completed", "project_id": 305, "id": 61504, "priority_0": 0.0}, {"info": {"url": "https://farm2.staticflickr.com/1675/25958917763_fcce98f4b0.jpg", "url_m": "https://farm2.staticflickr.com/1675/25958917763_fcce98f4b0_m.jpg", "link": "https://www.flickr.com/photos/115096994@N02/25958917763", "url_b": "https://farm2.staticflickr.com/1675/25958917763_fcce98f4b0_b.jpg", "title": "EatonHoard_StonePolishingBlock0001_EatonHoard_StonePolishingBlock0002_fb"}, "n_answers": 3, "quorum": 0, "calibration": 0, "created": "2016-04-21T17:28:42.593878", "state": "completed", "project_id": 305, "id": 61505, "priority_0": 0.0}, {"info": {"url": "https://farm2.staticflickr.com/1572/25958918003_418edde088.jpg", "url_m": "https://farm2.staticflickr.com/1572/25958918003_418edde088_m.jpg", "link": "https://www.flickr.com/photos/115096994@N02/25958918003", "url_b": "https://farm2.staticflickr.com/1572/25958918003_418edde088_b.jpg", "title": "EatonNorfolk_BronzeFitting0001_EatonNorfolk_BronzeFitting0002_fb"}, "n_answers": 3, "quorum": 0, "calibration": 0, "created": "2016-04-21T17:28:42.626966", "state": "completed", "project_id": 305, "id": 61506, "priority_0": 0.0}, {"info": {"url": "https://farm2.staticflickr.com/1586/25956852974_80a9eddfff.jpg", "url_m": "https://farm2.staticflickr.com/1586/25956852974_80a9eddfff_m.jpg", "link": "https://www.flickr.com/photos/115096994@N02/25956852974", "url_b": "https://farm2.staticflickr.com/1586/25956852974_80a9eddfff_b.jpg", "title": "Essex_CastFrag0001_Essex_CastFrag0002_fb"}, "n_answers": 3, "quorum": 0, "calibration": 0, "created": "2016-04-21T17:28:42.660756", "state": "completed", "project_id": 305, "id": 61507, "priority_0": 0.0}, {"info": {"url": "https://farm2.staticflickr.com/1718/26561854055_4393f83c5e.jpg", "url_m": "https://farm2.staticflickr.com/1718/26561854055_4393f83c5e_m.jpg", "link": "https://www.flickr.com/photos/115096994@N02/26561854055", "url_b": "https://farm2.staticflickr.com/1718/26561854055_4393f83c5e_b.jpg", "title": "Essex_CastFrag003_Essex_CastFrag004_fb"}, "n_answers": 3, "quorum": 0, "calibration": 0, "created": "2016-04-21T17:28:42.693815", "state": "completed", "project_id": 305, "id": 61508, "priority_0": 0.0}, {"info": {"url": "https://farm2.staticflickr.com/1631/25958919543_823cea24d0.jpg", "url_m": "https://farm2.staticflickr.com/1631/25958919543_823cea24d0_m.jpg", "link": "https://www.flickr.com/photos/115096994@N02/25958919543", "url_b": "https://farm2.staticflickr.com/1631/25958919543_823cea24d0_b.jpg", "title": "Essex_CastFrag005_Essex_CastFrag006_fb"}, "n_answers": 3, "quorum": 0, "calibration": 0, "created": "2016-04-21T17:28:42.727120", "state": "completed", "project_id": 305, "id": 61509, "priority_0": 0.0}, {"info": {"url": "https://farm2.staticflickr.com/1450/26495771731_906fd057be.jpg", "url_m": "https://farm2.staticflickr.com/1450/26495771731_906fd057be_m.jpg", "link": "https://www.flickr.com/photos/115096994@N02/26495771731", "url_b": "https://farm2.staticflickr.com/1450/26495771731_906fd057be_b.jpg", "title": "Essex_CastFrag006007_Essex_CastFrag006008_fb"}, "n_answers": 3, "quorum": 0, "calibration": 0, "created": "2016-04-21T17:28:42.760663", "state": "completed", "project_id": 305, "id": 61510, "priority_0": 0.0}, {"info": {"url": "https://farm2.staticflickr.com/1499/26288948160_2035779a54.jpg", "url_m": "https://farm2.staticflickr.com/1499/26288948160_2035779a54_m.jpg", "link": "https://www.flickr.com/photos/115096994@N02/26288948160", "url_b": "https://farm2.staticflickr.com/1499/26288948160_2035779a54_b.jpg", "title": "Essex_CastFrag006009_Essex_CastFrag006010_fb"}, "n_answers": 3, "quorum": 0, "calibration": 0, "created": "2016-04-21T17:28:42.794098", "state": "completed", "project_id": 305, "id": 61511, "priority_0": 0.0}, {"info": {"url": "https://farm2.staticflickr.com/1616/26288949210_7222744a63.jpg", "url_m": "https://farm2.staticflickr.com/1616/26288949210_7222744a63_m.jpg", "link": "https://www.flickr.com/photos/115096994@N02/26288949210", "url_b": "https://farm2.staticflickr.com/1616/26288949210_7222744a63_b.jpg", "title": "Essex_Fragments0001_Essex_Fragments0002_fb"}, "n_answers": 3, "quorum": 0, "calibration": 0, "created": "2016-04-21T17:28:42.827481", "state": "completed", "project_id": 305, "id": 61512, "priority_0": 0.0}, {"info": {"url": "https://farm2.staticflickr.com/1585/25958916433_d40e25bc6c.jpg", "url_m": "https://farm2.staticflickr.com/1585/25958916433_d40e25bc6c_m.jpg", "link": "https://www.flickr.com/photos/115096994@N02/25958916433", "url_b": "https://farm2.staticflickr.com/1585/25958916433_d40e25bc6c_b.jpg", "title": "Essex_Fragments0003_Essex_Fragments0004_fb"}, "n_answers": 3, "quorum": 0, "calibration": 0, "created": "2016-04-21T17:28:42.860799", "state": "completed", "project_id": 305, "id": 61513, "priority_0": 0.0}, {"info": {"url": "https://farm2.staticflickr.com/1644/26288947830_cedd5a23f7.jpg", "url_m": "https://farm2.staticflickr.com/1644/26288947830_cedd5a23f7_m.jpg", "link": "https://www.flickr.com/photos/115096994@N02/26288947830", "url_b": "https://farm2.staticflickr.com/1644/26288947830_cedd5a23f7_b.jpg", "title": "Essex_Fragments0005_Essex_Fragments0006_fb"}, "n_answers": 3, "quorum": 0, "calibration": 0, "created": "2016-04-21T17:28:42.894526", "state": "completed", "project_id": 305, "id": 61514, "priority_0": 0.0}, {"info": {"url": "https://farm2.staticflickr.com/1696/26535837466_e084bbe2fc.jpg", "url_m": "https://farm2.staticflickr.com/1696/26535837466_e084bbe2fc_m.jpg", "link": "https://www.flickr.com/photos/115096994@N02/26535837466", "url_b": "https://farm2.staticflickr.com/1696/26535837466_e084bbe2fc_b.jpg", "title": "Glamorgan_BeltPlate0001_Glamorgan_BeltPlate0002_fb"}, "n_answers": 3, "quorum": 0, "calibration": 0, "created": "2016-04-21T17:28:42.927495", "state": "completed", "project_id": 305, "id": 61515, "priority_0": 0.0}, {"info": {"url": "https://farm2.staticflickr.com/1516/25958916123_216cd30e7c.jpg", "url_m": "https://farm2.staticflickr.com/1516/25958916123_216cd30e7c_m.jpg", "link": "https://www.flickr.com/photos/115096994@N02/25958916123", "url_b": "https://farm2.staticflickr.com/1516/25958916123_216cd30e7c_b.jpg", "title": "Glamorgan_StrapMount0001_Glamorgan_StrapMount0002_fb"}, "n_answers": 3, "quorum": 0, "calibration": 0, "created": "2016-04-21T17:28:42.960660", "state": "completed", "project_id": 305, "id": 61516, "priority_0": 0.0}, {"info": {"url": "https://farm2.staticflickr.com/1597/25956851764_e1aeba6549.jpg", "url_m": "https://farm2.staticflickr.com/1597/25956851764_e1aeba6549_m.jpg", "link": "https://www.flickr.com/photos/115096994@N02/25956851764", "url_b": "https://farm2.staticflickr.com/1597/25956851764_e1aeba6549_b.jpg", "title": "GreaterLon_SocketedPunch0001_GreaterLon_SocketedPunch0002_fb"}, "n_answers": 3, "quorum": 0, "calibration": 0, "created": "2016-04-21T17:28:42.994184", "state": "completed", "project_id": 305, "id": 61517, "priority_0": 0.0}, {"info": {"url": "https://farm2.staticflickr.com/1644/25958916443_4d072f8c87.jpg", "url_m": "https://farm2.staticflickr.com/1644/25958916443_4d072f8c87_m.jpg", "link": "https://www.flickr.com/photos/115096994@N02/25958916443", "url_b": "https://farm2.staticflickr.com/1644/25958916443_4d072f8c87_b.jpg", "title": "Gwynedd_SpearheadMould0001_Gwynedd_SpearheadMould0002_fb"}, "n_answers": 3, "quorum": 0, "calibration": 0, "created": "2016-04-21T17:28:43.027242", "state": "completed", "project_id": 305, "id": 61518, "priority_0": 0.0}, {"info": {"url": "https://farm2.staticflickr.com/1676/26469510922_63f7746e93.jpg", "url_m": "https://farm2.staticflickr.com/1676/26469510922_63f7746e93_m.jpg", "link": "https://www.flickr.com/photos/115096994@N02/26469510922", "url_b": "https://farm2.staticflickr.com/1676/26469510922_63f7746e93_b.jpg", "title": "HantsAshleyWood_CastFrags0001_HantsAshleyWood_CastFrags0002_fb"}, "n_answers": 3, "quorum": 0, "calibration": 0, "created": "2016-04-21T17:28:43.060793", "state": "completed", "project_id": 305, "id": 61519, "priority_0": 0.0}, {"info": {"url": "https://farm2.staticflickr.com/1701/26495770071_ff8e3f6aaa.jpg", "url_m": "https://farm2.staticflickr.com/1701/26495770071_ff8e3f6aaa_m.jpg", "link": "https://www.flickr.com/photos/115096994@N02/26495770071", "url_b": "https://farm2.staticflickr.com/1701/26495770071_ff8e3f6aaa_b.jpg", "title": "HantsAshleyWood_CastFrags0003_HantsAshleyWood_CastFrags0004_fb"}, "n_answers": 3, "quorum": 0, "calibration": 0, "created": "2016-04-21T17:28:43.094297", "state": "completed", "project_id": 305, "id": 61520, "priority_0": 0.0}, {"info": {"url": "https://farm2.staticflickr.com/1554/25958915653_316767ed54.jpg", "url_m": "https://farm2.staticflickr.com/1554/25958915653_316767ed54_m.jpg", "link": "https://www.flickr.com/photos/115096994@N02/25958915653", "url_b": "https://farm2.staticflickr.com/1554/25958915653_316767ed54_b.jpg", "title": "HantsAshleyWood_CastFrags0005_HantsAshleyWood_CastFrags0006_fb"}, "n_answers": 3, "quorum": 0, "calibration": 0, "created": "2016-04-21T17:28:43.127567", "state": "completed", "project_id": 305, "id": 61521, "priority_0": 0.0}, {"info": {"url": "https://farm2.staticflickr.com/1585/26288947040_88810a4a77.jpg", "url_m": "https://farm2.staticflickr.com/1585/26288947040_88810a4a77_m.jpg", "link": "https://www.flickr.com/photos/115096994@N02/26288947040", "url_b": "https://farm2.staticflickr.com/1585/26288947040_88810a4a77_b.jpg", "title": "HarlynCornwall_Lunula0001_HarlynCornwall_Lunula0002_fb"}, "n_answers": 3, "quorum": 0, "calibration": 0, "created": "2016-04-21T17:28:43.160559", "state": "completed", "project_id": 305, "id": 61522, "priority_0": 0.0}, {"info": {"url": "https://farm2.staticflickr.com/1629/26495770621_5457977155.jpg", "url_m": "https://farm2.staticflickr.com/1629/26495770621_5457977155_m.jpg", "link": "https://www.flickr.com/photos/115096994@N02/26495770621", "url_b": "https://farm2.staticflickr.com/1629/26495770621_5457977155_b.jpg", "title": "HarlynCornwall_Lunula0003_HarlynCornwall_Lunula0004_fb"}, "n_answers": 3, "quorum": 0, "calibration": 0, "created": "2016-04-21T17:28:43.194837", "state": "completed", "project_id": 305, "id": 61523, "priority_0": 0.0}, {"info": {"url": "https://farm2.staticflickr.com/1719/26469510382_8ac8bf6519.jpg", "url_m": "https://farm2.staticflickr.com/1719/26469510382_8ac8bf6519_m.jpg", "link": "https://www.flickr.com/photos/115096994@N02/26469510382", "url_b": "https://farm2.staticflickr.com/1719/26469510382_8ac8bf6519_b.jpg", "title": "Herts_RivetedDagger0001_Herts_RivetedDagger0002_fb"}, "n_answers": 3, "quorum": 0, "calibration": 0, "created": "2016-04-21T17:28:43.227395", "state": "completed", "project_id": 305, "id": 61524, "priority_0": 0.0}, {"info": {"url": "https://farm2.staticflickr.com/1553/26495769961_ce2acef1c3.jpg", "url_m": "https://farm2.staticflickr.com/1553/26495769961_ce2acef1c3_m.jpg", "link": "https://www.flickr.com/photos/115096994@N02/26495769961", "url_b": "https://farm2.staticflickr.com/1553/26495769961_ce2acef1c3_b.jpg", "title": "Kent_CastFrag0001_Kent_CastFrag0002_fb"}, "n_answers": 3, "quorum": 0, "calibration": 0, "created": "2016-04-21T17:28:43.261770", "state": "completed", "project_id": 305, "id": 61525, "priority_0": 0.0}, {"info": {"url": "https://farm2.staticflickr.com/1456/26561851895_c6bfc8fafa.jpg", "url_m": "https://farm2.staticflickr.com/1456/26561851895_c6bfc8fafa_m.jpg", "link": "https://www.flickr.com/photos/115096994@N02/26561851895", "url_b": "https://farm2.staticflickr.com/1456/26561851895_c6bfc8fafa_b.jpg", "title": "Kent_CastFrag0003_Kent_CastFrag0004_fb"}, "n_answers": 3, "quorum": 0, "calibration": 0, "created": "2016-04-21T17:28:43.294447", "state": "completed", "project_id": 305, "id": 61526, "priority_0": 0.0}, {"info": {"url": "https://farm2.staticflickr.com/1696/25956850764_ea22e02f03.jpg", "url_m": "https://farm2.staticflickr.com/1696/25956850764_ea22e02f03_m.jpg", "link": "https://www.flickr.com/photos/115096994@N02/25956850764", "url_b": "https://farm2.staticflickr.com/1696/25956850764_ea22e02f03_b.jpg", "title": "Kent_NonmetalHoardVessel0001_Kent_NonmetalHoardVessel0002_fb"}, "n_answers": 3, "quorum": 0, "calibration": 0, "created": "2016-04-21T17:28:43.327804", "state": "completed", "project_id": 305, "id": 61527, "priority_0": 0.0}, {"info": {"url": "https://farm2.staticflickr.com/1692/26535836046_47bf508592.jpg", "url_m": "https://farm2.staticflickr.com/1692/26535836046_47bf508592_m.jpg", "link": "https://www.flickr.com/photos/115096994@N02/26535836046", "url_b": "https://farm2.staticflickr.com/1692/26535836046_47bf508592_b.jpg", "title": "KewBridge_Sword0001_KewBridge_Sword0002_fb"}, "n_answers": 3, "quorum": 0, "calibration": 0, "created": "2016-04-21T17:28:43.360903", "state": "completed", "project_id": 305, "id": 61528, "priority_0": 0.0}, {"info": {"url": "https://farm2.staticflickr.com/1511/25956850594_767a9d4e29.jpg", "url_m": "https://farm2.staticflickr.com/1511/25956850594_767a9d4e29_m.jpg", "link": "https://www.flickr.com/photos/115096994@N02/25956850594", "url_b": "https://farm2.staticflickr.com/1511/25956850594_767a9d4e29_b.jpg", "title": "LeighEssex_StrapEnd0001_LeighEssex_StrapEnd0002_fb"}, "n_answers": 3, "quorum": 0, "calibration": 0, "created": "2016-04-21T17:28:43.394575", "state": "completed", "project_id": 305, "id": 61529, "priority_0": 0.0}, {"info": {"url": "https://farm2.staticflickr.com/1525/26495768871_8242e2ee56.jpg", "url_m": "https://farm2.staticflickr.com/1525/26495768871_8242e2ee56_m.jpg", "link": "https://www.flickr.com/photos/115096994@N02/26495768871", "url_b": "https://farm2.staticflickr.com/1525/26495768871_8242e2ee56_b.jpg", "title": "Lincolnshire_Frag0001_Lincolnshire_Frag0002_fb"}, "n_answers": 3, "quorum": 0, "calibration": 0, "created": "2016-04-21T17:28:43.427854", "state": "completed", "project_id": 305, "id": 61530, "priority_0": 0.0}, {"info": {"url": "https://farm2.staticflickr.com/1477/26535835706_15979d78e8.jpg", "url_m": "https://farm2.staticflickr.com/1477/26535835706_15979d78e8_m.jpg", "link": "https://www.flickr.com/photos/115096994@N02/26535835706", "url_b": "https://farm2.staticflickr.com/1477/26535835706_15979d78e8_b.jpg", "title": "LongyCmChannelIslds_TerretRing0003_LongyCmChannelIslds_TerretRing0004_fb"}, "n_answers": 3, "quorum": 0, "calibration": 0, "created": "2016-04-21T17:28:43.461292", "state": "completed", "project_id": 305, "id": 61531, "priority_0": 0.0}, {"info": {"url": "https://farm2.staticflickr.com/1522/26495768521_7906b108da.jpg", "url_m": "https://farm2.staticflickr.com/1522/26495768521_7906b108da_m.jpg", "link": "https://www.flickr.com/photos/115096994@N02/26495768521", "url_b": "https://farm2.staticflickr.com/1522/26495768521_7906b108da_b.jpg", "title": "Mayo_RingSocketedSickle005_Mayo_RingSocketedSickle006_fb"}, "n_answers": 3, "quorum": 0, "calibration": 0, "created": "2016-04-21T17:28:43.494632", "state": "completed", "project_id": 305, "id": 61532, "priority_0": 0.0}, {"info": {"url": "https://farm2.staticflickr.com/1447/25958914463_29cbcf088f.jpg", "url_m": "https://farm2.staticflickr.com/1447/25958914463_29cbcf088f_m.jpg", "link": "https://www.flickr.com/photos/115096994@N02/25958914463", "url_b": "https://farm2.staticflickr.com/1447/25958914463_29cbcf088f_b.jpg", "title": "NewlynCornwall_SocketedAxe0001_NewlynCornwall_SocketedAxe0002_fb"}, "n_answers": 3, "quorum": 0, "calibration": 0, "created": "2016-04-21T17:28:43.528064", "state": "completed", "project_id": 305, "id": 61533, "priority_0": 0.0}, {"info": {"url": "https://farm2.staticflickr.com/1686/26288945660_b0066a8185.jpg", "url_m": "https://farm2.staticflickr.com/1686/26288945660_b0066a8185_m.jpg", "link": "https://www.flickr.com/photos/115096994@N02/26288945660", "url_b": "https://farm2.staticflickr.com/1686/26288945660_b0066a8185_b.jpg", "title": "Northants_TangedDagger0001_Northants_TangedDagger0002_fb"}, "n_answers": 3, "quorum": 0, "calibration": 0, "created": "2016-04-21T17:28:43.561732", "state": "completed", "project_id": 305, "id": 61534, "priority_0": 0.0}, {"info": {"url": "https://farm2.staticflickr.com/1481/26561850905_60f909ed8e.jpg", "url_m": "https://farm2.staticflickr.com/1481/26561850905_60f909ed8e_m.jpg", "link": "https://www.flickr.com/photos/115096994@N02/26561850905", "url_b": "https://farm2.staticflickr.com/1481/26561850905_60f909ed8e_b.jpg", "title": "Nottingham_SocketFrag0001_Nottingham_SocketFrag0002_fb"}, "n_answers": 3, "quorum": 0, "calibration": 0, "created": "2016-04-21T17:28:43.594663", "state": "completed", "project_id": 305, "id": 61535, "priority_0": 0.0}, {"info": {"url": "https://farm2.staticflickr.com/1640/26561850695_87c767b4f8.jpg", "url_m": "https://farm2.staticflickr.com/1640/26561850695_87c767b4f8_m.jpg", "link": "https://www.flickr.com/photos/115096994@N02/26561850695", "url_b": "https://farm2.staticflickr.com/1640/26561850695_87c767b4f8_b.jpg", "title": "PelyntCornwall_Dagger0001_PelyntCornwall_Dagger0002_fb"}, "n_answers": 3, "quorum": 0, "calibration": 0, "created": "2016-04-21T17:28:43.628338", "state": "completed", "project_id": 305, "id": 61536, "priority_0": 0.0}, {"info": {"url": "https://farm2.staticflickr.com/1495/25958914003_2f65c76f07.jpg", "url_m": "https://farm2.staticflickr.com/1495/25958914003_2f65c76f07_m.jpg", "link": "https://www.flickr.com/photos/115096994@N02/25958914003", "url_b": "https://farm2.staticflickr.com/1495/25958914003_2f65c76f07_b.jpg", "title": "PelyntCornwall_Dagger0003_PelyntCornwall_Dagger0004_fb"}, "n_answers": 3, "quorum": 0, "calibration": 0, "created": "2016-04-21T17:28:43.661310", "state": "completed", "project_id": 305, "id": 61537, "priority_0": 0.0}, {"info": {"url": "https://farm2.staticflickr.com/1652/25956849834_977b1b8fa6.jpg", "url_m": "https://farm2.staticflickr.com/1652/25956849834_977b1b8fa6_m.jpg", "link": "https://www.flickr.com/photos/115096994@N02/25956849834", "url_b": "https://farm2.staticflickr.com/1652/25956849834_977b1b8fa6_b.jpg", "title": "PeterboroughNorthants_CastFrag0001_PeterboroughNorthants_CastFrag0002_fb"}, "n_answers": 3, "quorum": 0, "calibration": 0, "created": "2016-04-21T17:28:43.694617", "state": "completed", "project_id": 305, "id": 61538, "priority_0": 0.0}, {"info": {"url": "https://farm2.staticflickr.com/1645/26288945120_9b26de6e86.jpg", "url_m": "https://farm2.staticflickr.com/1645/26288945120_9b26de6e86_m.jpg", "link": "https://www.flickr.com/photos/115096994@N02/26288945120", "url_b": "https://farm2.staticflickr.com/1645/26288945120_9b26de6e86_b.jpg", "title": "ReachFenCambs_BeltPlate0001_ReachFenCambs_BeltPlate0002_fb"}, "n_answers": 3, "quorum": 0, "calibration": 0, "created": "2016-04-21T17:28:43.728017", "state": "completed", "project_id": 305, "id": 61539, "priority_0": 0.0}, {"info": {"url": "https://farm2.staticflickr.com/1631/26495767651_34eb219cea.jpg", "url_m": "https://farm2.staticflickr.com/1631/26495767651_34eb219cea_m.jpg", "link": "https://www.flickr.com/photos/115096994@N02/26495767651", "url_b": "https://farm2.staticflickr.com/1631/26495767651_34eb219cea_b.jpg", "title": "ReachFenCambs_BronzeSheet0001_ReachFenCambs_BronzeSheet0002_fb"}, "n_answers": 3, "quorum": 0, "calibration": 0, "created": "2016-04-21T17:28:43.761412", "state": "completed", "project_id": 305, "id": 61540, "priority_0": 0.0}, {"info": {"url": "https://farm2.staticflickr.com/1648/26535834536_2cba607060.jpg", "url_m": "https://farm2.staticflickr.com/1648/26535834536_2cba607060_m.jpg", "link": "https://www.flickr.com/photos/115096994@N02/26535834536", "url_b": "https://farm2.staticflickr.com/1648/26535834536_2cba607060_b.jpg", "title": "ReachFenCambs_BronzeSheet0003_ReachFenCambs_BronzeSheet0004_fb"}, "n_answers": 3, "quorum": 0, "calibration": 0, "created": "2016-04-21T17:28:43.794931", "state": "completed", "project_id": 305, "id": 61541, "priority_0": 0.0}, {"info": {"url": "https://farm2.staticflickr.com/1565/26561850425_d4c738765c.jpg", "url_m": "https://farm2.staticflickr.com/1565/26561850425_d4c738765c_m.jpg", "link": "https://www.flickr.com/photos/115096994@N02/26561850425", "url_b": "https://farm2.staticflickr.com/1565/26561850425_d4c738765c_b.jpg", "title": "ReachFenCambs_RingFrag0001_ReachFenCambs_RingFrag0002_fb"}, "n_answers": 3, "quorum": 0, "calibration": 0, "created": "2016-04-21T17:28:43.828164", "state": "completed", "project_id": 305, "id": 61542, "priority_0": 0.0}, {"info": {"url": "https://farm2.staticflickr.com/1562/26288944570_d7b41a319b.jpg", "url_m": "https://farm2.staticflickr.com/1562/26288944570_d7b41a319b_m.jpg", "link": "https://www.flickr.com/photos/115096994@N02/26288944570", "url_b": "https://farm2.staticflickr.com/1562/26288944570_d7b41a319b_b.jpg", "title": "RiverThames_TangedDagger0001_RiverThames_TangedDagger0002_fb"}, "n_answers": 3, "quorum": 0, "calibration": 0, "created": "2016-04-21T17:28:43.861750", "state": "completed", "project_id": 305, "id": 61543, "priority_0": 0.0}, {"info": {"url": "https://farm2.staticflickr.com/1565/25956849134_7d310ed710.jpg", "url_m": "https://farm2.staticflickr.com/1565/25956849134_7d310ed710_m.jpg", "link": "https://www.flickr.com/photos/115096994@N02/25956849134", "url_b": "https://farm2.staticflickr.com/1565/25956849134_7d310ed710_b.jpg", "title": "SalopClungunford_Ferrule0001_SalopClungunford_Ferrule0002_fb"}, "n_answers": 3, "quorum": 0, "calibration": 0, "created": "2016-04-21T17:28:43.895006", "state": "completed", "project_id": 305, "id": 61544, "priority_0": 0.0}, {"info": {"url": "https://farm2.staticflickr.com/1695/25956849144_7d310ed710.jpg", "url_m": "https://farm2.staticflickr.com/1695/25956849144_7d310ed710_m.jpg", "link": "https://www.flickr.com/photos/115096994@N02/25956849144", "url_b": "https://farm2.staticflickr.com/1695/25956849144_7d310ed710_b.jpg", "title": "SalopClungunford_Ferrule0003_SalopClungunford_Ferrule0004_fb"}, "n_answers": 3, "quorum": 0, "calibration": 0, "created": "2016-04-21T17:28:43.928268", "state": "completed", "project_id": 305, "id": 61545, "priority_0": 0.0}, {"info": {"url": "https://farm2.staticflickr.com/1698/26561849735_dd8f054d8b.jpg", "url_m": "https://farm2.staticflickr.com/1698/26561849735_dd8f054d8b_m.jpg", "link": "https://www.flickr.com/photos/115096994@N02/26561849735", "url_b": "https://farm2.staticflickr.com/1698/26561849735_dd8f054d8b_b.jpg", "title": "SalopClungunford_SwordFrag0001_SalopClungunford_SwordFrag0002_fb"}, "n_answers": 3, "quorum": 0, "calibration": 0, "created": "2016-04-21T17:28:43.961463", "state": "completed", "project_id": 305, "id": 61546, "priority_0": 0.0}, {"info": {"url": "https://farm2.staticflickr.com/1568/25958913103_ddaf9b9a7f.jpg", "url_m": "https://farm2.staticflickr.com/1568/25958913103_ddaf9b9a7f_m.jpg", "link": "https://www.flickr.com/photos/115096994@N02/25958913103", "url_b": "https://farm2.staticflickr.com/1568/25958913103_ddaf9b9a7f_b.jpg", "title": "ShoeburyEssex_StripMetal0001_ShoeburyEssex_StripMetal0002_fb"}, "n_answers": 3, "quorum": 0, "calibration": 0, "created": "2016-04-21T17:28:43.995665", "state": "completed", "project_id": 305, "id": 61547, "priority_0": 0.0}, {"info": {"url": "https://farm2.staticflickr.com/1658/26288944140_821fd8176e.jpg", "url_m": "https://farm2.staticflickr.com/1658/26288944140_821fd8176e_m.jpg", "link": "https://www.flickr.com/photos/115096994@N02/26288944140", "url_b": "https://farm2.staticflickr.com/1658/26288944140_821fd8176e_b.jpg", "title": "ShoeburyEssex_StripMetal0003_ShoeburyEssex_StripMetal0004_fb"}, "n_answers": 3, "quorum": 0, "calibration": 0, "created": "2016-04-21T17:28:44.028348", "state": "completed", "project_id": 305, "id": 61548, "priority_0": 0.0}, {"info": {"url": "https://farm2.staticflickr.com/1689/25956848624_e6e9ef5a5c.jpg", "url_m": "https://farm2.staticflickr.com/1689/25956848624_e6e9ef5a5c_m.jpg", "link": "https://www.flickr.com/photos/115096994@N02/25956848624", "url_b": "https://farm2.staticflickr.com/1689/25956848624_e6e9ef5a5c_b.jpg", "title": "Shropshire_ScabbardEnd0001_Shropshire_ScabbardEnd0002_fb"}, "n_answers": 3, "quorum": 0, "calibration": 0, "created": "2016-04-21T17:28:44.082926", "state": "completed", "project_id": 305, "id": 61549, "priority_0": 0.0}, {"info": {"url": "https://farm2.staticflickr.com/1543/26561849375_e8c9c931ed.jpg", "url_m": "https://farm2.staticflickr.com/1543/26561849375_e8c9c931ed_m.jpg", "link": "https://www.flickr.com/photos/115096994@N02/26561849375", "url_b": "https://farm2.staticflickr.com/1543/26561849375_e8c9c931ed_b.jpg", "title": "SionReach_Sword0001_SionReach_Sword0002_fb"}, "n_answers": 3, "quorum": 0, "calibration": 0, "created": "2016-04-21T17:28:44.124685", "state": "completed", "project_id": 305, "id": 61550, "priority_0": 0.0}, {"info": {"url": "https://farm2.staticflickr.com/1551/26535833306_fa19e21f1d.jpg", "url_m": "https://farm2.staticflickr.com/1551/26535833306_fa19e21f1d_m.jpg", "link": "https://www.flickr.com/photos/115096994@N02/26535833306", "url_b": "https://farm2.staticflickr.com/1551/26535833306_fa19e21f1d_b.jpg", "title": "Somerset_IronRivet0001_Somerset_IronRivet0002_fb"}, "n_answers": 3, "quorum": 0, "calibration": 0, "created": "2016-04-21T17:28:44.158058", "state": "completed", "project_id": 305, "id": 61551, "priority_0": 0.0}, {"info": {"url": "https://farm2.staticflickr.com/1575/26288943770_06fb1b8df3.jpg", "url_m": "https://farm2.staticflickr.com/1575/26288943770_06fb1b8df3_m.jpg", "link": "https://www.flickr.com/photos/115096994@N02/26288943770", "url_b": "https://farm2.staticflickr.com/1575/26288943770_06fb1b8df3_b.jpg", "title": "SothebysUnprov_FlatAxe0001_SothebysUnprov_FlatAxe0002_fb"}, "n_answers": 3, "quorum": 0, "calibration": 0, "created": "2016-04-21T17:28:44.191222", "state": "completed", "project_id": 305, "id": 61552, "priority_0": 0.0}, {"info": {"url": "https://farm2.staticflickr.com/1615/25956848174_5de4f935ba.jpg", "url_m": "https://farm2.staticflickr.com/1615/25956848174_5de4f935ba_m.jpg", "link": "https://www.flickr.com/photos/115096994@N02/25956848174", "url_b": "https://farm2.staticflickr.com/1615/25956848174_5de4f935ba_b.jpg", "title": "SothebysUnprov_SocketedAxe0001_SothebysUnprov_SocketedAxe0002_fb"}, "n_answers": 3, "quorum": 0, "calibration": 0, "created": "2016-04-21T17:28:44.224820", "state": "completed", "project_id": 305, "id": 61553, "priority_0": 0.0}, {"info": {"url": "https://farm2.staticflickr.com/1588/25956848814_fec6bbeeea.jpg", "url_m": "https://farm2.staticflickr.com/1588/25956848814_fec6bbeeea_m.jpg", "link": "https://www.flickr.com/photos/115096994@N02/25956848814", "url_b": "https://farm2.staticflickr.com/1588/25956848814_fec6bbeeea_b.jpg", "title": "SothebysUnprov_Spearhed0001_SothebysUnprov_Spearhed0002_fb"}, "n_answers": 3, "quorum": 0, "calibration": 0, "created": "2016-04-21T17:28:44.258096", "state": "completed", "project_id": 305, "id": 61554, "priority_0": 0.0}, {"info": {"url": "https://farm2.staticflickr.com/1651/26561849115_9eb1dd34cc.jpg", "url_m": "https://farm2.staticflickr.com/1651/26561849115_9eb1dd34cc_m.jpg", "link": "https://www.flickr.com/photos/115096994@N02/26561849115", "url_b": "https://farm2.staticflickr.com/1651/26561849115_9eb1dd34cc_b.jpg", "title": "SoveyBasinDevon_Palstave0001_SoveyBasinDevon_Palstave0002_fb"}, "n_answers": 3, "quorum": 0, "calibration": 0, "created": "2016-04-21T17:28:44.291409", "state": "completed", "project_id": 305, "id": 61555, "priority_0": 0.0}, {"info": {"url": "https://farm2.staticflickr.com/1442/26495766391_f157cd0182.jpg", "url_m": "https://farm2.staticflickr.com/1442/26495766391_f157cd0182_m.jpg", "link": "https://www.flickr.com/photos/115096994@N02/26495766391", "url_b": "https://farm2.staticflickr.com/1442/26495766391_f157cd0182_b.jpg", "title": "StErithCornwall_CastFrags0001_StErithCornwall_CastFrags0002_fb"}, "n_answers": 3, "quorum": 0, "calibration": 0, "created": "2016-04-21T17:28:44.324894", "state": "completed", "project_id": 305, "id": 61556, "priority_0": 0.0}, {"info": {"url": "https://farm2.staticflickr.com/1559/26469507222_2b449a8e8d.jpg", "url_m": "https://farm2.staticflickr.com/1559/26469507222_2b449a8e8d_m.jpg", "link": "https://www.flickr.com/photos/115096994@N02/26469507222", "url_b": "https://farm2.staticflickr.com/1559/26469507222_2b449a8e8d_b.jpg", "title": "StogurseySomerset_CastFrags0001_StogurseySomerset_CastFrags0002_fb"}, "n_answers": 3, "quorum": 0, "calibration": 0, "created": "2016-04-21T17:28:44.358281", "state": "completed", "project_id": 305, "id": 61557, "priority_0": 0.0}, {"info": {"url": "https://farm2.staticflickr.com/1680/26469507192_7cbd1450e4.jpg", "url_m": "https://farm2.staticflickr.com/1680/26469507192_7cbd1450e4_m.jpg", "link": "https://www.flickr.com/photos/115096994@N02/26469507192", "url_b": "https://farm2.staticflickr.com/1680/26469507192_7cbd1450e4_b.jpg", "title": "StogurseySomerset_CastJet0001_StogurseySomerset_CastJet0002_fb"}, "n_answers": 3, "quorum": 0, "calibration": 0, "created": "2016-04-21T17:28:44.391870", "state": "completed", "project_id": 305, "id": 61558, "priority_0": 0.0}, {"info": {"url": "https://farm2.staticflickr.com/1589/25956848034_9fd18051a1.jpg", "url_m": "https://farm2.staticflickr.com/1589/25956848034_9fd18051a1_m.jpg", "link": "https://www.flickr.com/photos/115096994@N02/25956848034", "url_b": "https://farm2.staticflickr.com/1589/25956848034_9fd18051a1_b.jpg", "title": "StogurseySomerset_CastJet0003_StogurseySomerset_CastJet0004_fb"}, "n_answers": 3, "quorum": 0, "calibration": 0, "created": "2016-04-21T17:28:44.426552", "state": "completed", "project_id": 305, "id": 61559, "priority_0": 0.0}, {"info": {"url": "https://farm2.staticflickr.com/1620/26288943170_f5b6c369d8.jpg", "url_m": "https://farm2.staticflickr.com/1620/26288943170_f5b6c369d8_m.jpg", "link": "https://www.flickr.com/photos/115096994@N02/26288943170", "url_b": "https://farm2.staticflickr.com/1620/26288943170_f5b6c369d8_b.jpg", "title": "StogurseySomerset_CastJet0005_StogurseySomerset_CastJet0006_fb"}, "n_answers": 3, "quorum": 0, "calibration": 0, "created": "2016-04-21T17:28:44.472469", "state": "completed", "project_id": 305, "id": 61560, "priority_0": 0.0}, {"info": {"url": "https://farm2.staticflickr.com/1607/26561848765_ee23ca08a5.jpg", "url_m": "https://farm2.staticflickr.com/1607/26561848765_ee23ca08a5_m.jpg", "link": "https://www.flickr.com/photos/115096994@N02/26561848765", "url_b": "https://farm2.staticflickr.com/1607/26561848765_ee23ca08a5_b.jpg", "title": "Suffolk_Arrowhead0001_Suffolk_Arrowhead0002_fb"}, "n_answers": 3, "quorum": 0, "calibration": 0, "created": "2016-04-21T17:28:44.510578", "state": "completed", "project_id": 305, "id": 61561, "priority_0": 0.0}, {"info": {"url": "https://farm2.staticflickr.com/1650/26469506722_def993665d.jpg", "url_m": "https://farm2.staticflickr.com/1650/26469506722_def993665d_m.jpg", "link": "https://www.flickr.com/photos/115096994@N02/26469506722", "url_b": "https://farm2.staticflickr.com/1650/26469506722_def993665d_b.jpg", "title": "Suffolk_CastFrag0001_Suffolk_CastFrag0002_fb"}, "n_answers": 3, "quorum": 0, "calibration": 0, "created": "2016-04-21T17:28:44.553543", "state": "completed", "project_id": 305, "id": 61562, "priority_0": 0.0}, {"info": {"url": "https://farm2.staticflickr.com/1505/26561848635_d03034dfaf.jpg", "url_m": "https://farm2.staticflickr.com/1505/26561848635_d03034dfaf_m.jpg", "link": "https://www.flickr.com/photos/115096994@N02/26561848635", "url_b": "https://farm2.staticflickr.com/1505/26561848635_d03034dfaf_b.jpg", "title": "Suffolk_LeadShapedSword0001_Suffolk_LeadShapedSword0002_fb"}, "n_answers": 3, "quorum": 0, "calibration": 0, "created": "2016-04-21T17:28:44.587121", "state": "completed", "project_id": 305, "id": 61563, "priority_0": 0.0}, {"info": {"url": "https://farm2.staticflickr.com/1627/26288942650_ca3297f543.jpg", "url_m": "https://farm2.staticflickr.com/1627/26288942650_ca3297f543_m.jpg", "link": "https://www.flickr.com/photos/115096994@N02/26288942650", "url_b": "https://farm2.staticflickr.com/1627/26288942650_ca3297f543_b.jpg", "title": "Surrey_WoodSpearheadTip0001_Surrey_WoodSpearheadTip0002_fb"}, "n_answers": 3, "quorum": 0, "calibration": 0, "created": "2016-04-21T17:28:44.620405", "state": "completed", "project_id": 305, "id": 61564, "priority_0": 0.0}, {"info": {"url": "https://farm2.staticflickr.com/1481/25958911723_e72c5ac449.jpg", "url_m": "https://farm2.staticflickr.com/1481/25958911723_e72c5ac449_m.jpg", "link": "https://www.flickr.com/photos/115096994@N02/25958911723", "url_b": "https://farm2.staticflickr.com/1481/25958911723_e72c5ac449_b.jpg", "title": "Sussex_GoldRing0001_Sussex_GoldRing0002_fb"}, "n_answers": 3, "quorum": 0, "calibration": 0, "created": "2016-04-21T17:28:44.653800", "state": "completed", "project_id": 305, "id": 61565, "priority_0": 0.0}, {"info": {"url": "https://farm2.staticflickr.com/1623/26535832196_f3bc6c82b7.jpg", "url_m": "https://farm2.staticflickr.com/1623/26535832196_f3bc6c82b7_m.jpg", "link": "https://www.flickr.com/photos/115096994@N02/26535832196", "url_b": "https://farm2.staticflickr.com/1623/26535832196_f3bc6c82b7_b.jpg", "title": "ThamesWapping_Sword0001_ThamesWapping_Sword0002_fb"}, "n_answers": 3, "quorum": 0, "calibration": 0, "created": "2016-04-21T17:28:44.687032", "state": "completed", "project_id": 305, "id": 61566, "priority_0": 0.0}, {"info": {"url": "https://farm2.staticflickr.com/1462/26561847895_ef8ed1988f.jpg", "url_m": "https://farm2.staticflickr.com/1462/26561847895_ef8ed1988f_m.jpg", "link": "https://www.flickr.com/photos/115096994@N02/26561847895", "url_b": "https://farm2.staticflickr.com/1462/26561847895_ef8ed1988f_b.jpg", "title": "Unprov_ForeignFerrule0001_Unprov_ForeignFerrule0002_fb"}, "n_answers": 3, "quorum": 0, "calibration": 0, "created": "2016-04-21T17:28:44.720484", "state": "completed", "project_id": 305, "id": 61567, "priority_0": 0.0}, {"info": {"url": "https://farm2.staticflickr.com/1652/26495765411_c7dd8689aa.jpg", "url_m": "https://farm2.staticflickr.com/1652/26495765411_c7dd8689aa_m.jpg", "link": "https://www.flickr.com/photos/115096994@N02/26495765411", "url_b": "https://farm2.staticflickr.com/1652/26495765411_c7dd8689aa_b.jpg", "title": "Unprov_GougeFrag0001_Unprov_GougeFrag0002_fb"}, "n_answers": 3, "quorum": 0, "calibration": 0, "created": "2016-04-21T17:28:44.754421", "state": "completed", "project_id": 305, "id": 61568, "priority_0": 0.0}, {"info": {"url": "https://farm2.staticflickr.com/1450/26561847605_4f9a036b48.jpg", "url_m": "https://farm2.staticflickr.com/1450/26561847605_4f9a036b48_m.jpg", "link": "https://www.flickr.com/photos/115096994@N02/26561847605", "url_b": "https://farm2.staticflickr.com/1450/26561847605_4f9a036b48_b.jpg", "title": "Unprov_LargeChisel0001_Unprov_LargeChisel0002_fb"}, "n_answers": 3, "quorum": 0, "calibration": 0, "created": "2016-04-21T17:28:44.787609", "state": "completed", "project_id": 305, "id": 61569, "priority_0": 0.0}, {"info": {"url": "https://farm2.staticflickr.com/1677/26535831676_676214a487.jpg", "url_m": "https://farm2.staticflickr.com/1677/26535831676_676214a487_m.jpg", "link": "https://www.flickr.com/photos/115096994@N02/26535831676", "url_b": "https://farm2.staticflickr.com/1677/26535831676_676214a487_b.jpg", "title": "Unprov_PalstaveMould0001_Unprov_PalstaveMould0002_fb"}, "n_answers": 3, "quorum": 0, "calibration": 0, "created": "2016-04-21T17:28:44.821270", "state": "completed", "project_id": 305, "id": 61570, "priority_0": 0.0}, {"info": {"url": "https://farm2.staticflickr.com/1620/26495764951_ca5fea7f28.jpg", "url_m": "https://farm2.staticflickr.com/1620/26495764951_ca5fea7f28_m.jpg", "link": "https://www.flickr.com/photos/115096994@N02/26495764951", "url_b": "https://farm2.staticflickr.com/1620/26495764951_ca5fea7f28_b.jpg", "title": "Unprov_PalstaveMould0003_Unprov_PalstaveMould0004_fb"}, "n_answers": 3, "quorum": 0, "calibration": 0, "created": "2016-04-21T17:28:44.854582", "state": "completed", "project_id": 305, "id": 61571, "priority_0": 0.0}, {"info": {"url": "https://farm2.staticflickr.com/1506/26495764331_59a9b02b31.jpg", "url_m": "https://farm2.staticflickr.com/1506/26495764331_59a9b02b31_m.jpg", "link": "https://www.flickr.com/photos/115096994@N02/26495764331", "url_b": "https://farm2.staticflickr.com/1506/26495764331_59a9b02b31_b.jpg", "title": "Unprov_RodwithDiscs0001_Unprov_RodwithDiscs0002_fb"}, "n_answers": 3, "quorum": 0, "calibration": 0, "created": "2016-04-21T17:28:44.887797", "state": "completed", "project_id": 305, "id": 61572, "priority_0": 0.0}, {"info": {"url": "https://farm2.staticflickr.com/1584/25956846054_34098e8740.jpg", "url_m": "https://farm2.staticflickr.com/1584/25956846054_34098e8740_m.jpg", "link": "https://www.flickr.com/photos/115096994@N02/25956846054", "url_b": "https://farm2.staticflickr.com/1584/25956846054_34098e8740_b.jpg", "title": "Unprov_SocketedSword0001_Unprov_SocketedSword0002_fb"}, "n_answers": 3, "quorum": 0, "calibration": 0, "created": "2016-04-21T17:28:44.921368", "state": "completed", "project_id": 305, "id": 61573, "priority_0": 0.0}, {"info": {"url": "https://farm2.staticflickr.com/1658/26535830836_51314212cf.jpg", "url_m": "https://farm2.staticflickr.com/1658/26535830836_51314212cf_m.jpg", "link": "https://www.flickr.com/photos/115096994@N02/26535830836", "url_b": "https://farm2.staticflickr.com/1658/26535830836_51314212cf_b.jpg", "title": "Unprov_SpearheadVarious0001_Unprov_SpearheadVarious0002_fb"}, "n_answers": 3, "quorum": 0, "calibration": 0, "created": "2016-04-21T17:28:44.954942", "state": "completed", "project_id": 305, "id": 61574, "priority_0": 0.0}, {"info": {"url": "https://farm2.staticflickr.com/1555/26288941250_16acdab682.jpg", "url_m": "https://farm2.staticflickr.com/1555/26288941250_16acdab682_m.jpg", "link": "https://www.flickr.com/photos/115096994@N02/26288941250", "url_b": "https://farm2.staticflickr.com/1555/26288941250_16acdab682_b.jpg", "title": "Unprov_SpearheadVarious0003_Unprov_SpearheadVarious0004_fb"}, "n_answers": 3, "quorum": 0, "calibration": 0, "created": "2016-04-21T17:28:44.987784", "state": "completed", "project_id": 305, "id": 61575, "priority_0": 0.0}, {"info": {"url": "https://farm2.staticflickr.com/1555/26535830766_a84c2f69ba.jpg", "url_m": "https://farm2.staticflickr.com/1555/26535830766_a84c2f69ba_m.jpg", "link": "https://www.flickr.com/photos/115096994@N02/26535830766", "url_b": "https://farm2.staticflickr.com/1555/26535830766_a84c2f69ba_b.jpg", "title": "Unprov_SpearheadVarious0005_Unprov_SpearheadVarious0006_fb"}, "n_answers": 3, "quorum": 0, "calibration": 0, "created": "2016-04-21T17:28:45.021088", "state": "completed", "project_id": 305, "id": 61576, "priority_0": 0.0}, {"info": {"url": "https://farm2.staticflickr.com/1446/26561846885_21d3324679.jpg", "url_m": "https://farm2.staticflickr.com/1446/26561846885_21d3324679_m.jpg", "link": "https://www.flickr.com/photos/115096994@N02/26561846885", "url_b": "https://farm2.staticflickr.com/1446/26561846885_21d3324679_b.jpg", "title": "Unprov_SpearheadVarious0007_Unprov_SpearheadVarious0008_fb"}, "n_answers": 3, "quorum": 0, "calibration": 0, "created": "2016-04-21T17:28:45.054538", "state": "completed", "project_id": 305, "id": 61577, "priority_0": 0.0}, {"info": {"url": "https://farm2.staticflickr.com/1659/25958910713_369280517c.jpg", "url_m": "https://farm2.staticflickr.com/1659/25958910713_369280517c_m.jpg", "link": "https://www.flickr.com/photos/115096994@N02/25958910713", "url_b": "https://farm2.staticflickr.com/1659/25958910713_369280517c_b.jpg", "title": "Unprov_SpectacleBrooch0001_Unprov_SpectacleBrooch0002_fb"}, "n_answers": 3, "quorum": 0, "calibration": 0, "created": "2016-04-21T17:28:45.095430", "state": "completed", "project_id": 305, "id": 61578, "priority_0": 0.0}, {"info": {"url": "https://farm2.staticflickr.com/1466/26495763741_169e6173a7.jpg", "url_m": "https://farm2.staticflickr.com/1466/26495763741_169e6173a7_m.jpg", "link": "https://www.flickr.com/photos/115096994@N02/26495763741", "url_b": "https://farm2.staticflickr.com/1466/26495763741_169e6173a7_b.jpg", "title": "Unprov_Spiral0001_Unprov_Spiral0002_fb"}, "n_answers": 3, "quorum": 0, "calibration": 0, "created": "2016-04-21T17:28:45.129908", "state": "completed", "project_id": 305, "id": 61579, "priority_0": 0.0}, {"info": {"url": "https://farm2.staticflickr.com/1529/26535831156_e9bb73bb42.jpg", "url_m": "https://farm2.staticflickr.com/1529/26535831156_e9bb73bb42_m.jpg", "link": "https://www.flickr.com/photos/115096994@N02/26535831156", "url_b": "https://farm2.staticflickr.com/1529/26535831156_e9bb73bb42_b.jpg", "title": "Unprov_Spiral0003_Unprov_Spiral0004_fb"}, "n_answers": 3, "quorum": 0, "calibration": 0, "created": "2016-04-21T17:28:45.163212", "state": "completed", "project_id": 305, "id": 61580, "priority_0": 0.0}, {"info": {"url": "https://farm2.staticflickr.com/1709/26469504682_33ffaf9187.jpg", "url_m": "https://farm2.staticflickr.com/1709/26469504682_33ffaf9187_m.jpg", "link": "https://www.flickr.com/photos/115096994@N02/26469504682", "url_b": "https://farm2.staticflickr.com/1709/26469504682_33ffaf9187_b.jpg", "title": "Unprov_Spiral0005_Unprov_Spiral0006_fb"}, "n_answers": 3, "quorum": 0, "calibration": 0, "created": "2016-04-21T17:28:45.197562", "state": "completed", "project_id": 305, "id": 61581, "priority_0": 0.0}, {"info": {"url": "https://farm2.staticflickr.com/1453/25956845204_e9a548b901.jpg", "url_m": "https://farm2.staticflickr.com/1453/25956845204_e9a548b901_m.jpg", "link": "https://www.flickr.com/photos/115096994@N02/25956845204", "url_b": "https://farm2.staticflickr.com/1453/25956845204_e9a548b901_b.jpg", "title": "Unprov_SwordHiltFrag0001_Unprov_SwordHiltFrag0002_fb"}, "n_answers": 3, "quorum": 0, "calibration": 0, "created": "2016-04-21T17:28:45.239823", "state": "completed", "project_id": 305, "id": 61582, "priority_0": 0.0}, {"info": {"url": "https://farm2.staticflickr.com/1588/26288940370_645623c026.jpg", "url_m": "https://farm2.staticflickr.com/1588/26288940370_645623c026_m.jpg", "link": "https://www.flickr.com/photos/115096994@N02/26288940370", "url_b": "https://farm2.staticflickr.com/1588/26288940370_645623c026_b.jpg", "title": "Unprov_SwordPommel0001_Unprov_SwordPommel0002_fb"}, "n_answers": 3, "quorum": 0, "calibration": 0, "created": "2016-04-21T17:28:45.272255", "state": "completed", "project_id": 305, "id": 61583, "priority_0": 0.0}, {"info": {"url": "https://farm2.staticflickr.com/1471/26561846665_08de583850.jpg", "url_m": "https://farm2.staticflickr.com/1471/26561846665_08de583850_m.jpg", "link": "https://www.flickr.com/photos/115096994@N02/26561846665", "url_b": "https://farm2.staticflickr.com/1471/26561846665_08de583850_b.jpg", "title": "Unprov_VariousFlangedAxe0001_Unprov_VariousFlangedAxe0002_fb"}, "n_answers": 3, "quorum": 0, "calibration": 0, "created": "2016-04-21T17:28:45.305687", "state": "completed", "project_id": 305, "id": 61584, "priority_0": 0.0}, {"info": {"url": "https://farm2.staticflickr.com/1668/26288940140_0de6b39f5a.jpg", "url_m": "https://farm2.staticflickr.com/1668/26288940140_0de6b39f5a_m.jpg", "link": "https://www.flickr.com/photos/115096994@N02/26288940140", "url_b": "https://farm2.staticflickr.com/1668/26288940140_0de6b39f5a_b.jpg", "title": "Unprov_VariousFlangedAxe0003_Unprov_VariousFlangedAxe0004_fb"}, "n_answers": 3, "quorum": 0, "calibration": 0, "created": "2016-04-21T17:28:45.339305", "state": "completed", "project_id": 305, "id": 61585, "priority_0": 0.0}, {"info": {"url": "https://farm2.staticflickr.com/1599/25958909183_b1a5b86f97.jpg", "url_m": "https://farm2.staticflickr.com/1599/25958909183_b1a5b86f97_m.jpg", "link": "https://www.flickr.com/photos/115096994@N02/25958909183", "url_b": "https://farm2.staticflickr.com/1599/25958909183_b1a5b86f97_b.jpg", "title": "Unprov_VariousFlangedAxe0005_Unprov_VariousFlangedAxe0006_fb"}, "n_answers": 3, "quorum": 0, "calibration": 0, "created": "2016-04-21T17:28:45.372877", "state": "completed", "project_id": 305, "id": 61586, "priority_0": 0.0}, {"info": {"url": "https://farm2.staticflickr.com/1515/26469504002_74debe0ee9.jpg", "url_m": "https://farm2.staticflickr.com/1515/26469504002_74debe0ee9_m.jpg", "link": "https://www.flickr.com/photos/115096994@N02/26469504002", "url_b": "https://farm2.staticflickr.com/1515/26469504002_74debe0ee9_b.jpg", "title": "Unprov_VariousFlangedAxe0007_Unprov_VariousFlangedAxe0008_fb"}, "n_answers": 3, "quorum": 0, "calibration": 0, "created": "2016-04-21T17:28:45.406011", "state": "completed", "project_id": 305, "id": 61587, "priority_0": 0.0}, {"info": {"url": "https://farm2.staticflickr.com/1507/26469503862_884bb728f2.jpg", "url_m": "https://farm2.staticflickr.com/1507/26469503862_884bb728f2_m.jpg", "link": "https://www.flickr.com/photos/115096994@N02/26469503862", "url_b": "https://farm2.staticflickr.com/1507/26469503862_884bb728f2_b.jpg", "title": "Unprov_VariousFlangedAxe0009_Unprov_VariousFlangedAxe0010_fb"}, "n_answers": 3, "quorum": 0, "calibration": 0, "created": "2016-04-21T17:28:45.439715", "state": "completed", "project_id": 305, "id": 61588, "priority_0": 0.0}, {"info": {"url": "https://farm2.staticflickr.com/1634/26469504242_b4bea13ac3.jpg", "url_m": "https://farm2.staticflickr.com/1634/26469504242_b4bea13ac3_m.jpg", "link": "https://www.flickr.com/photos/115096994@N02/26469504242", "url_b": "https://farm2.staticflickr.com/1634/26469504242_b4bea13ac3_b.jpg", "title": "Unprov_VariousFlangedAxe0011_Unprov_VariousFlangedAxe0012_fb"}, "n_answers": 3, "quorum": 0, "calibration": 0, "created": "2016-04-21T17:28:45.472623", "state": "completed", "project_id": 305, "id": 61589, "priority_0": 0.0}, {"info": {"url": "https://farm2.staticflickr.com/1528/26561845835_b5fc0d5c95.jpg", "url_m": "https://farm2.staticflickr.com/1528/26561845835_b5fc0d5c95_m.jpg", "link": "https://www.flickr.com/photos/115096994@N02/26561845835", "url_b": "https://farm2.staticflickr.com/1528/26561845835_b5fc0d5c95_b.jpg", "title": "Unprov_VariousFlangedAxe0013_Unprov_VariousFlangedAxe0014_fb"}, "n_answers": 3, "quorum": 0, "calibration": 0, "created": "2016-04-21T17:28:45.506101", "state": "completed", "project_id": 305, "id": 61590, "priority_0": 0.0}, {"info": {"url": "https://farm2.staticflickr.com/1552/25958908663_b1f5562ff1.jpg", "url_m": "https://farm2.staticflickr.com/1552/25958908663_b1f5562ff1_m.jpg", "link": "https://www.flickr.com/photos/115096994@N02/25958908663", "url_b": "https://farm2.staticflickr.com/1552/25958908663_b1f5562ff1_b.jpg", "title": "Unprov_VariousFlangedAxe0015_Unprov_VariousFlangedAxe0016_fb"}, "n_answers": 3, "quorum": 0, "calibration": 0, "created": "2016-04-21T17:28:45.539391", "state": "completed", "project_id": 305, "id": 61591, "priority_0": 0.0}, {"info": {"url": "https://farm2.staticflickr.com/1694/26495761991_c57e3656e1.jpg", "url_m": "https://farm2.staticflickr.com/1694/26495761991_c57e3656e1_m.jpg", "link": "https://www.flickr.com/photos/115096994@N02/26495761991", "url_b": "https://farm2.staticflickr.com/1694/26495761991_c57e3656e1_b.jpg", "title": "Unprov_VariousFlangedAxe0017_Unprov_VariousFlangedAxe0018_fb"}, "n_answers": 3, "quorum": 0, "calibration": 0, "created": "2016-04-21T17:28:45.572915", "state": "completed", "project_id": 305, "id": 61592, "priority_0": 0.0}, {"info": {"url": "https://farm2.staticflickr.com/1597/26535828816_035e28c1e8.jpg", "url_m": "https://farm2.staticflickr.com/1597/26535828816_035e28c1e8_m.jpg", "link": "https://www.flickr.com/photos/115096994@N02/26535828816", "url_b": "https://farm2.staticflickr.com/1597/26535828816_035e28c1e8_b.jpg", "title": "Unprov_VariousFlangedAxe0019_Unprov_VariousFlangedAxe0020_fb"}, "n_answers": 3, "quorum": 0, "calibration": 0, "created": "2016-04-21T17:28:45.606863", "state": "completed", "project_id": 305, "id": 61593, "priority_0": 0.0}, {"info": {"url": "https://farm2.staticflickr.com/1514/26561844885_8647c34f7e.jpg", "url_m": "https://farm2.staticflickr.com/1514/26561844885_8647c34f7e_m.jpg", "link": "https://www.flickr.com/photos/115096994@N02/26561844885", "url_b": "https://farm2.staticflickr.com/1514/26561844885_8647c34f7e_b.jpg", "title": "Unprov_VariousFlangedAxe0021_Unprov_VariousFlangedAxe0022_fb"}, "n_answers": 3, "quorum": 0, "calibration": 0, "created": "2016-04-21T17:28:45.790428", "state": "completed", "project_id": 305, "id": 61594, "priority_0": 0.0}, {"info": {"url": "https://farm2.staticflickr.com/1596/26469502772_6888bf0b65.jpg", "url_m": "https://farm2.staticflickr.com/1596/26469502772_6888bf0b65_m.jpg", "link": "https://www.flickr.com/photos/115096994@N02/26469502772", "url_b": "https://farm2.staticflickr.com/1596/26469502772_6888bf0b65_b.jpg", "title": "Unprov_VariousFlangedAxe0023_Unprov_VariousFlangedAxe0024_fb"}, "n_answers": 3, "quorum": 0, "calibration": 0, "created": "2016-04-21T17:28:45.919036", "state": "completed", "project_id": 305, "id": 61595, "priority_0": 0.0}, {"info": {"url": "https://farm2.staticflickr.com/1692/25958907833_8019a68483.jpg", "url_m": "https://farm2.staticflickr.com/1692/25958907833_8019a68483_m.jpg", "link": "https://www.flickr.com/photos/115096994@N02/25958907833", "url_b": "https://farm2.staticflickr.com/1692/25958907833_8019a68483_b.jpg", "title": "Unprov_VariousFlangedAxe0025_Unprov_VariousFlangedAxe0026_fb"}, "n_answers": 3, "quorum": 0, "calibration": 0, "created": "2016-04-21T17:28:45.968007", "state": "completed", "project_id": 305, "id": 61596, "priority_0": 0.0}, {"info": {"url": "https://farm2.staticflickr.com/1719/26561845025_d492d518ae.jpg", "url_m": "https://farm2.staticflickr.com/1719/26561845025_d492d518ae_m.jpg", "link": "https://www.flickr.com/photos/115096994@N02/26561845025", "url_b": "https://farm2.staticflickr.com/1719/26561845025_d492d518ae_b.jpg", "title": "Unprov_VariousFlangedAxe0027_Unprov_VariousFlangedAxe0028_fb"}, "n_answers": 3, "quorum": 0, "calibration": 0, "created": "2016-04-21T17:28:46.001073", "state": "completed", "project_id": 305, "id": 61597, "priority_0": 0.0}, {"info": {"url": "https://farm2.staticflickr.com/1445/25956843784_e48915ee77.jpg", "url_m": "https://farm2.staticflickr.com/1445/25956843784_e48915ee77_m.jpg", "link": "https://www.flickr.com/photos/115096994@N02/25956843784", "url_b": "https://farm2.staticflickr.com/1445/25956843784_e48915ee77_b.jpg", "title": "Unprov_VariousFlangedAxe0029_Unprov_VariousFlangedAxe0030_fb"}, "n_answers": 3, "quorum": 0, "calibration": 0, "created": "2016-04-21T17:28:46.035154", "state": "completed", "project_id": 305, "id": 61598, "priority_0": 0.0}, {"info": {"url": "https://farm2.staticflickr.com/1718/26288938070_3132a51db0.jpg", "url_m": "https://farm2.staticflickr.com/1718/26288938070_3132a51db0_m.jpg", "link": "https://www.flickr.com/photos/115096994@N02/26288938070", "url_b": "https://farm2.staticflickr.com/1718/26288938070_3132a51db0_b.jpg", "title": "Unprov_VariousFlangedAxe0031_Unprov_VariousFlangedAxe0032_fb"}, "n_answers": 3, "quorum": 0, "calibration": 0, "created": "2016-04-21T17:28:46.068345", "state": "completed", "project_id": 305, "id": 61599, "priority_0": 0.0}, {"info": {"url": "https://farm2.staticflickr.com/1501/25956843244_3b96be557a.jpg", "url_m": "https://farm2.staticflickr.com/1501/25956843244_3b96be557a_m.jpg", "link": "https://www.flickr.com/photos/115096994@N02/25956843244", "url_b": "https://farm2.staticflickr.com/1501/25956843244_3b96be557a_b.jpg", "title": "Unprov_VariousFlangedAxe0033_Unprov_VariousFlangedAxe0034_fb"}, "n_answers": 3, "quorum": 0, "calibration": 0, "created": "2016-04-21T17:28:46.102405", "state": "completed", "project_id": 305, "id": 61600, "priority_0": 0.0}, {"info": {"url": "https://farm2.staticflickr.com/1689/26495760411_a491a315e6.jpg", "url_m": "https://farm2.staticflickr.com/1689/26495760411_a491a315e6_m.jpg", "link": "https://www.flickr.com/photos/115096994@N02/26495760411", "url_b": "https://farm2.staticflickr.com/1689/26495760411_a491a315e6_b.jpg", "title": "Unprov_VariousKnife0001_Unprov_VariousKnife0002_fb"}, "n_answers": 3, "quorum": 0, "calibration": 0, "created": "2016-04-21T17:28:46.135268", "state": "completed", "project_id": 305, "id": 61601, "priority_0": 0.0}, {"info": {"url": "https://farm2.staticflickr.com/1656/26561843595_3cc6547807.jpg", "url_m": "https://farm2.staticflickr.com/1656/26561843595_3cc6547807_m.jpg", "link": "https://www.flickr.com/photos/115096994@N02/26561843595", "url_b": "https://farm2.staticflickr.com/1656/26561843595_3cc6547807_b.jpg", "title": "Unprov_VariousKnife0003_Unprov_VariousKnife0004_fb"}, "n_answers": 3, "quorum": 0, "calibration": 0, "created": "2016-04-21T17:28:46.169949", "state": "completed", "project_id": 305, "id": 61602, "priority_0": 0.0}, {"info": {"url": "https://farm2.staticflickr.com/1565/26561843445_ebf0ef8525.jpg", "url_m": "https://farm2.staticflickr.com/1565/26561843445_ebf0ef8525_m.jpg", "link": "https://www.flickr.com/photos/115096994@N02/26561843445", "url_b": "https://farm2.staticflickr.com/1565/26561843445_ebf0ef8525_b.jpg", "title": "Unprov_VariousKnife0005_Unprov_VariousKnife0006_fb"}, "n_answers": 3, "quorum": 0, "calibration": 0, "created": "2016-04-21T17:28:46.206651", "state": "completed", "project_id": 305, "id": 61603, "priority_0": 0.0}, {"info": {"url": "https://farm2.staticflickr.com/1604/26495760031_259bf67a32.jpg", "url_m": "https://farm2.staticflickr.com/1604/26495760031_259bf67a32_m.jpg", "link": "https://www.flickr.com/photos/115096994@N02/26495760031", "url_b": "https://farm2.staticflickr.com/1604/26495760031_259bf67a32_b.jpg", "title": "Unprov_VariousKnife0007_Unprov_VariousKnife0008_fb"}, "n_answers": 3, "quorum": 0, "calibration": 0, "created": "2016-04-21T17:28:46.239719", "state": "completed", "project_id": 305, "id": 61604, "priority_0": 0.0}, {"info": {"url": "https://farm2.staticflickr.com/1589/26469501162_4f1a20b323.jpg", "url_m": "https://farm2.staticflickr.com/1589/26469501162_4f1a20b323_m.jpg", "link": "https://www.flickr.com/photos/115096994@N02/26469501162", "url_b": "https://farm2.staticflickr.com/1589/26469501162_4f1a20b323_b.jpg", "title": "Unprov_VariousKnife0009_Unprov_VariousKnife0010_fb"}, "n_answers": 3, "quorum": 0, "calibration": 0, "created": "2016-04-21T17:28:46.272926", "state": "completed", "project_id": 305, "id": 61605, "priority_0": 0.0}, {"info": {"url": "https://farm2.staticflickr.com/1500/25956841794_52a33e9524.jpg", "url_m": "https://farm2.staticflickr.com/1500/25956841794_52a33e9524_m.jpg", "link": "https://www.flickr.com/photos/115096994@N02/25956841794", "url_b": "https://farm2.staticflickr.com/1500/25956841794_52a33e9524_b.jpg", "title": "Unprov_VariousKnife0011_Unprov_VariousKnife0012_fb"}, "n_answers": 3, "quorum": 0, "calibration": 0, "created": "2016-04-21T17:28:46.307726", "state": "completed", "project_id": 305, "id": 61606, "priority_0": 0.0}, {"info": {"url": "https://farm2.staticflickr.com/1597/26495759961_e99d2313cb.jpg", "url_m": "https://farm2.staticflickr.com/1597/26495759961_e99d2313cb_m.jpg", "link": "https://www.flickr.com/photos/115096994@N02/26495759961", "url_b": "https://farm2.staticflickr.com/1597/26495759961_e99d2313cb_b.jpg", "title": "Unprov_VariousKnife0013_Unprov_VariousKnife0014_fb"}, "n_answers": 3, "quorum": 0, "calibration": 0, "created": "2016-04-21T17:28:46.366950", "state": "completed", "project_id": 305, "id": 61607, "priority_0": 0.0}, {"info": {"url": "https://farm2.staticflickr.com/1452/26469500982_40c6b68dba.jpg", "url_m": "https://farm2.staticflickr.com/1452/26469500982_40c6b68dba_m.jpg", "link": "https://www.flickr.com/photos/115096994@N02/26469500982", "url_b": "https://farm2.staticflickr.com/1452/26469500982_40c6b68dba_b.jpg", "title": "Unprov_VariousKnife0015_Unprov_VariousKnife0016_fb"}, "n_answers": 3, "quorum": 0, "calibration": 0, "created": "2016-04-21T17:28:46.404173", "state": "completed", "project_id": 305, "id": 61608, "priority_0": 0.0}, {"info": {"url": "https://farm2.staticflickr.com/1544/25958905483_d67b782076.jpg", "url_m": "https://farm2.staticflickr.com/1544/25958905483_d67b782076_m.jpg", "link": "https://www.flickr.com/photos/115096994@N02/25958905483", "url_b": "https://farm2.staticflickr.com/1544/25958905483_d67b782076_b.jpg", "title": "Unprov_VariousKnife0017_Unprov_VariousKnife0018_fb"}, "n_answers": 3, "quorum": 0, "calibration": 0, "created": "2016-04-21T17:28:46.444281", "state": "completed", "project_id": 305, "id": 61609, "priority_0": 0.0}, {"info": {"url": "https://farm2.staticflickr.com/1631/25956842994_5072b89e0a.jpg", "url_m": "https://farm2.staticflickr.com/1631/25956842994_5072b89e0a_m.jpg", "link": "https://www.flickr.com/photos/115096994@N02/25956842994", "url_b": "https://farm2.staticflickr.com/1631/25956842994_5072b89e0a_b.jpg", "title": "Unprov_VariousKnife0019_Unprov_VariousKnife0020_fb"}, "n_answers": 3, "quorum": 0, "calibration": 0, "created": "2016-04-21T17:28:46.486134", "state": "completed", "project_id": 305, "id": 61610, "priority_0": 0.0}, {"info": {"url": "https://farm2.staticflickr.com/1582/26535826286_4f77c229f2.jpg", "url_m": "https://farm2.staticflickr.com/1582/26535826286_4f77c229f2_m.jpg", "link": "https://www.flickr.com/photos/115096994@N02/26535826286", "url_b": "https://farm2.staticflickr.com/1582/26535826286_4f77c229f2_b.jpg", "title": "Unprov_VariousKnife0021_Unprov_VariousKnife0022_fb"}, "n_answers": 3, "quorum": 0, "calibration": 0, "created": "2016-04-21T17:28:46.518309", "state": "completed", "project_id": 305, "id": 61611, "priority_0": 0.0}, {"info": {"url": "https://farm2.staticflickr.com/1538/26495758861_255c799b3e.jpg", "url_m": "https://farm2.staticflickr.com/1538/26495758861_255c799b3e_m.jpg", "link": "https://www.flickr.com/photos/115096994@N02/26495758861", "url_b": "https://farm2.staticflickr.com/1538/26495758861_255c799b3e_b.jpg", "title": "Unprov_VariousSickle0001_Unprov_VariousSickle0002_fb"}, "n_answers": 3, "quorum": 0, "calibration": 0, "created": "2016-04-21T17:28:46.551958", "state": "completed", "project_id": 305, "id": 61612, "priority_0": 0.0}, {"info": {"url": "https://farm2.staticflickr.com/1483/25956841134_cb26453b5b.jpg", "url_m": "https://farm2.staticflickr.com/1483/25956841134_cb26453b5b_m.jpg", "link": "https://www.flickr.com/photos/115096994@N02/25956841134", "url_b": "https://farm2.staticflickr.com/1483/25956841134_cb26453b5b_b.jpg", "title": "Unprov_VariousSickle0003_Unprov_VariousSickle0004_fb"}, "n_answers": 3, "quorum": 0, "calibration": 0, "created": "2016-04-21T17:28:46.585434", "state": "completed", "project_id": 305, "id": 61613, "priority_0": 0.0}, {"info": {"url": "https://farm2.staticflickr.com/1671/26288935560_162a628a13.jpg", "url_m": "https://farm2.staticflickr.com/1671/26288935560_162a628a13_m.jpg", "link": "https://www.flickr.com/photos/115096994@N02/26288935560", "url_b": "https://farm2.staticflickr.com/1671/26288935560_162a628a13_b.jpg", "title": "Unprov_VariousSickle0005_Unprov_VariousSickle0006_fb"}, "n_answers": 3, "quorum": 0, "calibration": 0, "created": "2016-04-21T17:28:46.628489", "state": "completed", "project_id": 305, "id": 61614, "priority_0": 0.0}, {"info": {"url": "https://farm2.staticflickr.com/1535/26535826296_f0a0162ea1.jpg", "url_m": "https://farm2.staticflickr.com/1535/26535826296_f0a0162ea1_m.jpg", "link": "https://www.flickr.com/photos/115096994@N02/26535826296", "url_b": "https://farm2.staticflickr.com/1535/26535826296_f0a0162ea1_b.jpg", "title": "Unprov_VariousSickle0007_Unprov_VariousSickle0008_fb"}, "n_answers": 3, "quorum": 0, "calibration": 0, "created": "2016-04-21T17:28:46.661146", "state": "completed", "project_id": 305, "id": 61615, "priority_0": 0.0}, {"info": {"url": "https://farm2.staticflickr.com/1480/26469499392_c622255843.jpg", "url_m": "https://farm2.staticflickr.com/1480/26469499392_c622255843_m.jpg", "link": "https://www.flickr.com/photos/115096994@N02/26469499392", "url_b": "https://farm2.staticflickr.com/1480/26469499392_c622255843_b.jpg", "title": "Unprov_VariousSickle0009_Unprov_VariousSickle0010_fb"}, "n_answers": 3, "quorum": 0, "calibration": 0, "created": "2016-04-21T17:28:46.694402", "state": "completed", "project_id": 305, "id": 61616, "priority_0": 0.0}, {"info": {"url": "https://farm2.staticflickr.com/1636/26469499382_1ffb9bb8c5.jpg", "url_m": "https://farm2.staticflickr.com/1636/26469499382_1ffb9bb8c5_m.jpg", "link": "https://www.flickr.com/photos/115096994@N02/26469499382", "url_b": "https://farm2.staticflickr.com/1636/26469499382_1ffb9bb8c5_b.jpg", "title": "Unprov_VariousSickle0011_Unprov_VariousSickle0012_fb"}, "n_answers": 3, "quorum": 0, "calibration": 0, "created": "2016-04-21T17:28:46.727791", "state": "completed", "project_id": 305, "id": 61617, "priority_0": 0.0}, {"info": {"url": "https://farm2.staticflickr.com/1648/25956839814_4ec23ef6fd.jpg", "url_m": "https://farm2.staticflickr.com/1648/25956839814_4ec23ef6fd_m.jpg", "link": "https://www.flickr.com/photos/115096994@N02/25956839814", "url_b": "https://farm2.staticflickr.com/1648/25956839814_4ec23ef6fd_b.jpg", "title": "Unprov_VariousSickle0013_Unprov_VariousSickle0014_fb"}, "n_answers": 3, "quorum": 0, "calibration": 0, "created": "2016-04-21T17:28:46.759807", "state": "completed", "project_id": 305, "id": 61618, "priority_0": 0.0}, {"info": {"url": "https://farm2.staticflickr.com/1666/26561841895_8dd850ca2c.jpg", "url_m": "https://farm2.staticflickr.com/1666/26561841895_8dd850ca2c_m.jpg", "link": "https://www.flickr.com/photos/115096994@N02/26561841895", "url_b": "https://farm2.staticflickr.com/1666/26561841895_8dd850ca2c_b.jpg", "title": "Unprov_VariousSickle0015_Unprov_VariousSickle0016_fb"}, "n_answers": 3, "quorum": 0, "calibration": 0, "created": "2016-04-21T17:28:46.793570", "state": "completed", "project_id": 305, "id": 61619, "priority_0": 0.0}, {"info": {"url": "https://farm2.staticflickr.com/1650/26469498912_8767ac90e8.jpg", "url_m": "https://farm2.staticflickr.com/1650/26469498912_8767ac90e8_m.jpg", "link": "https://www.flickr.com/photos/115096994@N02/26469498912", "url_b": "https://farm2.staticflickr.com/1650/26469498912_8767ac90e8_b.jpg", "title": "Unprov_VariousWingedAxe0001_Unprov_VariousWingedAxe0002_fb"}, "n_answers": 3, "quorum": 0, "calibration": 0, "created": "2016-04-21T17:28:46.827212", "state": "completed", "project_id": 305, "id": 61620, "priority_0": 0.0}, {"info": {"url": "https://farm2.staticflickr.com/1468/26495757661_e2453a4a67.jpg", "url_m": "https://farm2.staticflickr.com/1468/26495757661_e2453a4a67_m.jpg", "link": "https://www.flickr.com/photos/115096994@N02/26495757661", "url_b": "https://farm2.staticflickr.com/1468/26495757661_e2453a4a67_b.jpg", "title": "Unprov_VariousWingedAxe0003_Unprov_VariousWingedAxe0004_fb"}, "n_answers": 3, "quorum": 0, "calibration": 0, "created": "2016-04-21T17:28:46.860418", "state": "completed", "project_id": 305, "id": 61621, "priority_0": 0.0}, {"info": {"url": "https://farm2.staticflickr.com/1501/25956839004_321ba24931.jpg", "url_m": "https://farm2.staticflickr.com/1501/25956839004_321ba24931_m.jpg", "link": "https://www.flickr.com/photos/115096994@N02/25956839004", "url_b": "https://farm2.staticflickr.com/1501/25956839004_321ba24931_b.jpg", "title": "Unprov_VariousWingedAxe005_Unprov_VariousWingedAxe006_fb"}, "n_answers": 3, "quorum": 0, "calibration": 0, "created": "2016-04-21T17:28:46.893799", "state": "completed", "project_id": 305, "id": 61622, "priority_0": 0.0}, {"info": {"url": "https://farm2.staticflickr.com/1524/26469498782_656d6eb847.jpg", "url_m": "https://farm2.staticflickr.com/1524/26469498782_656d6eb847_m.jpg", "link": "https://www.flickr.com/photos/115096994@N02/26469498782", "url_b": "https://farm2.staticflickr.com/1524/26469498782_656d6eb847_b.jpg", "title": "Unprov_VariousWingedAxe007_Unprov_VariousWingedAxe008_fb"}, "n_answers": 3, "quorum": 0, "calibration": 0, "created": "2016-04-21T17:28:46.927852", "state": "completed", "project_id": 305, "id": 61623, "priority_0": 0.0}, {"info": {"url": "https://farm2.staticflickr.com/1546/26535824806_2a069f4806.jpg", "url_m": "https://farm2.staticflickr.com/1546/26535824806_2a069f4806_m.jpg", "link": "https://www.flickr.com/photos/115096994@N02/26535824806", "url_b": "https://farm2.staticflickr.com/1546/26535824806_2a069f4806_b.jpg", "title": "Unprov_VariousWingedAxe009_Unprov_VariousWingedAxe010_fb"}, "n_answers": 3, "quorum": 0, "calibration": 0, "created": "2016-04-21T17:28:46.960487", "state": "completed", "project_id": 305, "id": 61624, "priority_0": 0.0}, {"info": {"url": "https://farm2.staticflickr.com/1471/26469498002_12fe3b6f3f.jpg", "url_m": "https://farm2.staticflickr.com/1471/26469498002_12fe3b6f3f_m.jpg", "link": "https://www.flickr.com/photos/115096994@N02/26469498002", "url_b": "https://farm2.staticflickr.com/1471/26469498002_12fe3b6f3f_b.jpg", "title": "Unprov_VariousWingedAxe011_Unprov_VariousWingedAxe012_fb"}, "n_answers": 3, "quorum": 0, "calibration": 0, "created": "2016-04-21T17:28:46.993848", "state": "completed", "project_id": 305, "id": 61625, "priority_0": 0.0}, {"info": {"url": "https://farm2.staticflickr.com/1565/25956838934_773d93075d.jpg", "url_m": "https://farm2.staticflickr.com/1565/25956838934_773d93075d_m.jpg", "link": "https://www.flickr.com/photos/115096994@N02/25956838934", "url_b": "https://farm2.staticflickr.com/1565/25956838934_773d93075d_b.jpg", "title": "Unprov_VariousWingedAxe013_Unprov_VariousWingedAxe014_fb"}, "n_answers": 3, "quorum": 0, "calibration": 0, "created": "2016-04-21T17:28:47.027228", "state": "completed", "project_id": 305, "id": 61626, "priority_0": 0.0}, {"info": {"url": "https://farm2.staticflickr.com/1683/26495756621_94470ef355.jpg", "url_m": "https://farm2.staticflickr.com/1683/26495756621_94470ef355_m.jpg", "link": "https://www.flickr.com/photos/115096994@N02/26495756621", "url_b": "https://farm2.staticflickr.com/1683/26495756621_94470ef355_b.jpg", "title": "Unprov_VariousWingedAxe015_Unprov_VariousWingedAxe016_fb"}, "n_answers": 3, "quorum": 0, "calibration": 0, "created": "2016-04-21T17:28:47.060505", "state": "completed", "project_id": 305, "id": 61627, "priority_0": 0.0}, {"info": {"url": "https://farm2.staticflickr.com/1660/26561839675_a75336e0a9.jpg", "url_m": "https://farm2.staticflickr.com/1660/26561839675_a75336e0a9_m.jpg", "link": "https://www.flickr.com/photos/115096994@N02/26561839675", "url_b": "https://farm2.staticflickr.com/1660/26561839675_a75336e0a9_b.jpg", "title": "Unprov_VariousWingedAxe017_Unprov_VariousWingedAxe018_fb"}, "n_answers": 3, "quorum": 0, "calibration": 0, "created": "2016-04-21T17:28:47.094174", "state": "completed", "project_id": 305, "id": 61628, "priority_0": 0.0}, {"info": {"url": "https://farm2.staticflickr.com/1491/26469497442_112dbd2b96.jpg", "url_m": "https://farm2.staticflickr.com/1491/26469497442_112dbd2b96_m.jpg", "link": "https://www.flickr.com/photos/115096994@N02/26469497442", "url_b": "https://farm2.staticflickr.com/1491/26469497442_112dbd2b96_b.jpg", "title": "Unprov_VariousWingedAxe019_Unprov_VariousWingedAxe020_fb"}, "n_answers": 3, "quorum": 0, "calibration": 0, "created": "2016-04-21T17:28:47.127417", "state": "completed", "project_id": 305, "id": 61629, "priority_0": 0.0}, {"info": {"url": "https://farm2.staticflickr.com/1648/26561839495_9dec84d1c0.jpg", "url_m": "https://farm2.staticflickr.com/1648/26561839495_9dec84d1c0_m.jpg", "link": "https://www.flickr.com/photos/115096994@N02/26561839495", "url_b": "https://farm2.staticflickr.com/1648/26561839495_9dec84d1c0_b.jpg", "title": "Unprov_VariousWingedAxe021_Unprov_VariousWingedAxe022_fb"}, "n_answers": 3, "quorum": 0, "calibration": 0, "created": "2016-04-21T17:28:47.160777", "state": "completed", "project_id": 305, "id": 61630, "priority_0": 0.0}, {"info": {"url": "https://farm2.staticflickr.com/1624/25958902313_07c13fbd0d.jpg", "url_m": "https://farm2.staticflickr.com/1624/25958902313_07c13fbd0d_m.jpg", "link": "https://www.flickr.com/photos/115096994@N02/25958902313", "url_b": "https://farm2.staticflickr.com/1624/25958902313_07c13fbd0d_b.jpg", "title": "Unprov_VariousWingedAxe023_Unprov_VariousWingedAxe024_fb"}, "n_answers": 3, "quorum": 0, "calibration": 0, "created": "2016-04-21T17:28:47.193792", "state": "completed", "project_id": 305, "id": 61631, "priority_0": 0.0}, {"info": {"url": "https://farm2.staticflickr.com/1511/25958902253_8aa9bd1f43.jpg", "url_m": "https://farm2.staticflickr.com/1511/25958902253_8aa9bd1f43_m.jpg", "link": "https://www.flickr.com/photos/115096994@N02/25958902253", "url_b": "https://farm2.staticflickr.com/1511/25958902253_8aa9bd1f43_b.jpg", "title": "Unprov_VariousWingedAxe025_Unprov_VariousWingedAxe026_fb"}, "n_answers": 3, "quorum": 0, "calibration": 0, "created": "2016-04-21T17:28:47.227498", "state": "completed", "project_id": 305, "id": 61632, "priority_0": 0.0}, {"info": {"url": "https://farm2.staticflickr.com/1599/26288933010_b66fc472ac.jpg", "url_m": "https://farm2.staticflickr.com/1599/26288933010_b66fc472ac_m.jpg", "link": "https://www.flickr.com/photos/115096994@N02/26288933010", "url_b": "https://farm2.staticflickr.com/1599/26288933010_b66fc472ac_b.jpg", "title": "Unprov_VariousWingedAxe027_Unprov_VariousWingedAxe028_fb"}, "n_answers": 3, "quorum": 0, "calibration": 0, "created": "2016-04-21T17:28:47.260643", "state": "completed", "project_id": 305, "id": 61633, "priority_0": 0.0}, {"info": {"url": "https://farm2.staticflickr.com/1659/25956837414_49d7ef8a94.jpg", "url_m": "https://farm2.staticflickr.com/1659/25956837414_49d7ef8a94_m.jpg", "link": "https://www.flickr.com/photos/115096994@N02/25956837414", "url_b": "https://farm2.staticflickr.com/1659/25956837414_49d7ef8a94_b.jpg", "title": "Unprov_VariousWingedAxe029_Unprov_VariousWingedAxe030_fb"}, "n_answers": 3, "quorum": 0, "calibration": 0, "created": "2016-04-21T17:28:47.294794", "state": "completed", "project_id": 305, "id": 61634, "priority_0": 0.0}, {"info": {"url": "https://farm2.staticflickr.com/1539/26288932460_daf78dbec7.jpg", "url_m": "https://farm2.staticflickr.com/1539/26288932460_daf78dbec7_m.jpg", "link": "https://www.flickr.com/photos/115096994@N02/26288932460", "url_b": "https://farm2.staticflickr.com/1539/26288932460_daf78dbec7_b.jpg", "title": "UnprovIrish_Chisel0001_UnprovIrish_Chisel0002_fb"}, "n_answers": 3, "quorum": 0, "calibration": 0, "created": "2016-04-21T17:28:47.327789", "state": "completed", "project_id": 305, "id": 61635, "priority_0": 0.0}, {"info": {"url": "https://farm2.staticflickr.com/1455/26288932630_e539f7d131.jpg", "url_m": "https://farm2.staticflickr.com/1455/26288932630_e539f7d131_m.jpg", "link": "https://www.flickr.com/photos/115096994@N02/26288932630", "url_b": "https://farm2.staticflickr.com/1455/26288932630_e539f7d131_b.jpg", "title": "UnprovIrish_SocketedAxe0001_UnprovIrish_SocketedAxe0002_fb"}, "n_answers": 3, "quorum": 0, "calibration": 0, "created": "2016-04-21T17:28:47.361176", "state": "completed", "project_id": 305, "id": 61636, "priority_0": 0.0}, {"info": {"url": "https://farm2.staticflickr.com/1619/26469496282_56eac74bb4.jpg", "url_m": "https://farm2.staticflickr.com/1619/26469496282_56eac74bb4_m.jpg", "link": "https://www.flickr.com/photos/115096994@N02/26469496282", "url_b": "https://farm2.staticflickr.com/1619/26469496282_56eac74bb4_b.jpg", "title": "UnprovIrish_SocketedAxe0003_UnprovIrish_SocketedAxe0004_fb"}, "n_answers": 3, "quorum": 0, "calibration": 0, "created": "2016-04-21T17:28:47.394129", "state": "completed", "project_id": 305, "id": 61637, "priority_0": 0.0}, {"info": {"url": "https://farm2.staticflickr.com/1474/25958901303_f63990105b.jpg", "url_m": "https://farm2.staticflickr.com/1474/25958901303_f63990105b_m.jpg", "link": "https://www.flickr.com/photos/115096994@N02/25958901303", "url_b": "https://farm2.staticflickr.com/1474/25958901303_f63990105b_b.jpg", "title": "UnprovIrish_SocketedAxe0005_UnprovIrish_SocketedAxe0006_fb"}, "n_answers": 3, "quorum": 0, "calibration": 0, "created": "2016-04-21T17:28:47.427750", "state": "completed", "project_id": 305, "id": 61638, "priority_0": 0.0}, {"info": {"url": "https://farm2.staticflickr.com/1535/26535822366_2709476a17.jpg", "url_m": "https://farm2.staticflickr.com/1535/26535822366_2709476a17_m.jpg", "link": "https://www.flickr.com/photos/115096994@N02/26535822366", "url_b": "https://farm2.staticflickr.com/1535/26535822366_2709476a17_b.jpg", "title": "UnprovIrish_Spearhead0001_UnprovIrish_Spearhead0002_fb"}, "n_answers": 3, "quorum": 0, "calibration": 0, "created": "2016-04-21T17:28:47.460898", "state": "completed", "project_id": 305, "id": 61639, "priority_0": 0.0}, {"info": {"url": "https://farm2.staticflickr.com/1629/25956837014_1a94a548f1.jpg", "url_m": "https://farm2.staticflickr.com/1629/25956837014_1a94a548f1_m.jpg", "link": "https://www.flickr.com/photos/115096994@N02/25956837014", "url_b": "https://farm2.staticflickr.com/1629/25956837014_1a94a548f1_b.jpg", "title": "UnprovIrish_Spearhead0003_UnprovIrish_Spearhead0004_fb"}, "n_answers": 3, "quorum": 0, "calibration": 0, "created": "2016-04-21T17:28:47.494487", "state": "completed", "project_id": 305, "id": 61640, "priority_0": 0.0}, {"info": {"url": "https://farm2.staticflickr.com/1625/26535822046_a47c1c62fb.jpg", "url_m": "https://farm2.staticflickr.com/1625/26535822046_a47c1c62fb_m.jpg", "link": "https://www.flickr.com/photos/115096994@N02/26535822046", "url_b": "https://farm2.staticflickr.com/1625/26535822046_a47c1c62fb_b.jpg", "title": "UnprovIrish_Spearhead0005_UnprovIrish_Spearhead0006_fb"}, "n_answers": 3, "quorum": 0, "calibration": 0, "created": "2016-04-21T17:28:47.527398", "state": "completed", "project_id": 305, "id": 61641, "priority_0": 0.0}, {"info": {"url": "https://farm2.staticflickr.com/1484/26469495842_ab206a1a18.jpg", "url_m": "https://farm2.staticflickr.com/1484/26469495842_ab206a1a18_m.jpg", "link": "https://www.flickr.com/photos/115096994@N02/26469495842", "url_b": "https://farm2.staticflickr.com/1484/26469495842_ab206a1a18_b.jpg", "title": "UnprovSAL_FlangedAxe0001_UnprovSAL_FlangedAxe0002_fb"}, "n_answers": 3, "quorum": 0, "calibration": 0, "created": "2016-04-21T17:28:47.560715", "state": "completed", "project_id": 305, "id": 61642, "priority_0": 0.0}, {"info": {"url": "https://farm2.staticflickr.com/1664/26288931740_edd44945a0.jpg", "url_m": "https://farm2.staticflickr.com/1664/26288931740_edd44945a0_m.jpg", "link": "https://www.flickr.com/photos/115096994@N02/26288931740", "url_b": "https://farm2.staticflickr.com/1664/26288931740_edd44945a0_b.jpg", "title": "UnprovSAL_Palstave0001_UnprovSAL_Palstave0002_fb"}, "n_answers": 3, "quorum": 0, "calibration": 0, "created": "2016-04-21T17:28:47.594701", "state": "completed", "project_id": 305, "id": 61643, "priority_0": 0.0}, {"info": {"url": "https://farm2.staticflickr.com/1657/26495755181_0657fa92fc.jpg", "url_m": "https://farm2.staticflickr.com/1657/26495755181_0657fa92fc_m.jpg", "link": "https://www.flickr.com/photos/115096994@N02/26495755181", "url_b": "https://farm2.staticflickr.com/1657/26495755181_0657fa92fc_b.jpg", "title": "UnprovSAL_Palstave003_UnprovSAL_Palstave004_fb"}, "n_answers": 3, "quorum": 0, "calibration": 0, "created": "2016-04-21T17:28:47.627362", "state": "completed", "project_id": 305, "id": 61644, "priority_0": 0.0}, {"info": {"url": "https://farm2.staticflickr.com/1555/26288931580_a051347097.jpg", "url_m": "https://farm2.staticflickr.com/1555/26288931580_a051347097_m.jpg", "link": "https://www.flickr.com/photos/115096994@N02/26288931580", "url_b": "https://farm2.staticflickr.com/1555/26288931580_a051347097_b.jpg", "title": "UnprovSAL_Palstave005_UnprovSAL_Palstave006_fb"}, "n_answers": 3, "quorum": 0, "calibration": 0, "created": "2016-04-21T17:28:47.662291", "state": "completed", "project_id": 305, "id": 61645, "priority_0": 0.0}, {"info": {"url": "https://farm2.staticflickr.com/1540/26535821716_3915b619d5.jpg", "url_m": "https://farm2.staticflickr.com/1540/26535821716_3915b619d5_m.jpg", "link": "https://www.flickr.com/photos/115096994@N02/26535821716", "url_b": "https://farm2.staticflickr.com/1540/26535821716_3915b619d5_b.jpg", "title": "UnprovSAL_Palstave007_UnprovSAL_Palstave008_fb"}, "n_answers": 3, "quorum": 0, "calibration": 0, "created": "2016-04-21T17:28:47.694820", "state": "completed", "project_id": 305, "id": 61646, "priority_0": 0.0}, {"info": {"url": "https://farm2.staticflickr.com/1532/26495754551_0437f94434.jpg", "url_m": "https://farm2.staticflickr.com/1532/26495754551_0437f94434_m.jpg", "link": "https://www.flickr.com/photos/115096994@N02/26495754551", "url_b": "https://farm2.staticflickr.com/1532/26495754551_0437f94434_b.jpg", "title": "UnprovSAL_Palstave009_UnprovSAL_Palstave010_fb"}, "n_answers": 3, "quorum": 0, "calibration": 0, "created": "2016-04-21T17:28:47.727792", "state": "completed", "project_id": 305, "id": 61647, "priority_0": 0.0}, {"info": {"url": "https://farm2.staticflickr.com/1540/26495754161_c1dcae1b9c.jpg", "url_m": "https://farm2.staticflickr.com/1540/26495754161_c1dcae1b9c_m.jpg", "link": "https://www.flickr.com/photos/115096994@N02/26495754161", "url_b": "https://farm2.staticflickr.com/1540/26495754161_c1dcae1b9c_b.jpg", "title": "UnprovSAL_SocketedAxe0001_UnprovSAL_SocketedAxe0002_fb"}, "n_answers": 3, "quorum": 0, "calibration": 0, "created": "2016-04-21T17:28:47.761223", "state": "completed", "project_id": 305, "id": 61648, "priority_0": 0.0}, {"info": {"url": "https://farm2.staticflickr.com/1665/26288931390_8c93034aa2.jpg", "url_m": "https://farm2.staticflickr.com/1665/26288931390_8c93034aa2_m.jpg", "link": "https://www.flickr.com/photos/115096994@N02/26288931390", "url_b": "https://farm2.staticflickr.com/1665/26288931390_8c93034aa2_b.jpg", "title": "UnprovSAL_SocketedAxe0003_UnprovSAL_SocketedAxe0004_fb"}, "n_answers": 3, "quorum": 0, "calibration": 0, "created": "2016-04-21T17:28:47.794587", "state": "completed", "project_id": 305, "id": 61649, "priority_0": 0.0}, {"info": {"url": "https://farm2.staticflickr.com/1495/25956835984_5b6bd4469e.jpg", "url_m": "https://farm2.staticflickr.com/1495/25956835984_5b6bd4469e_m.jpg", "link": "https://www.flickr.com/photos/115096994@N02/25956835984", "url_b": "https://farm2.staticflickr.com/1495/25956835984_5b6bd4469e_b.jpg", "title": "UnprovSAL_SocketedAxe005_UnprovSAL_SocketedAxe006_fb"}, "n_answers": 3, "quorum": 0, "calibration": 0, "created": "2016-04-21T17:28:47.827919", "state": "completed", "project_id": 305, "id": 61650, "priority_0": 0.0}, {"info": {"url": "https://farm2.staticflickr.com/1676/26535821186_a8888e9ba9.jpg", "url_m": "https://farm2.staticflickr.com/1676/26535821186_a8888e9ba9_m.jpg", "link": "https://www.flickr.com/photos/115096994@N02/26535821186", "url_b": "https://farm2.staticflickr.com/1676/26535821186_a8888e9ba9_b.jpg", "title": "UnprovSAL_SocketedAxe007_UnprovSAL_SocketedAxe008_fb"}, "n_answers": 3, "quorum": 0, "calibration": 0, "created": "2016-04-21T17:28:47.861203", "state": "completed", "project_id": 305, "id": 61651, "priority_0": 0.0}, {"info": {"url": "https://farm2.staticflickr.com/1669/25956835534_785b8daffa.jpg", "url_m": "https://farm2.staticflickr.com/1669/25956835534_785b8daffa_m.jpg", "link": "https://www.flickr.com/photos/115096994@N02/25956835534", "url_b": "https://farm2.staticflickr.com/1669/25956835534_785b8daffa_b.jpg", "title": "UnprovSAL_WingedAxe0001_UnprovSAL_WingedAxe0002_fb"}, "n_answers": 3, "quorum": 0, "calibration": 0, "created": "2016-04-21T17:28:47.894742", "state": "completed", "project_id": 305, "id": 61652, "priority_0": 0.0}, {"info": {"url": "https://farm2.staticflickr.com/1495/26495753531_093bf82afd.jpg", "url_m": "https://farm2.staticflickr.com/1495/26495753531_093bf82afd_m.jpg", "link": "https://www.flickr.com/photos/115096994@N02/26495753531", "url_b": "https://farm2.staticflickr.com/1495/26495753531_093bf82afd_b.jpg", "title": "UnprovSouthamptonMus_FlangedAxe0001_UnprovSouthamptonMus_FlangedAxe0002_fb"}, "n_answers": 3, "quorum": 0, "calibration": 0, "created": "2016-04-21T17:28:47.928023", "state": "completed", "project_id": 305, "id": 61653, "priority_0": 0.0}, {"info": {"url": "https://farm2.staticflickr.com/1547/25958899993_1605cea92d.jpg", "url_m": "https://farm2.staticflickr.com/1547/25958899993_1605cea92d_m.jpg", "link": "https://www.flickr.com/photos/115096994@N02/25958899993", "url_b": "https://farm2.staticflickr.com/1547/25958899993_1605cea92d_b.jpg", "title": "WashfieldDevon_BronzeSheet0001_WashfieldDevon_BronzeSheet0002_fb"}, "n_answers": 3, "quorum": 0, "calibration": 0, "created": "2016-04-21T17:28:47.961355", "state": "completed", "project_id": 305, "id": 61654, "priority_0": 0.0}, {"info": {"url": "https://farm2.staticflickr.com/1694/26495753381_e16dbeda95.jpg", "url_m": "https://farm2.staticflickr.com/1694/26495753381_e16dbeda95_m.jpg", "link": "https://www.flickr.com/photos/115096994@N02/26495753381", "url_b": "https://farm2.staticflickr.com/1694/26495753381_e16dbeda95_b.jpg", "title": "WelshpoolPowys_CastFrags0001_WelshpoolPowys_CastFrags0002_fb"}, "n_answers": 3, "quorum": 0, "calibration": 0, "created": "2016-04-21T17:28:47.994523", "state": "completed", "project_id": 305, "id": 61655, "priority_0": 0.0}, {"info": {"url": "https://farm2.staticflickr.com/1692/26495753551_94e6a7acbe.jpg", "url_m": "https://farm2.staticflickr.com/1692/26495753551_94e6a7acbe_m.jpg", "link": "https://www.flickr.com/photos/115096994@N02/26495753551", "url_b": "https://farm2.staticflickr.com/1692/26495753551_94e6a7acbe_b.jpg", "title": "WeybridgeSurrey_Palstave0001_WeybridgeSurrey_Palstave0002_fb"}, "n_answers": 3, "quorum": 0, "calibration": 0, "created": "2016-04-21T17:28:48.028524", "state": "completed", "project_id": 305, "id": 61656, "priority_0": 0.0}, {"info": {"url": "https://farm2.staticflickr.com/1468/26561836625_79e9bf1a52.jpg", "url_m": "https://farm2.staticflickr.com/1468/26561836625_79e9bf1a52_m.jpg", "link": "https://www.flickr.com/photos/115096994@N02/26561836625", "url_b": "https://farm2.staticflickr.com/1468/26561836625_79e9bf1a52_b.jpg", "title": "Wigtons_TangedDagger0001_Wigtons_TangedDagger0002_fb"}, "n_answers": 3, "quorum": 0, "calibration": 0, "created": "2016-04-21T17:28:48.061460", "state": "completed", "project_id": 305, "id": 61657, "priority_0": 0.0}, {"info": {"url": "https://farm2.staticflickr.com/1442/25956834904_ca7d29d85a.jpg", "url_m": "https://farm2.staticflickr.com/1442/25956834904_ca7d29d85a_m.jpg", "link": "https://www.flickr.com/photos/115096994@N02/25956834904", "url_b": "https://farm2.staticflickr.com/1442/25956834904_ca7d29d85a_b.jpg", "title": "WilburtonCambs_CapTerminal0001_WilburtonCambs_CapTerminal0002_fb"}, "n_answers": 3, "quorum": 0, "calibration": 0, "created": "2016-04-21T17:28:48.094835", "state": "completed", "project_id": 305, "id": 61658, "priority_0": 0.0}, {"info": {"url": "https://farm2.staticflickr.com/1621/26469493992_1af870c909.jpg", "url_m": "https://farm2.staticflickr.com/1621/26469493992_1af870c909_m.jpg", "link": "https://www.flickr.com/photos/115096994@N02/26469493992", "url_b": "https://farm2.staticflickr.com/1621/26469493992_1af870c909_b.jpg", "title": "WilburtonCambs_Spearhead0001_WilburtonCambs_Spearhead0002_fb"}, "n_answers": 3, "quorum": 0, "calibration": 0, "created": "2016-04-21T17:28:48.128018", "state": "completed", "project_id": 305, "id": 61659, "priority_0": 0.0}, {"info": {"url": "https://farm2.staticflickr.com/1542/26288929750_41974cc5c2.jpg", "url_m": "https://farm2.staticflickr.com/1542/26288929750_41974cc5c2_m.jpg", "link": "https://www.flickr.com/photos/115096994@N02/26288929750", "url_b": "https://farm2.staticflickr.com/1542/26288929750_41974cc5c2_b.jpg", "title": "WilburtonCambs_StrapMount0001_WilburtonCambs_StrapMount0002_fb"}, "n_answers": 3, "quorum": 0, "calibration": 0, "created": "2016-04-21T17:28:48.161203", "state": "completed", "project_id": 305, "id": 61660, "priority_0": 0.0}, {"info": {"url": "https://farm2.staticflickr.com/1608/26495753071_b27f12da3f.jpg", "url_m": "https://farm2.staticflickr.com/1608/26495753071_b27f12da3f_m.jpg", "link": "https://www.flickr.com/photos/115096994@N02/26495753071", "url_b": "https://farm2.staticflickr.com/1608/26495753071_b27f12da3f_b.jpg", "title": "WilburtonCambs_StrapMount0003_WilburtonCambs_StrapMount0004_fb"}, "n_answers": 3, "quorum": 0, "calibration": 0, "created": "2016-04-21T17:28:48.194816", "state": "completed", "project_id": 305, "id": 61661, "priority_0": 0.0}, {"info": {"url": "https://farm2.staticflickr.com/1592/25958899273_926260dcaf.jpg", "url_m": "https://farm2.staticflickr.com/1592/25958899273_926260dcaf_m.jpg", "link": "https://www.flickr.com/photos/115096994@N02/25958899273", "url_b": "https://farm2.staticflickr.com/1592/25958899273_926260dcaf_b.jpg", "title": "WiltsBarrow_TangedDagger0001_WiltsBarrow_TangedDagger0002_fb"}, "n_answers": 3, "quorum": 0, "calibration": 0, "created": "2016-04-21T17:28:48.228169", "state": "completed", "project_id": 305, "id": 61662, "priority_0": 0.0}, {"info": {"url": "https://farm2.staticflickr.com/1682/26495752001_3376564969.jpg", "url_m": "https://farm2.staticflickr.com/1682/26495752001_3376564969_m.jpg", "link": "https://www.flickr.com/photos/115096994@N02/26495752001", "url_b": "https://farm2.staticflickr.com/1682/26495752001_3376564969_b.jpg", "title": "YaltendonBerks_BronzeSheet0001_YaltendonBerks_BronzeSheet0002_fb"}, "n_answers": 3, "quorum": 0, "calibration": 0, "created": "2016-04-21T17:28:48.261571", "state": "completed", "project_id": 305, "id": 61663, "priority_0": 0.0}, {"info": {"url": "https://farm2.staticflickr.com/1476/25956833714_7dc1dbeae3.jpg", "url_m": "https://farm2.staticflickr.com/1476/25956833714_7dc1dbeae3_m.jpg", "link": "https://www.flickr.com/photos/115096994@N02/25956833714", "url_b": "https://farm2.staticflickr.com/1476/25956833714_7dc1dbeae3_b.jpg", "title": "Yorks_AxeSocket0001_Yorks_AxeSocket0002_fb"}, "n_answers": 3, "quorum": 0, "calibration": 0, "created": "2016-04-21T17:28:48.295080", "state": "completed", "project_id": 305, "id": 61664, "priority_0": 0.0}]