[{"info": {"url": "https://farm6.staticflickr.com/5457/17493564860_b70d2f92db.jpg", "url_m": "https://farm6.staticflickr.com/5457/17493564860_b70d2f92db_m.jpg", "link": "https://www.flickr.com/photos/115096994@N02/17493564860", "url_b": "https://farm6.staticflickr.com/5457/17493564860_b70d2f92db_b.jpg", "title": "Antrim_SwordFrags0001_Antrim_SwordFrags0002_fb"}, "n_answers": 3, "quorum": 0, "calibration": 0, "created": "2015-05-15T14:02:55.522332", "state": "completed", "project_id": 203, "id": 38668, "priority_0": 0.0}, {"info": {"url": "https://farm6.staticflickr.com/5460/17681136895_796558c203.jpg", "url_m": "https://farm6.staticflickr.com/5460/17681136895_796558c203_m.jpg", "link": "https://www.flickr.com/photos/115096994@N02/17681136895", "url_b": "https://farm6.staticflickr.com/5460/17681136895_796558c203_b.jpg", "title": "Antrim_SwordFrags0003_Antrim_SwordFrags0004_fb"}, "n_answers": 3, "quorum": 0, "calibration": 0, "created": "2015-05-15T14:02:55.569956", "state": "completed", "project_id": 203, "id": 38669, "priority_0": 0.0}, {"info": {"url": "https://farm6.staticflickr.com/5339/17060793713_4cb2d75800.jpg", "url_m": "https://farm6.staticflickr.com/5339/17060793713_4cb2d75800_m.jpg", "link": "https://www.flickr.com/photos/115096994@N02/17060793713", "url_b": "https://farm6.staticflickr.com/5339/17060793713_4cb2d75800_b.jpg", "title": "Antrim_SwordIIIc0001_Antrim_SwordIIIc0002_fb"}, "n_answers": 3, "quorum": 0, "calibration": 0, "created": "2015-05-15T14:02:55.597456", "state": "completed", "project_id": 203, "id": 38670, "priority_0": 0.0}, {"info": {"url": "https://farm9.staticflickr.com/8896/17060791303_71f11c1340.jpg", "url_m": "https://farm9.staticflickr.com/8896/17060791303_71f11c1340_m.jpg", "link": "https://www.flickr.com/photos/115096994@N02/17060791303", "url_b": "https://farm9.staticflickr.com/8896/17060791303_71f11c1340_b.jpg", "title": "Antrim_SwordIVa0001_Antrim_SwordIVa0002_fb"}, "n_answers": 3, "quorum": 0, "calibration": 0, "created": "2015-05-15T14:02:55.626273", "state": "completed", "project_id": 203, "id": 38671, "priority_0": 0.0}, {"info": {"url": "https://farm6.staticflickr.com/5350/17654798016_d0ac2d0dc3.jpg", "url_m": "https://farm6.staticflickr.com/5350/17654798016_d0ac2d0dc3_m.jpg", "link": "https://www.flickr.com/photos/115096994@N02/17654798016", "url_b": "https://farm6.staticflickr.com/5350/17654798016_d0ac2d0dc3_b.jpg", "title": "Antrim_SwordIVa0003_Antrim_SwordIVa0004_fb"}, "n_answers": 3, "quorum": 0, "calibration": 0, "created": "2015-05-15T14:02:55.655150", "state": "completed", "project_id": 203, "id": 38672, "priority_0": 0.0}, {"info": {"url": "https://farm6.staticflickr.com/5346/17654796986_472eda0f6d.jpg", "url_m": "https://farm6.staticflickr.com/5346/17654796986_472eda0f6d_m.jpg", "link": "https://www.flickr.com/photos/115096994@N02/17654796986", "url_b": "https://farm6.staticflickr.com/5346/17654796986_472eda0f6d_b.jpg", "title": "Antrim_SwordIVa0005_Antrim_SwordIVa0006_fb"}, "n_answers": 3, "quorum": 0, "calibration": 0, "created": "2015-05-15T14:02:55.684440", "state": "completed", "project_id": 203, "id": 38673, "priority_0": 0.0}, {"info": {"url": "https://farm8.staticflickr.com/7751/17493295208_b38389c199.jpg", "url_m": "https://farm8.staticflickr.com/7751/17493295208_b38389c199_m.jpg", "link": "https://www.flickr.com/photos/115096994@N02/17493295208", "url_b": "https://farm8.staticflickr.com/7751/17493295208_b38389c199_b.jpg", "title": "Antrim_SwordIVa0007_Antrim_SwordIVa0008_fb"}, "n_answers": 3, "quorum": 0, "calibration": 0, "created": "2015-05-15T14:02:55.718252", "state": "completed", "project_id": 203, "id": 38674, "priority_0": 0.0}, {"info": {"url": "https://farm9.staticflickr.com/8757/17678648642_ce2127d2eb.jpg", "url_m": "https://farm9.staticflickr.com/8757/17678648642_ce2127d2eb_m.jpg", "link": "https://www.flickr.com/photos/115096994@N02/17678648642", "url_b": "https://farm9.staticflickr.com/8757/17678648642_ce2127d2eb_b.jpg", "title": "Antrim_SwordPommel0001_Antrim_SwordPommel0002_fb"}, "n_answers": 3, "quorum": 0, "calibration": 0, "created": "2015-05-15T14:02:55.754430", "state": "completed", "project_id": 203, "id": 38675, "priority_0": 0.0}, {"info": {"url": "https://farm9.staticflickr.com/8731/17654793766_7e84ac1fa2.jpg", "url_m": "https://farm9.staticflickr.com/8731/17654793766_7e84ac1fa2_m.jpg", "link": "https://www.flickr.com/photos/115096994@N02/17654793766", "url_b": "https://farm9.staticflickr.com/8731/17654793766_7e84ac1fa2_b.jpg", "title": "Antrim_SwordVI0001_Antrim_SwordVI0002_fb"}, "n_answers": 3, "quorum": 0, "calibration": 0, "created": "2015-05-15T14:02:55.780264", "state": "completed", "project_id": 203, "id": 38676, "priority_0": 0.0}, {"info": {"url": "https://farm6.staticflickr.com/5465/17681127495_14cb2319f0.jpg", "url_m": "https://farm6.staticflickr.com/5465/17681127495_14cb2319f0_m.jpg", "link": "https://www.flickr.com/photos/115096994@N02/17681127495", "url_b": "https://farm6.staticflickr.com/5465/17681127495_14cb2319f0_b.jpg", "title": "Carlow_Sword0001_Carlow_Sword0002_fb"}, "n_answers": 3, "quorum": 0, "calibration": 0, "created": "2015-05-15T14:02:55.805353", "state": "completed", "project_id": 203, "id": 38677, "priority_0": 0.0}, {"info": {"url": "https://farm8.staticflickr.com/7788/17060784323_0b7437295a.jpg", "url_m": "https://farm8.staticflickr.com/7788/17060784323_0b7437295a_m.jpg", "link": "https://www.flickr.com/photos/115096994@N02/17060784323", "url_b": "https://farm8.staticflickr.com/7788/17060784323_0b7437295a_b.jpg", "title": "Cavan_SwordIIIc0001_Cavan_SwordIIIc0002_fb"}, "n_answers": 3, "quorum": 0, "calibration": 0, "created": "2015-05-15T14:02:55.830313", "state": "completed", "project_id": 203, "id": 38678, "priority_0": 0.0}, {"info": {"url": "https://farm9.staticflickr.com/8816/17493551180_76c31906da.jpg", "url_m": "https://farm9.staticflickr.com/8816/17493551180_76c31906da_m.jpg", "link": "https://www.flickr.com/photos/115096994@N02/17493551180", "url_b": "https://farm9.staticflickr.com/8816/17493551180_76c31906da_b.jpg", "title": "Clough_SwordIVa0001_Clough_SwordIVa0002_fb"}, "n_answers": 3, "quorum": 0, "calibration": 0, "created": "2015-05-15T14:02:55.854757", "state": "completed", "project_id": 203, "id": 38679, "priority_0": 0.0}, {"info": {"url": "https://farm6.staticflickr.com/5446/17058606724_77a42c03ce.jpg", "url_m": "https://farm6.staticflickr.com/5446/17058606724_77a42c03ce_m.jpg", "link": "https://www.flickr.com/photos/115096994@N02/17058606724", "url_b": "https://farm6.staticflickr.com/5446/17058606724_77a42c03ce_b.jpg", "title": "Cork_ReusedSwordBlade0001_Cork_ReusedSwordBlade0002_fb"}, "n_answers": 3, "quorum": 0, "calibration": 0, "created": "2015-05-15T14:02:55.879575", "state": "completed", "project_id": 203, "id": 38680, "priority_0": 0.0}, {"info": {"url": "https://farm8.staticflickr.com/7767/17654787096_182ff2a916.jpg", "url_m": "https://farm8.staticflickr.com/7767/17654787096_182ff2a916_m.jpg", "link": "https://www.flickr.com/photos/115096994@N02/17654787096", "url_b": "https://farm8.staticflickr.com/7767/17654787096_182ff2a916_b.jpg", "title": "Cork_SwordIVa0001_Cork_SwordIVa0002_fb"}, "n_answers": 3, "quorum": 0, "calibration": 0, "created": "2015-05-15T14:02:55.904689", "state": "completed", "project_id": 203, "id": 38681, "priority_0": 0.0}, {"info": {"url": "https://farm6.staticflickr.com/5448/17681119425_79bba448e5.jpg", "url_m": "https://farm6.staticflickr.com/5448/17681119425_79bba448e5_m.jpg", "link": "https://www.flickr.com/photos/115096994@N02/17681119425", "url_b": "https://farm6.staticflickr.com/5448/17681119425_79bba448e5_b.jpg", "title": "Derry_SwordIVa0001_Derry_SwordIVa0002_fb"}, "n_answers": 3, "quorum": 0, "calibration": 0, "created": "2015-05-15T14:02:55.929824", "state": "completed", "project_id": 203, "id": 38682, "priority_0": 0.0}, {"info": {"url": "https://farm8.staticflickr.com/7790/17654783516_783d771aa4.jpg", "url_m": "https://farm8.staticflickr.com/7790/17654783516_783d771aa4_m.jpg", "link": "https://www.flickr.com/photos/115096994@N02/17654783516", "url_b": "https://farm8.staticflickr.com/7790/17654783516_783d771aa4_b.jpg", "title": "Donegal_SwordIIIc0001_Donegal_SwordIIIc0002_fb"}, "n_answers": 3, "quorum": 0, "calibration": 0, "created": "2015-05-15T14:02:55.954759", "state": "completed", "project_id": 203, "id": 38683, "priority_0": 0.0}, {"info": {"url": "https://farm6.staticflickr.com/5446/17058601034_246c0ef4e5.jpg", "url_m": "https://farm6.staticflickr.com/5446/17058601034_246c0ef4e5_m.jpg", "link": "https://www.flickr.com/photos/115096994@N02/17058601034", "url_b": "https://farm6.staticflickr.com/5446/17058601034_246c0ef4e5_b.jpg", "title": "Donegal_SwordIIIc0003_Donegal_SwordIIIc0004_fb"}, "n_answers": 3, "quorum": 0, "calibration": 0, "created": "2015-05-15T14:02:55.979874", "state": "completed", "project_id": 203, "id": 38684, "priority_0": 0.0}, {"info": {"url": "https://farm6.staticflickr.com/5460/17060771393_f7a62422e0.jpg", "url_m": "https://farm6.staticflickr.com/5460/17060771393_f7a62422e0_m.jpg", "link": "https://www.flickr.com/photos/115096994@N02/17060771393", "url_b": "https://farm6.staticflickr.com/5460/17060771393_f7a62422e0_b.jpg", "title": "Donegal_SwordIVa0001_Donegal_SwordIVa0002_fb"}, "n_answers": 3, "quorum": 0, "calibration": 0, "created": "2015-05-15T14:02:56.005193", "state": "completed", "project_id": 203, "id": 38685, "priority_0": 0.0}, {"info": {"url": "https://farm6.staticflickr.com/5321/17060769983_d176b83b4a.jpg", "url_m": "https://farm6.staticflickr.com/5321/17060769983_d176b83b4a_m.jpg", "link": "https://www.flickr.com/photos/115096994@N02/17060769983", "url_b": "https://farm6.staticflickr.com/5321/17060769983_d176b83b4a_b.jpg", "title": "Down_SwordIIIc0001_Down_SwordIIIc0002_fb"}, "n_answers": 3, "quorum": 0, "calibration": 0, "created": "2015-05-15T14:02:56.029865", "state": "completed", "project_id": 203, "id": 38686, "priority_0": 0.0}, {"info": {"url": "https://farm6.staticflickr.com/5348/17494817559_92103505b1.jpg", "url_m": "https://farm6.staticflickr.com/5348/17494817559_92103505b1_m.jpg", "link": "https://www.flickr.com/photos/115096994@N02/17494817559", "url_b": "https://farm6.staticflickr.com/5348/17494817559_92103505b1_b.jpg", "title": "Fermanagh_SwordIIc0001_Fermanagh_SwordIIc0002_fb"}, "n_answers": 3, "quorum": 0, "calibration": 0, "created": "2015-05-15T14:02:56.054962", "state": "completed", "project_id": 203, "id": 38687, "priority_0": 0.0}, {"info": {"url": "https://farm8.staticflickr.com/7715/17681285291_b3bc28cbff.jpg", "url_m": "https://farm8.staticflickr.com/7715/17681285291_b3bc28cbff_m.jpg", "link": "https://www.flickr.com/photos/115096994@N02/17681285291", "url_b": "https://farm8.staticflickr.com/7715/17681285291_b3bc28cbff_b.jpg", "title": "Fermanagh_SwordIVa0001_Fermanagh_SwordIVa0002_fb"}, "n_answers": 3, "quorum": 0, "calibration": 0, "created": "2015-05-15T14:02:56.079883", "state": "completed", "project_id": 203, "id": 38688, "priority_0": 0.0}, {"info": {"url": "https://farm8.staticflickr.com/7656/17681284661_1d7b216f0c.jpg", "url_m": "https://farm8.staticflickr.com/7656/17681284661_1d7b216f0c_m.jpg", "link": "https://www.flickr.com/photos/115096994@N02/17681284661", "url_b": "https://farm8.staticflickr.com/7656/17681284661_1d7b216f0c_b.jpg", "title": "Galway_Sword0001_Galway_Sword0002_fb"}, "n_answers": 3, "quorum": 0, "calibration": 0, "created": "2015-05-15T14:02:56.104988", "state": "completed", "project_id": 203, "id": 38689, "priority_0": 0.0}, {"info": {"url": "https://farm8.staticflickr.com/7757/17678628422_23c8ab75be.jpg", "url_m": "https://farm8.staticflickr.com/7757/17678628422_23c8ab75be_m.jpg", "link": "https://www.flickr.com/photos/115096994@N02/17678628422", "url_b": "https://farm8.staticflickr.com/7757/17678628422_23c8ab75be_b.jpg", "title": "Galway_SwordIIIb0001_Galway_SwordIIIb0002_fb"}, "n_answers": 3, "quorum": 0, "calibration": 0, "created": "2015-05-15T14:02:56.129970", "state": "completed", "project_id": 203, "id": 38690, "priority_0": 0.0}, {"info": {"url": "https://farm6.staticflickr.com/5350/17654772816_8613082a35.jpg", "url_m": "https://farm6.staticflickr.com/5350/17654772816_8613082a35_m.jpg", "link": "https://www.flickr.com/photos/115096994@N02/17654772816", "url_b": "https://farm6.staticflickr.com/5350/17654772816_8613082a35_b.jpg", "title": "Galway_SwordIIIc0001_Galway_SwordIIIc0002_fb"}, "n_answers": 3, "quorum": 0, "calibration": 0, "created": "2015-05-15T14:02:56.154954", "state": "completed", "project_id": 203, "id": 38691, "priority_0": 0.0}, {"info": {"url": "https://farm9.staticflickr.com/8825/17494812599_08b1a3759c.jpg", "url_m": "https://farm9.staticflickr.com/8825/17494812599_08b1a3759c_m.jpg", "link": "https://www.flickr.com/photos/115096994@N02/17494812599", "url_b": "https://farm9.staticflickr.com/8825/17494812599_08b1a3759c_b.jpg", "title": "Galway_SwordIIIc0003_Galway_SwordIIIc0004_fb"}, "n_answers": 3, "quorum": 0, "calibration": 0, "created": "2015-05-15T14:02:56.179945", "state": "completed", "project_id": 203, "id": 38692, "priority_0": 0.0}, {"info": {"url": "https://farm8.staticflickr.com/7747/17060760143_8290846d26.jpg", "url_m": "https://farm8.staticflickr.com/7747/17060760143_8290846d26_m.jpg", "link": "https://www.flickr.com/photos/115096994@N02/17060760143", "url_b": "https://farm8.staticflickr.com/7747/17060760143_8290846d26_b.jpg", "title": "Galway_SwordIVa0001_Galway_SwordIVa0002_fb"}, "n_answers": 3, "quorum": 0, "calibration": 0, "created": "2015-05-15T14:02:56.204934", "state": "completed", "project_id": 203, "id": 38693, "priority_0": 0.0}, {"info": {"url": "https://farm9.staticflickr.com/8837/17493266878_e7601e9bd9.jpg", "url_m": "https://farm9.staticflickr.com/8837/17493266878_e7601e9bd9_m.jpg", "link": "https://www.flickr.com/photos/115096994@N02/17493266878", "url_b": "https://farm9.staticflickr.com/8837/17493266878_e7601e9bd9_b.jpg", "title": "Galway_SwordIVa0003_Galway_SwordIVa0004_fb"}, "n_answers": 3, "quorum": 0, "calibration": 0, "created": "2015-05-15T14:02:56.230043", "state": "completed", "project_id": 203, "id": 38694, "priority_0": 0.0}, {"info": {"url": "https://farm9.staticflickr.com/8750/17681277081_267e8419e4.jpg", "url_m": "https://farm9.staticflickr.com/8750/17681277081_267e8419e4_m.jpg", "link": "https://www.flickr.com/photos/115096994@N02/17681277081", "url_b": "https://farm9.staticflickr.com/8750/17681277081_267e8419e4_b.jpg", "title": "IrishUnprov_ReusedSwordBlade0001_IrishUnprov_ReusedSwordBlade0002_fb"}, "n_answers": 3, "quorum": 0, "calibration": 0, "created": "2015-05-15T14:02:56.255407", "state": "completed", "project_id": 203, "id": 38695, "priority_0": 0.0}, {"info": {"url": "https://farm6.staticflickr.com/5445/17681276091_c20966d85f.jpg", "url_m": "https://farm6.staticflickr.com/5445/17681276091_c20966d85f_m.jpg", "link": "https://www.flickr.com/photos/115096994@N02/17681276091", "url_b": "https://farm6.staticflickr.com/5445/17681276091_c20966d85f_b.jpg", "title": "IrishUnprov_Sword0001_IrishUnprov_Sword0002_fb"}, "n_answers": 3, "quorum": 0, "calibration": 0, "created": "2015-05-15T14:02:56.280001", "state": "completed", "project_id": 203, "id": 38696, "priority_0": 0.0}, {"info": {"url": "https://farm6.staticflickr.com/5448/17681274831_5b38237da8.jpg", "url_m": "https://farm6.staticflickr.com/5448/17681274831_5b38237da8_m.jpg", "link": "https://www.flickr.com/photos/115096994@N02/17681274831", "url_b": "https://farm6.staticflickr.com/5448/17681274831_5b38237da8_b.jpg", "title": "IrishUnprov_SwordForgery0001_IrishUnprov_SwordForgery0002_fb"}, "n_answers": 3, "quorum": 0, "calibration": 0, "created": "2015-05-15T14:02:56.305210", "state": "completed", "project_id": 203, "id": 38697, "priority_0": 0.0}, {"info": {"url": "https://farm6.staticflickr.com/5452/17058581154_1a6521b369.jpg", "url_m": "https://farm6.staticflickr.com/5452/17058581154_1a6521b369_m.jpg", "link": "https://www.flickr.com/photos/115096994@N02/17058581154", "url_b": "https://farm6.staticflickr.com/5452/17058581154_1a6521b369_b.jpg", "title": "IrishUnprov_SwordFrags0001_IrishUnprov_SwordFrags0002_fb"}, "n_answers": 3, "quorum": 0, "calibration": 0, "created": "2015-05-15T14:02:56.330197", "state": "completed", "project_id": 203, "id": 38698, "priority_0": 0.0}, {"info": {"url": "https://farm6.staticflickr.com/5330/17681271691_43db7e8959.jpg", "url_m": "https://farm6.staticflickr.com/5330/17681271691_43db7e8959_m.jpg", "link": "https://www.flickr.com/photos/115096994@N02/17681271691", "url_b": "https://farm6.staticflickr.com/5330/17681271691_43db7e8959_b.jpg", "title": "IrishUnprov_SwordIIIc0001_IrishUnprov_SwordIIIc0002_fb"}, "n_answers": 3, "quorum": 0, "calibration": 0, "created": "2015-05-15T14:02:56.355057", "state": "completed", "project_id": 203, "id": 38699, "priority_0": 0.0}, {"info": {"url": "https://farm8.staticflickr.com/7734/17494801289_85f6d1375c.jpg", "url_m": "https://farm8.staticflickr.com/7734/17494801289_85f6d1375c_m.jpg", "link": "https://www.flickr.com/photos/115096994@N02/17494801289", "url_b": "https://farm8.staticflickr.com/7734/17494801289_85f6d1375c_b.jpg", "title": "IrishUnprov_SwordIIIc0003_IrishUnprov_SwordIIIc0004_fb"}, "n_answers": 3, "quorum": 0, "calibration": 0, "created": "2015-05-15T14:02:56.380011", "state": "completed", "project_id": 203, "id": 38700, "priority_0": 0.0}, {"info": {"url": "https://farm6.staticflickr.com/5467/17493519320_021ef3ff4c.jpg", "url_m": "https://farm6.staticflickr.com/5467/17493519320_021ef3ff4c_m.jpg", "link": "https://www.flickr.com/photos/115096994@N02/17493519320", "url_b": "https://farm6.staticflickr.com/5467/17493519320_021ef3ff4c_b.jpg", "title": "IrishUnprov_SwordIIIc0005_IrishUnprov_SwordIIIc0006_fb"}, "n_answers": 3, "quorum": 0, "calibration": 0, "created": "2015-05-15T14:02:56.405214", "state": "completed", "project_id": 203, "id": 38701, "priority_0": 0.0}, {"info": {"url": "https://farm8.staticflickr.com/7794/17058576514_db4edc75e5.jpg", "url_m": "https://farm8.staticflickr.com/7794/17058576514_db4edc75e5_m.jpg", "link": "https://www.flickr.com/photos/115096994@N02/17058576514", "url_b": "https://farm8.staticflickr.com/7794/17058576514_db4edc75e5_b.jpg", "title": "IrishUnprov_SwordIIIc0007_IrishUnprov_SwordIIIc0008_fb"}, "n_answers": 3, "quorum": 0, "calibration": 0, "created": "2015-05-15T14:02:56.430211", "state": "completed", "project_id": 203, "id": 38702, "priority_0": 0.0}, {"info": {"url": "https://farm6.staticflickr.com/5443/17494798299_4329fb1a2f.jpg", "url_m": "https://farm6.staticflickr.com/5443/17494798299_4329fb1a2f_m.jpg", "link": "https://www.flickr.com/photos/115096994@N02/17494798299", "url_b": "https://farm6.staticflickr.com/5443/17494798299_4329fb1a2f_b.jpg", "title": "IrishUnprov_SwordIVa0001_IrishUnprov_SwordIVa0002_fb"}, "n_answers": 3, "quorum": 0, "calibration": 0, "created": "2015-05-15T14:02:56.455075", "state": "completed", "project_id": 203, "id": 38703, "priority_0": 0.0}, {"info": {"url": "https://farm6.staticflickr.com/5343/17493516690_db0dd58b7b.jpg", "url_m": "https://farm6.staticflickr.com/5343/17493516690_db0dd58b7b_m.jpg", "link": "https://www.flickr.com/photos/115096994@N02/17493516690", "url_b": "https://farm6.staticflickr.com/5343/17493516690_db0dd58b7b_b.jpg", "title": "IrishUnprov_SwordIVa0003_IrishUnprov_SwordIVa0004_fb"}, "n_answers": 3, "quorum": 0, "calibration": 0, "created": "2015-05-15T14:02:56.480357", "state": "completed", "project_id": 203, "id": 38704, "priority_0": 0.0}, {"info": {"url": "https://farm8.staticflickr.com/7758/17681089965_704473d528.jpg", "url_m": "https://farm8.staticflickr.com/7758/17681089965_704473d528_m.jpg", "link": "https://www.flickr.com/photos/115096994@N02/17681089965", "url_b": "https://farm8.staticflickr.com/7758/17681089965_704473d528_b.jpg", "title": "IrishUnprov_SwordIVa0005_IrishUnprov_SwordIVa0006_fb"}, "n_answers": 3, "quorum": 0, "calibration": 0, "created": "2015-05-15T14:02:56.505648", "state": "completed", "project_id": 203, "id": 38705, "priority_0": 0.0}, {"info": {"url": "https://farm6.staticflickr.com/5331/17681086745_5b11dbf737.jpg", "url_m": "https://farm6.staticflickr.com/5331/17681086745_5b11dbf737_m.jpg", "link": "https://www.flickr.com/photos/115096994@N02/17681086745", "url_b": "https://farm6.staticflickr.com/5331/17681086745_5b11dbf737_b.jpg", "title": "IrishUnprov_SwordIVa0007_IrishUnprov_SwordIVa0008_fb"}, "n_answers": 3, "quorum": 0, "calibration": 0, "created": "2015-05-15T14:02:56.530269", "state": "completed", "project_id": 203, "id": 38706, "priority_0": 0.0}, {"info": {"url": "https://farm6.staticflickr.com/5456/17058569444_843bef2eef.jpg", "url_m": "https://farm6.staticflickr.com/5456/17058569444_843bef2eef_m.jpg", "link": "https://www.flickr.com/photos/115096994@N02/17058569444", "url_b": "https://farm6.staticflickr.com/5456/17058569444_843bef2eef_b.jpg", "title": "IrishUnprov_SwordIVa0009_IrishUnprov_SwordIVa0010_fb"}, "n_answers": 3, "quorum": 0, "calibration": 0, "created": "2015-05-15T14:02:56.555270", "state": "completed", "project_id": 203, "id": 38707, "priority_0": 0.0}, {"info": {"url": "https://farm6.staticflickr.com/5443/17060740133_b088ab6067.jpg", "url_m": "https://farm6.staticflickr.com/5443/17060740133_b088ab6067_m.jpg", "link": "https://www.flickr.com/photos/115096994@N02/17060740133", "url_b": "https://farm6.staticflickr.com/5443/17060740133_b088ab6067_b.jpg", "title": "IrishUnprov_SwordIVa0011_IrishUnprov_SwordIVa0012_fb"}, "n_answers": 3, "quorum": 0, "calibration": 0, "created": "2015-05-15T14:02:56.580089", "state": "completed", "project_id": 203, "id": 38708, "priority_0": 0.0}, {"info": {"url": "https://farm9.staticflickr.com/8818/17058567184_5a63030d71.jpg", "url_m": "https://farm9.staticflickr.com/8818/17058567184_5a63030d71_m.jpg", "link": "https://www.flickr.com/photos/115096994@N02/17058567184", "url_b": "https://farm9.staticflickr.com/8818/17058567184_5a63030d71_b.jpg", "title": "IrishUnprov_SwordIVa0013_IrishUnprov_SwordIVa0014_fb"}, "n_answers": 3, "quorum": 0, "calibration": 0, "created": "2015-05-15T14:02:56.605431", "state": "completed", "project_id": 203, "id": 38709, "priority_0": 0.0}, {"info": {"url": "https://farm9.staticflickr.com/8732/17678601972_d48c4428c4.jpg", "url_m": "https://farm9.staticflickr.com/8732/17678601972_d48c4428c4_m.jpg", "link": "https://www.flickr.com/photos/115096994@N02/17678601972", "url_b": "https://farm9.staticflickr.com/8732/17678601972_d48c4428c4_b.jpg", "title": "IrishUnprov_SwordIVa0015_IrishUnprov_SwordIVa0016_fb"}, "n_answers": 3, "quorum": 0, "calibration": 0, "created": "2015-05-15T14:02:56.630265", "state": "completed", "project_id": 203, "id": 38710, "priority_0": 0.0}, {"info": {"url": "https://farm6.staticflickr.com/5445/17681256031_2d9613461b.jpg", "url_m": "https://farm6.staticflickr.com/5445/17681256031_2d9613461b_m.jpg", "link": "https://www.flickr.com/photos/115096994@N02/17681256031", "url_b": "https://farm6.staticflickr.com/5445/17681256031_2d9613461b_b.jpg", "title": "IrishUnprov_SwordIVa0017_IrishUnprov_SwordIVa0018_fb"}, "n_answers": 3, "quorum": 0, "calibration": 0, "created": "2015-05-15T14:02:56.655405", "state": "completed", "project_id": 203, "id": 38711, "priority_0": 0.0}, {"info": {"url": "https://farm6.staticflickr.com/5348/17654744116_396a6c451e.jpg", "url_m": "https://farm6.staticflickr.com/5348/17654744116_396a6c451e_m.jpg", "link": "https://www.flickr.com/photos/115096994@N02/17654744116", "url_b": "https://farm6.staticflickr.com/5348/17654744116_396a6c451e_b.jpg", "title": "IrishUnprov_SwordIVa0019_IrishUnprov_SwordIVa0020_fb"}, "n_answers": 3, "quorum": 0, "calibration": 0, "created": "2015-05-15T14:02:56.680392", "state": "completed", "project_id": 203, "id": 38712, "priority_0": 0.0}, {"info": {"url": "https://farm8.staticflickr.com/7712/17493242938_bfd92a8fe6.jpg", "url_m": "https://farm8.staticflickr.com/7712/17493242938_bfd92a8fe6_m.jpg", "link": "https://www.flickr.com/photos/115096994@N02/17493242938", "url_b": "https://farm8.staticflickr.com/7712/17493242938_bfd92a8fe6_b.jpg", "title": "IrishUnprov_SwordIVa0021_IrishUnprov_SwordIVa0022_fb"}, "n_answers": 3, "quorum": 0, "calibration": 0, "created": "2015-05-15T14:02:56.705362", "state": "completed", "project_id": 203, "id": 38713, "priority_0": 0.0}, {"info": {"url": "https://farm6.staticflickr.com/5330/17060732223_f8ea56e7b7.jpg", "url_m": "https://farm6.staticflickr.com/5330/17060732223_f8ea56e7b7_m.jpg", "link": "https://www.flickr.com/photos/115096994@N02/17060732223", "url_b": "https://farm6.staticflickr.com/5330/17060732223_f8ea56e7b7_b.jpg", "title": "IrishUnprov_SwordIVa0023_IrishUnprov_SwordIVa0024_fb"}, "n_answers": 3, "quorum": 0, "calibration": 0, "created": "2015-05-15T14:02:56.730338", "state": "completed", "project_id": 203, "id": 38714, "priority_0": 0.0}, {"info": {"url": "https://farm9.staticflickr.com/8756/17494781399_1caf128043.jpg", "url_m": "https://farm9.staticflickr.com/8756/17494781399_1caf128043_m.jpg", "link": "https://www.flickr.com/photos/115096994@N02/17494781399", "url_b": "https://farm9.staticflickr.com/8756/17494781399_1caf128043_b.jpg", "title": "IrishUnprov_SwordIVa0025_IrishUnprov_SwordIVa0026_fb"}, "n_answers": 3, "quorum": 0, "calibration": 0, "created": "2015-05-15T14:02:56.755956", "state": "completed", "project_id": 203, "id": 38715, "priority_0": 0.0}, {"info": {"url": "https://farm8.staticflickr.com/7726/17681073785_3b4cbfb6c7.jpg", "url_m": "https://farm8.staticflickr.com/7726/17681073785_3b4cbfb6c7_m.jpg", "link": "https://www.flickr.com/photos/115096994@N02/17681073785", "url_b": "https://farm8.staticflickr.com/7726/17681073785_3b4cbfb6c7_b.jpg", "title": "IrishUnprov_SwordIVa0027_IrishUnprov_SwordIVa0028_fb"}, "n_answers": 3, "quorum": 0, "calibration": 0, "created": "2015-05-15T14:02:56.780473", "state": "completed", "project_id": 203, "id": 38716, "priority_0": 0.0}, {"info": {"url": "https://farm8.staticflickr.com/7691/17493236238_418bb4afab.jpg", "url_m": "https://farm8.staticflickr.com/7691/17493236238_418bb4afab_m.jpg", "link": "https://www.flickr.com/photos/115096994@N02/17493236238", "url_b": "https://farm8.staticflickr.com/7691/17493236238_418bb4afab_b.jpg", "title": "IrishUnprov_SwordIVb0001_IrishUnprov_SwordIVb0002_fb"}, "n_answers": 3, "quorum": 0, "calibration": 0, "created": "2015-05-15T14:02:56.805630", "state": "completed", "project_id": 203, "id": 38717, "priority_0": 0.0}, {"info": {"url": "https://farm6.staticflickr.com/5330/17678590682_a4aee70f47.jpg", "url_m": "https://farm6.staticflickr.com/5330/17678590682_a4aee70f47_m.jpg", "link": "https://www.flickr.com/photos/115096994@N02/17678590682", "url_b": "https://farm6.staticflickr.com/5330/17678590682_a4aee70f47_b.jpg", "title": "IrishUnprov_SwordIVb0003_IrishUnprov_SwordIVb0004_fb"}, "n_answers": 3, "quorum": 0, "calibration": 0, "created": "2015-05-15T14:02:56.830362", "state": "completed", "project_id": 203, "id": 38718, "priority_0": 0.0}, {"info": {"url": "https://farm6.staticflickr.com/5327/17060726063_48105467ed.jpg", "url_m": "https://farm6.staticflickr.com/5327/17060726063_48105467ed_m.jpg", "link": "https://www.flickr.com/photos/115096994@N02/17060726063", "url_b": "https://farm6.staticflickr.com/5327/17060726063_48105467ed_b.jpg", "title": "IrishUnprov_SwordIVb0005_IrishUnprov_SwordIVb0006_fb"}, "n_answers": 3, "quorum": 0, "calibration": 0, "created": "2015-05-15T14:02:56.855664", "state": "completed", "project_id": 203, "id": 38719, "priority_0": 0.0}, {"info": {"url": "https://farm9.staticflickr.com/8752/17681243601_a99e7cbc64.jpg", "url_m": "https://farm9.staticflickr.com/8752/17681243601_a99e7cbc64_m.jpg", "link": "https://www.flickr.com/photos/115096994@N02/17681243601", "url_b": "https://farm9.staticflickr.com/8752/17681243601_a99e7cbc64_b.jpg", "title": "IrishUnprov_SwordIVb0007_IrishUnprov_SwordIVb0008_fb"}, "n_answers": 3, "quorum": 0, "calibration": 0, "created": "2015-05-15T14:02:56.880571", "state": "completed", "project_id": 203, "id": 38720, "priority_0": 0.0}, {"info": {"url": "https://farm9.staticflickr.com/8700/17654732536_c0b1e4d290.jpg", "url_m": "https://farm9.staticflickr.com/8700/17654732536_c0b1e4d290_m.jpg", "link": "https://www.flickr.com/photos/115096994@N02/17654732536", "url_b": "https://farm9.staticflickr.com/8700/17654732536_c0b1e4d290_b.jpg", "title": "IrishUnprov_SwordPommel0001_IrishUnprov_SwordPommel0002_fb"}, "n_answers": 3, "quorum": 0, "calibration": 0, "created": "2015-05-15T14:02:56.905561", "state": "completed", "project_id": 203, "id": 38721, "priority_0": 0.0}, {"info": {"url": "https://farm6.staticflickr.com/5344/17681066835_a156aa300e.jpg", "url_m": "https://farm6.staticflickr.com/5344/17681066835_a156aa300e_m.jpg", "link": "https://www.flickr.com/photos/115096994@N02/17681066835", "url_b": "https://farm6.staticflickr.com/5344/17681066835_a156aa300e_b.jpg", "title": "IrishUnprov_SwordVI0001_IrishUnprov_SwordVI0002_fb"}, "n_answers": 3, "quorum": 0, "calibration": 0, "created": "2015-05-15T14:02:56.930459", "state": "completed", "project_id": 203, "id": 38722, "priority_0": 0.0}, {"info": {"url": "https://farm9.staticflickr.com/8732/17654730936_0d8c14a3dc.jpg", "url_m": "https://farm9.staticflickr.com/8732/17654730936_0d8c14a3dc_m.jpg", "link": "https://www.flickr.com/photos/115096994@N02/17654730936", "url_b": "https://farm9.staticflickr.com/8732/17654730936_0d8c14a3dc_b.jpg", "title": "Kerry_SwordIVa0001_Kerry_SwordIVa0002_fb"}, "n_answers": 3, "quorum": 0, "calibration": 0, "created": "2015-05-15T14:02:56.955632", "state": "completed", "project_id": 203, "id": 38723, "priority_0": 0.0}, {"info": {"url": "https://farm9.staticflickr.com/8757/17494770699_9a5c67fe2b.jpg", "url_m": "https://farm9.staticflickr.com/8757/17494770699_9a5c67fe2b_m.jpg", "link": "https://www.flickr.com/photos/115096994@N02/17494770699", "url_b": "https://farm9.staticflickr.com/8757/17494770699_9a5c67fe2b_b.jpg", "title": "Kildare_SwordIVa0001_Kildare_SwordIVa0002_fb"}, "n_answers": 3, "quorum": 0, "calibration": 0, "created": "2015-05-15T14:02:56.980734", "state": "completed", "project_id": 203, "id": 38724, "priority_0": 0.0}, {"info": {"url": "https://farm6.staticflickr.com/5350/17654727586_50da7764b4.jpg", "url_m": "https://farm6.staticflickr.com/5350/17654727586_50da7764b4_m.jpg", "link": "https://www.flickr.com/photos/115096994@N02/17654727586", "url_b": "https://farm6.staticflickr.com/5350/17654727586_50da7764b4_b.jpg", "title": "Kings_Chape0001_Kings_Chape0002_fb"}, "n_answers": 3, "quorum": 0, "calibration": 0, "created": "2015-05-15T14:02:57.006095", "state": "completed", "project_id": 203, "id": 38725, "priority_0": 0.0}, {"info": {"url": "https://farm6.staticflickr.com/5342/17681236761_28c1d92901.jpg", "url_m": "https://farm6.staticflickr.com/5342/17681236761_28c1d92901_m.jpg", "link": "https://www.flickr.com/photos/115096994@N02/17681236761", "url_b": "https://farm6.staticflickr.com/5342/17681236761_28c1d92901_b.jpg", "title": "Kings_SwordFrags0001_Kings_SwordFrags0002_fb"}, "n_answers": 3, "quorum": 0, "calibration": 0, "created": "2015-05-15T14:02:57.030627", "state": "completed", "project_id": 203, "id": 38726, "priority_0": 0.0}, {"info": {"url": "https://farm6.staticflickr.com/5469/17058544304_4739a0f37f.jpg", "url_m": "https://farm6.staticflickr.com/5469/17058544304_4739a0f37f_m.jpg", "link": "https://www.flickr.com/photos/115096994@N02/17058544304", "url_b": "https://farm6.staticflickr.com/5469/17058544304_4739a0f37f_b.jpg", "title": "Kings_SwordIVa0001_Kings_SwordIVa0002_fb"}, "n_answers": 3, "quorum": 0, "calibration": 0, "created": "2015-05-15T14:02:57.055611", "state": "completed", "project_id": 203, "id": 38727, "priority_0": 0.0}, {"info": {"url": "https://farm6.staticflickr.com/5467/17494764669_08aae84923.jpg", "url_m": "https://farm6.staticflickr.com/5467/17494764669_08aae84923_m.jpg", "link": "https://www.flickr.com/photos/115096994@N02/17494764669", "url_b": "https://farm6.staticflickr.com/5467/17494764669_08aae84923_b.jpg", "title": "Kings_SwordIVa0003_Kings_SwordIVa0004_fb"}, "n_answers": 3, "quorum": 0, "calibration": 0, "created": "2015-05-15T14:02:57.080703", "state": "completed", "project_id": 203, "id": 38728, "priority_0": 0.0}, {"info": {"url": "https://farm9.staticflickr.com/8898/17681231001_94dee292c9.jpg", "url_m": "https://farm9.staticflickr.com/8898/17681231001_94dee292c9_m.jpg", "link": "https://www.flickr.com/photos/115096994@N02/17681231001", "url_b": "https://farm9.staticflickr.com/8898/17681231001_94dee292c9_b.jpg", "title": "Kings_SwordIVa0005_Kings_SwordIVa0006_fb"}, "n_answers": 3, "quorum": 0, "calibration": 0, "created": "2015-05-15T14:02:57.105950", "state": "completed", "project_id": 203, "id": 38729, "priority_0": 0.0}, {"info": {"url": "https://farm6.staticflickr.com/5346/17654719846_a1221fba3e.jpg", "url_m": "https://farm6.staticflickr.com/5346/17654719846_a1221fba3e_m.jpg", "link": "https://www.flickr.com/photos/115096994@N02/17654719846", "url_b": "https://farm6.staticflickr.com/5346/17654719846_a1221fba3e_b.jpg", "title": "Kings_SwordIVa0007_Kings_SwordIVa0008_fb"}, "n_answers": 3, "quorum": 0, "calibration": 0, "created": "2015-05-15T14:02:57.130822", "state": "completed", "project_id": 203, "id": 38730, "priority_0": 0.0}, {"info": {"url": "https://farm6.staticflickr.com/5333/17681054685_b175aef14f.jpg", "url_m": "https://farm6.staticflickr.com/5333/17681054685_b175aef14f_m.jpg", "link": "https://www.flickr.com/photos/115096994@N02/17681054685", "url_b": "https://farm6.staticflickr.com/5333/17681054685_b175aef14f_b.jpg", "title": "Kings_SwordIVa0009_Kings_SwordIVa0010_fb"}, "n_answers": 3, "quorum": 0, "calibration": 0, "created": "2015-05-15T14:02:57.155753", "state": "completed", "project_id": 203, "id": 38731, "priority_0": 0.0}, {"info": {"url": "https://farm6.staticflickr.com/5452/17058534344_f21998571a.jpg", "url_m": "https://farm6.staticflickr.com/5452/17058534344_f21998571a_m.jpg", "link": "https://www.flickr.com/photos/115096994@N02/17058534344", "url_b": "https://farm6.staticflickr.com/5452/17058534344_f21998571a_b.jpg", "title": "Kings_SwordIVa0011_Kings_SwordIVa0012_fb"}, "n_answers": 3, "quorum": 0, "calibration": 0, "created": "2015-05-15T14:02:57.180697", "state": "completed", "project_id": 203, "id": 38732, "priority_0": 0.0}, {"info": {"url": "https://farm9.staticflickr.com/8879/17493474010_a47f081b6a.jpg", "url_m": "https://farm9.staticflickr.com/8879/17493474010_a47f081b6a_m.jpg", "link": "https://www.flickr.com/photos/115096994@N02/17493474010", "url_b": "https://farm9.staticflickr.com/8879/17493474010_a47f081b6a_b.jpg", "title": "Kings_SwordVI0001_Kings_SwordVI0002_fb"}, "n_answers": 3, "quorum": 0, "calibration": 0, "created": "2015-05-15T14:02:57.214081", "state": "completed", "project_id": 203, "id": 38733, "priority_0": 0.0}, {"info": {"url": "https://farm9.staticflickr.com/8836/17493470700_2b5bf599d0.jpg", "url_m": "https://farm9.staticflickr.com/8836/17493470700_2b5bf599d0_m.jpg", "link": "https://www.flickr.com/photos/115096994@N02/17493470700", "url_b": "https://farm9.staticflickr.com/8836/17493470700_2b5bf599d0_b.jpg", "title": "Kings_SwordVI0003_Kings_SwordVI0004_fb"}, "n_answers": 3, "quorum": 0, "calibration": 0, "created": "2015-05-15T14:02:57.239261", "state": "completed", "project_id": 203, "id": 38734, "priority_0": 0.0}, {"info": {"url": "https://farm8.staticflickr.com/7688/17494750619_57a83f042f.jpg", "url_m": "https://farm8.staticflickr.com/7688/17494750619_57a83f042f_m.jpg", "link": "https://www.flickr.com/photos/115096994@N02/17494750619", "url_b": "https://farm8.staticflickr.com/7688/17494750619_57a83f042f_b.jpg", "title": "Kings_SwordVI0005_Kings_SwordVI0006_fb"}, "n_answers": 3, "quorum": 0, "calibration": 0, "created": "2015-05-15T14:02:57.264532", "state": "completed", "project_id": 203, "id": 38735, "priority_0": 0.0}, {"info": {"url": "https://farm8.staticflickr.com/7682/17654707586_32e4345b86.jpg", "url_m": "https://farm8.staticflickr.com/7682/17654707586_32e4345b86_m.jpg", "link": "https://www.flickr.com/photos/115096994@N02/17654707586", "url_b": "https://farm8.staticflickr.com/7682/17654707586_32e4345b86_b.jpg", "title": "Leitrim_SwordIVa0001_Leitrim_SwordIVa0002_fb"}, "n_answers": 3, "quorum": 0, "calibration": 0, "created": "2015-05-15T14:02:57.289203", "state": "completed", "project_id": 203, "id": 38736, "priority_0": 0.0}, {"info": {"url": "https://farm9.staticflickr.com/8808/17493464000_9a7ba32968.jpg", "url_m": "https://farm9.staticflickr.com/8808/17493464000_9a7ba32968_m.jpg", "link": "https://www.flickr.com/photos/115096994@N02/17493464000", "url_b": "https://farm9.staticflickr.com/8808/17493464000_9a7ba32968_b.jpg", "title": "Limerick_SwordIIIc0001_Limerick_SwordIIIc0002_fb"}, "n_answers": 3, "quorum": 0, "calibration": 0, "created": "2015-05-15T14:02:57.314157", "state": "completed", "project_id": 203, "id": 38737, "priority_0": 0.0}, {"info": {"url": "https://farm8.staticflickr.com/7718/17493462040_64bf471307.jpg", "url_m": "https://farm8.staticflickr.com/7718/17493462040_64bf471307_m.jpg", "link": "https://www.flickr.com/photos/115096994@N02/17493462040", "url_b": "https://farm8.staticflickr.com/7718/17493462040_64bf471307_b.jpg", "title": "Londonderry_SwordIVa0001_Londonderry_SwordIVa0002_fb"}, "n_answers": 3, "quorum": 0, "calibration": 0, "created": "2015-05-15T14:02:57.339019", "state": "completed", "project_id": 203, "id": 38738, "priority_0": 0.0}, {"info": {"url": "https://farm8.staticflickr.com/7775/17493459880_6f372c1a08.jpg", "url_m": "https://farm8.staticflickr.com/7775/17493459880_6f372c1a08_m.jpg", "link": "https://www.flickr.com/photos/115096994@N02/17493459880", "url_b": "https://farm8.staticflickr.com/7775/17493459880_6f372c1a08_b.jpg", "title": "Longford_SwordIIIc0001_Longford_SwordIIIc0002_fb"}, "n_answers": 3, "quorum": 0, "calibration": 0, "created": "2015-05-15T14:02:57.364333", "state": "completed", "project_id": 203, "id": 38739, "priority_0": 0.0}, {"info": {"url": "https://farm8.staticflickr.com/7728/17058517614_9e3d2c42bf.jpg", "url_m": "https://farm8.staticflickr.com/7728/17058517614_9e3d2c42bf_m.jpg", "link": "https://www.flickr.com/photos/115096994@N02/17058517614", "url_b": "https://farm8.staticflickr.com/7728/17058517614_9e3d2c42bf_b.jpg", "title": "Louth_SwordIVa0001_Louth_SwordIVa0002_fb"}, "n_answers": 3, "quorum": 0, "calibration": 0, "created": "2015-05-15T14:02:57.389315", "state": "completed", "project_id": 203, "id": 38740, "priority_0": 0.0}, {"info": {"url": "https://farm9.staticflickr.com/8749/17493196948_1dbeeddae0.jpg", "url_m": "https://farm9.staticflickr.com/8749/17493196948_1dbeeddae0_m.jpg", "link": "https://www.flickr.com/photos/115096994@N02/17493196948", "url_b": "https://farm9.staticflickr.com/8749/17493196948_1dbeeddae0_b.jpg", "title": "Mayo_SwordFrags0001_Mayo_SwordFrags0002_fb"}, "n_answers": 3, "quorum": 0, "calibration": 0, "created": "2015-05-15T14:02:57.414284", "state": "completed", "project_id": 203, "id": 38741, "priority_0": 0.0}, {"info": {"url": "https://farm6.staticflickr.com/5447/17681032835_3c93b6379f.jpg", "url_m": "https://farm6.staticflickr.com/5447/17681032835_3c93b6379f_m.jpg", "link": "https://www.flickr.com/photos/115096994@N02/17681032835", "url_b": "https://farm6.staticflickr.com/5447/17681032835_3c93b6379f_b.jpg", "title": "Mayo_SwordFrags0003_Mayo_SwordFrags0004_fb"}, "n_answers": 3, "quorum": 0, "calibration": 0, "created": "2015-05-15T14:02:57.439207", "state": "completed", "project_id": 203, "id": 38742, "priority_0": 0.0}, {"info": {"url": "https://farm6.staticflickr.com/5442/17681205581_48c5e56e87.jpg", "url_m": "https://farm6.staticflickr.com/5442/17681205581_48c5e56e87_m.jpg", "link": "https://www.flickr.com/photos/115096994@N02/17681205581", "url_b": "https://farm6.staticflickr.com/5442/17681205581_48c5e56e87_b.jpg", "title": "Mayo_SwordIIIc0001_Mayo_SwordIIIc0002_fb"}, "n_answers": 3, "quorum": 0, "calibration": 0, "created": "2015-05-15T14:02:57.464270", "state": "completed", "project_id": 203, "id": 38743, "priority_0": 0.0}, {"info": {"url": "https://farm6.staticflickr.com/5456/17493191878_7e153a8b29.jpg", "url_m": "https://farm6.staticflickr.com/5456/17493191878_7e153a8b29_m.jpg", "link": "https://www.flickr.com/photos/115096994@N02/17493191878", "url_b": "https://farm6.staticflickr.com/5456/17493191878_7e153a8b29_b.jpg", "title": "Mayo_SwordIVa0001_Mayo_SwordIVa0002_fb"}, "n_answers": 3, "quorum": 0, "calibration": 0, "created": "2015-05-15T14:02:57.489419", "state": "completed", "project_id": 203, "id": 38744, "priority_0": 0.0}, {"info": {"url": "https://farm9.staticflickr.com/8745/17060684493_144f3fd23f.jpg", "url_m": "https://farm9.staticflickr.com/8745/17060684493_144f3fd23f_m.jpg", "link": "https://www.flickr.com/photos/115096994@N02/17060684493", "url_b": "https://farm9.staticflickr.com/8745/17060684493_144f3fd23f_b.jpg", "title": "Mayo_SwordVI0001_Mayo_SwordVI0002_fb"}, "n_answers": 3, "quorum": 0, "calibration": 0, "created": "2015-05-15T14:02:57.514789", "state": "completed", "project_id": 203, "id": 38745, "priority_0": 0.0}, {"info": {"url": "https://farm8.staticflickr.com/7717/17681200621_b0b717f4c5.jpg", "url_m": "https://farm8.staticflickr.com/7717/17681200621_b0b717f4c5_m.jpg", "link": "https://www.flickr.com/photos/115096994@N02/17681200621", "url_b": "https://farm8.staticflickr.com/7717/17681200621_b0b717f4c5_b.jpg", "title": "Monaghan_SwordIIIb0001_Monaghan_SwordIIIb0002_fb"}, "n_answers": 3, "quorum": 0, "calibration": 0, "created": "2015-05-15T14:02:57.539412", "state": "completed", "project_id": 203, "id": 38746, "priority_0": 0.0}, {"info": {"url": "https://farm8.staticflickr.com/7673/17493186848_402e742865.jpg", "url_m": "https://farm8.staticflickr.com/7673/17493186848_402e742865_m.jpg", "link": "https://www.flickr.com/photos/115096994@N02/17493186848", "url_b": "https://farm8.staticflickr.com/7673/17493186848_402e742865_b.jpg", "title": "Offaly_SwordIVa0001_Offaly_SwordIVa0002_fb"}, "n_answers": 3, "quorum": 0, "calibration": 0, "created": "2015-05-15T14:02:57.564391", "state": "completed", "project_id": 203, "id": 38747, "priority_0": 0.0}, {"info": {"url": "https://farm8.staticflickr.com/7695/17493448140_f05c37867d.jpg", "url_m": "https://farm8.staticflickr.com/7695/17493448140_f05c37867d_m.jpg", "link": "https://www.flickr.com/photos/115096994@N02/17493448140", "url_b": "https://farm8.staticflickr.com/7695/17493448140_f05c37867d_b.jpg", "title": "Roscommon_SwordIIIc0001_Roscommon_SwordIIIc0002_fb"}, "n_answers": 3, "quorum": 0, "calibration": 0, "created": "2015-05-15T14:02:57.589285", "state": "completed", "project_id": 203, "id": 38748, "priority_0": 0.0}, {"info": {"url": "https://farm8.staticflickr.com/7731/17654686616_98dfe64afa.jpg", "url_m": "https://farm8.staticflickr.com/7731/17654686616_98dfe64afa_m.jpg", "link": "https://www.flickr.com/photos/115096994@N02/17654686616", "url_b": "https://farm8.staticflickr.com/7731/17654686616_98dfe64afa_b.jpg", "title": "Roscommon_SwordIVa0001_Roscommon_SwordIVa0002_fb"}, "n_answers": 3, "quorum": 0, "calibration": 0, "created": "2015-05-15T14:02:57.614555", "state": "completed", "project_id": 203, "id": 38749, "priority_0": 0.0}, {"info": {"url": "https://farm6.staticflickr.com/5346/17493182548_135a10f9a2.jpg", "url_m": "https://farm6.staticflickr.com/5346/17493182548_135a10f9a2_m.jpg", "link": "https://www.flickr.com/photos/115096994@N02/17493182548", "url_b": "https://farm6.staticflickr.com/5346/17493182548_135a10f9a2_b.jpg", "title": "Sligo_SwordIVa0001_Sligo_SwordIVa0002_fb"}, "n_answers": 3, "quorum": 0, "calibration": 0, "created": "2015-05-15T14:02:57.639548", "state": "completed", "project_id": 203, "id": 38750, "priority_0": 0.0}, {"info": {"url": "https://farm6.staticflickr.com/5442/17058497604_da54b4464f.jpg", "url_m": "https://farm6.staticflickr.com/5442/17058497604_da54b4464f_m.jpg", "link": "https://www.flickr.com/photos/115096994@N02/17058497604", "url_b": "https://farm6.staticflickr.com/5442/17058497604_da54b4464f_b.jpg", "title": "Tipperary_SwordIIIc0001_Tipperary_SwordIIIc0002_fb"}, "n_answers": 3, "quorum": 0, "calibration": 0, "created": "2015-05-15T14:02:57.664424", "state": "completed", "project_id": 203, "id": 38751, "priority_0": 0.0}, {"info": {"url": "https://farm9.staticflickr.com/8690/17681014435_4139e0cd30.jpg", "url_m": "https://farm9.staticflickr.com/8690/17681014435_4139e0cd30_m.jpg", "link": "https://www.flickr.com/photos/115096994@N02/17681014435", "url_b": "https://farm9.staticflickr.com/8690/17681014435_4139e0cd30_b.jpg", "title": "Tipperary_SwordIVb0001_Tipperary_SwordIVb0002_fb"}, "n_answers": 3, "quorum": 0, "calibration": 0, "created": "2015-05-15T14:02:57.689490", "state": "completed", "project_id": 203, "id": 38752, "priority_0": 0.0}, {"info": {"url": "https://farm6.staticflickr.com/5446/17681185541_d769471649.jpg", "url_m": "https://farm6.staticflickr.com/5446/17681185541_d769471649_m.jpg", "link": "https://www.flickr.com/photos/115096994@N02/17681185541", "url_b": "https://farm6.staticflickr.com/5446/17681185541_d769471649_b.jpg", "title": "Tyrone_Chape0001_Tyrone_Chape0002_fb"}, "n_answers": 3, "quorum": 0, "calibration": 0, "created": "2015-05-15T14:02:57.714409", "state": "completed", "project_id": 203, "id": 38753, "priority_0": 0.0}, {"info": {"url": "https://farm9.staticflickr.com/8855/17060668083_48dd6a9310.jpg", "url_m": "https://farm9.staticflickr.com/8855/17060668083_48dd6a9310_m.jpg", "link": "https://www.flickr.com/photos/115096994@N02/17060668083", "url_b": "https://farm9.staticflickr.com/8855/17060668083_48dd6a9310_b.jpg", "title": "Tyrone_SwordIIIc0001_Tyrone_SwordIIIc0002_fb"}, "n_answers": 3, "quorum": 0, "calibration": 0, "created": "2015-05-15T14:02:57.739629", "state": "completed", "project_id": 203, "id": 38754, "priority_0": 0.0}, {"info": {"url": "https://farm9.staticflickr.com/8692/17654671116_4dfea007ab.jpg", "url_m": "https://farm9.staticflickr.com/8692/17654671116_4dfea007ab_m.jpg", "link": "https://www.flickr.com/photos/115096994@N02/17654671116", "url_b": "https://farm9.staticflickr.com/8692/17654671116_4dfea007ab_b.jpg", "title": "Tyrone_SwordIIIc0003_Tyrone_SwordIIIc0004_fb"}, "n_answers": 3, "quorum": 0, "calibration": 0, "created": "2015-05-15T14:02:57.765950", "state": "completed", "project_id": 203, "id": 38755, "priority_0": 0.0}, {"info": {"url": "https://farm6.staticflickr.com/5322/17493429740_3a446d0b41.jpg", "url_m": "https://farm6.staticflickr.com/5322/17493429740_3a446d0b41_m.jpg", "link": "https://www.flickr.com/photos/115096994@N02/17493429740", "url_b": "https://farm6.staticflickr.com/5322/17493429740_3a446d0b41_b.jpg", "title": "Tyrone_SwordIVa0001_Tyrone_SwordIVa0002_fb"}, "n_answers": 3, "quorum": 0, "calibration": 0, "created": "2015-05-15T14:02:57.789693", "state": "completed", "project_id": 203, "id": 38756, "priority_0": 0.0}, {"info": {"url": "https://farm9.staticflickr.com/8690/17494705389_8fc5c5f9fc.jpg", "url_m": "https://farm9.staticflickr.com/8690/17494705389_8fc5c5f9fc_m.jpg", "link": "https://www.flickr.com/photos/115096994@N02/17494705389", "url_b": "https://farm9.staticflickr.com/8690/17494705389_8fc5c5f9fc_b.jpg", "title": "Tyrone_SwordIVa0003_Tyrone_SwordIVa0004_fb"}, "n_answers": 3, "quorum": 0, "calibration": 0, "created": "2015-05-15T14:02:57.814629", "state": "completed", "project_id": 203, "id": 38757, "priority_0": 0.0}, {"info": {"url": "https://farm8.staticflickr.com/7668/17681173031_7d88119e1a.jpg", "url_m": "https://farm8.staticflickr.com/7668/17681173031_7d88119e1a_m.jpg", "link": "https://www.flickr.com/photos/115096994@N02/17681173031", "url_b": "https://farm8.staticflickr.com/7668/17681173031_7d88119e1a_b.jpg", "title": "Tyrone_SwordIVa0005_Tyrone_SwordIVa0006_fb"}, "n_answers": 3, "quorum": 0, "calibration": 0, "created": "2015-05-15T14:02:57.839795", "state": "completed", "project_id": 203, "id": 38758, "priority_0": 0.0}, {"info": {"url": "https://farm8.staticflickr.com/7732/17058479724_c0b83a8ac2.jpg", "url_m": "https://farm8.staticflickr.com/7732/17058479724_c0b83a8ac2_m.jpg", "link": "https://www.flickr.com/photos/115096994@N02/17058479724", "url_b": "https://farm8.staticflickr.com/7732/17058479724_c0b83a8ac2_b.jpg", "title": "Tyrone_SwordIVa0007_Tyrone_SwordIVa0008_fb"}, "n_answers": 3, "quorum": 0, "calibration": 0, "created": "2015-05-15T14:02:57.865861", "state": "completed", "project_id": 203, "id": 38759, "priority_0": 0.0}, {"info": {"url": "https://farm8.staticflickr.com/7784/17493419060_33dacf0655.jpg", "url_m": "https://farm8.staticflickr.com/7784/17493419060_33dacf0655_m.jpg", "link": "https://www.flickr.com/photos/115096994@N02/17493419060", "url_b": "https://farm8.staticflickr.com/7784/17493419060_33dacf0655_b.jpg", "title": "Westmeath_Chape0001_Westmeath_Chape0002_fb"}, "n_answers": 3, "quorum": 0, "calibration": 0, "created": "2015-05-15T14:02:57.893739", "state": "completed", "project_id": 203, "id": 38760, "priority_0": 0.0}]