[{"info": {"weight": "26", "patina": "", "site": "England    Kent, Isle of Thanet, Minster (Ebbs Fleet 1893), Founder's hoard.", "surface": "corroded      dark green", "toSearch": "", "remarks": "13 socketed cells, 3 spear heads, fragment of sickle, fragment of implement, flanged ring, 3 pieces of  har\"....\".", "dateDiscoveryMonth": "4", "objectType": "SLIDE - FASTENER", "gridRef": "", "lon": "", "thickness": "35.5", "width": "56", "other": "\"R.F.Jessup..\" appears to the right of Publications, in a different hand.\r\n To the left of Publications is:\r\nV.C.H. Kent 1. 322. 335.", "composition": "", "associations": "9 - 151", "description": "Tube with narrow loop.  Oval opening on other side.\r\nhoard consisting of 1 palstave, 2 winged cells,\r\ntriangular knife, socketed knife, socketed hammer and 2 jets.", "collection": "British museum\r\n93 . 4 .26 . 134\r\nPresented by A.W.Ranks Esq\r\n26/4/1893", "dateDiscoveryDay": "26", "lat": "", "dateDiscoveryYear": "1893", "rightCorner": "3", "length": "150", "edge": "", "publications": "Proc.S.A.  2 -3   S\r\nvol XIV  p.309\r\n      XV      138 \r\nR.F.Jessup  'Kent'  110 . 259 . Pl.  VI."}, "user_id": 679, "task_id": 11807, "created": "2014-09-08T21:13:55.595814", "finish_time": "2014-09-08T21:13:55.595836", "calibration": null, "app_id": 60, "user_ip": null, "timeout": null, "id": 18713}, {"info": {"weight": "", "patina": "", "site": "SALOP, Clungunford, Broadward Hall", "surface": "", "toSearch": "", "remarks": "See new index", "dateDiscoveryMonth": "None", "objectType": "SLIDE FASTENER", "gridRef": "", "lon": "", "thickness": "", "width": "", "other": "", "composition": "", "associations": "", "description": "", "collection": "LONDON  British museum 2226", "dateDiscoveryDay": "None", "lat": "", "dateDiscoveryYear": "None", "rightCorner": "3", "length": "", "edge": "", "publications": ""}, "user_id": 679, "task_id": 11808, "created": "2014-09-08T21:17:22.674874", "finish_time": "2014-09-08T21:17:22.674899", "calibration": null, "app_id": 60, "user_ip": null, "timeout": null, "id": 18715}, {"info": {"weight": "", "patina": "", "site": "SALOP         Clungunford, Broadward Hall", "surface": "", "toSearch": "", "remarks": "See new index", "dateDiscoveryMonth": "None", "objectType": "SLIDE FASTENER", "gridRef": "", "lon": "", "thickness": "", "width": "", "other": "", "composition": "", "associations": "", "description": "", "collection": "London  British Museum\r\n1902 . 5. 15 . 11", "dateDiscoveryDay": "None", "lat": "", "dateDiscoveryYear": "None", "rightCorner": "3", "length": "", "edge": "", "publications": ""}, "user_id": 679, "task_id": 11809, "created": "2014-09-08T22:37:20.320997", "finish_time": "2014-09-08T22:37:20.321017", "calibration": null, "app_id": 60, "user_ip": null, "timeout": null, "id": 18736}, {"info": {"weight": "", "patina": "", "site": "Greater London,  River Thames, Hammersmith", "surface": "", "toSearch": "", "remarks": "", "dateDiscoveryMonth": "None", "objectType": "2 rings", "gridRef": "TQ 22   78", "lon": "", "thickness": "", "width": "", "other": "", "composition": "", "associations": "", "description": "", "collection": "B.M.          WG  1780,  1781", "dateDiscoveryDay": "None", "lat": "", "dateDiscoveryYear": "None", "rightCorner": "G", "length": "", "edge": "", "publications": ""}, "user_id": 679, "task_id": 11810, "created": "2014-09-08T22:46:17.581048", "finish_time": "2014-09-08T22:46:17.581067", "calibration": null, "app_id": 60, "user_ip": null, "timeout": null, "id": 18740}, {"info": {"weight": "26", "patina": "Dark green", "site": "England[;]Kent[;]Isle of Thanet[;]Minster[;]Ebbs Fleet 1893[;]Founder's Hoard", "surface": "Corroded", "toSearch": "Ebbsfleet Cottage, Ebbsfleet Lane, Ramsgate, Kent CT12 5DJ, UK", "remarks": "Almost ok[;]see new index", "dateDiscoveryMonth": "None", "objectType": "Slide Fastener", "gridRef": "", "lon": "1.3506575999999768", "geojson": {"geometry": {"type": "Point", "coordinates": ["1.3506575999999768", "51.3144303"]}, "crs": {"type": "name", "properties": {"name": "urn:ogc:def:crs:OGC:1.3:CRS84"}}, "type": "Feature", "properties": {}}, "thickness": "1", "width": "2", "other": "", "composition": "", "associations": "Hoard consisting of 1 palstave, 2 winged celts, 13 socketed celts, 3 spear-heads, fragment of sickle, triangular knife, socketed knife, socketed hammer, fragment of implement, flanged ring, 3 pieces of [karaen?]; and 2 jets.[;]9-151", "description": "Tube with narrow loop. Oval opening on other side.", "collection": "British Museum, 93.4-26.134[;]Presented by A. W. Ranks, Esq.[;]26/4/1893", "dateDiscoveryDay": "None", "lat": "51.3144303", "dateDiscoveryYear": "1893", "rightCorner": "3", "length": "6", "edge": "", "publications": "V.C.H., Kent, I, 322, 335.[;]Proc. S.A. 2d. S. Vol XIV, p. 309; XV, 138[;]R.F. Jessup, 'Kent' 110, 259, Pl VI"}, "user_id": 433, "task_id": 11807, "created": "2014-09-08T22:57:13.201485", "finish_time": "2014-09-08T22:57:13.201510", "calibration": null, "app_id": 60, "user_ip": null, "timeout": null, "id": 18742}, {"info": {"weight": "", "patina": "", "site": "England[;]Shropshire[;]Slungunford[;]Broadward Hall", "surface": "", "toSearch": "Clungunford, Craven Arms, Shropshire SY7, UK", "remarks": "See new index", "dateDiscoveryMonth": "None", "objectType": "Slide Fastener", "gridRef": "", "lon": "-2.884545000000003", "geojson": {"geometry": {"type": "Point", "coordinates": ["-2.884545000000003", "52.4036029"]}, "crs": {"type": "name", "properties": {"name": "urn:ogc:def:crs:OGC:1.3:CRS84"}}, "type": "Feature", "properties": {}}, "thickness": "", "width": "", "other": "", "composition": "", "associations": "", "description": "", "collection": "London, British Museum 2226", "dateDiscoveryDay": "None", "lat": "52.4036029", "dateDiscoveryYear": "None", "rightCorner": "3", "length": "", "edge": "", "publications": ""}, "user_id": 433, "task_id": 11808, "created": "2014-09-08T22:59:15.420479", "finish_time": "2014-09-08T22:59:15.420501", "calibration": null, "app_id": 60, "user_ip": null, "timeout": null, "id": 18743}, {"info": {"weight": "", "patina": "", "site": "England[;]Shropshire[;]Clungunford[;]Broadward Hall", "surface": "", "toSearch": "Clungunford, Craven Arms, Shropshire SY7, UK", "remarks": "See new index[;]CI", "dateDiscoveryMonth": "None", "objectType": "Slide Fastener", "gridRef": "", "lon": "-2.884545000000003", "geojson": {"geometry": {"type": "Point", "coordinates": ["-2.884545000000003", "52.4036029"]}, "crs": {"type": "name", "properties": {"name": "urn:ogc:def:crs:OGC:1.3:CRS84"}}, "type": "Feature", "properties": {}}, "thickness": "", "width": "", "other": "", "composition": "", "associations": "", "description": "", "collection": "London British Museum[;]1902.5-15.11", "dateDiscoveryDay": "None", "lat": "52.4036029", "dateDiscoveryYear": "None", "rightCorner": "3", "length": "", "edge": "", "publications": ""}, "user_id": 433, "task_id": 11809, "created": "2014-09-08T23:00:32.417670", "finish_time": "2014-09-08T23:00:32.417691", "calibration": null, "app_id": 60, "user_ip": null, "timeout": null, "id": 18744}, {"info": {"weight": "", "patina": "", "site": "England[;]Greater London[;]River Thames[;]Hammersmith", "surface": "", "toSearch": "Hammersmith, London W6, UK", "remarks": "CI", "dateDiscoveryMonth": "None", "objectType": "2 Rings", "gridRef": "TQ 22 78", "lon": "-0.22373149999998532", "geojson": {"geometry": {"type": "Point", "coordinates": ["-0.22373149999998532", "51.4911875"]}, "crs": {"type": "name", "properties": {"name": "urn:ogc:def:crs:OGC:1.3:CRS84"}}, "type": "Feature", "properties": {}}, "thickness": "", "width": "", "other": "", "composition": "", "associations": "", "description": "", "collection": "British Museum, WG 1780, 1781", "dateDiscoveryDay": "None", "lat": "51.4911875", "dateDiscoveryYear": "None", "rightCorner": "G", "length": "", "edge": "", "publications": ""}, "user_id": 433, "task_id": 11810, "created": "2014-09-08T23:02:10.208609", "finish_time": "2014-09-08T23:02:10.208631", "calibration": null, "app_id": 60, "user_ip": null, "timeout": null, "id": 18745}, {"info": {"weight": "", "patina": "", "site": "England[;]Kent[;]Minster[;]Ebbsfleet[;]1893", "surface": "", "toSearch": "Minster, Ramsgate, Kent CT12, UK", "remarks": "ND75", "dateDiscoveryMonth": "None", "objectType": "Slide Fastener", "gridRef": "", "lon": "1.3144360000000006", "geojson": {"geometry": {"type": "Point", "coordinates": ["1.3144360000000006", "51.336651"]}, "crs": {"type": "name", "properties": {"name": "urn:ogc:def:crs:OGC:1.3:CRS84"}}, "type": "Feature", "properties": {}}, "thickness": "", "width": "43", "other": "", "composition": "", "associations": "Founder's hoard, 93.4-26.9-151", "description": "", "collection": "London, British Museum, 93.4-26.132[;]Presented by A. W. Franks[;]26/4/93", "dateDiscoveryDay": "None", "lat": "51.336651", "dateDiscoveryYear": "1893", "rightCorner": "", "length": "60", "edge": "", "publications": "Proc. Soc. Ant. 2nd ser. XIV, 309; XV 138[;]VCH Kent, I, 322[;]R.F. Jessup, 'Kent' 110."}, "user_id": 433, "task_id": 11811, "created": "2014-09-08T23:04:39.200847", "finish_time": "2014-09-08T23:04:39.200869", "calibration": null, "app_id": 60, "user_ip": null, "timeout": null, "id": 18746}, {"info": {"weight": "", "patina": "", "site": "England[;]Kent[;]Minster[;]Ebbsfleet[;]1893", "surface": "", "toSearch": "Minster, Ramsgate, Kent CT12, UK", "remarks": "ND75", "dateDiscoveryMonth": "None", "objectType": "Slide Fastener", "gridRef": "", "lon": "1.3144360000000006", "geojson": {"geometry": {"type": "Point", "coordinates": ["1.3144360000000006", "51.336651"]}, "crs": {"type": "name", "properties": {"name": "urn:ogc:def:crs:OGC:1.3:CRS84"}}, "type": "Feature", "properties": {}}, "thickness": "", "width": "22", "other": "", "composition": "", "associations": "Founder's Hoard, 93.4-26.9-151", "description": "", "collection": "London, British Museum, 93.4-26.133[;]Presented by A.W. Franks[;]26/4/93", "dateDiscoveryDay": "None", "lat": "51.336651", "dateDiscoveryYear": "1893", "rightCorner": "", "length": "69", "edge": "", "publications": "Proc. Soc. Ant. 2nd Ser. XIV, 309; XV, 138[;]VCH, Kent, I 322[;]R.F. Jessup, 'Kent', 110"}, "user_id": 433, "task_id": 11812, "created": "2014-09-08T23:07:39.933362", "finish_time": "2014-09-08T23:07:39.933384", "calibration": null, "app_id": 60, "user_ip": null, "timeout": null, "id": 18747}, {"info": {"weight": "", "patina": "", "site": "England[;]Kent[;]Minster[;]Ebbsfleet[;]1893", "surface": "", "toSearch": "Minster, Ramsgate, Kent CT12, UK", "remarks": "ND75", "dateDiscoveryMonth": "None", "objectType": "Slide Fastener", "gridRef": "", "lon": "1.3144360000000006", "geojson": {"geometry": {"type": "Point", "coordinates": ["1.3144360000000006", "51.336651"]}, "crs": {"type": "name", "properties": {"name": "urn:ogc:def:crs:OGC:1.3:CRS84"}}, "type": "Feature", "properties": {}}, "thickness": "", "width": "23", "other": "", "composition": "", "associations": "Founder's hoard, 93.4-26.9-151", "description": "", "collection": "London, British Museum, 93.4-26.134[;]presented by A.W. Franks, 26/4/93", "dateDiscoveryDay": "None", "lat": "51.336651", "dateDiscoveryYear": "1893", "rightCorner": "", "length": "58", "edge": "", "publications": "Proc. Soc. Ant. 2nd ser. XIV, 309; XV, 138[;]VCH Kent, I, 322[;]R.F. Jessup, 'Kent', 110"}, "user_id": 433, "task_id": 11813, "created": "2014-09-08T23:10:10.703074", "finish_time": "2014-09-08T23:10:10.703096", "calibration": null, "app_id": 60, "user_ip": null, "timeout": null, "id": 18748}, {"info": {"weight": "36", "patina": "Green", "site": "England[;]Kent[;]Isle of Thanet[;]Minster[;](Ebbs Fleet 1893)[;]Founder's Hoard", "surface": "Very corroded.", "toSearch": "Minster, Ramsgate, Kent CT12, UK", "remarks": "Somewhat inacc.[;]See new index.", "dateDiscoveryMonth": "None", "objectType": "Slide-Fastener", "gridRef": "", "lon": "1.3144360000000006", "geojson": {"geometry": {"type": "Point", "coordinates": ["1.3144360000000006", "51.336651"]}, "crs": {"type": "name", "properties": {"name": "urn:ogc:def:crs:OGC:1.3:CRS84"}}, "type": "Feature", "properties": {}}, "thickness": "11", "width": "37", "other": "", "composition": "", "associations": "Hoard consisting of 1 palstave, 2 winged celts, 13 socketed celts, 3 spear-heads, fragment of sickle, triangular knife, socketed knife, socketed hammer, fragment  of implement, flanged rung, 3 pieces of harness, and 2 jets.[;]9-151", "description": "Tube with thick loop on one side and irregular oval opening on the other.", "collection": "British Museum, 93.4-26.132[;]Presented by A. W. Franks Esq.[;]26/4/1893", "dateDiscoveryDay": "None", "lat": "51.336651", "dateDiscoveryYear": "1893", "rightCorner": "3", "length": "60", "edge": "", "publications": "V.C.H. Kent, I, 322, 335[;]Proc. S. A. 2d. S. Vol XIV, p. 309; Vol XV, p. 138[;]R.F. Jessup, 'Kent', 110, 259, Pl. VI."}, "user_id": 433, "task_id": 11814, "created": "2014-09-08T23:15:13.631948", "finish_time": "2014-09-08T23:15:13.631970", "calibration": null, "app_id": 60, "user_ip": null, "timeout": null, "id": 18749}, {"info": {"weight": "25", "patina": "Dark green.", "site": "England[;]Kent[;]Isle of Thanet[;]Minster[;](Ebbs Fleet 1893)[;]Founder's Hoard", "surface": "Corroded.", "toSearch": "Minster, Ramsgate, Kent CT12, UK", "remarks": "Inacc.[;]See new index.", "dateDiscoveryMonth": "None", "objectType": "Slide Fastener", "gridRef": "", "lon": "1.3144360000000006", "geojson": {"geometry": {"type": "Point", "coordinates": ["1.3144360000000006", "51.336651"]}, "crs": {"type": "name", "properties": {"name": "urn:ogc:def:crs:OGC:1.3:CRS84"}}, "type": "Feature", "properties": {}}, "thickness": "13", "width": "21", "other": "", "composition": "", "associations": "Hoard consisting of 1 palstave, 2 winged celts, 13 socketed celts 3 spear-heads, fragment of sickle, triangular knife, socketed knife, socketed hammer, fragment of implement,  flanged ring, 3 pieces of harness, and 2 jets.[;]9-151", "description": "Tube with narrow loop. Oval opening on other side.", "collection": "British Museum, 93.4-26.133[;]Presented by A.W. Franks Esq.[;]26/4/1893", "dateDiscoveryDay": "None", "lat": "51.336651", "dateDiscoveryYear": "1893", "rightCorner": "3", "length": "68", "edge": "", "publications": "V.C.H. Kent, I, 322, 335[;]Proc. S.A. 2d. S. Vol. XIV, p. 309; Vol. XV, 138[;]R.F. Jessup, 'Kent' 110, 259, Pl. VI."}, "user_id": 433, "task_id": 11815, "created": "2014-09-08T23:19:50.264917", "finish_time": "2014-09-08T23:19:50.264940", "calibration": null, "app_id": 60, "user_ip": null, "timeout": null, "id": 18750}, {"info": {"weight": "", "patina": "", "site": "England[;]Kent[;]Minster[;]Ebbsfleet[;]1893", "surface": "", "toSearch": "Ebbsfleet Cottage, Ebbsfleet Lane, Ramsgate, Kent CT12 5DJ, UK", "remarks": "", "dateDiscoveryMonth": "None", "objectType": "SLIDE-FASTENER", "gridRef": "", "lon": "1.3506575999999768", "geojson": {"geometry": {"type": "Point", "coordinates": ["1.3506575999999768", "51.3144303"]}, "crs": {"type": "name", "properties": {"name": "urn:ogc:def:crs:OGC:1.3:CRS84"}}, "type": "Feature", "properties": {}}, "thickness": "", "width": "43", "other": "I included \u201cEngland\u201d in Site address to be consistent with other cards. Publications: VCH stands for \"Victoria (sic) County History\". Bottom left of card: \"ND 75\". Bottom right of card:  \"CI\" or \"C1\"?. Diagram -  British Museum ref. no. (93.4-26.132) is repeated but now includes \".\"s", "composition": "", "associations": "founder's hoard[;]93 4-26 9-151", "description": "", "collection": "London, British Museum, 93 4-26 132[;]presented by A. W. Franks 26/4/93", "dateDiscoveryDay": "None", "lat": "51.3144303", "dateDiscoveryYear": "1893", "rightCorner": "a red dot", "length": "60", "edge": "", "publications": "Proc. Soc. Ant. 2nd ser. XIV, 309; XV, 138[;]VCH Kent, I, 322[;]R.F. Jessup, 'Kent', 110"}, "user_id": 543, "task_id": 11811, "created": "2014-09-09T01:53:51.371447", "finish_time": "2014-09-09T01:53:51.371466", "calibration": null, "app_id": 60, "user_ip": null, "timeout": null, "id": 18757}, {"info": {"weight": "", "patina": "", "site": "England[;]Kent[;]Minster[;]Ebbsfleet[;]1893", "surface": "", "toSearch": "Ebbsfleet Cottage, Ebbsfleet Lane, Ramsgate, Kent CT12 5DJ, UK", "remarks": "", "dateDiscoveryMonth": "None", "objectType": "SLIDE-FASTENER", "gridRef": "", "lon": "1.3506575999999768", "geojson": {"geometry": {"type": "Point", "coordinates": ["1.3506575999999768", "51.3144303"]}, "crs": {"type": "name", "properties": {"name": "urn:ogc:def:crs:OGC:1.3:CRS84"}}, "type": "Feature", "properties": {}}, "thickness": "", "width": "22", "other": "I included \u201cEngland\u201d in Site address to be consistent with other cards. Bottom left of card says \u201cND 75\u201d. Bottom right of card says \u201cCI\u201d or \u201cC1\u201d. Diagram: Brit Mus. Ref No. is repeated here, but with \".\"s rather than spaces separating numbers (i.e. \"93.4-26.133\")", "composition": "", "associations": "founder's hoard[;]93 4-26 9-151", "description": "", "collection": "London, British Museum, 93 4-26 133[;]presented by A.W. Franks 26/4/93", "dateDiscoveryDay": "None", "lat": "51.3144303", "dateDiscoveryYear": "1893", "rightCorner": "a red dot", "length": "69", "edge": "", "publications": "Proc. Soc. Ant. 2nd ser. XIV, 309; XV, 138[;]VCH Kent, I, 322[;]R. F. Jessup, 'Kent', 110"}, "user_id": 543, "task_id": 11812, "created": "2014-09-09T02:06:14.456218", "finish_time": "2014-09-09T02:06:14.456239", "calibration": null, "app_id": 60, "user_ip": null, "timeout": null, "id": 18758}, {"info": {"weight": "", "patina": "", "site": "England[;]Kent[;]Minster[;]Ebbsfleet[;]1893", "surface": "", "toSearch": "Ebbsfleet Cottage, Ebbsfleet Lane, Ramsgate, Kent CT12 5DJ, UK", "remarks": "", "dateDiscoveryMonth": "None", "objectType": "SLIDE-FASTENER", "gridRef": "", "lon": "1.3506575999999768", "geojson": {"geometry": {"type": "Point", "coordinates": ["1.3506575999999768", "51.3144303"]}, "crs": {"type": "name", "properties": {"name": "urn:ogc:def:crs:OGC:1.3:CRS84"}}, "type": "Feature", "properties": {}}, "thickness": "", "width": "23", "other": "I included \u201cEngland\u201d in Site address to be consistent with other cards. Bottom left of card says \u201cND 75\u201d. Bottom right of card says \u201cCI\u201d or \u201cC1\u201d. Diagram: Brit Mus. Ref No. is repeated here, but with \".\"s rather than spaces separating numbers (i.e. \"93.4-26.134\")", "composition": "", "associations": "founder's hoard[;]93 4-26 9-151", "description": "", "collection": "London, British Museum, 93 4-26 134[;]presented by A.W. Franks, 26/4/93", "dateDiscoveryDay": "None", "lat": "51.3144303", "dateDiscoveryYear": "1893", "rightCorner": "a red dot", "length": "58", "edge": "", "publications": "Proc. Soc. Ant. 2nd ser. XIV, 309; XV, 138[;]VCH Kent, I, 322[;]R. F. Jessup, 'Kent', 110"}, "user_id": 543, "task_id": 11813, "created": "2014-09-09T02:12:25.080693", "finish_time": "2014-09-09T02:12:25.080715", "calibration": null, "app_id": 60, "user_ip": null, "timeout": null, "id": 18759}, {"info": {"weight": "36", "patina": "", "site": "England       Kent, Isle of Thanet, Minster   (Ebb's Fleet 1893), Founder's hoard", "surface": "very corroded             green", "toSearch": "", "remarks": "Left of Associations :\" hoard consisting of 1 falstave, 2 winged celts, triangular knife, socketed knife, socketed hammer,and 2 jets\".\r\nRight of Associations :\" 13 socketed celts, 3 spear-heads, fragment of  sickle,fragment of implement, flanged ring, 3 pieces of harness,\"  ", "dateDiscoveryMonth": "None", "objectType": "SLIDE - FASTENER", "gridRef": "", "lon": "", "thickness": "28", "width": "94", "other": "", "composition": "", "associations": "9 - 151", "description": "Tube with thick loop on one side & irregular oval opening on the other.", "collection": "British Museum\r\n93 . 4 . 26 . 132\r\nPresented by A.W.Ranks Esq.\r\n26/4/1893", "dateDiscoveryDay": "None", "lat": "", "dateDiscoveryYear": "None", "rightCorner": "3", "length": "152", "edge": "", "publications": "Proc. S.A.  2nd  S\r\nvol X1V  p. 309\r\n&    XV        138"}, "user_id": 679, "task_id": 11814, "created": "2014-09-09T02:57:41.177297", "finish_time": "2014-09-09T02:57:41.177325", "calibration": null, "app_id": 60, "user_ip": null, "timeout": null, "id": 18760}, {"info": {"weight": "36", "patina": "green", "site": "England[;]Kent[;]Isle of Thanet[;]Minster[;](Ebbsfleet 1893)[;]founder's hoard[;]see transcriber comment", "surface": "very corroded", "toSearch": "Ebbsfleet Cottage, Ebbsfleet Lane, Ramsgate, Kent CT12 5DJ, UK", "remarks": "", "dateDiscoveryMonth": "None", "objectType": "SLIDE-FASTENER", "gridRef": "", "lon": "1.3506575999999768", "geojson": {"geometry": {"type": "Point", "coordinates": ["1.3506575999999768", "51.3144303"]}, "crs": {"type": "name", "properties": {"name": "urn:ogc:def:crs:OGC:1.3:CRS84"}}, "type": "Feature", "properties": {}}, "thickness": "11", "width": "37", "other": "On this card the Site field includes \"founder's hoard\". On other cards of this type that I've seen so far, that info has been recorded in the Associations field instead. Bottom left of card says \"Somewhat innacc.; See new index\"", "composition": "", "associations": "9-151[;]Hoard consisting of 1 palstave, 2 winged celts, 13 socketed celts, 3 spear-heads, fragment of sickle, triangular knife, socketed knife, socketed hammer, fragment of implement, flanged ring, 3 pieces of harness, and 2 jets[;]", "description": "Tube with thick loop on one side & irregular oval opening on the other.", "collection": "British Museum, 93.4.26.132[;]presented by A.W. Franks Esq., 26/4/1893", "dateDiscoveryDay": "None", "lat": "51.3144303", "dateDiscoveryYear": "1893", "rightCorner": "a red dot[;]3", "length": "60", "edge": "", "publications": "Proc. Soc. Ant. 2nd ser. XIV, 309; XV, 138[;]VCH Kent, I, 322-335[;]R. F. Jessup, 'Kent', 110. 259. Pl. VI."}, "user_id": 543, "task_id": 11814, "created": "2014-09-09T03:14:25.875628", "finish_time": "2014-09-09T03:14:25.875650", "calibration": null, "app_id": 60, "user_ip": null, "timeout": null, "id": 18761}, {"info": {"weight": "25", "patina": "dark green", "site": "England[;]Kent[;]Isle of Thanet[;]Minster (Ebbsfleet 1893)[;]founder's hoard", "surface": "corroded", "toSearch": "Ebbsfleet Cottage, Ebbsfleet Lane, Ramsgate, Kent CT12 5DJ, UK", "remarks": "", "dateDiscoveryMonth": "None", "objectType": "SLIDE-FASTENER", "gridRef": "", "lon": "1.3506575999999768", "geojson": {"geometry": {"type": "Point", "coordinates": ["1.3506575999999768", "51.3144303"]}, "crs": {"type": "name", "properties": {"name": "urn:ogc:def:crs:OGC:1.3:CRS84"}}, "type": "Feature", "properties": {}}, "thickness": "13", "width": "21", "other": "Bottom left of card says \"inacc. See new index\"", "composition": "", "associations": "Hoard consisting of 1 palstave, 2 winged celts, 13 socketed celts, 3 spear-heads, fragment of sickle, triangular knife, socketed knife, socketed hammer, fragment of implement, flanged ring, 3 pieces of harness, and 2 jets[;]", "description": "Tube with narrow loop. Oval opening on other side", "collection": "British Museum, 93.4.26.133[;]presented by A.W. Franks Esq., 26/4/1893", "dateDiscoveryDay": "None", "lat": "51.3144303", "dateDiscoveryYear": "1893", "rightCorner": "a red dot[;]3", "length": "68", "edge": "", "publications": "Proc. Soc. Ant. 2nd ser. XIV, 309; XV, 138[;]VCH Kent, I, 322[;]R. F. Jessup, 'Kent', 110"}, "user_id": 543, "task_id": 11815, "created": "2014-09-09T04:05:18.555795", "finish_time": "2014-09-09T04:05:18.555816", "calibration": null, "app_id": 60, "user_ip": null, "timeout": null, "id": 18768}]