[{"info": {"url": "https://farm1.staticflickr.com/453/20355374381_b0fea01df4.jpg", "url_m": "https://farm1.staticflickr.com/453/20355374381_b0fea01df4_m.jpg", "link": "https://www.flickr.com/photos/115096994@N02/20355374381", "url_b": "https://farm1.staticflickr.com/453/20355374381_b0fea01df4_b.jpg", "title": "Antrim_LoopedPalstaveI1N0001_Antrim_LoopedPalstaveI1N0002_fb"}, "n_answers": 3, "quorum": 0, "calibration": 0, "created": "2015-08-06T17:59:13.877102", "state": "completed", "project_id": 243, "id": 44059, "priority_0": 0.0}, {"info": {"url": "https://farm1.staticflickr.com/295/20340805052_53f6d7cb3f.jpg", "url_m": "https://farm1.staticflickr.com/295/20340805052_53f6d7cb3f_m.jpg", "link": "https://www.flickr.com/photos/115096994@N02/20340805052", "url_b": "https://farm1.staticflickr.com/295/20340805052_53f6d7cb3f_b.jpg", "title": "Antrim_LoopedPalstaveI2N0001_Antrim_LoopedPalstaveI2N0002_fb"}, "n_answers": 3, "quorum": 0, "calibration": 0, "created": "2015-08-06T17:59:14.147819", "state": "completed", "project_id": 243, "id": 44060, "priority_0": 0.0}, {"info": {"url": "https://farm1.staticflickr.com/533/20162642839_160a4b571e.jpg", "url_m": "https://farm1.staticflickr.com/533/20162642839_160a4b571e_m.jpg", "link": "https://www.flickr.com/photos/115096994@N02/20162642839", "url_b": "https://farm1.staticflickr.com/533/20162642839_160a4b571e_b.jpg", "title": "Antrim_LoopedPalstaveIII1J0001_Antrim_LoopedPalstaveIII1J0002_fb"}, "n_answers": 3, "quorum": 0, "calibration": 0, "created": "2015-08-06T17:59:14.188152", "state": "completed", "project_id": 243, "id": 44061, "priority_0": 0.0}, {"info": {"url": "https://farm1.staticflickr.com/322/20323034016_de68afcc00.jpg", "url_m": "https://farm1.staticflickr.com/322/20323034016_de68afcc00_m.jpg", "link": "https://www.flickr.com/photos/115096994@N02/20323034016", "url_b": "https://farm1.staticflickr.com/322/20323034016_de68afcc00_b.jpg", "title": "Antrim_LoopedPalstaveIV3P0001_Antrim_LoopedPalstaveIV3P0002_fb"}, "n_answers": 3, "quorum": 0, "calibration": 0, "created": "2015-08-06T17:59:14.221449", "state": "completed", "project_id": 243, "id": 44062, "priority_0": 0.0}, {"info": {"url": "https://farm1.staticflickr.com/493/20161224000_c53b27f7a8.jpg", "url_m": "https://farm1.staticflickr.com/493/20161224000_c53b27f7a8_m.jpg", "link": "https://www.flickr.com/photos/115096994@N02/20161224000", "url_b": "https://farm1.staticflickr.com/493/20161224000_c53b27f7a8_b.jpg", "title": "Antrim_UnloopedPalstaveI1A0001_Antrim_UnloopedPalstaveI1A0002_fb"}, "n_answers": 3, "quorum": 0, "calibration": 0, "created": "2015-08-06T17:59:14.249271", "state": "completed", "project_id": 243, "id": 44063, "priority_0": 0.0}, {"info": {"url": "https://farm4.staticflickr.com/3723/20355374031_eaaf0fe0d6.jpg", "url_m": "https://farm4.staticflickr.com/3723/20355374031_eaaf0fe0d6_m.jpg", "link": "https://www.flickr.com/photos/115096994@N02/20355374031", "url_b": "https://farm4.staticflickr.com/3723/20355374031_eaaf0fe0d6_b.jpg", "title": "Antrim_UnloopedPalstaveI1I0001_Antrim_UnloopedPalstaveI1I0002_fb"}, "n_answers": 3, "quorum": 0, "calibration": 0, "created": "2015-08-06T17:59:14.279510", "state": "completed", "project_id": 243, "id": 44064, "priority_0": 0.0}, {"info": {"url": "https://farm1.staticflickr.com/348/20161269978_7fd795e350.jpg", "url_m": "https://farm1.staticflickr.com/348/20161269978_7fd795e350_m.jpg", "link": "https://www.flickr.com/photos/115096994@N02/20161269978", "url_b": "https://farm1.staticflickr.com/348/20161269978_7fd795e350_b.jpg", "title": "Antrim_UnloopedPalstaveI1U0001_Antrim_UnloopedPalstaveI1U0002_fb"}, "n_answers": 3, "quorum": 0, "calibration": 0, "created": "2015-08-06T17:59:14.308341", "state": "completed", "project_id": 243, "id": 44065, "priority_0": 0.0}, {"info": {"url": "https://farm1.staticflickr.com/453/20323033616_63c9eedd2f.jpg", "url_m": "https://farm1.staticflickr.com/453/20323033616_63c9eedd2f_m.jpg", "link": "https://www.flickr.com/photos/115096994@N02/20323033616", "url_b": "https://farm1.staticflickr.com/453/20323033616_63c9eedd2f_b.jpg", "title": "Antrim_UnloopedPalstaveI2A0001_Antrim_UnloopedPalstaveI2A0002_fb"}, "n_answers": 3, "quorum": 0, "calibration": 0, "created": "2015-08-06T17:59:14.338377", "state": "completed", "project_id": 243, "id": 44066, "priority_0": 0.0}, {"info": {"url": "https://farm1.staticflickr.com/473/20162642299_3f2f5bbf04.jpg", "url_m": "https://farm1.staticflickr.com/473/20162642299_3f2f5bbf04_m.jpg", "link": "https://www.flickr.com/photos/115096994@N02/20162642299", "url_b": "https://farm1.staticflickr.com/473/20162642299_3f2f5bbf04_b.jpg", "title": "Antrim_UnloopedPalstaveI4A0001_Antrim_UnloopedPalstaveI4A0002_fb"}, "n_answers": 3, "quorum": 0, "calibration": 0, "created": "2015-08-06T17:59:14.365952", "state": "completed", "project_id": 243, "id": 44067, "priority_0": 0.0}, {"info": {"url": "https://farm4.staticflickr.com/3741/20340804352_b12f3d5515.jpg", "url_m": "https://farm4.staticflickr.com/3741/20340804352_b12f3d5515_m.jpg", "link": "https://www.flickr.com/photos/115096994@N02/20340804352", "url_b": "https://farm4.staticflickr.com/3741/20340804352_b12f3d5515_b.jpg", "title": "Antrim_UnloopedPalstaveI4A0003_Antrim_UnloopedPalstaveI4A0004_fb"}, "n_answers": 3, "quorum": 0, "calibration": 0, "created": "2015-08-06T17:59:14.395899", "state": "completed", "project_id": 243, "id": 44068, "priority_0": 0.0}, {"info": {"url": "https://farm1.staticflickr.com/435/20340804252_e9cb06544a.jpg", "url_m": "https://farm1.staticflickr.com/435/20340804252_e9cb06544a_m.jpg", "link": "https://www.flickr.com/photos/115096994@N02/20340804252", "url_b": "https://farm1.staticflickr.com/435/20340804252_e9cb06544a_b.jpg", "title": "Antrim_UnloopedPalstaveI4K0001_Antrim_UnloopedPalstaveI4K0002_fb"}, "n_answers": 3, "quorum": 0, "calibration": 0, "created": "2015-08-06T17:59:14.424123", "state": "completed", "project_id": 243, "id": 44069, "priority_0": 0.0}, {"info": {"url": "https://farm1.staticflickr.com/266/20323033396_919a3086cc.jpg", "url_m": "https://farm1.staticflickr.com/266/20323033396_919a3086cc_m.jpg", "link": "https://www.flickr.com/photos/115096994@N02/20323033396", "url_b": "https://farm1.staticflickr.com/266/20323033396_919a3086cc_b.jpg", "title": "Antrim_UnloopedPalstaveI4U0001_Antrim_UnloopedPalstaveI4U0002_fb"}, "n_answers": 3, "quorum": 0, "calibration": 0, "created": "2015-08-06T17:59:14.454024", "state": "completed", "project_id": 243, "id": 44070, "priority_0": 0.0}, {"info": {"url": "https://farm1.staticflickr.com/323/20355373541_fb399b4332.jpg", "url_m": "https://farm1.staticflickr.com/323/20355373541_fb399b4332_m.jpg", "link": "https://www.flickr.com/photos/115096994@N02/20355373541", "url_b": "https://farm1.staticflickr.com/323/20355373541_fb399b4332_b.jpg", "title": "Antrim_UnloopedPalstaveI4U0003_Antrim_UnloopedPalstaveI4U0004_fb"}, "n_answers": 3, "quorum": 0, "calibration": 0, "created": "2015-08-06T17:59:14.482438", "state": "completed", "project_id": 243, "id": 44071, "priority_0": 0.0}, {"info": {"url": "https://farm1.staticflickr.com/550/20355373471_c62092866a.jpg", "url_m": "https://farm1.staticflickr.com/550/20355373471_c62092866a_m.jpg", "link": "https://www.flickr.com/photos/115096994@N02/20355373471", "url_b": "https://farm1.staticflickr.com/550/20355373471_c62092866a_b.jpg", "title": "Carlow_UnloopedPalstaveI2A0001_Carlow_UnloopedPalstaveI2A0002_fb"}, "n_answers": 3, "quorum": 0, "calibration": 0, "created": "2015-08-06T17:59:14.512463", "state": "completed", "project_id": 243, "id": 44072, "priority_0": 0.0}, {"info": {"url": "https://farm1.staticflickr.com/354/20161222930_47a45aee5e.jpg", "url_m": "https://farm1.staticflickr.com/354/20161222930_47a45aee5e_m.jpg", "link": "https://www.flickr.com/photos/115096994@N02/20161222930", "url_b": "https://farm1.staticflickr.com/354/20161222930_47a45aee5e_b.jpg", "title": "Cavan_LoopedPalstaveI1G0001_Cavan_LoopedPalstaveI1G0002_fb"}, "n_answers": 3, "quorum": 0, "calibration": 0, "created": "2015-08-06T17:59:14.540764", "state": "completed", "project_id": 243, "id": 44073, "priority_0": 0.0}, {"info": {"url": "https://farm4.staticflickr.com/3712/20323033006_b2c601c839.jpg", "url_m": "https://farm4.staticflickr.com/3712/20323033006_b2c601c839_m.jpg", "link": "https://www.flickr.com/photos/115096994@N02/20323033006", "url_b": "https://farm4.staticflickr.com/3712/20323033006_b2c601c839_b.jpg", "title": "Cavan_UnloopedPalstaveI4A0001_Cavan_UnloopedPalstaveI4A0002_fb"}, "n_answers": 3, "quorum": 0, "calibration": 0, "created": "2015-08-06T17:59:14.570488", "state": "completed", "project_id": 243, "id": 44074, "priority_0": 0.0}, {"info": {"url": "https://farm1.staticflickr.com/547/19728334693_5b1b231c73.jpg", "url_m": "https://farm1.staticflickr.com/547/19728334693_5b1b231c73_m.jpg", "link": "https://www.flickr.com/photos/115096994@N02/19728334693", "url_b": "https://farm1.staticflickr.com/547/19728334693_5b1b231c73_b.jpg", "title": "Cork_LoopedPalstaveIII1A0001_Cork_LoopedPalstaveIII1A0002_fb"}, "n_answers": 3, "quorum": 0, "calibration": 0, "created": "2015-08-06T17:59:14.599253", "state": "completed", "project_id": 243, "id": 44075, "priority_0": 0.0}, {"info": {"url": "https://farm1.staticflickr.com/558/20161222670_4390440a2e.jpg", "url_m": "https://farm1.staticflickr.com/558/20161222670_4390440a2e_m.jpg", "link": "https://www.flickr.com/photos/115096994@N02/20161222670", "url_b": "https://farm1.staticflickr.com/558/20161222670_4390440a2e_b.jpg", "title": "Cork_LoopedPalstaveIII3A0001_Cork_LoopedPalstaveIII3A0002_fb"}, "n_answers": 3, "quorum": 0, "calibration": 0, "created": "2015-08-06T17:59:14.648716", "state": "completed", "project_id": 243, "id": 44076, "priority_0": 0.0}, {"info": {"url": "https://farm1.staticflickr.com/395/20161269148_f2476e4d13.jpg", "url_m": "https://farm1.staticflickr.com/395/20161269148_f2476e4d13_m.jpg", "link": "https://www.flickr.com/photos/115096994@N02/20161269148", "url_b": "https://farm1.staticflickr.com/395/20161269148_f2476e4d13_b.jpg", "title": "Cork_LoopedPalstaveIII3A0003_Cork_LoopedPalstaveIII3A0004_fb"}, "n_answers": 3, "quorum": 0, "calibration": 0, "created": "2015-08-06T17:59:14.679152", "state": "completed", "project_id": 243, "id": 44077, "priority_0": 0.0}, {"info": {"url": "https://farm1.staticflickr.com/329/20162641379_e77fa4465d.jpg", "url_m": "https://farm1.staticflickr.com/329/20162641379_e77fa4465d_m.jpg", "link": "https://www.flickr.com/photos/115096994@N02/20162641379", "url_b": "https://farm1.staticflickr.com/329/20162641379_e77fa4465d_b.jpg", "title": "Cork_UnloopedPalstaveI1G0001_Cork_UnloopedPalstaveI1G0002_fb"}, "n_answers": 3, "quorum": 0, "calibration": 0, "created": "2015-08-06T17:59:14.707012", "state": "completed", "project_id": 243, "id": 44078, "priority_0": 0.0}, {"info": {"url": "https://farm4.staticflickr.com/3688/20349291835_a5d1fe9067.jpg", "url_m": "https://farm4.staticflickr.com/3688/20349291835_a5d1fe9067_m.jpg", "link": "https://www.flickr.com/photos/115096994@N02/20349291835", "url_b": "https://farm4.staticflickr.com/3688/20349291835_a5d1fe9067_b.jpg", "title": "Cork_UnloopedPalstaveI4G0001_Cork_UnloopedPalstaveI4G0002_fb"}, "n_answers": 3, "quorum": 0, "calibration": 0, "created": "2015-08-06T17:59:14.737079", "state": "completed", "project_id": 243, "id": 44079, "priority_0": 0.0}, {"info": {"url": "https://farm1.staticflickr.com/556/20161268788_8c5d9e755e.jpg", "url_m": "https://farm1.staticflickr.com/556/20161268788_8c5d9e755e_m.jpg", "link": "https://www.flickr.com/photos/115096994@N02/20161268788", "url_b": "https://farm1.staticflickr.com/556/20161268788_8c5d9e755e_b.jpg", "title": "Cork_UnloopedPalstaveI4H0001_Cork_UnloopedPalstaveI4H0002_fb"}, "n_answers": 3, "quorum": 0, "calibration": 0, "created": "2015-08-06T17:59:14.765178", "state": "completed", "project_id": 243, "id": 44080, "priority_0": 0.0}, {"info": {"url": "https://farm4.staticflickr.com/3704/20349291765_2f5bf00d5c.jpg", "url_m": "https://farm4.staticflickr.com/3704/20349291765_2f5bf00d5c_m.jpg", "link": "https://www.flickr.com/photos/115096994@N02/20349291765", "url_b": "https://farm4.staticflickr.com/3704/20349291765_2f5bf00d5c_b.jpg", "title": "Cork_UnloopedPalstaveI4U0001_Cork_UnloopedPalstaveI4U0002_fb"}, "n_answers": 3, "quorum": 0, "calibration": 0, "created": "2015-08-06T17:59:14.795234", "state": "completed", "project_id": 243, "id": 44081, "priority_0": 0.0}, {"info": {"url": "https://farm1.staticflickr.com/325/20162641109_0d175218d4.jpg", "url_m": "https://farm1.staticflickr.com/325/20162641109_0d175218d4_m.jpg", "link": "https://www.flickr.com/photos/115096994@N02/20162641109", "url_b": "https://farm1.staticflickr.com/325/20162641109_0d175218d4_b.jpg", "title": "Donegal_LoopedPalstaveI1N0001_Donegal_LoopedPalstaveI1N0002_fb"}, "n_answers": 3, "quorum": 0, "calibration": 0, "created": "2015-08-06T17:59:14.823275", "state": "completed", "project_id": 243, "id": 44082, "priority_0": 0.0}, {"info": {"url": "https://farm1.staticflickr.com/484/20162641089_9647bba70d.jpg", "url_m": "https://farm1.staticflickr.com/484/20162641089_9647bba70d_m.jpg", "link": "https://www.flickr.com/photos/115096994@N02/20162641089", "url_b": "https://farm1.staticflickr.com/484/20162641089_9647bba70d_b.jpg", "title": "Donegal_UnloopedPalstaveI1A0001_Donegal_UnloopedPalstaveI1A0002_fb"}, "n_answers": 3, "quorum": 0, "calibration": 0, "created": "2015-08-06T17:59:14.853256", "state": "completed", "project_id": 243, "id": 44083, "priority_0": 0.0}, {"info": {"url": "https://farm1.staticflickr.com/562/20161268608_9d195a76f3.jpg", "url_m": "https://farm1.staticflickr.com/562/20161268608_9d195a76f3_m.jpg", "link": "https://www.flickr.com/photos/115096994@N02/20161268608", "url_b": "https://farm1.staticflickr.com/562/20161268608_9d195a76f3_b.jpg", "title": "Down_UnloopedPalstaveI1G0001_Down_UnloopedPalstaveI1G0002_fb"}, "n_answers": 3, "quorum": 0, "calibration": 0, "created": "2015-08-06T17:59:14.881466", "state": "completed", "project_id": 243, "id": 44084, "priority_0": 0.0}, {"info": {"url": "https://farm1.staticflickr.com/527/20349291375_6219925596.jpg", "url_m": "https://farm1.staticflickr.com/527/20349291375_6219925596_m.jpg", "link": "https://www.flickr.com/photos/115096994@N02/20349291375", "url_b": "https://farm1.staticflickr.com/527/20349291375_6219925596_b.jpg", "title": "Down_UnloopedPalstaveI4A0001_Down_UnloopedPalstaveI4A0002_fb"}, "n_answers": 3, "quorum": 0, "calibration": 0, "created": "2015-08-06T17:59:14.911784", "state": "completed", "project_id": 243, "id": 44085, "priority_0": 0.0}, {"info": {"url": "https://farm1.staticflickr.com/382/20161221830_f8215e1abf.jpg", "url_m": "https://farm1.staticflickr.com/382/20161221830_f8215e1abf_m.jpg", "link": "https://www.flickr.com/photos/115096994@N02/20161221830", "url_b": "https://farm1.staticflickr.com/382/20161221830_f8215e1abf_b.jpg", "title": "Dublin_UnloopedPalstaveI1D0001_Dublin_UnloopedPalstaveI1D0002_fb"}, "n_answers": 3, "quorum": 0, "calibration": 0, "created": "2015-08-06T17:59:14.939535", "state": "completed", "project_id": 243, "id": 44086, "priority_0": 0.0}, {"info": {"url": "https://farm1.staticflickr.com/362/19728333953_645f130ca7.jpg", "url_m": "https://farm1.staticflickr.com/362/19728333953_645f130ca7_m.jpg", "link": "https://www.flickr.com/photos/115096994@N02/19728333953", "url_b": "https://farm1.staticflickr.com/362/19728333953_645f130ca7_b.jpg", "title": "Dublin_UnloopedPalstaveI1M0001_Dublin_UnloopedPalstaveI1M0002_fb"}, "n_answers": 3, "quorum": 0, "calibration": 0, "created": "2015-08-06T17:59:14.969429", "state": "completed", "project_id": 243, "id": 44087, "priority_0": 0.0}, {"info": {"url": "https://farm1.staticflickr.com/353/20162640659_f2d7a2a600.jpg", "url_m": "https://farm1.staticflickr.com/353/20162640659_f2d7a2a600_m.jpg", "link": "https://www.flickr.com/photos/115096994@N02/20162640659", "url_b": "https://farm1.staticflickr.com/353/20162640659_f2d7a2a600_b.jpg", "title": "Fermanagh_UnloopedPalstaveI4A0001_Fermanagh_UnloopedPalstaveI4A0002_fb"}, "n_answers": 3, "quorum": 0, "calibration": 0, "created": "2015-08-06T17:59:14.998390", "state": "completed", "project_id": 243, "id": 44088, "priority_0": 0.0}, {"info": {"url": "https://farm4.staticflickr.com/3800/20161221640_b14408a489.jpg", "url_m": "https://farm4.staticflickr.com/3800/20161221640_b14408a489_m.jpg", "link": "https://www.flickr.com/photos/115096994@N02/20161221640", "url_b": "https://farm4.staticflickr.com/3800/20161221640_b14408a489_b.jpg", "title": "Galway_UnloopedPalstaveI1A0001_Galway_UnloopedPalstaveI1A0002_fb"}, "n_answers": 3, "quorum": 0, "calibration": 0, "created": "2015-08-06T17:59:15.027680", "state": "completed", "project_id": 243, "id": 44089, "priority_0": 0.0}, {"info": {"url": "https://farm1.staticflickr.com/560/20161268068_3d3dcc591c.jpg", "url_m": "https://farm1.staticflickr.com/560/20161268068_3d3dcc591c_m.jpg", "link": "https://www.flickr.com/photos/115096994@N02/20161268068", "url_b": "https://farm1.staticflickr.com/560/20161268068_3d3dcc591c_b.jpg", "title": "Irish_LoopedPalstaveI1A0001_Irish_LoopedPalstaveI1A0002_fb"}, "n_answers": 3, "quorum": 0, "calibration": 0, "created": "2015-08-06T17:59:15.056055", "state": "completed", "project_id": 243, "id": 44090, "priority_0": 0.0}, {"info": {"url": "https://farm1.staticflickr.com/285/20161267948_e4e851f65a.jpg", "url_m": "https://farm1.staticflickr.com/285/20161267948_e4e851f65a_m.jpg", "link": "https://www.flickr.com/photos/115096994@N02/20161267948", "url_b": "https://farm1.staticflickr.com/285/20161267948_e4e851f65a_b.jpg", "title": "Irish_LoopedPalstaveI1N0001_Irish_LoopedPalstaveI1N0002_fb"}, "n_answers": 3, "quorum": 0, "calibration": 0, "created": "2015-08-06T17:59:15.085820", "state": "completed", "project_id": 243, "id": 44091, "priority_0": 0.0}, {"info": {"url": "https://farm1.staticflickr.com/487/20349290865_47568d2949.jpg", "url_m": "https://farm1.staticflickr.com/487/20349290865_47568d2949_m.jpg", "link": "https://www.flickr.com/photos/115096994@N02/20349290865", "url_b": "https://farm1.staticflickr.com/487/20349290865_47568d2949_b.jpg", "title": "Irish_LoopedPalstaveI1N0003_Irish_LoopedPalstaveI1N0004_fb"}, "n_answers": 3, "quorum": 0, "calibration": 0, "created": "2015-08-06T17:59:15.114304", "state": "completed", "project_id": 243, "id": 44092, "priority_0": 0.0}, {"info": {"url": "https://farm1.staticflickr.com/301/20161267928_5d2073b649.jpg", "url_m": "https://farm1.staticflickr.com/301/20161267928_5d2073b649_m.jpg", "link": "https://www.flickr.com/photos/115096994@N02/20161267928", "url_b": "https://farm1.staticflickr.com/301/20161267928_5d2073b649_b.jpg", "title": "Irish_LoopedPalstaveI1T0001_Irish_LoopedPalstaveI1T0002_fb"}, "n_answers": 3, "quorum": 0, "calibration": 0, "created": "2015-08-06T17:59:15.144433", "state": "completed", "project_id": 243, "id": 44093, "priority_0": 0.0}, {"info": {"url": "https://farm1.staticflickr.com/329/20161267818_7160a499f0.jpg", "url_m": "https://farm1.staticflickr.com/329/20161267818_7160a499f0_m.jpg", "link": "https://www.flickr.com/photos/115096994@N02/20161267818", "url_b": "https://farm1.staticflickr.com/329/20161267818_7160a499f0_b.jpg", "title": "Irish_LoopedPalstaveII10001_Irish_LoopedPalstaveII10002_fb"}, "n_answers": 3, "quorum": 0, "calibration": 0, "created": "2015-08-06T17:59:15.173497", "state": "completed", "project_id": 243, "id": 44094, "priority_0": 0.0}, {"info": {"url": "https://farm1.staticflickr.com/550/20355371921_5c737dbd59.jpg", "url_m": "https://farm1.staticflickr.com/550/20355371921_5c737dbd59_m.jpg", "link": "https://www.flickr.com/photos/115096994@N02/20355371921", "url_b": "https://farm1.staticflickr.com/550/20355371921_5c737dbd59_b.jpg", "title": "Irish_LoopedPalstaveIII1D0001_Irish_LoopedPalstaveIII1D0002_fb"}, "n_answers": 3, "quorum": 0, "calibration": 0, "created": "2015-08-06T17:59:15.205792", "state": "completed", "project_id": 243, "id": 44095, "priority_0": 0.0}, {"info": {"url": "https://farm1.staticflickr.com/295/20323031506_f313946a9a.jpg", "url_m": "https://farm1.staticflickr.com/295/20323031506_f313946a9a_m.jpg", "link": "https://www.flickr.com/photos/115096994@N02/20323031506", "url_b": "https://farm1.staticflickr.com/295/20323031506_f313946a9a_b.jpg", "title": "Irish_LoopedPalstaveIII1N0001_Irish_LoopedPalstaveIII1N0002_fb"}, "n_answers": 3, "quorum": 0, "calibration": 0, "created": "2015-08-06T17:59:15.237685", "state": "completed", "project_id": 243, "id": 44096, "priority_0": 0.0}, {"info": {"url": "https://farm1.staticflickr.com/296/20161221180_4aa725a2dc.jpg", "url_m": "https://farm1.staticflickr.com/296/20161221180_4aa725a2dc_m.jpg", "link": "https://www.flickr.com/photos/115096994@N02/20161221180", "url_b": "https://farm1.staticflickr.com/296/20161221180_4aa725a2dc_b.jpg", "title": "Irish_LoopedPalstaveIII1O0001_Irish_LoopedPalstaveIII1O0002_fb"}, "n_answers": 3, "quorum": 0, "calibration": 0, "created": "2015-08-06T17:59:15.265712", "state": "completed", "project_id": 243, "id": 44097, "priority_0": 0.0}, {"info": {"url": "https://farm1.staticflickr.com/509/20161267448_56bc4fa512.jpg", "url_m": "https://farm1.staticflickr.com/509/20161267448_56bc4fa512_m.jpg", "link": "https://www.flickr.com/photos/115096994@N02/20161267448", "url_b": "https://farm1.staticflickr.com/509/20161267448_56bc4fa512_b.jpg", "title": "Irish_LoopedPalstaveIII1U0001_Irish_LoopedPalstaveIII1U0002_fb"}, "n_answers": 3, "quorum": 0, "calibration": 0, "created": "2015-08-06T17:59:15.295437", "state": "completed", "project_id": 243, "id": 44098, "priority_0": 0.0}, {"info": {"url": "https://farm1.staticflickr.com/386/20161267298_f77616e741.jpg", "url_m": "https://farm1.staticflickr.com/386/20161267298_f77616e741_m.jpg", "link": "https://www.flickr.com/photos/115096994@N02/20161267298", "url_b": "https://farm1.staticflickr.com/386/20161267298_f77616e741_b.jpg", "title": "Irish_LoopedPalstaveIII3A0001_Irish_LoopedPalstaveIII3A0002_fb"}, "n_answers": 3, "quorum": 0, "calibration": 0, "created": "2015-08-06T17:59:15.323762", "state": "completed", "project_id": 243, "id": 44099, "priority_0": 0.0}, {"info": {"url": "https://farm4.staticflickr.com/3817/20340801822_a0f129d2dc.jpg", "url_m": "https://farm4.staticflickr.com/3817/20340801822_a0f129d2dc_m.jpg", "link": "https://www.flickr.com/photos/115096994@N02/20340801822", "url_b": "https://farm4.staticflickr.com/3817/20340801822_a0f129d2dc_b.jpg", "title": "Irish_LoopedPalstaveIV1K0001_Irish_LoopedPalstaveIV1K0002_fb"}, "n_answers": 3, "quorum": 0, "calibration": 0, "created": "2015-08-06T17:59:15.354061", "state": "completed", "project_id": 243, "id": 44100, "priority_0": 0.0}, {"info": {"url": "https://farm1.staticflickr.com/282/19726618374_fe83db72e0.jpg", "url_m": "https://farm1.staticflickr.com/282/19726618374_fe83db72e0_m.jpg", "link": "https://www.flickr.com/photos/115096994@N02/19726618374", "url_b": "https://farm1.staticflickr.com/282/19726618374_fe83db72e0_b.jpg", "title": "Irish_LoopedPalstaveIV3A0001_Irish_LoopedPalstaveIV3A0002_fb"}, "n_answers": 3, "quorum": 0, "calibration": 0, "created": "2015-08-06T17:59:15.381962", "state": "completed", "project_id": 243, "id": 44101, "priority_0": 0.0}, {"info": {"url": "https://farm1.staticflickr.com/424/20349290065_10d2332251.jpg", "url_m": "https://farm1.staticflickr.com/424/20349290065_10d2332251_m.jpg", "link": "https://www.flickr.com/photos/115096994@N02/20349290065", "url_b": "https://farm1.staticflickr.com/424/20349290065_10d2332251_b.jpg", "title": "Irish_UnloopedPalstaveI1A0001_Irish_UnloopedPalstaveI1A0002_fb"}, "n_answers": 3, "quorum": 0, "calibration": 0, "created": "2015-08-06T17:59:15.411891", "state": "completed", "project_id": 243, "id": 44102, "priority_0": 0.0}, {"info": {"url": "https://farm4.staticflickr.com/3713/20323030976_2dcf282d38.jpg", "url_m": "https://farm4.staticflickr.com/3713/20323030976_2dcf282d38_m.jpg", "link": "https://www.flickr.com/photos/115096994@N02/20323030976", "url_b": "https://farm4.staticflickr.com/3713/20323030976_2dcf282d38_b.jpg", "title": "Irish_UnloopedPalstaveI1A0003_Irish_UnloopedPalstaveI1A0004_fb"}, "n_answers": 3, "quorum": 0, "calibration": 0, "created": "2015-08-06T17:59:15.440601", "state": "completed", "project_id": 243, "id": 44103, "priority_0": 0.0}, {"info": {"url": "https://farm4.staticflickr.com/3822/20349289875_68307c1ea0.jpg", "url_m": "https://farm4.staticflickr.com/3822/20349289875_68307c1ea0_m.jpg", "link": "https://www.flickr.com/photos/115096994@N02/20349289875", "url_b": "https://farm4.staticflickr.com/3822/20349289875_68307c1ea0_b.jpg", "title": "Irish_UnloopedPalstaveI1A0005_Irish_UnloopedPalstaveI1A0006_fb"}, "n_answers": 3, "quorum": 0, "calibration": 0, "created": "2015-08-06T17:59:15.469762", "state": "completed", "project_id": 243, "id": 44104, "priority_0": 0.0}, {"info": {"url": "https://farm1.staticflickr.com/404/19728332343_7f26b84bc6.jpg", "url_m": "https://farm1.staticflickr.com/404/19728332343_7f26b84bc6_m.jpg", "link": "https://www.flickr.com/photos/115096994@N02/19728332343", "url_b": "https://farm1.staticflickr.com/404/19728332343_7f26b84bc6_b.jpg", "title": "Irish_UnloopedPalstaveI1A0007_Irish_UnloopedPalstaveI1A0008_fb"}, "n_answers": 3, "quorum": 0, "calibration": 0, "created": "2015-08-06T17:59:15.498165", "state": "completed", "project_id": 243, "id": 44105, "priority_0": 0.0}, {"info": {"url": "https://farm1.staticflickr.com/362/20161220330_2a4212ddd1.jpg", "url_m": "https://farm1.staticflickr.com/362/20161220330_2a4212ddd1_m.jpg", "link": "https://www.flickr.com/photos/115096994@N02/20161220330", "url_b": "https://farm1.staticflickr.com/362/20161220330_2a4212ddd1_b.jpg", "title": "Irish_UnloopedPalstaveI1A0009_Irish_UnloopedPalstaveI1A0010_fb"}, "n_answers": 3, "quorum": 0, "calibration": 0, "created": "2015-08-06T17:59:15.529461", "state": "completed", "project_id": 243, "id": 44106, "priority_0": 0.0}, {"info": {"url": "https://farm1.staticflickr.com/473/20349289675_fb766fe1d2.jpg", "url_m": "https://farm1.staticflickr.com/473/20349289675_fb766fe1d2_m.jpg", "link": "https://www.flickr.com/photos/115096994@N02/20349289675", "url_b": "https://farm1.staticflickr.com/473/20349289675_fb766fe1d2_b.jpg", "title": "Irish_UnloopedPalstaveI1A0011_Irish_UnloopedPalstaveI1A0012_fb"}, "n_answers": 3, "quorum": 0, "calibration": 0, "created": "2015-08-06T17:59:15.555868", "state": "completed", "project_id": 243, "id": 44107, "priority_0": 0.0}, {"info": {"url": "https://farm1.staticflickr.com/414/20161220020_cbaed677f4.jpg", "url_m": "https://farm1.staticflickr.com/414/20161220020_cbaed677f4_m.jpg", "link": "https://www.flickr.com/photos/115096994@N02/20161220020", "url_b": "https://farm1.staticflickr.com/414/20161220020_cbaed677f4_b.jpg", "title": "Irish_UnloopedPalstaveI1A0013_Irish_UnloopedPalstaveI1A0014_fb"}, "n_answers": 3, "quorum": 0, "calibration": 0, "created": "2015-08-06T17:59:15.581146", "state": "completed", "project_id": 243, "id": 44108, "priority_0": 0.0}, {"info": {"url": "https://farm1.staticflickr.com/285/19728333053_3d8ab82f43.jpg", "url_m": "https://farm1.staticflickr.com/285/19728333053_3d8ab82f43_m.jpg", "link": "https://www.flickr.com/photos/115096994@N02/19728333053", "url_b": "https://farm1.staticflickr.com/285/19728333053_3d8ab82f43_b.jpg", "title": "Irish_UnloopedPalstaveI1A0015_Irish_UnloopedPalstaveI1A0016_fb"}, "n_answers": 3, "quorum": 0, "calibration": 0, "created": "2015-08-06T17:59:15.610540", "state": "completed", "project_id": 243, "id": 44109, "priority_0": 0.0}, {"info": {"url": "https://farm1.staticflickr.com/527/19728331933_fa26014356.jpg", "url_m": "https://farm1.staticflickr.com/527/19728331933_fa26014356_m.jpg", "link": "https://www.flickr.com/photos/115096994@N02/19728331933", "url_b": "https://farm1.staticflickr.com/527/19728331933_fa26014356_b.jpg", "title": "Irish_UnloopedPalstaveI1A0017_Irish_UnloopedPalstaveI1A0018_fb"}, "n_answers": 3, "quorum": 0, "calibration": 0, "created": "2015-08-06T17:59:15.641327", "state": "completed", "project_id": 243, "id": 44110, "priority_0": 0.0}, {"info": {"url": "https://farm1.staticflickr.com/311/20349289425_3ee32f27da.jpg", "url_m": "https://farm1.staticflickr.com/311/20349289425_3ee32f27da_m.jpg", "link": "https://www.flickr.com/photos/115096994@N02/20349289425", "url_b": "https://farm1.staticflickr.com/311/20349289425_3ee32f27da_b.jpg", "title": "Irish_UnloopedPalstaveI1A0019_Irish_UnloopedPalstaveI1A0020_fb"}, "n_answers": 3, "quorum": 0, "calibration": 0, "created": "2015-08-06T17:59:15.669690", "state": "completed", "project_id": 243, "id": 44111, "priority_0": 0.0}, {"info": {"url": "https://farm1.staticflickr.com/515/20161219900_a530af5a3a.jpg", "url_m": "https://farm1.staticflickr.com/515/20161219900_a530af5a3a_m.jpg", "link": "https://www.flickr.com/photos/115096994@N02/20161219900", "url_b": "https://farm1.staticflickr.com/515/20161219900_a530af5a3a_b.jpg", "title": "Irish_UnloopedPalstaveI1C0001_Irish_UnloopedPalstaveI1C0002_fb"}, "n_answers": 3, "quorum": 0, "calibration": 0, "created": "2015-08-06T17:59:15.698059", "state": "completed", "project_id": 243, "id": 44112, "priority_0": 0.0}, {"info": {"url": "https://farm1.staticflickr.com/298/20349289245_4930e7e2c0.jpg", "url_m": "https://farm1.staticflickr.com/298/20349289245_4930e7e2c0_m.jpg", "link": "https://www.flickr.com/photos/115096994@N02/20349289245", "url_b": "https://farm1.staticflickr.com/298/20349289245_4930e7e2c0_b.jpg", "title": "Irish_UnloopedPalstaveI1C0003_Irish_UnloopedPalstaveI1C0004_fb"}, "n_answers": 3, "quorum": 0, "calibration": 0, "created": "2015-08-06T17:59:15.728578", "state": "completed", "project_id": 243, "id": 44113, "priority_0": 0.0}, {"info": {"url": "https://farm1.staticflickr.com/356/20162638679_50db78436b.jpg", "url_m": "https://farm1.staticflickr.com/356/20162638679_50db78436b_m.jpg", "link": "https://www.flickr.com/photos/115096994@N02/20162638679", "url_b": "https://farm1.staticflickr.com/356/20162638679_50db78436b_b.jpg", "title": "Irish_UnloopedPalstaveI1C0005_Irish_UnloopedPalstaveI1C0006_fb"}, "n_answers": 3, "quorum": 0, "calibration": 0, "created": "2015-08-06T17:59:15.756783", "state": "completed", "project_id": 243, "id": 44114, "priority_0": 0.0}, {"info": {"url": "https://farm1.staticflickr.com/404/20355370351_a8610a567f.jpg", "url_m": "https://farm1.staticflickr.com/404/20355370351_a8610a567f_m.jpg", "link": "https://www.flickr.com/photos/115096994@N02/20355370351", "url_b": "https://farm1.staticflickr.com/404/20355370351_a8610a567f_b.jpg", "title": "Irish_UnloopedPalstaveI1D0001_Irish_UnloopedPalstaveI1D0002_fb"}, "n_answers": 3, "quorum": 0, "calibration": 0, "created": "2015-08-06T17:59:15.787302", "state": "completed", "project_id": 243, "id": 44115, "priority_0": 0.0}, {"info": {"url": "https://farm4.staticflickr.com/3696/20340800392_5271209ed6.jpg", "url_m": "https://farm4.staticflickr.com/3696/20340800392_5271209ed6_m.jpg", "link": "https://www.flickr.com/photos/115096994@N02/20340800392", "url_b": "https://farm4.staticflickr.com/3696/20340800392_5271209ed6_b.jpg", "title": "Irish_UnloopedPalstaveI1D0003_Irish_UnloopedPalstaveI1D0004_fb"}, "n_answers": 3, "quorum": 0, "calibration": 0, "created": "2015-08-06T17:59:15.815370", "state": "completed", "project_id": 243, "id": 44116, "priority_0": 0.0}, {"info": {"url": "https://farm1.staticflickr.com/379/20161265818_0eff6113bf.jpg", "url_m": "https://farm1.staticflickr.com/379/20161265818_0eff6113bf_m.jpg", "link": "https://www.flickr.com/photos/115096994@N02/20161265818", "url_b": "https://farm1.staticflickr.com/379/20161265818_0eff6113bf_b.jpg", "title": "Irish_UnloopedPalstaveI1D0005_Irish_UnloopedPalstaveI1D0006_fb"}, "n_answers": 3, "quorum": 0, "calibration": 0, "created": "2015-08-06T17:59:15.844809", "state": "completed", "project_id": 243, "id": 44117, "priority_0": 0.0}, {"info": {"url": "https://farm1.staticflickr.com/458/20323029816_8045ef2431.jpg", "url_m": "https://farm1.staticflickr.com/458/20323029816_8045ef2431_m.jpg", "link": "https://www.flickr.com/photos/115096994@N02/20323029816", "url_b": "https://farm1.staticflickr.com/458/20323029816_8045ef2431_b.jpg", "title": "Irish_UnloopedPalstaveI1D0007_Irish_UnloopedPalstaveI1D0008_fb"}, "n_answers": 3, "quorum": 0, "calibration": 0, "created": "2015-08-06T17:59:15.873103", "state": "completed", "project_id": 243, "id": 44118, "priority_0": 0.0}, {"info": {"url": "https://farm1.staticflickr.com/479/19728331243_6e9b8ae8ca.jpg", "url_m": "https://farm1.staticflickr.com/479/19728331243_6e9b8ae8ca_m.jpg", "link": "https://www.flickr.com/photos/115096994@N02/19728331243", "url_b": "https://farm1.staticflickr.com/479/19728331243_6e9b8ae8ca_b.jpg", "title": "Irish_UnloopedPalstaveI1E0001_Irish_UnloopedPalstaveI1E0002_fb"}, "n_answers": 3, "quorum": 0, "calibration": 0, "created": "2015-08-06T17:59:15.903774", "state": "completed", "project_id": 243, "id": 44119, "priority_0": 0.0}, {"info": {"url": "https://farm1.staticflickr.com/336/20340800142_fe11978e24.jpg", "url_m": "https://farm1.staticflickr.com/336/20340800142_fe11978e24_m.jpg", "link": "https://www.flickr.com/photos/115096994@N02/20340800142", "url_b": "https://farm1.staticflickr.com/336/20340800142_fe11978e24_b.jpg", "title": "Irish_UnloopedPalstaveI1E0003_Irish_UnloopedPalstaveI1E0004_fb"}, "n_answers": 3, "quorum": 0, "calibration": 0, "created": "2015-08-06T17:59:15.932156", "state": "completed", "project_id": 243, "id": 44120, "priority_0": 0.0}, {"info": {"url": "https://farm4.staticflickr.com/3688/20349288685_fe0c99f163.jpg", "url_m": "https://farm4.staticflickr.com/3688/20349288685_fe0c99f163_m.jpg", "link": "https://www.flickr.com/photos/115096994@N02/20349288685", "url_b": "https://farm4.staticflickr.com/3688/20349288685_fe0c99f163_b.jpg", "title": "Irish_UnloopedPalstaveI1E0005_Irish_UnloopedPalstaveI1E0006_fb"}, "n_answers": 3, "quorum": 0, "calibration": 0, "created": "2015-08-06T17:59:15.961836", "state": "completed", "project_id": 243, "id": 44121, "priority_0": 0.0}, {"info": {"url": "https://farm1.staticflickr.com/438/20161265568_1cc4a90e96.jpg", "url_m": "https://farm1.staticflickr.com/438/20161265568_1cc4a90e96_m.jpg", "link": "https://www.flickr.com/photos/115096994@N02/20161265568", "url_b": "https://farm1.staticflickr.com/438/20161265568_1cc4a90e96_b.jpg", "title": "Irish_UnloopedPalstaveI1E0007_Irish_UnloopedPalstaveI1E0008_fb"}, "n_answers": 3, "quorum": 0, "calibration": 0, "created": "2015-08-06T17:59:15.990580", "state": "completed", "project_id": 243, "id": 44122, "priority_0": 0.0}, {"info": {"url": "https://farm1.staticflickr.com/379/19728330893_73511760cd.jpg", "url_m": "https://farm1.staticflickr.com/379/19728330893_73511760cd_m.jpg", "link": "https://www.flickr.com/photos/115096994@N02/19728330893", "url_b": "https://farm1.staticflickr.com/379/19728330893_73511760cd_b.jpg", "title": "Irish_UnloopedPalstaveI1G0001_Irish_UnloopedPalstaveI1G0002_fb"}, "n_answers": 3, "quorum": 0, "calibration": 0, "created": "2015-08-06T17:59:16.019991", "state": "completed", "project_id": 243, "id": 44123, "priority_0": 0.0}, {"info": {"url": "https://farm1.staticflickr.com/301/20340799972_68a7476c93.jpg", "url_m": "https://farm1.staticflickr.com/301/20340799972_68a7476c93_m.jpg", "link": "https://www.flickr.com/photos/115096994@N02/20340799972", "url_b": "https://farm1.staticflickr.com/301/20340799972_68a7476c93_b.jpg", "title": "Irish_UnloopedPalstaveI1G0003_Irish_UnloopedPalstaveI1G0004_fb"}, "n_answers": 3, "quorum": 0, "calibration": 0, "created": "2015-08-06T17:59:16.048372", "state": "completed", "project_id": 243, "id": 44124, "priority_0": 0.0}, {"info": {"url": "https://farm4.staticflickr.com/3675/19728330613_7737a16413.jpg", "url_m": "https://farm4.staticflickr.com/3675/19728330613_7737a16413_m.jpg", "link": "https://www.flickr.com/photos/115096994@N02/19728330613", "url_b": "https://farm4.staticflickr.com/3675/19728330613_7737a16413_b.jpg", "title": "Irish_UnloopedPalstaveI1H0001_Irish_UnloopedPalstaveI1H0002_fb"}, "n_answers": 3, "quorum": 0, "calibration": 0, "created": "2015-08-06T17:59:16.078719", "state": "completed", "project_id": 243, "id": 44125, "priority_0": 0.0}, {"info": {"url": "https://farm1.staticflickr.com/384/20355369451_92c33a587b.jpg", "url_m": "https://farm1.staticflickr.com/384/20355369451_92c33a587b_m.jpg", "link": "https://www.flickr.com/photos/115096994@N02/20355369451", "url_b": "https://farm1.staticflickr.com/384/20355369451_92c33a587b_b.jpg", "title": "Irish_UnloopedPalstaveI1I0001_Irish_UnloopedPalstaveI1I0002_fb"}, "n_answers": 3, "quorum": 0, "calibration": 0, "created": "2015-08-06T17:59:16.106836", "state": "completed", "project_id": 243, "id": 44126, "priority_0": 0.0}, {"info": {"url": "https://farm1.staticflickr.com/453/20340799602_4181c3c83d.jpg", "url_m": "https://farm1.staticflickr.com/453/20340799602_4181c3c83d_m.jpg", "link": "https://www.flickr.com/photos/115096994@N02/20340799602", "url_b": "https://farm1.staticflickr.com/453/20340799602_4181c3c83d_b.jpg", "title": "Irish_UnloopedPalstaveI1N0001_Irish_UnloopedPalstaveI1N0002_fb"}, "n_answers": 3, "quorum": 0, "calibration": 0, "created": "2015-08-06T17:59:16.136585", "state": "completed", "project_id": 243, "id": 44127, "priority_0": 0.0}, {"info": {"url": "https://farm1.staticflickr.com/547/20161264838_21c43f179a.jpg", "url_m": "https://farm1.staticflickr.com/547/20161264838_21c43f179a_m.jpg", "link": "https://www.flickr.com/photos/115096994@N02/20161264838", "url_b": "https://farm1.staticflickr.com/547/20161264838_21c43f179a_b.jpg", "title": "Irish_UnloopedPalstaveI1N0003_Irish_UnloopedPalstaveI1N0004_fb"}, "n_answers": 3, "quorum": 0, "calibration": 0, "created": "2015-08-06T17:59:16.165187", "state": "completed", "project_id": 243, "id": 44128, "priority_0": 0.0}, {"info": {"url": "https://farm1.staticflickr.com/336/20161265468_3619d2a6f9.jpg", "url_m": "https://farm1.staticflickr.com/336/20161265468_3619d2a6f9_m.jpg", "link": "https://www.flickr.com/photos/115096994@N02/20161265468", "url_b": "https://farm1.staticflickr.com/336/20161265468_3619d2a6f9_b.jpg", "title": "Irish_UnloopedPalstaveI1U0001_Irish_UnloopedPalstaveI1U0002_fb"}, "n_answers": 3, "quorum": 0, "calibration": 0, "created": "2015-08-06T17:59:16.195220", "state": "completed", "project_id": 243, "id": 44129, "priority_0": 0.0}, {"info": {"url": "https://farm1.staticflickr.com/464/19726615844_c87d0898f4.jpg", "url_m": "https://farm1.staticflickr.com/464/19726615844_c87d0898f4_m.jpg", "link": "https://www.flickr.com/photos/115096994@N02/19726615844", "url_b": "https://farm1.staticflickr.com/464/19726615844_c87d0898f4_b.jpg", "title": "Irish_UnloopedPalstaveI2A0001_Irish_UnloopedPalstaveI2A0002_fb"}, "n_answers": 3, "quorum": 0, "calibration": 0, "created": "2015-08-06T17:59:16.223390", "state": "completed", "project_id": 243, "id": 44130, "priority_0": 0.0}, {"info": {"url": "https://farm1.staticflickr.com/495/20161217980_264dc54069.jpg", "url_m": "https://farm1.staticflickr.com/495/20161217980_264dc54069_m.jpg", "link": "https://www.flickr.com/photos/115096994@N02/20161217980", "url_b": "https://farm1.staticflickr.com/495/20161217980_264dc54069_b.jpg", "title": "Irish_UnloopedPalstaveI2A0003_Irish_UnloopedPalstaveI2A0004_fb"}, "n_answers": 3, "quorum": 0, "calibration": 0, "created": "2015-08-06T17:59:16.253542", "state": "completed", "project_id": 243, "id": 44131, "priority_0": 0.0}, {"info": {"url": "https://farm4.staticflickr.com/3724/19728330333_16d933d8ba.jpg", "url_m": "https://farm4.staticflickr.com/3724/19728330333_16d933d8ba_m.jpg", "link": "https://www.flickr.com/photos/115096994@N02/19728330333", "url_b": "https://farm4.staticflickr.com/3724/19728330333_16d933d8ba_b.jpg", "title": "Irish_UnloopedPalstaveI2C0001_Irish_UnloopedPalstaveI2C0002_fb"}, "n_answers": 3, "quorum": 0, "calibration": 0, "created": "2015-08-06T17:59:16.282439", "state": "completed", "project_id": 243, "id": 44132, "priority_0": 0.0}, {"info": {"url": "https://farm1.staticflickr.com/444/20355368751_fedaa91e94.jpg", "url_m": "https://farm1.staticflickr.com/444/20355368751_fedaa91e94_m.jpg", "link": "https://www.flickr.com/photos/115096994@N02/20355368751", "url_b": "https://farm1.staticflickr.com/444/20355368751_fedaa91e94_b.jpg", "title": "Irish_UnloopedPalstaveI2D0001_Irish_UnloopedPalstaveI2D0002_fb"}, "n_answers": 3, "quorum": 0, "calibration": 0, "created": "2015-08-06T17:59:16.311882", "state": "completed", "project_id": 243, "id": 44133, "priority_0": 0.0}, {"info": {"url": "https://farm4.staticflickr.com/3698/20161217890_c9e5405361.jpg", "url_m": "https://farm4.staticflickr.com/3698/20161217890_c9e5405361_m.jpg", "link": "https://www.flickr.com/photos/115096994@N02/20161217890", "url_b": "https://farm4.staticflickr.com/3698/20161217890_c9e5405361_b.jpg", "title": "Irish_UnloopedPalstaveI2F0001_Irish_UnloopedPalstaveI2F0002_fb"}, "n_answers": 3, "quorum": 0, "calibration": 0, "created": "2015-08-06T17:59:16.340080", "state": "completed", "project_id": 243, "id": 44134, "priority_0": 0.0}, {"info": {"url": "https://farm1.staticflickr.com/346/20161217740_15ffcc8ac0.jpg", "url_m": "https://farm1.staticflickr.com/346/20161217740_15ffcc8ac0_m.jpg", "link": "https://www.flickr.com/photos/115096994@N02/20161217740", "url_b": "https://farm1.staticflickr.com/346/20161217740_15ffcc8ac0_b.jpg", "title": "Irish_UnloopedPalstaveI2F0003_Irish_UnloopedPalstaveI2F0004_fb"}, "n_answers": 3, "quorum": 0, "calibration": 0, "created": "2015-08-06T17:59:16.365437", "state": "completed", "project_id": 243, "id": 44135, "priority_0": 0.0}, {"info": {"url": "https://farm1.staticflickr.com/530/20323028276_90dc2d4e4f.jpg", "url_m": "https://farm1.staticflickr.com/530/20323028276_90dc2d4e4f_m.jpg", "link": "https://www.flickr.com/photos/115096994@N02/20323028276", "url_b": "https://farm1.staticflickr.com/530/20323028276_90dc2d4e4f_b.jpg", "title": "Irish_UnloopedPalstaveI4A0001_Irish_UnloopedPalstaveI4A0002_fb"}, "n_answers": 3, "quorum": 0, "calibration": 0, "created": "2015-08-06T17:59:16.395354", "state": "completed", "project_id": 243, "id": 44136, "priority_0": 0.0}, {"info": {"url": "https://farm1.staticflickr.com/493/20340798772_455aa7b01e.jpg", "url_m": "https://farm1.staticflickr.com/493/20340798772_455aa7b01e_m.jpg", "link": "https://www.flickr.com/photos/115096994@N02/20340798772", "url_b": "https://farm1.staticflickr.com/493/20340798772_455aa7b01e_b.jpg", "title": "Irish_UnloopedPalstaveI4A0003_Irish_UnloopedPalstaveI4A0004_fb"}, "n_answers": 3, "quorum": 0, "calibration": 0, "created": "2015-08-06T17:59:16.423491", "state": "completed", "project_id": 243, "id": 44137, "priority_0": 0.0}, {"info": {"url": "https://farm1.staticflickr.com/524/20323028016_ac090b3489.jpg", "url_m": "https://farm1.staticflickr.com/524/20323028016_ac090b3489_m.jpg", "link": "https://www.flickr.com/photos/115096994@N02/20323028016", "url_b": "https://farm1.staticflickr.com/524/20323028016_ac090b3489_b.jpg", "title": "Irish_UnloopedPalstaveI4A0005_Irish_UnloopedPalstaveI4A0006_fb"}, "n_answers": 3, "quorum": 0, "calibration": 0, "created": "2015-08-06T17:59:16.453677", "state": "completed", "project_id": 243, "id": 44138, "priority_0": 0.0}, {"info": {"url": "https://farm1.staticflickr.com/412/20340798682_76a2630085.jpg", "url_m": "https://farm1.staticflickr.com/412/20340798682_76a2630085_m.jpg", "link": "https://www.flickr.com/photos/115096994@N02/20340798682", "url_b": "https://farm1.staticflickr.com/412/20340798682_76a2630085_b.jpg", "title": "Irish_UnloopedPalstaveI4A0007_Irish_UnloopedPalstaveI4A0008_fb"}, "n_answers": 3, "quorum": 0, "calibration": 0, "created": "2015-08-06T17:59:16.481993", "state": "completed", "project_id": 243, "id": 44139, "priority_0": 0.0}, {"info": {"url": "https://farm1.staticflickr.com/282/20161217510_ea13ea76ce.jpg", "url_m": "https://farm1.staticflickr.com/282/20161217510_ea13ea76ce_m.jpg", "link": "https://www.flickr.com/photos/115096994@N02/20161217510", "url_b": "https://farm1.staticflickr.com/282/20161217510_ea13ea76ce_b.jpg", "title": "Irish_UnloopedPalstaveI4A0009_Irish_UnloopedPalstaveI4A0010_fb"}, "n_answers": 3, "quorum": 0, "calibration": 0, "created": "2015-08-06T17:59:16.511954", "state": "completed", "project_id": 243, "id": 44140, "priority_0": 0.0}, {"info": {"url": "https://farm1.staticflickr.com/335/20323027866_6323a33757.jpg", "url_m": "https://farm1.staticflickr.com/335/20323027866_6323a33757_m.jpg", "link": "https://www.flickr.com/photos/115096994@N02/20323027866", "url_b": "https://farm1.staticflickr.com/335/20323027866_6323a33757_b.jpg", "title": "Irish_UnloopedPalstaveI4A0011_Irish_UnloopedPalstaveI4A0012_fb"}, "n_answers": 3, "quorum": 0, "calibration": 0, "created": "2015-08-06T17:59:16.540471", "state": "completed", "project_id": 243, "id": 44141, "priority_0": 0.0}, {"info": {"url": "https://farm1.staticflickr.com/321/20340798372_4a6e940b55.jpg", "url_m": "https://farm1.staticflickr.com/321/20340798372_4a6e940b55_m.jpg", "link": "https://www.flickr.com/photos/115096994@N02/20340798372", "url_b": "https://farm1.staticflickr.com/321/20340798372_4a6e940b55_b.jpg", "title": "Irish_UnloopedPalstaveI4A0013_Irish_UnloopedPalstaveI4A0014_fb"}, "n_answers": 3, "quorum": 0, "calibration": 0, "created": "2015-08-06T17:59:16.570366", "state": "completed", "project_id": 243, "id": 44142, "priority_0": 0.0}, {"info": {"url": "https://farm1.staticflickr.com/499/20161217170_ee50dc5600.jpg", "url_m": "https://farm1.staticflickr.com/499/20161217170_ee50dc5600_m.jpg", "link": "https://www.flickr.com/photos/115096994@N02/20161217170", "url_b": "https://farm1.staticflickr.com/499/20161217170_ee50dc5600_b.jpg", "title": "Irish_UnloopedPalstaveI4A0015_Irish_UnloopedPalstaveI4A0016_fb"}, "n_answers": 3, "quorum": 0, "calibration": 0, "created": "2015-08-06T17:59:16.599571", "state": "completed", "project_id": 243, "id": 44143, "priority_0": 0.0}, {"info": {"url": "https://farm1.staticflickr.com/380/19726614434_27d8ca147b.jpg", "url_m": "https://farm1.staticflickr.com/380/19726614434_27d8ca147b_m.jpg", "link": "https://www.flickr.com/photos/115096994@N02/19726614434", "url_b": "https://farm1.staticflickr.com/380/19726614434_27d8ca147b_b.jpg", "title": "Irish_UnloopedPalstaveI4A0017_Irish_UnloopedPalstaveI4A0018_fb"}, "n_answers": 3, "quorum": 0, "calibration": 0, "created": "2015-08-06T17:59:16.628817", "state": "completed", "project_id": 243, "id": 44144, "priority_0": 0.0}, {"info": {"url": "https://farm1.staticflickr.com/534/20161217090_3b843659a3.jpg", "url_m": "https://farm1.staticflickr.com/534/20161217090_3b843659a3_m.jpg", "link": "https://www.flickr.com/photos/115096994@N02/20161217090", "url_b": "https://farm1.staticflickr.com/534/20161217090_3b843659a3_b.jpg", "title": "Irish_UnloopedPalstaveI4A0019_Irish_UnloopedPalstaveI4A0020_fb"}, "n_answers": 3, "quorum": 0, "calibration": 0, "created": "2015-08-06T17:59:16.657048", "state": "completed", "project_id": 243, "id": 44145, "priority_0": 0.0}, {"info": {"url": "https://farm1.staticflickr.com/375/20161263208_c23696b8f1.jpg", "url_m": "https://farm1.staticflickr.com/375/20161263208_c23696b8f1_m.jpg", "link": "https://www.flickr.com/photos/115096994@N02/20161263208", "url_b": "https://farm1.staticflickr.com/375/20161263208_c23696b8f1_b.jpg", "title": "Irish_UnloopedPalstaveI4A0021_Irish_UnloopedPalstaveI4A0022_fb"}, "n_answers": 3, "quorum": 0, "calibration": 0, "created": "2015-08-06T17:59:16.687173", "state": "completed", "project_id": 243, "id": 44146, "priority_0": 0.0}, {"info": {"url": "https://farm1.staticflickr.com/330/20323027416_1d0ea87a2e.jpg", "url_m": "https://farm1.staticflickr.com/330/20323027416_1d0ea87a2e_m.jpg", "link": "https://www.flickr.com/photos/115096994@N02/20323027416", "url_b": "https://farm1.staticflickr.com/330/20323027416_1d0ea87a2e_b.jpg", "title": "Irish_UnloopedPalstaveI4F0001_Irish_UnloopedPalstaveI4F0002_fb"}, "n_answers": 3, "quorum": 0, "calibration": 0, "created": "2015-08-06T17:59:16.715383", "state": "completed", "project_id": 243, "id": 44147, "priority_0": 0.0}, {"info": {"url": "https://farm1.staticflickr.com/480/20340798032_c624f328f7.jpg", "url_m": "https://farm1.staticflickr.com/480/20340798032_c624f328f7_m.jpg", "link": "https://www.flickr.com/photos/115096994@N02/20340798032", "url_b": "https://farm1.staticflickr.com/480/20340798032_c624f328f7_b.jpg", "title": "Irish_UnloopedPalstaveI4F0003_Irish_UnloopedPalstaveI4F0004_fb"}, "n_answers": 3, "quorum": 0, "calibration": 0, "created": "2015-08-06T17:59:16.745584", "state": "completed", "project_id": 243, "id": 44148, "priority_0": 0.0}, {"info": {"url": "https://farm1.staticflickr.com/362/20162635919_3e3eb7f4e8.jpg", "url_m": "https://farm1.staticflickr.com/362/20162635919_3e3eb7f4e8_m.jpg", "link": "https://www.flickr.com/photos/115096994@N02/20162635919", "url_b": "https://farm1.staticflickr.com/362/20162635919_3e3eb7f4e8_b.jpg", "title": "Irish_UnloopedPalstaveI4G0001_Irish_UnloopedPalstaveI4G0002_fb"}, "n_answers": 3, "quorum": 0, "calibration": 0, "created": "2015-08-06T17:59:16.773844", "state": "completed", "project_id": 243, "id": 44149, "priority_0": 0.0}, {"info": {"url": "https://farm1.staticflickr.com/404/20162635789_ae6c76a431.jpg", "url_m": "https://farm1.staticflickr.com/404/20162635789_ae6c76a431_m.jpg", "link": "https://www.flickr.com/photos/115096994@N02/20162635789", "url_b": "https://farm1.staticflickr.com/404/20162635789_ae6c76a431_b.jpg", "title": "Irish_UnloopedPalstaveI4G0003_Irish_UnloopedPalstaveI4G0004_fb"}, "n_answers": 3, "quorum": 0, "calibration": 0, "created": "2015-08-06T17:59:16.803751", "state": "completed", "project_id": 243, "id": 44150, "priority_0": 0.0}, {"info": {"url": "https://farm1.staticflickr.com/504/20323027126_ea666c269f.jpg", "url_m": "https://farm1.staticflickr.com/504/20323027126_ea666c269f_m.jpg", "link": "https://www.flickr.com/photos/115096994@N02/20323027126", "url_b": "https://farm1.staticflickr.com/504/20323027126_ea666c269f_b.jpg", "title": "Irish_UnloopedPalstaveI4G0005_Irish_UnloopedPalstaveI4G0006_fb"}, "n_answers": 3, "quorum": 0, "calibration": 0, "created": "2015-08-06T17:59:16.832300", "state": "completed", "project_id": 243, "id": 44151, "priority_0": 0.0}, {"info": {"url": "https://farm1.staticflickr.com/493/20162635669_794ac8e41b.jpg", "url_m": "https://farm1.staticflickr.com/493/20162635669_794ac8e41b_m.jpg", "link": "https://www.flickr.com/photos/115096994@N02/20162635669", "url_b": "https://farm1.staticflickr.com/493/20162635669_794ac8e41b_b.jpg", "title": "Irish_UnloopedPalstaveI4G0007_Irish_UnloopedPalstaveI4G0008_fb"}, "n_answers": 3, "quorum": 0, "calibration": 0, "created": "2015-08-06T17:59:16.862155", "state": "completed", "project_id": 243, "id": 44152, "priority_0": 0.0}, {"info": {"url": "https://farm1.staticflickr.com/301/20323026976_09b8848555.jpg", "url_m": "https://farm1.staticflickr.com/301/20323026976_09b8848555_m.jpg", "link": "https://www.flickr.com/photos/115096994@N02/20323026976", "url_b": "https://farm1.staticflickr.com/301/20323026976_09b8848555_b.jpg", "title": "Irish_UnloopedPalstaveI4G0009_Irish_UnloopedPalstaveI4G0010_fb"}, "n_answers": 3, "quorum": 0, "calibration": 0, "created": "2015-08-06T17:59:16.890429", "state": "completed", "project_id": 243, "id": 44153, "priority_0": 0.0}, {"info": {"url": "https://farm1.staticflickr.com/347/19728328523_72f8f5f785.jpg", "url_m": "https://farm1.staticflickr.com/347/19728328523_72f8f5f785_m.jpg", "link": "https://www.flickr.com/photos/115096994@N02/19728328523", "url_b": "https://farm1.staticflickr.com/347/19728328523_72f8f5f785_b.jpg", "title": "Irish_UnloopedPalstaveI4G0011_Irish_UnloopedPalstaveI4G0012_fb"}, "n_answers": 3, "quorum": 0, "calibration": 0, "created": "2015-08-06T17:59:16.921472", "state": "completed", "project_id": 243, "id": 44154, "priority_0": 0.0}, {"info": {"url": "https://farm1.staticflickr.com/264/20323026796_8edd87f194.jpg", "url_m": "https://farm1.staticflickr.com/264/20323026796_8edd87f194_m.jpg", "link": "https://www.flickr.com/photos/115096994@N02/20323026796", "url_b": "https://farm1.staticflickr.com/264/20323026796_8edd87f194_b.jpg", "title": "Irish_UnloopedPalstaveI4H0001_Irish_UnloopedPalstaveI4H0002_fb"}, "n_answers": 3, "quorum": 0, "calibration": 0, "created": "2015-08-06T17:59:16.949113", "state": "completed", "project_id": 243, "id": 44155, "priority_0": 0.0}, {"info": {"url": "https://farm1.staticflickr.com/401/20340797442_fec657d721.jpg", "url_m": "https://farm1.staticflickr.com/401/20340797442_fec657d721_m.jpg", "link": "https://www.flickr.com/photos/115096994@N02/20340797442", "url_b": "https://farm1.staticflickr.com/401/20340797442_fec657d721_b.jpg", "title": "Irish_UnloopedPalstaveI4I0001_Irish_UnloopedPalstaveI4I0002_fb"}, "n_answers": 3, "quorum": 0, "calibration": 0, "created": "2015-08-06T17:59:16.979166", "state": "completed", "project_id": 243, "id": 44156, "priority_0": 0.0}, {"info": {"url": "https://farm4.staticflickr.com/3715/20323026636_09fe501bb8.jpg", "url_m": "https://farm4.staticflickr.com/3715/20323026636_09fe501bb8_m.jpg", "link": "https://www.flickr.com/photos/115096994@N02/20323026636", "url_b": "https://farm4.staticflickr.com/3715/20323026636_09fe501bb8_b.jpg", "title": "Irish_UnloopedPalstaveI4K0001_Irish_UnloopedPalstaveI4K0002_fb"}, "n_answers": 3, "quorum": 0, "calibration": 0, "created": "2015-08-06T17:59:17.007330", "state": "completed", "project_id": 243, "id": 44157, "priority_0": 0.0}, {"info": {"url": "https://farm1.staticflickr.com/259/20161262358_3c7c8c9571.jpg", "url_m": "https://farm1.staticflickr.com/259/20161262358_3c7c8c9571_m.jpg", "link": "https://www.flickr.com/photos/115096994@N02/20161262358", "url_b": "https://farm1.staticflickr.com/259/20161262358_3c7c8c9571_b.jpg", "title": "Irish_UnloopedPalstaveI4M0001_Irish_UnloopedPalstaveI4M0002_fb"}, "n_answers": 3, "quorum": 0, "calibration": 0, "created": "2015-08-06T17:59:17.037272", "state": "completed", "project_id": 243, "id": 44158, "priority_0": 0.0}, {"info": {"url": "https://farm4.staticflickr.com/3805/20161216110_ccf74fb482.jpg", "url_m": "https://farm4.staticflickr.com/3805/20161216110_ccf74fb482_m.jpg", "link": "https://www.flickr.com/photos/115096994@N02/20161216110", "url_b": "https://farm4.staticflickr.com/3805/20161216110_ccf74fb482_b.jpg", "title": "Irish_UnloopedPalstaveI4O0001_Irish_UnloopedPalstaveI4O0002_fb"}, "n_answers": 3, "quorum": 0, "calibration": 0, "created": "2015-08-06T17:59:17.065989", "state": "completed", "project_id": 243, "id": 44159, "priority_0": 0.0}, {"info": {"url": "https://farm1.staticflickr.com/443/20355366731_8318f59248.jpg", "url_m": "https://farm1.staticflickr.com/443/20355366731_8318f59248_m.jpg", "link": "https://www.flickr.com/photos/115096994@N02/20355366731", "url_b": "https://farm1.staticflickr.com/443/20355366731_8318f59248_b.jpg", "title": "Irish_UnloopedPalstaveI4U0001_Irish_UnloopedPalstaveI4U0002_fb"}, "n_answers": 3, "quorum": 0, "calibration": 0, "created": "2015-08-06T17:59:17.095773", "state": "completed", "project_id": 243, "id": 44160, "priority_0": 0.0}, {"info": {"url": "https://farm1.staticflickr.com/344/20355366661_941fd975d0.jpg", "url_m": "https://farm1.staticflickr.com/344/20355366661_941fd975d0_m.jpg", "link": "https://www.flickr.com/photos/115096994@N02/20355366661", "url_b": "https://farm1.staticflickr.com/344/20355366661_941fd975d0_b.jpg", "title": "Irish_UnloopedPalstaveI4U0003_Irish_UnloopedPalstaveI4U0004_fb"}, "n_answers": 3, "quorum": 0, "calibration": 0, "created": "2015-08-06T17:59:17.124354", "state": "completed", "project_id": 243, "id": 44161, "priority_0": 0.0}, {"info": {"url": "https://farm1.staticflickr.com/495/20323027396_e75581243b.jpg", "url_m": "https://farm1.staticflickr.com/495/20323027396_e75581243b_m.jpg", "link": "https://www.flickr.com/photos/115096994@N02/20323027396", "url_b": "https://farm1.staticflickr.com/495/20323027396_e75581243b_b.jpg", "title": "Irish_UnloopedPalstaveI4U0005_Irish_UnloopedPalstaveI4U0006_fb"}, "n_answers": 3, "quorum": 0, "calibration": 0, "created": "2015-08-06T17:59:17.154143", "state": "completed", "project_id": 243, "id": 44162, "priority_0": 0.0}, {"info": {"url": "https://farm1.staticflickr.com/377/20355366501_3a81d30d68.jpg", "url_m": "https://farm1.staticflickr.com/377/20355366501_3a81d30d68_m.jpg", "link": "https://www.flickr.com/photos/115096994@N02/20355366501", "url_b": "https://farm1.staticflickr.com/377/20355366501_3a81d30d68_b.jpg", "title": "Kerry_UnloopedPalstaveI4A0001_Kerry_UnloopedPalstaveI4A0002_fb"}, "n_answers": 3, "quorum": 0, "calibration": 0, "created": "2015-08-06T17:59:17.182711", "state": "completed", "project_id": 243, "id": 44163, "priority_0": 0.0}, {"info": {"url": "https://farm1.staticflickr.com/350/20162634969_52c8ac27aa.jpg", "url_m": "https://farm1.staticflickr.com/350/20162634969_52c8ac27aa_m.jpg", "link": "https://www.flickr.com/photos/115096994@N02/20162634969", "url_b": "https://farm1.staticflickr.com/350/20162634969_52c8ac27aa_b.jpg", "title": "Kerry_UnloopedPalstaveI4U0001_Kerry_UnloopedPalstaveI4U0002_fb"}, "n_answers": 3, "quorum": 0, "calibration": 0, "created": "2015-08-06T17:59:17.212754", "state": "completed", "project_id": 243, "id": 44164, "priority_0": 0.0}, {"info": {"url": "https://farm1.staticflickr.com/343/19728327823_32a05c3de6.jpg", "url_m": "https://farm1.staticflickr.com/343/19728327823_32a05c3de6_m.jpg", "link": "https://www.flickr.com/photos/115096994@N02/19728327823", "url_b": "https://farm1.staticflickr.com/343/19728327823_32a05c3de6_b.jpg", "title": "Kildare_LoopedPalstaveI1T0001_Kildare_LoopedPalstaveI1T0002_fb"}, "n_answers": 3, "quorum": 0, "calibration": 0, "created": "2015-08-06T17:59:17.242023", "state": "completed", "project_id": 243, "id": 44165, "priority_0": 0.0}, {"info": {"url": "https://farm1.staticflickr.com/302/20161215650_d089165d07.jpg", "url_m": "https://farm1.staticflickr.com/302/20161215650_d089165d07_m.jpg", "link": "https://www.flickr.com/photos/115096994@N02/20161215650", "url_b": "https://farm1.staticflickr.com/302/20161215650_d089165d07_b.jpg", "title": "Kildare_UnloopedPalstaveI1U0001_Kildare_UnloopedPalstaveI1U0002_fb"}, "n_answers": 3, "quorum": 0, "calibration": 0, "created": "2015-08-06T17:59:17.270818", "state": "completed", "project_id": 243, "id": 44166, "priority_0": 0.0}, {"info": {"url": "https://farm1.staticflickr.com/399/20349284885_3c30851906.jpg", "url_m": "https://farm1.staticflickr.com/399/20349284885_3c30851906_m.jpg", "link": "https://www.flickr.com/photos/115096994@N02/20349284885", "url_b": "https://farm1.staticflickr.com/399/20349284885_3c30851906_b.jpg", "title": "Kildare_UnloopedPalstaveI2G0001_Kildare_UnloopedPalstaveI2G0002_fb"}, "n_answers": 3, "quorum": 0, "calibration": 0, "created": "2015-08-06T17:59:17.299224", "state": "completed", "project_id": 243, "id": 44167, "priority_0": 0.0}, {"info": {"url": "https://farm1.staticflickr.com/309/20161261618_d9e86e9330.jpg", "url_m": "https://farm1.staticflickr.com/309/20161261618_d9e86e9330_m.jpg", "link": "https://www.flickr.com/photos/115096994@N02/20161261618", "url_b": "https://farm1.staticflickr.com/309/20161261618_d9e86e9330_b.jpg", "title": "Kildare_UnloopedPalstaveI4A0001_Kildare_UnloopedPalstaveI4A0002_fb"}, "n_answers": 3, "quorum": 0, "calibration": 0, "created": "2015-08-06T17:59:17.329247", "state": "completed", "project_id": 243, "id": 44168, "priority_0": 0.0}, {"info": {"url": "https://farm1.staticflickr.com/271/20323025866_502da06eb4.jpg", "url_m": "https://farm1.staticflickr.com/271/20323025866_502da06eb4_m.jpg", "link": "https://www.flickr.com/photos/115096994@N02/20323025866", "url_b": "https://farm1.staticflickr.com/271/20323025866_502da06eb4_b.jpg", "title": "Kildare_UnloopedPalstaveI4U0001_Kildare_UnloopedPalstaveI4U0002_fb"}, "n_answers": 3, "quorum": 0, "calibration": 0, "created": "2015-08-06T17:59:17.357773", "state": "completed", "project_id": 243, "id": 44169, "priority_0": 0.0}, {"info": {"url": "https://farm1.staticflickr.com/293/20349284765_98d216c3ac.jpg", "url_m": "https://farm1.staticflickr.com/293/20349284765_98d216c3ac_m.jpg", "link": "https://www.flickr.com/photos/115096994@N02/20349284765", "url_b": "https://farm1.staticflickr.com/293/20349284765_98d216c3ac_b.jpg", "title": "Kings_LoopedPalstaveI1N0001_Kings_LoopedPalstaveI1N0002_fb"}, "n_answers": 3, "quorum": 0, "calibration": 0, "created": "2015-08-06T17:59:17.387498", "state": "completed", "project_id": 243, "id": 44170, "priority_0": 0.0}, {"info": {"url": "https://farm1.staticflickr.com/470/20349284715_917843ab69.jpg", "url_m": "https://farm1.staticflickr.com/470/20349284715_917843ab69_m.jpg", "link": "https://www.flickr.com/photos/115096994@N02/20349284715", "url_b": "https://farm1.staticflickr.com/470/20349284715_917843ab69_b.jpg", "title": "Kings_UnloopedPalstaveI1A0001_Kings_UnloopedPalstaveI1A0002_fb"}, "n_answers": 3, "quorum": 0, "calibration": 0, "created": "2015-08-06T17:59:17.416092", "state": "completed", "project_id": 243, "id": 44171, "priority_0": 0.0}, {"info": {"url": "https://farm1.staticflickr.com/327/20161215370_dcd654015a.jpg", "url_m": "https://farm1.staticflickr.com/327/20161215370_dcd654015a_m.jpg", "link": "https://www.flickr.com/photos/115096994@N02/20161215370", "url_b": "https://farm1.staticflickr.com/327/20161215370_dcd654015a_b.jpg", "title": "Kings_UnloopedPalstaveI1A0003_Kings_UnloopedPalstaveI1A0004_fb"}, "n_answers": 3, "quorum": 0, "calibration": 0, "created": "2015-08-06T17:59:17.445991", "state": "completed", "project_id": 243, "id": 44172, "priority_0": 0.0}, {"info": {"url": "https://farm1.staticflickr.com/473/20349284585_92ab2a6e9a.jpg", "url_m": "https://farm1.staticflickr.com/473/20349284585_92ab2a6e9a_m.jpg", "link": "https://www.flickr.com/photos/115096994@N02/20349284585", "url_b": "https://farm1.staticflickr.com/473/20349284585_92ab2a6e9a_b.jpg", "title": "Kings_UnloopedPalstaveI1A0005_Kings_UnloopedPalstaveI1A0006_fb"}, "n_answers": 3, "quorum": 0, "calibration": 0, "created": "2015-08-06T17:59:17.474404", "state": "completed", "project_id": 243, "id": 44173, "priority_0": 0.0}, {"info": {"url": "https://farm1.staticflickr.com/308/20162634309_291588657d.jpg", "url_m": "https://farm1.staticflickr.com/308/20162634309_291588657d_m.jpg", "link": "https://www.flickr.com/photos/115096994@N02/20162634309", "url_b": "https://farm1.staticflickr.com/308/20162634309_291588657d_b.jpg", "title": "Kings_UnloopedPalstaveI1A0007_Kings_UnloopedPalstaveI1A0008_fb"}, "n_answers": 3, "quorum": 0, "calibration": 0, "created": "2015-08-06T17:59:17.504363", "state": "completed", "project_id": 243, "id": 44174, "priority_0": 0.0}, {"info": {"url": "https://farm4.staticflickr.com/3681/20323025386_081e265e4f.jpg", "url_m": "https://farm4.staticflickr.com/3681/20323025386_081e265e4f_m.jpg", "link": "https://www.flickr.com/photos/115096994@N02/20323025386", "url_b": "https://farm4.staticflickr.com/3681/20323025386_081e265e4f_b.jpg", "title": "Kings_UnloopedPalstaveI1E0001_Kings_UnloopedPalstaveI1E0002_fb"}, "n_answers": 3, "quorum": 0, "calibration": 0, "created": "2015-08-06T17:59:17.532994", "state": "completed", "project_id": 243, "id": 44175, "priority_0": 0.0}, {"info": {"url": "https://farm1.staticflickr.com/567/20340795772_1c26a07f55.jpg", "url_m": "https://farm1.staticflickr.com/567/20340795772_1c26a07f55_m.jpg", "link": "https://www.flickr.com/photos/115096994@N02/20340795772", "url_b": "https://farm1.staticflickr.com/567/20340795772_1c26a07f55_b.jpg", "title": "Kings_UnloopedPalstaveI1G0001_Kings_UnloopedPalstaveI1G0002_fb"}, "n_answers": 3, "quorum": 0, "calibration": 0, "created": "2015-08-06T17:59:17.563510", "state": "completed", "project_id": 243, "id": 44176, "priority_0": 0.0}, {"info": {"url": "https://farm1.staticflickr.com/361/20323025296_11d536ca03.jpg", "url_m": "https://farm1.staticflickr.com/361/20323025296_11d536ca03_m.jpg", "link": "https://www.flickr.com/photos/115096994@N02/20323025296", "url_b": "https://farm1.staticflickr.com/361/20323025296_11d536ca03_b.jpg", "title": "Kings_UnloopedPalstaveI1N0001_Kings_UnloopedPalstaveI1N0002_fb"}, "n_answers": 3, "quorum": 0, "calibration": 0, "created": "2015-08-06T17:59:17.593511", "state": "completed", "project_id": 243, "id": 44177, "priority_0": 0.0}, {"info": {"url": "https://farm4.staticflickr.com/3808/20355365511_f24bd60e15.jpg", "url_m": "https://farm4.staticflickr.com/3808/20355365511_f24bd60e15_m.jpg", "link": "https://www.flickr.com/photos/115096994@N02/20355365511", "url_b": "https://farm4.staticflickr.com/3808/20355365511_f24bd60e15_b.jpg", "title": "Kings_UnloopedPalstaveI2F0001_Kings_UnloopedPalstaveI2F0002_fb"}, "n_answers": 3, "quorum": 0, "calibration": 0, "created": "2015-08-06T17:59:17.630752", "state": "completed", "project_id": 243, "id": 44178, "priority_0": 0.0}, {"info": {"url": "https://farm4.staticflickr.com/3678/20162633959_1bb3a137bc.jpg", "url_m": "https://farm4.staticflickr.com/3678/20162633959_1bb3a137bc_m.jpg", "link": "https://www.flickr.com/photos/115096994@N02/20162633959", "url_b": "https://farm4.staticflickr.com/3678/20162633959_1bb3a137bc_b.jpg", "title": "Kings_UnloopedPalstaveI4A0001_Kings_UnloopedPalstaveI4A0002_fb"}, "n_answers": 3, "quorum": 0, "calibration": 0, "created": "2015-08-06T17:59:17.671641", "state": "completed", "project_id": 243, "id": 44179, "priority_0": 0.0}, {"info": {"url": "https://farm4.staticflickr.com/3768/20162633939_3f7d4e1fc3.jpg", "url_m": "https://farm4.staticflickr.com/3768/20162633939_3f7d4e1fc3_m.jpg", "link": "https://www.flickr.com/photos/115096994@N02/20162633939", "url_b": "https://farm4.staticflickr.com/3768/20162633939_3f7d4e1fc3_b.jpg", "title": "Kings_UnloopedPalstaveI4A0003_Kings_UnloopedPalstaveI4A0004_fb"}, "n_answers": 3, "quorum": 0, "calibration": 0, "created": "2015-08-06T17:59:17.699609", "state": "completed", "project_id": 243, "id": 44180, "priority_0": 0.0}, {"info": {"url": "https://farm1.staticflickr.com/556/20162633839_3ceec23ef5.jpg", "url_m": "https://farm1.staticflickr.com/556/20162633839_3ceec23ef5_m.jpg", "link": "https://www.flickr.com/photos/115096994@N02/20162633839", "url_b": "https://farm1.staticflickr.com/556/20162633839_3ceec23ef5_b.jpg", "title": "Kings_UnloopedPalstaveI4F0001_Kings_UnloopedPalstaveI4F0002_fb"}, "n_answers": 3, "quorum": 0, "calibration": 0, "created": "2015-08-06T17:59:17.730133", "state": "completed", "project_id": 243, "id": 44181, "priority_0": 0.0}, {"info": {"url": "https://farm4.staticflickr.com/3699/20323024896_2c69d96839.jpg", "url_m": "https://farm4.staticflickr.com/3699/20323024896_2c69d96839_m.jpg", "link": "https://www.flickr.com/photos/115096994@N02/20323024896", "url_b": "https://farm4.staticflickr.com/3699/20323024896_2c69d96839_b.jpg", "title": "Kings_UnloopedPalstaveI4G0001_Kings_UnloopedPalstaveI4G0002_fb"}, "n_answers": 3, "quorum": 0, "calibration": 0, "created": "2015-08-06T17:59:17.758622", "state": "completed", "project_id": 243, "id": 44182, "priority_0": 0.0}, {"info": {"url": "https://farm1.staticflickr.com/280/20161214420_65ecf29235.jpg", "url_m": "https://farm1.staticflickr.com/280/20161214420_65ecf29235_m.jpg", "link": "https://www.flickr.com/photos/115096994@N02/20161214420", "url_b": "https://farm1.staticflickr.com/280/20161214420_65ecf29235_b.jpg", "title": "Limerick_UnloopedPalstaveI1C0001_Limerick_UnloopedPalstaveI1C0002_fb"}, "n_answers": 3, "quorum": 0, "calibration": 0, "created": "2015-08-06T17:59:17.788054", "state": "completed", "project_id": 243, "id": 44183, "priority_0": 0.0}, {"info": {"url": "https://farm1.staticflickr.com/258/20323024696_18f04420e6.jpg", "url_m": "https://farm1.staticflickr.com/258/20323024696_18f04420e6_m.jpg", "link": "https://www.flickr.com/photos/115096994@N02/20323024696", "url_b": "https://farm1.staticflickr.com/258/20323024696_18f04420e6_b.jpg", "title": "Limerick_UnloopedPalstaveI1I0001_Limerick_UnloopedPalstaveI1I0002_fb"}, "n_answers": 3, "quorum": 0, "calibration": 0, "created": "2015-08-06T17:59:17.816819", "state": "completed", "project_id": 243, "id": 44184, "priority_0": 0.0}, {"info": {"url": "https://farm1.staticflickr.com/425/20323024596_441985eb94.jpg", "url_m": "https://farm1.staticflickr.com/425/20323024596_441985eb94_m.jpg", "link": "https://www.flickr.com/photos/115096994@N02/20323024596", "url_b": "https://farm1.staticflickr.com/425/20323024596_441985eb94_b.jpg", "title": "Limerick_UnloopedPalstaveI2G0001_Limerick_UnloopedPalstaveI2G0002_fb"}, "n_answers": 3, "quorum": 0, "calibration": 0, "created": "2015-08-06T17:59:17.847018", "state": "completed", "project_id": 243, "id": 44185, "priority_0": 0.0}, {"info": {"url": "https://farm1.staticflickr.com/429/20161260338_fbe33357bd.jpg", "url_m": "https://farm1.staticflickr.com/429/20161260338_fbe33357bd_m.jpg", "link": "https://www.flickr.com/photos/115096994@N02/20161260338", "url_b": "https://farm1.staticflickr.com/429/20161260338_fbe33357bd_b.jpg", "title": "Londonderry_LoopedPalstaveI1D0001_Londonderry_LoopedPalstaveI1D0002_fb"}, "n_answers": 3, "quorum": 0, "calibration": 0, "created": "2015-08-06T17:59:17.875671", "state": "completed", "project_id": 243, "id": 44186, "priority_0": 0.0}, {"info": {"url": "https://farm1.staticflickr.com/543/20349283485_680d47707d.jpg", "url_m": "https://farm1.staticflickr.com/543/20349283485_680d47707d_m.jpg", "link": "https://www.flickr.com/photos/115096994@N02/20349283485", "url_b": "https://farm1.staticflickr.com/543/20349283485_680d47707d_b.jpg", "title": "Londonderry_UnloopedPalstaveI1G0001_Londonderry_UnloopedPalstaveI1G0002_fb"}, "n_answers": 3, "quorum": 0, "calibration": 0, "created": "2015-08-06T17:59:17.904873", "state": "completed", "project_id": 243, "id": 44187, "priority_0": 0.0}, {"info": {"url": "https://farm1.staticflickr.com/537/20162633529_28923cc05e.jpg", "url_m": "https://farm1.staticflickr.com/537/20162633529_28923cc05e_m.jpg", "link": "https://www.flickr.com/photos/115096994@N02/20162633529", "url_b": "https://farm1.staticflickr.com/537/20162633529_28923cc05e_b.jpg", "title": "Louth_UnloopedPalstaveI1A0001_Louth_UnloopedPalstaveI1A0002_fb"}, "n_answers": 3, "quorum": 0, "calibration": 0, "created": "2015-08-06T17:59:17.933613", "state": "completed", "project_id": 243, "id": 44188, "priority_0": 0.0}, {"info": {"url": "https://farm1.staticflickr.com/559/20340794662_f2cca3bc62.jpg", "url_m": "https://farm1.staticflickr.com/559/20340794662_f2cca3bc62_m.jpg", "link": "https://www.flickr.com/photos/115096994@N02/20340794662", "url_b": "https://farm1.staticflickr.com/559/20340794662_f2cca3bc62_b.jpg", "title": "Louth_UnloopedPalstaveI4F0001_Louth_UnloopedPalstaveI4F0002_fb"}, "n_answers": 3, "quorum": 0, "calibration": 0, "created": "2015-08-06T17:59:17.963496", "state": "completed", "project_id": 243, "id": 44189, "priority_0": 0.0}, {"info": {"url": "https://farm1.staticflickr.com/422/20161213740_2a08a3b024.jpg", "url_m": "https://farm1.staticflickr.com/422/20161213740_2a08a3b024_m.jpg", "link": "https://www.flickr.com/photos/115096994@N02/20161213740", "url_b": "https://farm1.staticflickr.com/422/20161213740_2a08a3b024_b.jpg", "title": "Mayo_UnloopedPalstaveI1A0001_Mayo_UnloopedPalstaveI1A0002_fb"}, "n_answers": 3, "quorum": 0, "calibration": 0, "created": "2015-08-06T17:59:17.990843", "state": "completed", "project_id": 243, "id": 44190, "priority_0": 0.0}, {"info": {"url": "https://farm1.staticflickr.com/263/20355364541_4787e5b827.jpg", "url_m": "https://farm1.staticflickr.com/263/20355364541_4787e5b827_m.jpg", "link": "https://www.flickr.com/photos/115096994@N02/20355364541", "url_b": "https://farm1.staticflickr.com/263/20355364541_4787e5b827_b.jpg", "title": "Mayo_UnloopedPalstaveI1G0001_Mayo_UnloopedPalstaveI1G0002_fb"}, "n_answers": 3, "quorum": 0, "calibration": 0, "created": "2015-08-06T17:59:18.017078", "state": "completed", "project_id": 243, "id": 44191, "priority_0": 0.0}, {"info": {"url": "https://farm1.staticflickr.com/316/20349283125_85fea44c72.jpg", "url_m": "https://farm1.staticflickr.com/316/20349283125_85fea44c72_m.jpg", "link": "https://www.flickr.com/photos/115096994@N02/20349283125", "url_b": "https://farm1.staticflickr.com/316/20349283125_85fea44c72_b.jpg", "title": "Mayo_UnloopedPalstaveI4A0001_Mayo_UnloopedPalstaveI4A0002_fb"}, "n_answers": 3, "quorum": 0, "calibration": 0, "created": "2015-08-06T17:59:18.045980", "state": "completed", "project_id": 243, "id": 44192, "priority_0": 0.0}, {"info": {"url": "https://farm1.staticflickr.com/283/19728325683_23291f4fc5.jpg", "url_m": "https://farm1.staticflickr.com/283/19728325683_23291f4fc5_m.jpg", "link": "https://www.flickr.com/photos/115096994@N02/19728325683", "url_b": "https://farm1.staticflickr.com/283/19728325683_23291f4fc5_b.jpg", "title": "Mayo_UnloopedPalstaveI4U0001_Mayo_UnloopedPalstaveI4U0002_fb"}, "n_answers": 3, "quorum": 0, "calibration": 0, "created": "2015-08-06T17:59:18.075406", "state": "completed", "project_id": 243, "id": 44193, "priority_0": 0.0}, {"info": {"url": "https://farm1.staticflickr.com/326/20349282895_4595ac7db4.jpg", "url_m": "https://farm1.staticflickr.com/326/20349282895_4595ac7db4_m.jpg", "link": "https://www.flickr.com/photos/115096994@N02/20349282895", "url_b": "https://farm1.staticflickr.com/326/20349282895_4595ac7db4_b.jpg", "title": "Meath_LoopedPalstaveI1A0001_Meath_LoopedPalstaveI1A0002_fb"}, "n_answers": 3, "quorum": 0, "calibration": 0, "created": "2015-08-06T17:59:18.104837", "state": "completed", "project_id": 243, "id": 44194, "priority_0": 0.0}, {"info": {"url": "https://farm4.staticflickr.com/3760/20349282825_4ff5e9182b.jpg", "url_m": "https://farm4.staticflickr.com/3760/20349282825_4ff5e9182b_m.jpg", "link": "https://www.flickr.com/photos/115096994@N02/20349282825", "url_b": "https://farm4.staticflickr.com/3760/20349282825_4ff5e9182b_b.jpg", "title": "Meath_LoopedPalstaveI1C0001_Meath_LoopedPalstaveI1C0002_fb"}, "n_answers": 3, "quorum": 0, "calibration": 0, "created": "2015-08-06T17:59:18.133166", "state": "completed", "project_id": 243, "id": 44195, "priority_0": 0.0}, {"info": {"url": "https://farm4.staticflickr.com/3744/20161213420_50cd948d40.jpg", "url_m": "https://farm4.staticflickr.com/3744/20161213420_50cd948d40_m.jpg", "link": "https://www.flickr.com/photos/115096994@N02/20161213420", "url_b": "https://farm4.staticflickr.com/3744/20161213420_50cd948d40_b.jpg", "title": "Meath_UnloopedPalstaveI1D0001_Meath_UnloopedPalstaveI1D0002_fb"}, "n_answers": 3, "quorum": 0, "calibration": 0, "created": "2015-08-06T17:59:18.163463", "state": "completed", "project_id": 243, "id": 44196, "priority_0": 0.0}, {"info": {"url": "https://farm1.staticflickr.com/279/20161259518_0aa13eaa28.jpg", "url_m": "https://farm1.staticflickr.com/279/20161259518_0aa13eaa28_m.jpg", "link": "https://www.flickr.com/photos/115096994@N02/20161259518", "url_b": "https://farm1.staticflickr.com/279/20161259518_0aa13eaa28_b.jpg", "title": "Monaghan_UnloopedPalstaveI2A0001_Monaghan_UnloopedPalstaveI2A0002_fb"}, "n_answers": 3, "quorum": 0, "calibration": 0, "created": "2015-08-06T17:59:18.192350", "state": "completed", "project_id": 243, "id": 44197, "priority_0": 0.0}, {"info": {"url": "https://farm1.staticflickr.com/545/20162632329_b1b67ff142.jpg", "url_m": "https://farm1.staticflickr.com/545/20162632329_b1b67ff142_m.jpg", "link": "https://www.flickr.com/photos/115096994@N02/20162632329", "url_b": "https://farm1.staticflickr.com/545/20162632329_b1b67ff142_b.jpg", "title": "Roscommon_UnloopedPalstaveI4A0001_Roscommon_UnloopedPalstaveI4A0002_fb"}, "n_answers": 3, "quorum": 0, "calibration": 0, "created": "2015-08-06T17:59:18.221744", "state": "completed", "project_id": 243, "id": 44198, "priority_0": 0.0}, {"info": {"url": "https://farm1.staticflickr.com/514/20162632209_57bffbbc34.jpg", "url_m": "https://farm1.staticflickr.com/514/20162632209_57bffbbc34_m.jpg", "link": "https://www.flickr.com/photos/115096994@N02/20162632209", "url_b": "https://farm1.staticflickr.com/514/20162632209_57bffbbc34_b.jpg", "title": "Sligo_UnloopedPalstaveI10001_Sligo_UnloopedPalstaveI10002_fb"}, "n_answers": 3, "quorum": 0, "calibration": 0, "created": "2015-08-06T17:59:18.250323", "state": "completed", "project_id": 243, "id": 44199, "priority_0": 0.0}, {"info": {"url": "https://farm1.staticflickr.com/387/20161259028_a28591e954.jpg", "url_m": "https://farm1.staticflickr.com/387/20161259028_a28591e954_m.jpg", "link": "https://www.flickr.com/photos/115096994@N02/20161259028", "url_b": "https://farm1.staticflickr.com/387/20161259028_a28591e954_b.jpg", "title": "Tipperary_UnloopedPalstaveI4U0001_Tipperary_UnloopedPalstaveI4U0002_fb"}, "n_answers": 3, "quorum": 0, "calibration": 0, "created": "2015-08-06T17:59:18.280406", "state": "completed", "project_id": 243, "id": 44200, "priority_0": 0.0}, {"info": {"url": "https://farm1.staticflickr.com/391/20349281955_4b8569f2cf.jpg", "url_m": "https://farm1.staticflickr.com/391/20349281955_4b8569f2cf_m.jpg", "link": "https://www.flickr.com/photos/115096994@N02/20349281955", "url_b": "https://farm1.staticflickr.com/391/20349281955_4b8569f2cf_b.jpg", "title": "Tyrone_UnloopedPalstaveI4A0001_Tyrone_UnloopedPalstaveI4A0002_fb"}, "n_answers": 3, "quorum": 0, "calibration": 0, "created": "2015-08-06T17:59:18.308540", "state": "completed", "project_id": 243, "id": 44201, "priority_0": 0.0}, {"info": {"url": "https://farm1.staticflickr.com/367/20349281585_5c2b1c0304.jpg", "url_m": "https://farm1.staticflickr.com/367/20349281585_5c2b1c0304_m.jpg", "link": "https://www.flickr.com/photos/115096994@N02/20349281585", "url_b": "https://farm1.staticflickr.com/367/20349281585_5c2b1c0304_b.jpg", "title": "Westmeath_UnloopedPalstaveI4A0001_Westmeath_UnloopedPalstaveI4A0002_fb"}, "n_answers": 3, "quorum": 0, "calibration": 0, "created": "2015-08-06T17:59:18.338382", "state": "completed", "project_id": 243, "id": 44202, "priority_0": 0.0}, {"info": {"url": "https://farm1.staticflickr.com/430/20323022916_bb4b7ab814.jpg", "url_m": "https://farm1.staticflickr.com/430/20323022916_bb4b7ab814_m.jpg", "link": "https://www.flickr.com/photos/115096994@N02/20323022916", "url_b": "https://farm1.staticflickr.com/430/20323022916_bb4b7ab814_b.jpg", "title": "Westmeath_UnloopedPalstaveI4A0003_Westmeath_UnloopedPalstaveI4A0004_fb"}, "n_answers": 3, "quorum": 0, "calibration": 0, "created": "2015-08-06T17:59:18.366841", "state": "completed", "project_id": 243, "id": 44203, "priority_0": 0.0}, {"info": {"url": "https://farm4.staticflickr.com/3828/20162631479_0de72de1c0.jpg", "url_m": "https://farm4.staticflickr.com/3828/20162631479_0de72de1c0_m.jpg", "link": "https://www.flickr.com/photos/115096994@N02/20162631479", "url_b": "https://farm4.staticflickr.com/3828/20162631479_0de72de1c0_b.jpg", "title": "Wexford_UnloopedPalstaveI1D0001_Wexford_UnloopedPalstaveI1D0002_fb"}, "n_answers": 3, "quorum": 0, "calibration": 0, "created": "2015-08-06T17:59:18.396717", "state": "completed", "project_id": 243, "id": 44204, "priority_0": 0.0}, {"info": {"url": "https://farm1.staticflickr.com/455/20355363191_869ec9fbbb.jpg", "url_m": "https://farm1.staticflickr.com/455/20355363191_869ec9fbbb_m.jpg", "link": "https://www.flickr.com/photos/115096994@N02/20355363191", "url_b": "https://farm1.staticflickr.com/455/20355363191_869ec9fbbb_b.jpg", "title": "Wicklow_UnloopedPalstaveI4G0001_Wicklow_UnloopedPalstaveI4G0002_fb"}, "n_answers": 3, "quorum": 0, "calibration": 0, "created": "2015-08-06T17:59:18.425310", "state": "completed", "project_id": 243, "id": 44205, "priority_0": 0.0}, {"info": {"url": "https://farm1.staticflickr.com/269/19728323853_3b2e4bd39a.jpg", "url_m": "https://farm1.staticflickr.com/269/19728323853_3b2e4bd39a_m.jpg", "link": "https://www.flickr.com/photos/115096994@N02/19728323853", "url_b": "https://farm1.staticflickr.com/269/19728323853_3b2e4bd39a_b.jpg", "title": "Wicklow_UnloopedPalstaveI4H0001_Wicklow_UnloopedPalstaveI4H0002_fb"}, "n_answers": 3, "quorum": 0, "calibration": 0, "created": "2015-08-06T17:59:18.455057", "state": "completed", "project_id": 243, "id": 44206, "priority_0": 0.0}]