[{"info": {"weight": "15", "patina": "", "site": "england[;] (isle of wight)[;] arreton or arreton down or shaleombe down[;] found by mr. dennett in 1816", "surface": "", "toSearch": "arreton", "dateDiscoveryMonth": "None", "objectType": "Tanged \"Chisel\"", "gridRef": "", "geojson": {"geometry": {"type": "Point", "coordinates": [-1.2443978958007804, 50.68210898073212]}, "crs": {"type": "name", "properties": {"name": "urn:ogc:def:crs:OGC:1.3:CRS84"}}, "type": "Feature", "properties": {}}, "thickness": "4.5", "width": "", "other": "2 cross section drawings of chisel on reverse.[;] edge is somewhat chipped and damged.", "composition": "", "optionsAccuracy": "10000", "associations": "", "description": "", "collection": "Carisbrooke Museum.[;] Presented by Sir L. Holmes.", "dateDiscoveryDay": "None", "remarks": "It seems uncertain whether this is \"the small bronze instrument\" said to have been found in a barrow on Shalecombe Down in 1816, or whether it was found about the same time on Arreton Down.  Mr. Crawford is inclined to the latter view.", "dateDiscoveryYear": "1816", "rightCorner": "", "length": "60", "edge": "19", "publications": "Hillies History of the Isle of Wight. Pt. i. p.6.[;]\r\nJourn. Brit. Arch. Ass. Winchester. (1846) p. 151.[;]\r\nDennett MS. No 2. fig. iii."}, "user_id": 243, "task_id": 7998, "created": "2014-05-30T14:50:29.741496", "finish_time": "2014-05-30T14:50:29.741516", "calibration": null, "app_id": 22, "user_ip": null, "timeout": null, "id": 6907}, {"info": {"weight": "", "patina": "", "site": "england[;] isle of wight[;] south arreton[;] arreton down[;] 1735/7[;] found by mr. coole", "surface": "green", "toSearch": "arreton", "dateDiscoveryMonth": "7", "objectType": "Flanged Celt.", "gridRef": "", "geojson": {"geometry": {"type": "Point", "coordinates": [-1.2484319381591795, 50.674249798054944]}, "crs": {"type": "name", "properties": {"name": "urn:ogc:def:crs:OGC:1.3:CRS84"}}, "type": "Feature", "properties": {}}, "thickness": "", "width": "", "other": "3 cross section drawings of celt on reverse.[;] 2 parallel lines on center", "composition": "", "optionsAccuracy": "10000", "associations": "found with a dagger. 1 flanged celt & 3 spearheads.", "description": "", "collection": "British Museum[;] Stoane Coll. 743.", "dateDiscoveryDay": "None", "remarks": "(2cor.us.g.v.) [Transcriber's comment - 2 cards?]", "dateDiscoveryYear": "1735", "rightCorner": "[Red Dot]", "length": "202", "edge": "107", "publications": "Archaeologica V 113. XXXVI 329[;] Evans Bronze. fig 8."}, "user_id": 243, "task_id": 7999, "created": "2014-05-30T14:56:21.215392", "finish_time": "2014-05-30T14:56:21.215412", "calibration": null, "app_id": 22, "user_ip": null, "timeout": null, "id": 6908}, {"info": {"weight": "196.11", "patina": "bright green.  bronze shows on reverse.", "site": "england[;] isle of wight[;] south arreton, arreton down", "surface": "corroded", "toSearch": "arreton", "dateDiscoveryMonth": "None", "objectType": "Flanged Celt", "gridRef": "SZ 54 86", "geojson": {"geometry": {"type": "Point", "coordinates": [-1.2350852661010747, 50.6796072383826]}, "crs": {"type": "name", "properties": {"name": "urn:ogc:def:crs:OGC:1.3:CRS84"}}, "type": "Feature", "properties": {}}, "thickness": "", "width": "", "other": "3 cross section drawings of palstave attached to reverse (over top of 2 cross section drawings) with text \"SL 794 F of. Wight.\"[;]\r\nEdge is crescent shaped, very flared at sides, one corner missing.", "composition": "", "optionsAccuracy": "10000", "associations": "Part of hoard", "description": "No Stop ridge.", "collection": "British Museum S.L. 744", "dateDiscoveryDay": "None", "remarks": "On display[;] CI[;] (2 conves qv.)", "dateDiscoveryYear": "None", "rightCorner": "[Red Dot]", "length": "112", "edge": "63", "publications": "Archaeologica 113. XXXVI. 329.[;] Kemble & Franks Horde Ferales pl. vi. pgs 24 & 25"}, "user_id": 243, "task_id": 8000, "created": "2014-05-30T15:06:22.340254", "finish_time": "2014-05-30T15:06:22.340275", "calibration": null, "app_id": 22, "user_ip": null, "timeout": null, "id": 6909}, {"info": {"weight": "", "patina": "", "site": "england[;] isle of wight[;] arreton down[;] 1735/7.", "surface": "", "toSearch": "arreton", "dateDiscoveryMonth": "7", "objectType": "Flanged Celt", "gridRef": "", "geojson": {"geometry": {"type": "Point", "coordinates": [-1.2352569274780274, 50.679661625503975]}, "crs": {"type": "name", "properties": {"name": "urn:ogc:def:crs:OGC:1.3:CRS84"}}, "type": "Feature", "properties": {}}, "thickness": "", "width": "", "other": "3 cross section drawings of palstave on reverse.[;] Edge is crescent shaped, very flared. One corner missing.", "composition": "", "optionsAccuracy": "10000", "associations": "found with a dagger. 1 flanged celt & 3 spearheads", "description": "", "collection": "British Museum[;] Sloane Coll 744", "dateDiscoveryDay": "None", "remarks": "", "dateDiscoveryYear": "1735", "rightCorner": "[Red Dot]", "length": "113", "edge": "66", "publications": "Archaeologia V 113 XXXVI 329."}, "user_id": 243, "task_id": 8001, "created": "2014-05-30T15:09:24.655637", "finish_time": "2014-05-30T15:09:24.655658", "calibration": null, "app_id": 22, "user_ip": null, "timeout": null, "id": 6910}, {"info": {"weight": "644.25", "patina": "", "site": "isle of wight[;] south arreton, arreton down", "surface": "smooth", "toSearch": "arreton", "dateDiscoveryMonth": "7", "objectType": "Ogival Incised Dagger Rivetted", "gridRef": "SZ 54 86", "geojson": {"geometry": {"type": "Point", "coordinates": [-1.2348277740356444, 50.67971601256235]}, "crs": {"type": "name", "properties": {"name": "urn:ogc:def:crs:OGC:1.3:CRS84"}}, "type": "Feature", "properties": {}}, "thickness": "", "width": "", "other": "Weight is very difficult to make out on card, may be 444.25 or something else entirely[;] 2 cross section drawings of dagger attached to reverse on top of drawing on card.  Text \"SL. 745 F. of Wight. e\"[;] Portion of blade near hilt plate missing, long v-shaped ornamentation on face of blade with rounded end close to hilt plate.", "composition": "", "optionsAccuracy": "10000", "associations": "found with 2 flanged celts & 3 spearheads", "description": "1 rivet hole & 1 broken.[;] hilt plate chipped & dented.", "collection": "British Museum Sloane Coll. 745.", "dateDiscoveryDay": "None", "remarks": "CI", "dateDiscoveryYear": "1735", "rightCorner": "Ogival [Red Dot]", "length": "230", "edge": "", "publications": "Archaeologia V 113 XXXVI 329[;] Hor. Fer. VII 18"}, "user_id": 243, "task_id": 8002, "created": "2014-05-30T15:14:29.078759", "finish_time": "2014-05-30T15:14:29.078782", "calibration": null, "app_id": 22, "user_ip": null, "timeout": null, "id": 6911}, {"info": {"weight": "248.81", "patina": "deep green. golden bronze shows.", "site": "england[;] isle of wight[;] south arreton, arreton down", "surface": "rather rough.  corroded on tang.", "toSearch": "arreton", "dateDiscoveryMonth": "None", "objectType": "Spearhead. I", "gridRef": "N1[;] SZ 54 86", "geojson": {"geometry": {"type": "Point", "coordinates": [-1.2347419433471676, 50.679960753545004]}, "crs": {"type": "name", "properties": {"name": "urn:ogc:def:crs:OGC:1.3:CRS84"}}, "type": "Feature", "properties": {}}, "thickness": "", "width": "", "other": "2 cross section drawings of palstave taped to reverse.[;] butt notched.[;] Association, part of a hoard of 2 flanged axes, 1 dagger, and 2 other spearheads.", "composition": "", "optionsAccuracy": "10000", "associations": "Part of a hoard.", "description": "High mid rib. with 4 ribs on right & 3 on left.", "collection": "British Museum[;] S.L. 746", "dateDiscoveryDay": "None", "remarks": "CI", "dateDiscoveryYear": "None", "rightCorner": "[Red Dot] A", "length": "262", "edge": "", "publications": "Archaeologia 113. XXXVI. 329[;]\r\nKemble & Frankes Horae Ferales pl. VI. pgs 24 & 25."}, "user_id": 243, "task_id": 8003, "created": "2014-05-30T15:18:30.814227", "finish_time": "2014-05-30T15:18:30.814253", "calibration": null, "app_id": 22, "user_ip": null, "timeout": null, "id": 6912}, {"info": {"weight": "", "patina": "", "site": "isle of wight[;] south arreton[;] arreton down", "surface": "green with golden bronze showing through; rather rough with corrosion on tang", "toSearch": "arreton", "dateDiscoveryMonth": "None", "objectType": "SPEARHEAD", "gridRef": "SZ 54 86", "geojson": {"geometry": {"type": "Point", "coordinates": [-1.2399347, 50.67569120000003]}, "crs": {"type": "name", "properties": {"name": "urn:ogc:def:crs:OGC:1.3:CRS84"}}, "type": "Feature", "properties": {}}, "thickness": "", "width": "49", "other": "4 cross section drawings of spearhead on reverse with text \"SL. 746 F. of Wight\".[;] 3 ribs running down face of blade on one side, 4 on the other.[;] Rivet hole is broken in half and missing at bottom of tang.", "composition": "", "optionsAccuracy": "10000", "associations": "Hoard of 8 objects", "description": "", "collection": "LONDON, British Museum, SL 746", "dateDiscoveryDay": "None", "remarks": "", "dateDiscoveryYear": "None", "rightCorner": "[Red Dot]", "length": "262", "edge": "", "publications": ""}, "user_id": 243, "task_id": 8004, "created": "2014-05-30T15:21:46.756078", "finish_time": "2014-05-30T15:21:46.756098", "calibration": null, "app_id": 22, "user_ip": null, "timeout": null, "id": 6913}, {"info": {"weight": "158.42", "patina": "blue green", "site": "england[;] isle of wight[;] south arreton[;] arreton down", "surface": "much corroded", "toSearch": "arreton", "dateDiscoveryMonth": "None", "objectType": "Spearhead. Cl I", "gridRef": "N1[;] SZ 54 86", "geojson": {"geometry": {"type": "Point", "coordinates": [-1.2347848586914056, 50.67990636677028]}, "crs": {"type": "name", "properties": {"name": "urn:ogc:def:crs:OGC:1.3:CRS84"}}, "type": "Feature", "properties": {}}, "thickness": "10", "width": "", "other": "4 cross section drawings of spearhead attached to reverse with text SL 747 F of. Wight\".[;] Strong triangular midrib running down face of blade, narrowing toward point.[;] Riven hole mostly broken", "composition": "", "optionsAccuracy": "10000", "associations": "Part of a hoard.", "description": "Two small notches on tang - one side only.", "collection": "British Museum S.L. 747", "dateDiscoveryDay": "None", "remarks": "CI", "dateDiscoveryYear": "None", "rightCorner": "[Red Dot] A", "length": "206", "edge": "", "publications": "Archaeologia 113. XXXVI. 329[;] Kemble & Frankes Horae Ferales pl. vi. pgs 24-25."}, "user_id": 243, "task_id": 8005, "created": "2014-05-30T15:25:00.781540", "finish_time": "2014-05-30T15:25:00.781564", "calibration": null, "app_id": 22, "user_ip": null, "timeout": null, "id": 6914}, {"info": {"weight": "140.4", "patina": "dark green", "site": "england[;] isle of wight[;] south arreton[;] arreton down", "surface": "corroded in places.", "toSearch": "arreton", "dateDiscoveryMonth": "None", "objectType": "Spearhead I", "gridRef": "N1[;] SZ 54 86", "geojson": {"geometry": {"type": "Point", "coordinates": [-1.235342758166505, 50.67985197993251]}, "crs": {"type": "name", "properties": {"name": "urn:ogc:def:crs:OGC:1.3:CRS84"}}, "type": "Feature", "properties": {}}, "thickness": "", "width": "", "other": "3 cross section drawings of spearhead attached to reverse on top of side profile drawing.  With text \" SL 748 F. of Wight e.\"[;]\r\nBlade edge chipped and worn, no rivet hole in tang, or broken off.", "composition": "", "optionsAccuracy": "10000", "associations": "Part of a hoard.", "description": "Two small notches in tang (on face only)", "collection": "British Museum S.L. 748.", "dateDiscoveryDay": "None", "remarks": "CI", "dateDiscoveryYear": "None", "rightCorner": "[Red Dot] A", "length": "200", "edge": "", "publications": "Archaeologia 113. XXXVI. 329.[;] Kemble & Frankes Horae Ferales pl VI. figs 24 & 25"}, "user_id": 243, "task_id": 8006, "created": "2014-05-30T15:28:16.107589", "finish_time": "2014-05-30T15:28:16.107611", "calibration": null, "app_id": 22, "user_ip": null, "timeout": null, "id": 6916}, {"info": {"weight": "270.08", "patina": "black stains on dark bronze", "site": "england[;] isle of wight[;] south arreton", "surface": "polished", "toSearch": "arreton", "dateDiscoveryMonth": "None", "objectType": "Spearhead II", "gridRef": "N1[;] SZ 54 86", "geojson": {"geometry": {"type": "Point", "coordinates": [-1.2349994354125984, 50.67974320606789]}, "crs": {"type": "name", "properties": {"name": "urn:ogc:def:crs:OGC:1.3:CRS84"}}, "type": "Feature", "properties": {}}, "thickness": "", "width": "", "other": "3 cross section drawings of spearhead on reverse[;] 2 notches on tang.", "composition": "", "optionsAccuracy": "10000", "associations": "", "description": "2 Rivet holes.[;] Socket ornamented with incised lines & the blade is grooved.[;] Paint is worn. edge finely notched.[;] 2 Borres on each side of socket.", "collection": "British Museum WG. 2074", "dateDiscoveryDay": "None", "remarks": "CI", "dateDiscoveryYear": "None", "rightCorner": "[Red Dot] B", "length": "215.5", "edge": "", "publications": "Archaeologia XXXVI pl 25 fig 3."}, "user_id": 243, "task_id": 8007, "created": "2014-05-30T15:33:44.644705", "finish_time": "2014-05-30T15:33:44.644726", "calibration": null, "app_id": 22, "user_ip": null, "timeout": null, "id": 6919}, {"info": {"weight": "255.14", "patina": "dark green. lighter green on reverse. peacock spots on tang", "site": "england[;] isle of wight[;] south arreton[;] arreton down", "surface": "rather corroded.", "toSearch": "arreton", "dateDiscoveryMonth": "None", "objectType": "Spearhead. I", "gridRef": "N1[;] SZ 54 86", "geojson": {"geometry": {"type": "Point", "coordinates": [-1.2350852661010745, 50.679851979932536]}, "crs": {"type": "name", "properties": {"name": "urn:ogc:def:crs:OGC:1.3:CRS84"}}, "type": "Feature", "properties": {}}, "thickness": "", "width": "", "other": "2 cross section drawings of spearhead taped to reverse.[;] Narrow center rib[;] Rivet hole on tang appears intact.[;] Blade edge slightly chipped", "composition": "", "optionsAccuracy": "10000", "associations": "Hoard.", "description": "Top of tang chipped", "collection": "British Museum WG. 2075", "dateDiscoveryDay": "None", "remarks": "CI", "dateDiscoveryYear": "None", "rightCorner": "[Red Dot] A", "length": "254", "edge": "", "publications": "Archaeologia XXXVI p 328 No. 6.[;] Horae Ferales Pl VI Fig 18"}, "user_id": 243, "task_id": 8008, "created": "2014-05-30T15:41:10.301574", "finish_time": "2014-05-30T15:41:10.301594", "calibration": null, "app_id": 22, "user_ip": null, "timeout": null, "id": 6920}, {"info": {"weight": "", "patina": "", "site": "england[;] isle of wight[;] arreton[;] combley farm", "surface": "surface very corroded", "toSearch": "arreton", "dateDiscoveryMonth": "None", "objectType": "Palstave", "gridRef": "SZ 54832 88393 (from GPS)", "geojson": {"geometry": {"type": "Point", "coordinates": [-1.2391193084594716, 50.685643824070624]}, "crs": {"type": "name", "properties": {"name": "urn:ogc:def:crs:OGC:1.3:CRS84"}}, "type": "Feature", "properties": {}}, "thickness": "", "width": "", "other": "3 cross section drawings of palstave on reverse.[;] Surface very pitted and corroded, portions of blade slightly chipped.[;] Butt rounded and chipped.[;] Flanges appear slightly decayed.", "composition": "", "optionsAccuracy": "10000", "associations": "Single Find", "description": "Palstave, unlooped. Blade narrow. Flanges taper evenly back to butt. Septum floor U shaped.", "collection": "?", "dateDiscoveryDay": "None", "remarks": "Circumstances: Found whilst metal-detecting, 16 inches below surface, resting on natural bedrock. Found 1997", "dateDiscoveryYear": "1997", "rightCorner": "", "length": "", "edge": "", "publications": ""}, "user_id": 243, "task_id": 8009, "created": "2014-05-30T15:45:27.140506", "finish_time": "2014-05-30T15:45:27.140526", "calibration": null, "app_id": 22, "user_ip": null, "timeout": null, "id": 6922}, {"info": {"weight": "469", "patina": "Black", "site": "isle of wight[;] arreton", "surface": "smooth", "toSearch": "arreton", "dateDiscoveryMonth": "None", "objectType": "PALSTAVE (Variant with shelving slot)", "gridRef": "SZ 54 86", "geojson": {"geometry": {"type": "Point", "coordinates": [-1.2359006576416018, 50.67879142399812]}, "crs": {"type": "name", "properties": {"name": "urn:ogc:def:crs:OGC:1.3:CRS84"}}, "type": "Feature", "properties": {}}, "thickness": "31", "width": "", "other": "Unsure on right corner reference.[;] 2 cross section drawings of palstave on reverse.[;] Blade widens slightly on lateral ridges just below stop.", "composition": "Bronze", "optionsAccuracy": "10000", "associations": "", "description": "wide flanges. slight stop ridges with 3 slight ribs above", "collection": "British Museum 56 7-1 5019", "dateDiscoveryDay": "None", "remarks": "Found between the Farm & the Church, in draining[;] Given by, Miss Roach.", "dateDiscoveryYear": "None", "rightCorner": "I1X", "length": "168", "edge": "62", "publications": ""}, "user_id": 243, "task_id": 8010, "created": "2014-05-30T15:49:01.785548", "finish_time": "2014-05-30T15:49:01.785569", "calibration": null, "app_id": 22, "user_ip": null, "timeout": null, "id": 6924}, {"info": {"weight": "", "patina": "", "site": "isle of wight[;] arreton[;] arreton down", "surface": "dull gold mainly, merging to dark brown for lower part of tang; odd pits (small) dark brown & one or two with green corrosion products.[;] None of damage to edges is obviously modern, file-marks, and tang, rounding corners, may be modern", "toSearch": "arreton", "dateDiscoveryMonth": "None", "objectType": "TANGED SPEARHEAD", "gridRef": "", "geojson": {"geometry": {"type": "Point", "coordinates": [-1.2341411285278325, 50.679933560165516]}, "crs": {"type": "name", "properties": {"name": "urn:ogc:def:crs:OGC:1.3:CRS84"}}, "type": "Feature", "properties": {}}, "thickness": "", "width": "", "other": "", "composition": "", "optionsAccuracy": "10000", "associations": "", "description": "Either blade wing has a swollen centre line with bend outside; midrib asymmetrical on face, more-or-less symm. on reverse; triangular facet at tang/blade junction rounded - original or modern rubbing?[;] Hammer ripple mark on Faces of tang, and sides; tang twisted with respect to blade;", "collection": "MANCHESTER UNIV. MUS. O. 8664", "dateDiscoveryDay": "None", "remarks": "CI[;] SI[;] M. 2 Feb 78", "dateDiscoveryYear": "None", "rightCorner": "", "length": "", "edge": "", "publications": "Needham 1985, A6 no. 9"}, "user_id": 243, "task_id": 8011, "created": "2014-05-30T15:55:27.546662", "finish_time": "2014-05-30T15:55:27.546682", "calibration": null, "app_id": 22, "user_ip": null, "timeout": null, "id": 6926}, {"info": {"weight": "", "patina": "", "site": "isle of wight[;] arreton[;] combley farm", "surface": "", "toSearch": "arreton", "dateDiscoveryMonth": "None", "objectType": "Palstave", "gridRef": "SZ 54832 88393 (from GPS)", "geojson": {"geometry": {"type": "Point", "coordinates": [-1.243067520129393, 50.684039582019615]}, "crs": {"type": "name", "properties": {"name": "urn:ogc:def:crs:OGC:1.3:CRS84"}}, "type": "Feature", "properties": {}}, "thickness": "", "width": "", "other": "Very little info on card.", "composition": "", "optionsAccuracy": "10000", "associations": "SINGLE FIND", "description": "", "collection": "?", "dateDiscoveryDay": "None", "remarks": "found whilst metal-detecting 14 inches below surface, resting on natural bedrock in 1997.", "dateDiscoveryYear": "1997", "rightCorner": "", "length": "", "edge": "", "publications": ""}, "user_id": 243, "task_id": 8012, "created": "2014-05-30T15:56:53.266391", "finish_time": "2014-05-30T15:56:53.266414", "calibration": null, "app_id": 22, "user_ip": null, "timeout": null, "id": 6927}, {"info": {"weight": "15", "patina": "", "site": "england; (isle of wight); arreton or arreton down or shalcombe down", "surface": "", "toSearch": "arreton", "dateDiscoveryMonth": "None", "objectType": "Tanged \"Chisel\"", "gridRef": "", "geojson": {"geometry": {"type": "Point", "coordinates": [-1.2399347, 50.67569120000003]}, "crs": {"type": "name", "properties": {"name": "urn:ogc:def:crs:OGC:1.3:CRS84"}}, "type": "Feature", "properties": {}}, "thickness": "4.5", "width": "19", "other": "unsure of first word under publications, and very first word in item description", "composition": "", "optionsAccuracy": "10000", "associations": "", "description": "", "collection": "Caris brooke Museum;\r\nPresented by Sir L. Holmes", "dateDiscoveryDay": "None", "remarks": "It seems uncertain whether this is \"the small bronze instrument\" said to have been found in a barrow on Shalcombe Down in 1816, or whether it was found about the same time on Arreton Down. Mr. Crawford is inclined to the latter view.", "dateDiscoveryYear": "1816", "rightCorner": "", "length": "60", "edge": "19", "publications": "Hilliei     History of the Isle of Wight. Pr. i. h. 6\r\nJourn. Brit. Arch. Ass. Winchester (1846) p. 151\r\nDennett MS. No 2. fig. iii."}, "user_id": 445, "task_id": 7998, "created": "2014-05-31T08:53:37.510199", "finish_time": "2014-05-31T08:53:37.510221", "calibration": null, "app_id": 22, "user_ip": null, "timeout": null, "id": 7014}, {"info": {"weight": "", "patina": "", "site": "england [;] (isle of wight) [;] arreton or [;] arreton down or shalcombe down [;] found by mr. dennett in 1816", "surface": "", "toSearch": "arreton", "dateDiscoveryMonth": "None", "objectType": "Tanged \"chisel\"", "gridRef": "", "geojson": {"geometry": {"type": "Point", "coordinates": [-1.2322099380371072, 50.680259879679426]}, "crs": {"type": "name", "properties": {"name": "urn:ogc:def:crs:OGC:1.3:CRS84"}}, "type": "Feature", "properties": {}}, "thickness": "4.5", "width": "", "other": "Second number in 'weight' is written in pencil - clarification of the pen written first number.", "composition": "", "optionsAccuracy": "1000", "associations": "", "description": "", "collection": "Carisbrooke Museums. [;] Presented by Sir L. Holmes.", "dateDiscoveryDay": "None", "remarks": "It seems uncertain whether this is \"the small bronze instrument\" said to have been found in a barrow on Shalcombe Down[;] in 1816, or whether it was found about the same time on arreton Down. Mr Crawford is inclined to the latter view.", "dateDiscoveryYear": "None", "rightCorner": "", "length": "60", "edge": "", "publications": "Hillier [;] History of the Isle of Wight. Pt i. p. 6 [;] Journ. Brit. arch. ass. Winchester. (1846) p. 151. [;] Dennett MS. No 2. fig. iii. "}, "user_id": 13, "task_id": 7998, "created": "2014-05-31T21:07:24.241943", "finish_time": "2014-05-31T21:07:24.241962", "calibration": null, "app_id": 22, "user_ip": null, "timeout": null, "id": 7047}, {"info": {"weight": "", "patina": "green", "site": "england[;] isle of wight, [;] south arreton [;] arreton down [;] 1735/7 [;] found by mr. cook", "surface": "", "toSearch": "arreton", "dateDiscoveryMonth": "None", "objectType": "Flanged Celt (2 co[...s f...])", "gridRef": "", "geojson": {"geometry": {"type": "Point", "coordinates": [-1.2328536682006837, 50.67900897588728]}, "crs": {"type": "name", "properties": {"name": "urn:ogc:def:crs:OGC:1.3:CRS84"}}, "type": "Feature", "properties": {}}, "thickness": "", "width": "", "other": "", "composition": "", "optionsAccuracy": "1000", "associations": "found with a dagger. 1 flanged celt + 3 spearheads", "description": "", "collection": "British Museum [;] Sloane Colln. 743.", "dateDiscoveryDay": "None", "remarks": "", "dateDiscoveryYear": "None", "rightCorner": "", "length": "202", "edge": "", "publications": "archaeologia V 113. [;] XXXVI 329. [;] Evan's Bronze. fig 8."}, "user_id": 13, "task_id": 7999, "created": "2014-06-02T19:23:15.550415", "finish_time": "2014-06-02T19:23:15.550437", "calibration": null, "app_id": 22, "user_ip": null, "timeout": null, "id": 7237}, {"info": {"weight": "196.11", "patina": "bright green. bronze shows on reverse.", "site": "england [;] isle of wight, [;] south arreton, [;] arreton down", "surface": "corroded.", "toSearch": "arreton", "dateDiscoveryMonth": "None", "objectType": "Flanged Celt (2 copies of V.", "gridRef": "52 [;] 54 [;] 86", "geojson": {"geometry": {"type": "Point", "coordinates": [-1.2262017898437492, 50.68004233358893]}, "crs": {"type": "name", "properties": {"name": "urn:ogc:def:crs:OGC:1.3:CRS84"}}, "type": "Feature", "properties": {}}, "thickness": "", "width": "", "other": "Not certain about 1) words beneath object type or 2) second component of reference. Apologies.", "composition": "", "optionsAccuracy": "1000", "associations": "Part of hoard.", "description": "No stop ridge.", "collection": "British Museum. [;] S. L. 744.", "dateDiscoveryDay": "None", "remarks": "On display", "dateDiscoveryYear": "None", "rightCorner": "", "length": "112", "edge": "", "publications": "archaeologia 113. XXXVI. [;] 329. [;] Kemble + Franks [;] House Finales [;] pl. VI. figs 24 + 25"}, "user_id": 13, "task_id": 8000, "created": "2014-06-02T19:47:48.497387", "finish_time": "2014-06-02T19:47:48.497408", "calibration": null, "app_id": 22, "user_ip": null, "timeout": null, "id": 7239}, {"info": {"weight": "", "patina": "", "site": "england [;] isle of wight [;] arreton down [;] 1735/7.", "surface": "", "toSearch": "arreton", "dateDiscoveryMonth": "None", "objectType": "Flanged Celt (2 copies [...])", "gridRef": "", "geojson": {"geometry": {"type": "Point", "coordinates": [-1.2301070861694328, 50.6803414592034]}, "crs": {"type": "name", "properties": {"name": "urn:ogc:def:crs:OGC:1.3:CRS84"}}, "type": "Feature", "properties": {}}, "thickness": "", "width": "", "other": "Having difficulty in reading the words in brackets under 'Object type' - sorry.", "composition": "", "optionsAccuracy": "1000", "associations": "found with a dagger. 1 flanged celt + 3 spearheads", "description": "", "collection": "British Museum. [;] Sloane Colln. 744", "dateDiscoveryDay": "None", "remarks": "", "dateDiscoveryYear": "None", "rightCorner": "", "length": "113", "edge": "", "publications": "archaeologia V 113. XXXVI 329."}, "user_id": 13, "task_id": 8001, "created": "2014-06-02T19:51:18.772994", "finish_time": "2014-06-02T19:51:18.773014", "calibration": null, "app_id": 22, "user_ip": null, "timeout": null, "id": 7240}, {"info": {"weight": "144.45", "patina": "", "site": "isle of wight, [;] south arreton, [;] arreton down [;] 1735/7", "surface": "smooth", "toSearch": "arreton", "dateDiscoveryMonth": "None", "objectType": "Ogival [;] Incised [;] Dagger. Riveted", "gridRef": "52 [;] 54 [;] 86", "geojson": {"geometry": {"type": "Point", "coordinates": [-1.2288625411865237, 50.67998794690874]}, "crs": {"type": "name", "properties": {"name": "urn:ogc:def:crs:OGC:1.3:CRS84"}}, "type": "Feature", "properties": {}}, "thickness": "", "width": "", "other": "Multiple object types listed - have broken up as I feel it can be views - 1) Ogival, 2) 'Incised' in pencil, then Dagger. Riveted below Ogival.", "composition": "", "optionsAccuracy": "1000", "associations": "found with 2 flanged celts + 3 spearheads.", "description": "1 rivet hole + 1 broken. ;] hilt plate chipped + dented.", "collection": "British Museum. [;] Sloane Colln. [;] 745.", "dateDiscoveryDay": "None", "remarks": "", "dateDiscoveryYear": "None", "rightCorner": "Ogival", "length": "230", "edge": "", "publications": "archaeologia V 113 [;] XXXVI 329 [;] Hor. Fer. VII 18"}, "user_id": 13, "task_id": 8002, "created": "2014-06-02T19:56:29.191008", "finish_time": "2014-06-02T19:56:29.191029", "calibration": null, "app_id": 22, "user_ip": null, "timeout": null, "id": 7241}, {"info": {"weight": "248.81", "patina": "deep green. golden bronze shows.", "site": "england. [;] isle of wight, [;] south arreton, [;] arreton down", "surface": "rather rough. [;] corroded on tang.", "toSearch": "arreton", "dateDiscoveryMonth": "None", "objectType": "Spearhead. I", "gridRef": "NI [;] 52 [;] 54 [;] 86", "geojson": {"geometry": {"type": "Point", "coordinates": [-1.227145927416992, 50.680205493251336]}, "crs": {"type": "name", "properties": {"name": "urn:ogc:def:crs:OGC:1.3:CRS84"}}, "type": "Feature", "properties": {}}, "thickness": "", "width": "", "other": "", "composition": "", "optionsAccuracy": "1000", "associations": "Part of a hoard", "description": "High mid rib. with 4 ribs on right + 3 on left.", "collection": "British Museum. [;] S. L. 746.", "dateDiscoveryDay": "None", "remarks": "", "dateDiscoveryYear": "None", "rightCorner": "A", "length": "262", "edge": "", "publications": "archaeologia 113. XXXVI. 329. [;] Kemble + Franks' House Ferales pl. VI. figs 24 + 25."}, "user_id": 13, "task_id": 8003, "created": "2014-06-02T20:00:54.122072", "finish_time": "2014-06-02T20:00:54.122092", "calibration": null, "app_id": 22, "user_ip": null, "timeout": null, "id": 7242}, {"info": {"weight": "", "patina": "", "site": "isle of wight [;] south arreton [;] arreton down", "surface": "green with golden bronze showing through; rather rough with corrosion on tang", "toSearch": "arreton", "dateDiscoveryMonth": "None", "objectType": "Spearhead", "gridRef": "52 [;] 54 [;] 86", "geojson": {"geometry": {"type": "Point", "coordinates": [-1.2269742660400382, 50.679933560165544]}, "crs": {"type": "name", "properties": {"name": "urn:ogc:def:crs:OGC:1.3:CRS84"}}, "type": "Feature", "properties": {}}, "thickness": "", "width": "49", "other": "", "composition": "", "optionsAccuracy": "1000", "associations": "Hoard of 8 objects", "description": "", "collection": "LONDON, British Museum, SL 746", "dateDiscoveryDay": "None", "remarks": "", "dateDiscoveryYear": "None", "rightCorner": "", "length": "262", "edge": "", "publications": ""}, "user_id": 13, "task_id": 8004, "created": "2014-06-02T20:02:48.974951", "finish_time": "2014-06-02T20:02:48.974972", "calibration": null, "app_id": 22, "user_ip": null, "timeout": null, "id": 7243}, {"info": {"weight": "158.42", "patina": "blue green.", "site": "england. [;] isle of wight, [;] south arreton, [;] arreton down", "surface": "much corroded", "toSearch": "arreton", "dateDiscoveryMonth": "None", "objectType": "Spearhead. Cl I", "gridRef": "NI [;] 52 [;] 54 [;] 86", "geojson": {"geometry": {"type": "Point", "coordinates": [-1.2268026046630855, 50.679280914330576]}, "crs": {"type": "name", "properties": {"name": "urn:ogc:def:crs:OGC:1.3:CRS84"}}, "type": "Feature", "properties": {}}, "thickness": "10.", "width": "", "other": "I should say I've been moving the findspot from Arreton village to Arreton Down (based on local knowledge).", "composition": "", "optionsAccuracy": "1000", "associations": "Part of a hoard.", "description": "Two small notches on tang - one side only.", "collection": "British Museum [;] S.L. 747.", "dateDiscoveryDay": "None", "remarks": "", "dateDiscoveryYear": "None", "rightCorner": "A", "length": "206.", "edge": "", "publications": "archaeologia 113. XXXVI. 329 [;] Kemble + Franks' House Ferales pl. VI. figs 24 + 25."}, "user_id": 13, "task_id": 8005, "created": "2014-06-02T20:06:47.696370", "finish_time": "2014-06-02T20:06:47.696391", "calibration": null, "app_id": 22, "user_ip": null, "timeout": null, "id": 7245}, {"info": {"weight": "140.4", "patina": "dark green", "site": "england. [;] isle of wight, [;] south arreton, [;] arreton down", "surface": "corroded in places.", "toSearch": "arreton", "dateDiscoveryMonth": "None", "objectType": "Spearhead I", "gridRef": "NI [;] 52 [;] 54 [;] 86", "geojson": {"geometry": {"type": "Point", "coordinates": [-1.2259442977783201, 50.67933530183016]}, "crs": {"type": "name", "properties": {"name": "urn:ogc:def:crs:OGC:1.3:CRS84"}}, "type": "Feature", "properties": {}}, "thickness": "", "width": "", "other": "Still having difficulty on reference work.", "composition": "", "optionsAccuracy": "1000", "associations": "Part of a hoard.", "description": "Two small notches in tang (on face only)", "collection": "British Museum [;] S.L. 748.", "dateDiscoveryDay": "None", "remarks": "", "dateDiscoveryYear": "None", "rightCorner": "A", "length": "200", "edge": "", "publications": "archaeologia 113. [;] XXXVI. [;] 329. [;] Kemble + Franks' House Ferales . pl. VI. figs. 24 + 25"}, "user_id": 13, "task_id": 8006, "created": "2014-06-02T20:10:09.803659", "finish_time": "2014-06-02T20:10:09.803679", "calibration": null, "app_id": 22, "user_ip": null, "timeout": null, "id": 7246}, {"info": {"weight": "270.08", "patina": "blade stains on dark bronze", "site": "england. [;] isle of wight, [;] south arreton, [;] arreton down", "surface": "polished", "toSearch": "arreton", "dateDiscoveryMonth": "None", "objectType": "Spearhead II", "gridRef": "NI [;] 52 [;] 54 [;] 86", "geojson": {"geometry": {"type": "Point", "coordinates": [-1.2232835464355458, 50.67998794690876]}, "crs": {"type": "name", "properties": {"name": "urn:ogc:def:crs:OGC:1.3:CRS84"}}, "type": "Feature", "properties": {}}, "thickness": "", "width": "", "other": "", "composition": "", "optionsAccuracy": "1000", "associations": "", "description": "2 Rivet holes [;] Socket ornamented with incised lines + the blade is grooved. [;] Point is worn. edges finely notched. [;] 2 Bosses on each side of socket.", "collection": "British Museum. [;] WG.2074", "dateDiscoveryDay": "None", "remarks": "CI", "dateDiscoveryYear": "None", "rightCorner": "B", "length": "215.5", "edge": "", "publications": "archaeologia XXXVI pl 25 fig 3."}, "user_id": 13, "task_id": 8007, "created": "2014-06-02T20:13:59.688788", "finish_time": "2014-06-02T20:13:59.688808", "calibration": null, "app_id": 22, "user_ip": null, "timeout": null, "id": 7247}, {"info": {"weight": "255.14", "patina": "dark green. lighter green on reverse. peacock spots on tang", "site": "england [;] isle of wight, [;] south arreton, [;] arreton down", "surface": "rather corroded.", "toSearch": "arreton", "dateDiscoveryMonth": "None", "objectType": "Spearhead. I", "gridRef": "NI [;] 52 [;] 54 [;] 86", "geojson": {"geometry": {"type": "Point", "coordinates": [-1.225429313647461, 50.678138762279765]}, "crs": {"type": "name", "properties": {"name": "urn:ogc:def:crs:OGC:1.3:CRS84"}}, "type": "Feature", "properties": {}}, "thickness": "", "width": "", "other": "Finally got publication! Sorry it took so long, please change all prior refs. to 'Horae' not House...", "composition": "", "optionsAccuracy": "1000", "associations": "Hoard", "description": "Top of tang chipped.", "collection": "British Museum [;] WG. 2075", "dateDiscoveryDay": "None", "remarks": "", "dateDiscoveryYear": "None", "rightCorner": "A", "length": "254", "edge": "", "publications": "archaeologia XXXVI p 328 No. 6. [;] Horae Ferales PL VI Fig 18"}, "user_id": 13, "task_id": 8008, "created": "2014-06-02T20:17:49.483848", "finish_time": "2014-06-02T20:17:49.483868", "calibration": null, "app_id": 22, "user_ip": null, "timeout": null, "id": 7248}, {"info": {"weight": "", "patina": "", "site": "england [;] isle of wight [;] arreton [;] combley farm", "surface": "surface very corroded.", "toSearch": "arreton", "dateDiscoveryMonth": "None", "objectType": "Palstave", "gridRef": "SZ 54832 88393", "geojson": {"geometry": {"type": "Point", "coordinates": [-1.2259872131225604, 50.693120499848796]}, "crs": {"type": "name", "properties": {"name": "urn:ogc:def:crs:OGC:1.3:CRS84"}}, "type": "Feature", "properties": {}}, "thickness": "", "width": "", "other": "circumstances of find: 'Found whilst metal-detecting, 14 inches [;] below surface, resting on natural bedrock. [;] Found 1997.'\r\n\r\nContext: ' SINGLE FIND'\r\n\r\nTried to locate on map as best possible.", "composition": "", "optionsAccuracy": "100", "associations": "", "description": "Palstave, unlooped. Blade narrow. Flanges taper evenly back to [;] butt. Septum floor U shaped.", "collection": "?", "dateDiscoveryDay": "None", "remarks": "", "dateDiscoveryYear": "None", "rightCorner": "", "length": "", "edge": "", "publications": ""}, "user_id": 13, "task_id": 8009, "created": "2014-06-02T20:28:07.829158", "finish_time": "2014-06-02T20:28:07.829179", "calibration": null, "app_id": 22, "user_ip": null, "timeout": null, "id": 7249}, {"info": {"weight": "469", "patina": "Black", "site": "isle of wight. [;] arreton.", "surface": "smooth", "toSearch": "arreton", "dateDiscoveryMonth": "None", "objectType": "PALSTAVE [;] (Variant with shelving slot)", "gridRef": "SZ 54 [;] 86", "geojson": {"geometry": {"type": "Point", "coordinates": [-1.2399347, 50.67569120000003]}, "crs": {"type": "name", "properties": {"name": "urn:ogc:def:crs:OGC:1.3:CRS84"}}, "type": "Feature", "properties": {}}, "thickness": "31", "width": "", "other": "", "composition": "Bronze", "optionsAccuracy": "1000", "associations": "", "description": "Wide flanges. slight [...] of ridges [;] with 3 slight ribs above.", "collection": "British Museum. [;] 5.6 [;] 7. 1 [;] 5 019", "dateDiscoveryDay": "None", "remarks": "Found between the Farm + the Church, in draining [;] Given by Miss Roach.", "dateDiscoveryYear": "None", "rightCorner": "IX", "length": "168", "edge": "", "publications": ""}, "user_id": 13, "task_id": 8010, "created": "2014-06-02T20:36:41.575618", "finish_time": "2014-06-02T20:36:41.575637", "calibration": null, "app_id": 22, "user_ip": null, "timeout": null, "id": 7250}, {"info": {"weight": "", "patina": "", "site": "isle of wight [;] arreton [;] arreton down.", "surface": "dull gold mainly, merging to dark brown [;] for lower part of tang; old pits (small) dark [;] brown + one or two with green corrosion products. [;] none of damage to edges is obviously modern, [;] file-marks round tang, rounded corners, may be [;] modern", "toSearch": "arreton", "dateDiscoveryMonth": "None", "objectType": "TANGED SPEARHEAD", "gridRef": "", "geojson": {"geometry": {"type": "Point", "coordinates": [-1.2399347, 50.67569120000003]}, "crs": {"type": "name", "properties": {"name": "urn:ogc:def:crs:OGC:1.3:CRS84"}}, "type": "Feature", "properties": {}}, "thickness": "", "width": "", "other": "", "composition": "", "optionsAccuracy": "1000", "associations": "", "description": "Either blade wing has a swollen centre line with bevel [;] outside; midribs asymetrical on face, more-or-less [;] symm. on reverse; triangular facet at tang/blade junction [;] rounded-original or modern rubbing? hammr ripple mark [;] on face of tang, and sides; tang twisted with [;] respect to blade;", "collection": "MANCHESTER UNIV. MUS. [;] 0.8664", "dateDiscoveryDay": "None", "remarks": "M. [;] 2 Feb 78. [;] CI SI.", "dateDiscoveryYear": "None", "rightCorner": "", "length": "", "edge": "", "publications": "Needham 1985, A6 no. 9"}, "user_id": 13, "task_id": 8011, "created": "2014-06-02T20:42:19.853316", "finish_time": "2014-06-02T20:42:19.853337", "calibration": null, "app_id": 22, "user_ip": null, "timeout": null, "id": 7251}, {"info": {"weight": "", "patina": "", "site": "isle of wight [;] arreton [;] combley farm", "surface": "", "toSearch": "arreton", "dateDiscoveryMonth": "None", "objectType": "Palstave", "gridRef": "SZ 54832 88393", "geojson": {"geometry": {"type": "Point", "coordinates": [-1.2256009750244115, 50.69320205701428]}, "crs": {"type": "name", "properties": {"name": "urn:ogc:def:crs:OGC:1.3:CRS84"}}, "type": "Feature", "properties": {}}, "thickness": "", "width": "", "other": "Context Type 'SINGLE FIND'\r\n\r\nCircumstances 'found whilst metal-detecting 14 inches [;] below surface, resting on natural bedrock [;] in 1997'", "composition": "", "optionsAccuracy": "100", "associations": "", "description": "", "collection": "?", "dateDiscoveryDay": "None", "remarks": "", "dateDiscoveryYear": "None", "rightCorner": "", "length": "", "edge": "", "publications": ""}, "user_id": 13, "task_id": 8012, "created": "2014-06-02T20:57:52.207442", "finish_time": "2014-06-02T20:57:52.207465", "calibration": null, "app_id": 22, "user_ip": null, "timeout": null, "id": 7257}, {"info": {"weight": "", "patina": "green", "site": "england[;]isle of wight, south arreton[;]arreton down[;]1735/7 found by mr. coole", "surface": "", "toSearch": "arreton down, isle of wight", "dateDiscoveryMonth": "None", "objectType": "Flanged Celt[;](2 copies giv.)", "gridRef": "", "geojson": {"geometry": {"type": "Point", "coordinates": [-1.2179573, 50.701916299999986]}, "crs": {"type": "name", "properties": {"name": "urn:ogc:def:crs:OGC:1.3:CRS84"}}, "type": "Feature", "properties": {}}, "thickness": "", "width": "", "other": "", "composition": "", "optionsAccuracy": "1000", "associations": "found with a dagger, 1 flanged celt & 3 spearheads.", "description": "", "collection": "British Museum[;]Sloane Coll. 743.", "dateDiscoveryDay": "None", "remarks": "", "dateDiscoveryYear": "None", "rightCorner": "", "length": "202", "edge": "107", "publications": "Archaeologia V 113. XXXVI 329.[;]Evan's Bronze. fig 8."}, "user_id": 181, "task_id": 7999, "created": "2014-06-03T01:47:10.108954", "finish_time": "2014-06-03T01:47:10.108983", "calibration": null, "app_id": 22, "user_ip": null, "timeout": null, "id": 7277}, {"info": {"weight": "196.11", "patina": "bright green. bronze shows on reverse.", "site": "england[;]isle of wight,[;]south arreton,[;]arreton down", "surface": "corroded.", "toSearch": "arreton down, isle of wight", "dateDiscoveryMonth": "None", "objectType": "Flanged Celt[;](2 copies JV.", "gridRef": "S2 64/86", "geojson": {"geometry": {"type": "Point", "coordinates": [-1.2179573, 50.701916299999986]}, "crs": {"type": "name", "properties": {"name": "urn:ogc:def:crs:OGC:1.3:CRS84"}}, "type": "Feature", "properties": {}}, "thickness": "", "width": "", "other": "", "composition": "", "optionsAccuracy": "1000", "associations": "Part of hoard", "description": "No stop ridge.", "collection": "British Museum S.L. 744.", "dateDiscoveryDay": "None", "remarks": "On display", "dateDiscoveryYear": "None", "rightCorner": "", "length": "112", "edge": "63", "publications": "Archaeologia 113. XXXVI. 329.[;]Kemble & Frank's Horae Ferales pl. VI. figs 24 & 25"}, "user_id": 181, "task_id": 8000, "created": "2014-06-03T01:52:03.612167", "finish_time": "2014-06-03T01:52:03.612188", "calibration": null, "app_id": 22, "user_ip": null, "timeout": null, "id": 7278}, {"info": {"weight": "", "patina": "", "site": "england[;]isle of wight[;]arreton down[;]1735/7", "surface": "", "toSearch": "arreton down, isle of wight", "dateDiscoveryMonth": "None", "objectType": "Flanged Celt[;](2 copies gv)", "gridRef": "", "geojson": {"geometry": {"type": "Point", "coordinates": [-1.2179573, 50.701916299999986]}, "crs": {"type": "name", "properties": {"name": "urn:ogc:def:crs:OGC:1.3:CRS84"}}, "type": "Feature", "properties": {}}, "thickness": "", "width": "", "other": "", "composition": "", "optionsAccuracy": "1000", "associations": "found with a dagger, 1 flanged celt & 3 spearheads.", "description": "", "collection": "British Museum.[;]Sloane Coll. 744", "dateDiscoveryDay": "None", "remarks": "", "dateDiscoveryYear": "None", "rightCorner": "", "length": "113", "edge": "66", "publications": "Archaeologia V 113. XXXVI 32q."}, "user_id": 181, "task_id": 8001, "created": "2014-06-03T01:54:15.093502", "finish_time": "2014-06-03T01:54:15.093521", "calibration": null, "app_id": 22, "user_ip": null, "timeout": null, "id": 7279}, {"info": {"weight": "444.25", "patina": "", "site": "isle of wight,[;]south arreton,[;]arreton down[;]1735/7", "surface": "smooth", "toSearch": "arreton down, isle of wight", "dateDiscoveryMonth": "None", "objectType": "Ogival[;]Incised Dagger. Riveted.", "gridRef": "SZ 54/86", "geojson": {"geometry": {"type": "Point", "coordinates": [-1.2179573, 50.701916299999986]}, "crs": {"type": "name", "properties": {"name": "urn:ogc:def:crs:OGC:1.3:CRS84"}}, "type": "Feature", "properties": {}}, "thickness": "", "width": "", "other": "It looks like water was spilled over the \"weight\", making the ink fuzzy. I took my best guess at what it said.", "composition": "", "optionsAccuracy": "1000", "associations": "found with 2 flanged celts & 3 spearheads", "description": "1 rivet hole & 1 broken.[;]hilt plate chipped & dented.", "collection": "British Museum.[;]Sloane Coll. 745.", "dateDiscoveryDay": "None", "remarks": "", "dateDiscoveryYear": "None", "rightCorner": "Ogival", "length": "230", "edge": "", "publications": "Archaeologia V 113 XXXVI 329[;]Hor. Fer. VII 18"}, "user_id": 181, "task_id": 8002, "created": "2014-06-03T02:16:08.594796", "finish_time": "2014-06-03T02:16:08.594817", "calibration": null, "app_id": 22, "user_ip": null, "timeout": null, "id": 7280}, {"info": {"weight": "248.81", "patina": "deep green. golden bronze shows.", "site": "england[;]isle of wight[;]south arreton,[;]arreton down", "surface": "rather rough. corroded on tary.", "toSearch": "arreton down, isle of wight", "dateDiscoveryMonth": "None", "objectType": "Spearhead. I.", "gridRef": "N1[;]SZ 54/86", "geojson": {"geometry": {"type": "Point", "coordinates": [-1.2179573, 50.701916299999986]}, "crs": {"type": "name", "properties": {"name": "urn:ogc:def:crs:OGC:1.3:CRS84"}}, "type": "Feature", "properties": {}}, "thickness": "", "width": "", "other": "", "composition": "", "optionsAccuracy": "1000", "associations": "Part of a hoard", "description": "High mid rib with 4 ribs on right & 3 on left.", "collection": "British Museum S.L. 746.", "dateDiscoveryDay": "None", "remarks": "", "dateDiscoveryYear": "None", "rightCorner": "A", "length": "262", "edge": "", "publications": "Archaeologia 113. XXXVI. 329.[;]Kemble & Frank's Horae Ferales pl. VI. figs 24 & 25."}, "user_id": 181, "task_id": 8003, "created": "2014-06-03T02:23:01.464426", "finish_time": "2014-06-03T02:23:01.464448", "calibration": null, "app_id": 22, "user_ip": null, "timeout": null, "id": 7281}, {"info": {"weight": "", "patina": "", "site": "isle of wight [;] south arreton [;] arreton down", "surface": "Green with golden bronze showing through; rather rough with corrosion on tang", "toSearch": "arreton isle of wight", "dateDiscoveryMonth": "None", "objectType": "Spearhead", "gridRef": "SZ5486", "geojson": {"geometry": {"type": "Point", "coordinates": [-1.2399347, 50.67569120000003]}, "crs": {"type": "name", "properties": {"name": "urn:ogc:def:crs:OGC:1.3:CRS84"}}, "type": "Feature", "properties": {}}, "thickness": "", "width": "49", "other": "", "composition": "", "optionsAccuracy": "100", "associations": "Hoard of 8 objects", "description": "", "collection": "London, British Museum, SL 746", "dateDiscoveryDay": "None", "remarks": "", "dateDiscoveryYear": "None", "rightCorner": "", "length": "262", "edge": "", "publications": ""}, "user_id": 1, "task_id": 8004, "created": "2014-06-03T08:34:57.260261", "finish_time": "2014-06-03T08:34:57.260287", "calibration": null, "app_id": 22, "user_ip": null, "timeout": null, "id": 7284}, {"info": {"weight": "158.42", "patina": "Blue green", "site": "england, isle of wight, south arreton, arreton down", "surface": "Much corroded", "toSearch": "arreton down isle of wight", "dateDiscoveryMonth": "None", "objectType": "Spearhead ", "gridRef": "Ni 52 54 86", "geojson": {"geometry": {"type": "Point", "coordinates": [-1.2179573, 50.701916299999986]}, "crs": {"type": "name", "properties": {"name": "urn:ogc:def:crs:OGC:1.3:CRS84"}}, "type": "Feature", "properties": {}}, "thickness": "10", "width": "30", "other": "Width reads - blade 30. 42. tang 9", "composition": "Two small notches on tang - one side only", "optionsAccuracy": "1000", "associations": "Part of a hoard", "description": "", "collection": "British Museum S.L. 747", "dateDiscoveryDay": "None", "remarks": "", "dateDiscoveryYear": "None", "rightCorner": "A", "length": "206", "edge": "", "publications": "Archaeologia 113 XXXVI 329\r\nKemble + [...] House Ferales pl.Vi figs 24 (crossed out) + 25 "}, "user_id": 441, "task_id": 8005, "created": "2014-06-04T15:18:06.460367", "finish_time": "2014-06-04T15:18:06.460388", "calibration": null, "app_id": 22, "user_ip": null, "timeout": null, "id": 7486}, {"info": {"weight": "140", "patina": "dark green", "site": "england[;]isle of wight[;]south arreton[;]arreton down", "surface": "corroded in places", "toSearch": "arreton down", "dateDiscoveryMonth": "None", "objectType": "Spearhead I", "gridRef": "", "geojson": {"geometry": {"type": "Point", "coordinates": [-1.2179573, 50.701916299999986]}, "crs": {"type": "name", "properties": {"name": "urn:ogc:def:crs:OGC:1.3:CRS84"}}, "type": "Feature", "properties": {}}, "thickness": "8", "width": "28", "other": "Width: blade 28mm, 41mm; tang 10mm[;]Thickness: blade 7.5mm[;]Weight: 140.4 gms", "composition": "", "optionsAccuracy": "1000", "associations": "Part of a hoard", "description": "Two small notches in tang (on face only)", "collection": "British Museum[;]S.L. 748", "dateDiscoveryDay": "None", "remarks": "", "dateDiscoveryYear": "None", "rightCorner": "A", "length": "200", "edge": "", "publications": "Archaeologica 113. XXXVI, 329[;]Kemble, Franks: Horae Ferales, pl. VI. figs. 24 and 25"}, "user_id": 433, "task_id": 8006, "created": "2014-06-06T15:20:20.028626", "finish_time": "2014-06-06T15:20:20.028647", "calibration": null, "app_id": 22, "user_ip": null, "timeout": null, "id": 7768}, {"info": {"weight": "270", "patina": "black stains on dark bronze", "site": "england[;]isle of wight[;]south arreton[;]arreton down", "surface": "polished", "toSearch": "arreton down", "dateDiscoveryMonth": "None", "objectType": "Spearhead II", "gridRef": "N1[;]S2[;]54[;]86", "geojson": {"geometry": {"type": "Point", "coordinates": [-1.2179573, 50.701916299999986]}, "crs": {"type": "name", "properties": {"name": "urn:ogc:def:crs:OGC:1.3:CRS84"}}, "type": "Feature", "properties": {}}, "thickness": "10", "width": "25", "other": "Length: 215.5 mm[;]Width: blade 33mm, 46mm; socket 25mm[;]Thickness: blade 10mm; socket 22mm[;]Weight 270.08 gms", "composition": "", "optionsAccuracy": "1000", "associations": "", "description": "2 rivet holes[;]Socket ornamented with incised lines and the blade is grooved.[;]Point is worn. Edges finely notched. 2 bosses on each side of socket.", "collection": "British Museum[;]W.G. 2074", "dateDiscoveryDay": "None", "remarks": "", "dateDiscoveryYear": "None", "rightCorner": "B", "length": "216", "edge": "33", "publications": "Archaeologia, XXXVI, pl. 25, fig. 3"}, "user_id": 433, "task_id": 8007, "created": "2014-06-06T15:25:24.145765", "finish_time": "2014-06-06T15:25:24.145789", "calibration": null, "app_id": 22, "user_ip": null, "timeout": null, "id": 7769}, {"info": {"weight": "255", "patina": "dark green. lighter green on reverse, peacock spots on tang", "site": "england[;]isle of wight[;]south arreton, arreton down", "surface": "Rather corroded.", "toSearch": "arreton down", "dateDiscoveryMonth": "None", "objectType": "Spearhead I", "gridRef": "N1[;]S2[;]54[;]86", "geojson": {"geometry": {"type": "Point", "coordinates": [-1.2179573, 50.701916299999986]}, "crs": {"type": "name", "properties": {"name": "urn:ogc:def:crs:OGC:1.3:CRS84"}}, "type": "Feature", "properties": {}}, "thickness": "13", "width": "26", "other": "Width: blade 26mm, 41mm[;]Thickness: blade 13mm[;]Weight: 255.14 gms", "composition": "", "optionsAccuracy": "1000", "associations": "Hoard", "description": "Top of tang chipped.", "collection": "British Museum[;]WG. 2075", "dateDiscoveryDay": "None", "remarks": "", "dateDiscoveryYear": "None", "rightCorner": "A", "length": "254", "edge": "", "publications": "Archaeologia XXXVI, p. 328, No. 6[;]Horae Ferales, Pl. VI. Fig. 18"}, "user_id": 433, "task_id": 8008, "created": "2014-06-06T15:29:58.259163", "finish_time": "2014-06-06T15:29:58.259185", "calibration": null, "app_id": 22, "user_ip": null, "timeout": null, "id": 7770}, {"info": {"weight": "", "patina": "", "site": "england[;]isle of wight[;]arreton[;]combley farm", "surface": "Surface very corroded", "toSearch": "arreton down", "dateDiscoveryMonth": "None", "objectType": "Palstave", "gridRef": "82[;]82832[;]88393[;](from GPS)", "geojson": {"geometry": {"type": "Point", "coordinates": [-1.2179573, 50.701916299999986]}, "crs": {"type": "name", "properties": {"name": "urn:ogc:def:crs:OGC:1.3:CRS84"}}, "type": "Feature", "properties": {}}, "thickness": "", "width": "", "other": "", "composition": "", "optionsAccuracy": "1000", "associations": "", "description": "Palstave, unlooped. Blade narrow. Flanges taper evenly back to butt. Septum floor v-shaped.", "collection": "?", "dateDiscoveryDay": "None", "remarks": "82 84832 88393 (from GPS[;]Found whilst metal-detecting, 16 inches below surface, resting on natural bedrock. Found 1997.[;]Context: single find", "dateDiscoveryYear": "1997", "rightCorner": "", "length": "", "edge": "", "publications": ""}, "user_id": 433, "task_id": 8009, "created": "2014-06-06T15:38:21.057884", "finish_time": "2014-06-06T15:38:21.057905", "calibration": null, "app_id": 22, "user_ip": null, "timeout": null, "id": 7771}, {"info": {"weight": "46", "patina": "Black", "site": "england[;]isle of wight[;]arreton", "surface": "smooth", "toSearch": "arreton", "dateDiscoveryMonth": "None", "objectType": "Palstave (Variant with Shelving Slot)", "gridRef": "S2[;]54[;]86", "geojson": {"geometry": {"type": "Point", "coordinates": [-1.2399347, 50.67569120000003]}, "crs": {"type": "name", "properties": {"name": "urn:ogc:def:crs:OGC:1.3:CRS84"}}, "type": "Feature", "properties": {}}, "thickness": "31", "width": "21", "other": "Width: butt 21mm; blade 62mm", "composition": "Bronze", "optionsAccuracy": "1000", "associations": "", "description": "Wide flanges. Slight stop ridges with 3 slight ribs above.", "collection": "British Museum[;]56[;]7-1[;]5019", "dateDiscoveryDay": "None", "remarks": "Found between the farm and the church, in draining. Given by Miss Roach.", "dateDiscoveryYear": "None", "rightCorner": "IX", "length": "168", "edge": "62", "publications": ""}, "user_id": 433, "task_id": 8010, "created": "2014-06-06T15:49:07.588384", "finish_time": "2014-06-06T15:49:07.588405", "calibration": null, "app_id": 22, "user_ip": null, "timeout": null, "id": 7772}, {"info": {"weight": "", "patina": "", "site": "england[;]isle of wight[;]arreton[;]arreton down", "surface": "dull gold mainly, merging to dark brown for lower part of tang; odd pits (small) dark brown and one or two with green corrosion products. none of damage to edges is obviously modern; file-marks and tang, rounding corners, may be modern", "toSearch": "arreton down", "dateDiscoveryMonth": "None", "objectType": "Tanged Spearhead", "gridRef": "", "geojson": {"geometry": {"type": "Point", "coordinates": [-1.2179573, 50.701916299999986]}, "crs": {"type": "name", "properties": {"name": "urn:ogc:def:crs:OGC:1.3:CRS84"}}, "type": "Feature", "properties": {}}, "thickness": "", "width": "", "other": "", "composition": "", "optionsAccuracy": "1000", "associations": "", "description": "Either blade wing has swollen centre line with bevel outside; midrib asymmetrical on face, more-or-less symm. on revers; triangular facet at tang/blade junction; rounded original or modern rubbing? hammer ripple marks on faces of tang, and sides; tang twisted with respect to blade.", "collection": "Manchester University Museum[;]O.8664", "dateDiscoveryDay": "None", "remarks": "C1 S1[;]M 2 Feb. 78", "dateDiscoveryYear": "None", "rightCorner": "", "length": "", "edge": "", "publications": "Needham 1985, A6 no. 9"}, "user_id": 433, "task_id": 8011, "created": "2014-06-06T15:57:57.402840", "finish_time": "2014-06-06T15:57:57.402861", "calibration": null, "app_id": 22, "user_ip": null, "timeout": null, "id": 7773}, {"info": {"weight": "", "patina": "", "site": "england[;]isle of wight[;]arreton[;]combley farm", "surface": "", "toSearch": "arreton down", "dateDiscoveryMonth": "None", "objectType": "Palstave", "gridRef": "52 54832 88393 (from GPS)", "geojson": {"geometry": {"type": "Point", "coordinates": [-1.2179573, 50.701916299999986]}, "crs": {"type": "name", "properties": {"name": "urn:ogc:def:crs:OGC:1.3:CRS84"}}, "type": "Feature", "properties": {}}, "thickness": "", "width": "", "other": "", "composition": "", "optionsAccuracy": "1000", "associations": "", "description": "", "collection": "?", "dateDiscoveryDay": "None", "remarks": "52 54832 88393 (From GPS)[;]Single Find[;]Found whilst metal-detecting 14 inches below surface, resting on natural bedrock in 1997", "dateDiscoveryYear": "1997", "rightCorner": "", "length": "", "edge": "", "publications": ""}, "user_id": 433, "task_id": 8012, "created": "2014-06-06T16:01:35.300242", "finish_time": "2014-06-06T16:01:35.300264", "calibration": null, "app_id": 22, "user_ip": null, "timeout": null, "id": 7774}]