[{"info": {"url_m": "http://farm6.staticflickr.com/5595/14118602147_c1feaa2487_m.jpg", "link": "http://www.flickr.com/photos/MicroPasts/14118602147", "url_b": "http://farm6.staticflickr.com/5595/14118602147_c1feaa2487_b.jpg"}, "n_answers": 3, "quorum": 0, "calibration": 0, "created": "2014-05-30T13:34:55.030720", "app_id": 22, "state": "completed", "id": 7998, "priority_0": 0.0}, {"info": {"url_m": "http://farm4.staticflickr.com/3800/14118602187_730050a6ab_m.jpg", "link": "http://www.flickr.com/photos/MicroPasts/14118602187", "url_b": "http://farm4.staticflickr.com/3800/14118602187_730050a6ab_b.jpg"}, "n_answers": 3, "quorum": 0, "calibration": 0, "created": "2014-05-30T13:34:58.125727", "app_id": 22, "state": "completed", "id": 7999, "priority_0": 0.0}, {"info": {"url_m": "http://farm3.staticflickr.com/2899/14281998356_0bfb65a5f1_m.jpg", "link": "http://www.flickr.com/photos/MicroPasts/14281998356", "url_b": "http://farm3.staticflickr.com/2899/14281998356_0bfb65a5f1_b.jpg"}, "n_answers": 3, "quorum": 0, "calibration": 0, "created": "2014-05-30T13:35:01.180992", "app_id": 22, "state": "completed", "id": 8000, "priority_0": 0.0}, {"info": {"url_m": "http://farm4.staticflickr.com/3679/14118458189_ed7269c776_m.jpg", "link": "http://www.flickr.com/photos/MicroPasts/14118458189", "url_b": "http://farm4.staticflickr.com/3679/14118458189_ed7269c776_b.jpg"}, "n_answers": 3, "quorum": 0, "calibration": 0, "created": "2014-05-30T13:35:04.243117", "app_id": 22, "state": "completed", "id": 8001, "priority_0": 0.0}, {"info": {"url_m": "http://farm4.staticflickr.com/3738/14118458279_8562bb16da_m.jpg", "link": "http://www.flickr.com/photos/MicroPasts/14118458279", "url_b": "http://farm4.staticflickr.com/3738/14118458279_8562bb16da_b.jpg"}, "n_answers": 3, "quorum": 0, "calibration": 0, "created": "2014-05-30T13:35:07.299875", "app_id": 22, "state": "completed", "id": 8002, "priority_0": 0.0}, {"info": {"url_m": "http://farm4.staticflickr.com/3770/14325322713_d6192aa7bc_m.jpg", "link": "http://www.flickr.com/photos/MicroPasts/14325322713", "url_b": "http://farm4.staticflickr.com/3770/14325322713_d6192aa7bc_b.jpg"}, "n_answers": 3, "quorum": 0, "calibration": 0, "created": "2014-05-30T13:35:10.391414", "app_id": 22, "state": "completed", "id": 8003, "priority_0": 0.0}, {"info": {"url_m": "http://farm4.staticflickr.com/3779/14118457839_1f7995b6ea_m.jpg", "link": "http://www.flickr.com/photos/MicroPasts/14118457839", "url_b": "http://farm4.staticflickr.com/3779/14118457839_1f7995b6ea_b.jpg"}, "n_answers": 3, "quorum": 0, "calibration": 0, "created": "2014-05-30T13:35:13.450027", "app_id": 22, "state": "completed", "id": 8004, "priority_0": 0.0}, {"info": {"url_m": "http://farm4.staticflickr.com/3748/14118601647_b5c2470145_m.jpg", "link": "http://www.flickr.com/photos/MicroPasts/14118601647", "url_b": "http://farm4.staticflickr.com/3748/14118601647_b5c2470145_b.jpg"}, "n_answers": 3, "quorum": 0, "calibration": 0, "created": "2014-05-30T13:35:16.508517", "app_id": 22, "state": "completed", "id": 8005, "priority_0": 0.0}, {"info": {"url_m": "http://farm3.staticflickr.com/2908/14325322273_cc705f710c_m.jpg", "link": "http://www.flickr.com/photos/MicroPasts/14325322273", "url_b": "http://farm3.staticflickr.com/2908/14325322273_cc705f710c_b.jpg"}, "n_answers": 3, "quorum": 0, "calibration": 0, "created": "2014-05-30T13:35:19.624254", "app_id": 22, "state": "completed", "id": 8006, "priority_0": 0.0}, {"info": {"url_m": "http://farm3.staticflickr.com/2903/14118513050_571f04486b_m.jpg", "link": "http://www.flickr.com/photos/MicroPasts/14118513050", "url_b": "http://farm3.staticflickr.com/2903/14118513050_571f04486b_b.jpg"}, "n_answers": 3, "quorum": 0, "calibration": 0, "created": "2014-05-30T13:35:22.682054", "app_id": 22, "state": "completed", "id": 8007, "priority_0": 0.0}, {"info": {"url_m": "http://farm3.staticflickr.com/2896/14301793601_941eefe8c7_m.jpg", "link": "http://www.flickr.com/photos/MicroPasts/14301793601", "url_b": "http://farm3.staticflickr.com/2896/14301793601_941eefe8c7_b.jpg"}, "n_answers": 3, "quorum": 0, "calibration": 0, "created": "2014-05-30T13:35:25.733002", "app_id": 22, "state": "completed", "id": 8008, "priority_0": 0.0}, {"info": {"url_m": "http://farm4.staticflickr.com/3715/14118512630_19a8d9ba90_m.jpg", "link": "http://www.flickr.com/photos/MicroPasts/14118512630", "url_b": "http://farm4.staticflickr.com/3715/14118512630_19a8d9ba90_b.jpg"}, "n_answers": 3, "quorum": 0, "calibration": 0, "created": "2014-05-30T13:35:28.789034", "app_id": 22, "state": "completed", "id": 8009, "priority_0": 0.0}, {"info": {"url_m": "http://farm3.staticflickr.com/2930/14118600947_9f8a50e34c_m.jpg", "link": "http://www.flickr.com/photos/MicroPasts/14118600947", "url_b": "http://farm3.staticflickr.com/2930/14118600947_9f8a50e34c_b.jpg"}, "n_answers": 3, "quorum": 0, "calibration": 0, "created": "2014-05-30T13:35:31.841898", "app_id": 22, "state": "completed", "id": 8010, "priority_0": 0.0}, {"info": {"url_m": "http://farm6.staticflickr.com/5483/14301792901_6a568eca7a_m.jpg", "link": "http://www.flickr.com/photos/MicroPasts/14301792901", "url_b": "http://farm6.staticflickr.com/5483/14301792901_6a568eca7a_b.jpg"}, "n_answers": 3, "quorum": 0, "calibration": 0, "created": "2014-05-30T13:35:34.885036", "app_id": 22, "state": "completed", "id": 8011, "priority_0": 0.0}, {"info": {"url_m": "http://farm4.staticflickr.com/3692/14304566134_693fa9aa50_m.jpg", "link": "http://www.flickr.com/photos/MicroPasts/14304566134", "url_b": "http://farm4.staticflickr.com/3692/14304566134_693fa9aa50_b.jpg"}, "n_answers": 3, "quorum": 0, "calibration": 0, "created": "2014-05-30T13:35:37.949506", "app_id": 22, "state": "completed", "id": 8012, "priority_0": 0.0}]