[{"info": {"url_m": "https://farm6.staticflickr.com/5564/14952000739_dc70712205_m.jpg", "link": "https://www.flickr.com/photos/MicroPasts/14952000739", "url_b": "https://farm6.staticflickr.com/5564/14952000739_dc70712205_b.jpg"}, "n_answers": 2, "quorum": 0, "calibration": 0, "created": "2014-10-31T10:39:26.828325", "app_id": 77, "state": "completed", "id": 22959, "priority_0": 0.0}, {"info": {"url_m": "https://farm4.staticflickr.com/3896/15138322212_1db5acc1b6_m.jpg", "link": "https://www.flickr.com/photos/MicroPasts/15138322212", "url_b": "https://farm4.staticflickr.com/3896/15138322212_1db5acc1b6_b.jpg"}, "n_answers": 2, "quorum": 0, "calibration": 0, "created": "2014-10-31T10:39:29.922550", "app_id": 77, "state": "completed", "id": 22960, "priority_0": 0.0}, {"info": {"url_m": "https://farm6.staticflickr.com/5578/14952153168_fbd5d809cf_m.jpg", "link": "https://www.flickr.com/photos/MicroPasts/14952153168", "url_b": "https://farm6.staticflickr.com/5578/14952153168_fbd5d809cf_b.jpg"}, "n_answers": 2, "quorum": 0, "calibration": 0, "created": "2014-10-31T10:39:33.213349", "app_id": 77, "state": "completed", "id": 22961, "priority_0": 0.0}, {"info": {"url_m": "https://farm6.staticflickr.com/5553/15138689215_2044f17dd4_m.jpg", "link": "https://www.flickr.com/photos/MicroPasts/15138689215", "url_b": "https://farm6.staticflickr.com/5553/15138689215_2044f17dd4_b.jpg"}, "n_answers": 2, "quorum": 0, "calibration": 0, "created": "2014-10-31T10:39:36.294434", "app_id": 77, "state": "completed", "id": 22962, "priority_0": 0.0}, {"info": {"url_m": "https://farm4.staticflickr.com/3908/14952039760_f7abbea728_m.jpg", "link": "https://www.flickr.com/photos/MicroPasts/14952039760", "url_b": "https://farm4.staticflickr.com/3908/14952039760_f7abbea728_b.jpg"}, "n_answers": 2, "quorum": 0, "calibration": 0, "created": "2014-10-31T10:39:39.388669", "app_id": 77, "state": "completed", "id": 22963, "priority_0": 0.0}, {"info": {"url_m": "https://farm6.staticflickr.com/5592/15138321462_e26b21c651_m.jpg", "link": "https://www.flickr.com/photos/MicroPasts/15138321462", "url_b": "https://farm6.staticflickr.com/5592/15138321462_e26b21c651_b.jpg"}, "n_answers": 2, "quorum": 0, "calibration": 0, "created": "2014-10-31T10:39:42.439094", "app_id": 77, "state": "completed", "id": 22964, "priority_0": 0.0}, {"info": {"url_m": "https://farm4.staticflickr.com/3886/15138320952_d16fb1d0e3_m.jpg", "link": "https://www.flickr.com/photos/MicroPasts/15138320952", "url_b": "https://farm4.staticflickr.com/3886/15138320952_d16fb1d0e3_b.jpg"}, "n_answers": 2, "quorum": 0, "calibration": 0, "created": "2014-10-31T10:39:45.496823", "app_id": 77, "state": "completed", "id": 22965, "priority_0": 0.0}, {"info": {"url_m": "https://farm4.staticflickr.com/3897/14951999579_d694bb5c5d_m.jpg", "link": "https://www.flickr.com/photos/MicroPasts/14951999579", "url_b": "https://farm4.staticflickr.com/3897/14951999579_d694bb5c5d_b.jpg"}, "n_answers": 2, "quorum": 0, "calibration": 0, "created": "2014-10-31T10:39:48.538469", "app_id": 77, "state": "completed", "id": 22966, "priority_0": 0.0}, {"info": {"url_m": "https://farm6.staticflickr.com/5566/14952151298_eeef671b9b_m.jpg", "link": "https://www.flickr.com/photos/MicroPasts/14952151298", "url_b": "https://farm6.staticflickr.com/5566/14952151298_eeef671b9b_b.jpg"}, "n_answers": 2, "quorum": 0, "calibration": 0, "created": "2014-10-31T10:39:51.596192", "app_id": 77, "state": "completed", "id": 22967, "priority_0": 0.0}, {"info": {"url_m": "https://farm4.staticflickr.com/3916/15115689466_560ae08c05_m.jpg", "link": "https://www.flickr.com/photos/MicroPasts/15115689466", "url_b": "https://farm4.staticflickr.com/3916/15115689466_560ae08c05_b.jpg"}, "n_answers": 2, "quorum": 0, "calibration": 0, "created": "2014-10-31T10:39:54.644986", "app_id": 77, "state": "completed", "id": 22968, "priority_0": 0.0}, {"info": {"url_m": "https://farm6.staticflickr.com/5554/14952038070_9efae472a2_m.jpg", "link": "https://www.flickr.com/photos/MicroPasts/14952038070", "url_b": "https://farm6.staticflickr.com/5554/14952038070_9efae472a2_b.jpg"}, "n_answers": 2, "quorum": 0, "calibration": 0, "created": "2014-10-31T10:39:57.697348", "app_id": 77, "state": "completed", "id": 22969, "priority_0": 0.0}, {"info": {"url_m": "https://farm6.staticflickr.com/5552/15138686695_88f31c0a37_m.jpg", "link": "https://www.flickr.com/photos/MicroPasts/15138686695", "url_b": "https://farm6.staticflickr.com/5552/15138686695_88f31c0a37_b.jpg"}, "n_answers": 2, "quorum": 0, "calibration": 0, "created": "2014-10-31T10:40:00.746891", "app_id": 77, "state": "completed", "id": 22970, "priority_0": 0.0}, {"info": {"url_m": "https://farm6.staticflickr.com/5579/15135720371_d31e6cb197_m.jpg", "link": "https://www.flickr.com/photos/MicroPasts/15135720371", "url_b": "https://farm6.staticflickr.com/5579/15135720371_d31e6cb197_b.jpg"}, "n_answers": 2, "quorum": 0, "calibration": 0, "created": "2014-10-31T10:40:03.795677", "app_id": 77, "state": "completed", "id": 22971, "priority_0": 0.0}, {"info": {"url_m": "https://farm6.staticflickr.com/5553/15138319722_f5f0c6cb2b_m.jpg", "link": "https://www.flickr.com/photos/MicroPasts/15138319722", "url_b": "https://farm6.staticflickr.com/5553/15138319722_f5f0c6cb2b_b.jpg"}, "n_answers": 2, "quorum": 0, "calibration": 0, "created": "2014-10-31T10:40:06.903243", "app_id": 77, "state": "completed", "id": 22972, "priority_0": 0.0}, {"info": {"url_m": "https://farm6.staticflickr.com/5564/14952150038_7b06bc012a_m.jpg", "link": "https://www.flickr.com/photos/MicroPasts/14952150038", "url_b": "https://farm6.staticflickr.com/5564/14952150038_7b06bc012a_b.jpg"}, "n_answers": 2, "quorum": 0, "calibration": 0, "created": "2014-10-31T10:40:09.953480", "app_id": 77, "state": "completed", "id": 22973, "priority_0": 0.0}, {"info": {"url_m": "https://farm6.staticflickr.com/5574/15135720091_060528b4bf_m.jpg", "link": "https://www.flickr.com/photos/MicroPasts/15135720091", "url_b": "https://farm6.staticflickr.com/5574/15135720091_060528b4bf_b.jpg"}, "n_answers": 2, "quorum": 0, "calibration": 0, "created": "2014-10-31T10:40:13.012092", "app_id": 77, "state": "completed", "id": 22974, "priority_0": 0.0}, {"info": {"url_m": "https://farm4.staticflickr.com/3906/14952146327_89e0423bf6_m.jpg", "link": "https://www.flickr.com/photos/MicroPasts/14952146327", "url_b": "https://farm4.staticflickr.com/3906/14952146327_89e0423bf6_b.jpg"}, "n_answers": 2, "quorum": 0, "calibration": 0, "created": "2014-10-31T10:40:16.248383", "app_id": 77, "state": "completed", "id": 22975, "priority_0": 0.0}, {"info": {"url_m": "https://farm6.staticflickr.com/5580/15115687936_18ea2abeb7_m.jpg", "link": "https://www.flickr.com/photos/MicroPasts/15115687936", "url_b": "https://farm6.staticflickr.com/5580/15115687936_18ea2abeb7_b.jpg"}, "n_answers": 2, "quorum": 0, "calibration": 0, "created": "2014-10-31T10:40:19.345130", "app_id": 77, "state": "completed", "id": 22976, "priority_0": 0.0}, {"info": {"url_m": "https://farm4.staticflickr.com/3858/14952149148_39d2c70026_m.jpg", "link": "https://www.flickr.com/photos/MicroPasts/14952149148", "url_b": "https://farm4.staticflickr.com/3858/14952149148_39d2c70026_b.jpg"}, "n_answers": 2, "quorum": 0, "calibration": 0, "created": "2014-10-31T10:40:22.394623", "app_id": 77, "state": "completed", "id": 22977, "priority_0": 0.0}, {"info": {"url_m": "https://farm4.staticflickr.com/3904/15138685695_f311807b93_m.jpg", "link": "https://www.flickr.com/photos/MicroPasts/15138685695", "url_b": "https://farm4.staticflickr.com/3904/15138685695_f311807b93_b.jpg"}, "n_answers": 2, "quorum": 0, "calibration": 0, "created": "2014-10-31T10:40:25.445122", "app_id": 77, "state": "completed", "id": 22978, "priority_0": 0.0}, {"info": {"url_m": "https://farm4.staticflickr.com/3864/15115686926_223a85afb1_m.jpg", "link": "https://www.flickr.com/photos/MicroPasts/15115686926", "url_b": "https://farm4.staticflickr.com/3864/15115686926_223a85afb1_b.jpg"}, "n_answers": 2, "quorum": 0, "calibration": 0, "created": "2014-10-31T10:40:28.518177", "app_id": 77, "state": "completed", "id": 22979, "priority_0": 0.0}, {"info": {"url_m": "https://farm4.staticflickr.com/3850/14951996249_fc215129fb_m.jpg", "link": "https://www.flickr.com/photos/MicroPasts/14951996249", "url_b": "https://farm4.staticflickr.com/3850/14951996249_fc215129fb_b.jpg"}, "n_answers": 2, "quorum": 0, "calibration": 0, "created": "2014-10-31T10:40:31.570213", "app_id": 77, "state": "completed", "id": 22980, "priority_0": 0.0}, {"info": {"url_m": "https://farm4.staticflickr.com/3868/14951996059_a7f3128453_m.jpg", "link": "https://www.flickr.com/photos/MicroPasts/14951996059", "url_b": "https://farm4.staticflickr.com/3868/14951996059_a7f3128453_b.jpg"}, "n_answers": 2, "quorum": 0, "calibration": 0, "created": "2014-10-31T10:40:34.619584", "app_id": 77, "state": "completed", "id": 22981, "priority_0": 0.0}, {"info": {"url_m": "https://farm6.staticflickr.com/5575/14952144757_decff82fc2_m.jpg", "link": "https://www.flickr.com/photos/MicroPasts/14952144757", "url_b": "https://farm6.staticflickr.com/5575/14952144757_decff82fc2_b.jpg"}, "n_answers": 2, "quorum": 0, "calibration": 0, "created": "2014-10-31T10:40:37.679106", "app_id": 77, "state": "completed", "id": 22982, "priority_0": 0.0}, {"info": {"url_m": "https://farm6.staticflickr.com/5587/14951996509_2462a2a304_m.jpg", "link": "https://www.flickr.com/photos/MicroPasts/14951996509", "url_b": "https://farm6.staticflickr.com/5587/14951996509_2462a2a304_b.jpg"}, "n_answers": 2, "quorum": 0, "calibration": 0, "created": "2014-10-31T10:40:40.724092", "app_id": 77, "state": "completed", "id": 22983, "priority_0": 0.0}, {"info": {"url_m": "https://farm4.staticflickr.com/3874/14952034960_37376ffb3f_m.jpg", "link": "https://www.flickr.com/photos/MicroPasts/14952034960", "url_b": "https://farm4.staticflickr.com/3874/14952034960_37376ffb3f_b.jpg"}, "n_answers": 2, "quorum": 0, "calibration": 0, "created": "2014-10-31T10:40:43.785022", "app_id": 77, "state": "completed", "id": 22984, "priority_0": 0.0}, {"info": {"url_m": "https://farm6.staticflickr.com/5554/15115685756_6550767e15_m.jpg", "link": "https://www.flickr.com/photos/MicroPasts/15115685756", "url_b": "https://farm6.staticflickr.com/5554/15115685756_6550767e15_b.jpg"}, "n_answers": 2, "quorum": 0, "calibration": 0, "created": "2014-10-31T10:40:48.629892", "app_id": 77, "state": "completed", "id": 22985, "priority_0": 0.0}, {"info": {"url_m": "https://farm4.staticflickr.com/3882/15115685606_d946740d55_m.jpg", "link": "https://www.flickr.com/photos/MicroPasts/15115685606", "url_b": "https://farm4.staticflickr.com/3882/15115685606_d946740d55_b.jpg"}, "n_answers": 2, "quorum": 0, "calibration": 0, "created": "2014-10-31T10:40:51.677834", "app_id": 77, "state": "completed", "id": 22986, "priority_0": 0.0}, {"info": {"url_m": "https://farm4.staticflickr.com/3922/15135716931_35ba015137_m.jpg", "link": "https://www.flickr.com/photos/MicroPasts/15135716931", "url_b": "https://farm4.staticflickr.com/3922/15135716931_35ba015137_b.jpg"}, "n_answers": 2, "quorum": 0, "calibration": 0, "created": "2014-10-31T10:40:54.735994", "app_id": 77, "state": "completed", "id": 22987, "priority_0": 0.0}, {"info": {"url_m": "https://farm4.staticflickr.com/3837/15138316292_3200458f1b_m.jpg", "link": "https://www.flickr.com/photos/MicroPasts/15138316292", "url_b": "https://farm4.staticflickr.com/3837/15138316292_3200458f1b_b.jpg"}, "n_answers": 2, "quorum": 0, "calibration": 0, "created": "2014-10-31T10:40:57.785446", "app_id": 77, "state": "completed", "id": 22988, "priority_0": 0.0}, {"info": {"url_m": "https://farm4.staticflickr.com/3907/15138682545_f256a53640_m.jpg", "link": "https://www.flickr.com/photos/MicroPasts/15138682545", "url_b": "https://farm4.staticflickr.com/3907/15138682545_f256a53640_b.jpg"}, "n_answers": 2, "quorum": 0, "calibration": 0, "created": "2014-10-31T10:41:00.834720", "app_id": 77, "state": "completed", "id": 22989, "priority_0": 0.0}, {"info": {"url_m": "https://farm4.staticflickr.com/3874/14952143267_a0eedbd3bf_m.jpg", "link": "https://www.flickr.com/photos/MicroPasts/14952143267", "url_b": "https://farm4.staticflickr.com/3874/14952143267_a0eedbd3bf_b.jpg"}, "n_answers": 2, "quorum": 0, "calibration": 0, "created": "2014-10-31T10:41:03.884553", "app_id": 77, "state": "completed", "id": 22990, "priority_0": 0.0}, {"info": {"url_m": "https://farm4.staticflickr.com/3885/15135716031_a2a53420df_m.jpg", "link": "https://www.flickr.com/photos/MicroPasts/15135716031", "url_b": "https://farm4.staticflickr.com/3885/15135716031_a2a53420df_b.jpg"}, "n_answers": 2, "quorum": 0, "calibration": 0, "created": "2014-10-31T10:41:06.942931", "app_id": 77, "state": "completed", "id": 22991, "priority_0": 0.0}, {"info": {"url_m": "https://farm6.staticflickr.com/5556/15138682205_77742f7816_m.jpg", "link": "https://www.flickr.com/photos/MicroPasts/15138682205", "url_b": "https://farm6.staticflickr.com/5556/15138682205_77742f7816_b.jpg"}, "n_answers": 2, "quorum": 0, "calibration": 0, "created": "2014-10-31T10:41:10.000691", "app_id": 77, "state": "completed", "id": 22992, "priority_0": 0.0}, {"info": {"url_m": "https://farm4.staticflickr.com/3897/14952145528_f1bcfffce1_m.jpg", "link": "https://www.flickr.com/photos/MicroPasts/14952145528", "url_b": "https://farm4.staticflickr.com/3897/14952145528_f1bcfffce1_b.jpg"}, "n_answers": 2, "quorum": 0, "calibration": 0, "created": "2014-10-31T10:41:13.057752", "app_id": 77, "state": "completed", "id": 22993, "priority_0": 0.0}, {"info": {"url_m": "https://farm4.staticflickr.com/3835/15138315472_571c8ec732_m.jpg", "link": "https://www.flickr.com/photos/MicroPasts/15138315472", "url_b": "https://farm4.staticflickr.com/3835/15138315472_571c8ec732_b.jpg"}, "n_answers": 2, "quorum": 0, "calibration": 0, "created": "2014-10-31T10:41:16.103624", "app_id": 77, "state": "completed", "id": 22994, "priority_0": 0.0}, {"info": {"url_m": "https://farm4.staticflickr.com/3864/14951993919_d82320a462_m.jpg", "link": "https://www.flickr.com/photos/MicroPasts/14951993919", "url_b": "https://farm4.staticflickr.com/3864/14951993919_d82320a462_b.jpg"}, "n_answers": 2, "quorum": 0, "calibration": 0, "created": "2014-10-31T10:41:19.218065", "app_id": 77, "state": "completed", "id": 22995, "priority_0": 0.0}, {"info": {"url_m": "https://farm6.staticflickr.com/5565/15135715451_1bce80618b_m.jpg", "link": "https://www.flickr.com/photos/MicroPasts/15135715451", "url_b": "https://farm6.staticflickr.com/5565/15135715451_1bce80618b_b.jpg"}, "n_answers": 2, "quorum": 0, "calibration": 0, "created": "2014-10-31T10:41:22.310313", "app_id": 77, "state": "completed", "id": 22996, "priority_0": 0.0}, {"info": {"url_m": "https://farm4.staticflickr.com/3879/14952144898_d46373944b_m.jpg", "link": "https://www.flickr.com/photos/MicroPasts/14952144898", "url_b": "https://farm4.staticflickr.com/3879/14952144898_d46373944b_b.jpg"}, "n_answers": 2, "quorum": 0, "calibration": 0, "created": "2014-10-31T10:41:25.359659", "app_id": 77, "state": "completed", "id": 22997, "priority_0": 0.0}, {"info": {"url_m": "https://farm4.staticflickr.com/3899/14952144818_98af57b8bd_m.jpg", "link": "https://www.flickr.com/photos/MicroPasts/14952144818", "url_b": "https://farm4.staticflickr.com/3899/14952144818_98af57b8bd_b.jpg"}, "n_answers": 2, "quorum": 0, "calibration": 0, "created": "2014-10-31T10:41:28.435055", "app_id": 77, "state": "completed", "id": 22998, "priority_0": 0.0}, {"info": {"url_m": "https://farm4.staticflickr.com/3879/14952032120_4d31922fc2_m.jpg", "link": "https://www.flickr.com/photos/MicroPasts/14952032120", "url_b": "https://farm4.staticflickr.com/3879/14952032120_4d31922fc2_b.jpg"}, "n_answers": 2, "quorum": 0, "calibration": 0, "created": "2014-10-31T10:41:31.692276", "app_id": 77, "state": "completed", "id": 22999, "priority_0": 0.0}, {"info": {"url_m": "https://farm6.staticflickr.com/5560/15138314142_e9ec880b09_m.jpg", "link": "https://www.flickr.com/photos/MicroPasts/15138314142", "url_b": "https://farm6.staticflickr.com/5560/15138314142_e9ec880b09_b.jpg"}, "n_answers": 2, "quorum": 0, "calibration": 0, "created": "2014-10-31T10:41:34.759360", "app_id": 77, "state": "completed", "id": 23000, "priority_0": 0.0}, {"info": {"url_m": "https://farm4.staticflickr.com/3853/14952141217_0c4fc49be5_m.jpg", "link": "https://www.flickr.com/photos/MicroPasts/14952141217", "url_b": "https://farm4.staticflickr.com/3853/14952141217_0c4fc49be5_b.jpg"}, "n_answers": 2, "quorum": 0, "calibration": 0, "created": "2014-10-31T10:41:37.824902", "app_id": 77, "state": "completed", "id": 23001, "priority_0": 0.0}, {"info": {"url_m": "https://farm6.staticflickr.com/5564/15135715301_5a8378d793_m.jpg", "link": "https://www.flickr.com/photos/MicroPasts/15135715301", "url_b": "https://farm6.staticflickr.com/5564/15135715301_5a8378d793_b.jpg"}, "n_answers": 2, "quorum": 0, "calibration": 0, "created": "2014-10-31T10:41:40.875926", "app_id": 77, "state": "completed", "id": 23002, "priority_0": 0.0}, {"info": {"url_m": "https://farm4.staticflickr.com/3865/15138313652_4fa697322d_m.jpg", "link": "https://www.flickr.com/photos/MicroPasts/15138313652", "url_b": "https://farm4.staticflickr.com/3865/15138313652_4fa697322d_b.jpg"}, "n_answers": 2, "quorum": 0, "calibration": 0, "created": "2014-10-31T10:41:43.940880", "app_id": 77, "state": "completed", "id": 23003, "priority_0": 0.0}, {"info": {"url_m": "https://farm4.staticflickr.com/3840/14952140877_ff360424b1_m.jpg", "link": "https://www.flickr.com/photos/MicroPasts/14952140877", "url_b": "https://farm4.staticflickr.com/3840/14952140877_ff360424b1_b.jpg"}, "n_answers": 2, "quorum": 0, "calibration": 0, "created": "2014-10-31T10:41:46.990355", "app_id": 77, "state": "completed", "id": 23004, "priority_0": 0.0}, {"info": {"url_m": "https://farm6.staticflickr.com/5552/14952031760_84ed6658a2_m.jpg", "link": "https://www.flickr.com/photos/MicroPasts/14952031760", "url_b": "https://farm6.staticflickr.com/5552/14952031760_84ed6658a2_b.jpg"}, "n_answers": 2, "quorum": 0, "calibration": 0, "created": "2014-10-31T10:41:50.049885", "app_id": 77, "state": "completed", "id": 23005, "priority_0": 0.0}, {"info": {"url_m": "https://farm4.staticflickr.com/3922/15135713921_e29be6f098_m.jpg", "link": "https://www.flickr.com/photos/MicroPasts/15135713921", "url_b": "https://farm4.staticflickr.com/3922/15135713921_e29be6f098_b.jpg"}, "n_answers": 2, "quorum": 0, "calibration": 0, "created": "2014-10-31T10:41:53.099336", "app_id": 77, "state": "completed", "id": 23006, "priority_0": 0.0}, {"info": {"url_m": "https://farm6.staticflickr.com/5566/15138313382_afd8f592fb_m.jpg", "link": "https://www.flickr.com/photos/MicroPasts/15138313382", "url_b": "https://farm6.staticflickr.com/5566/15138313382_afd8f592fb_b.jpg"}, "n_answers": 2, "quorum": 0, "calibration": 0, "created": "2014-10-31T10:41:56.148752", "app_id": 77, "state": "completed", "id": 23007, "priority_0": 0.0}, {"info": {"url_m": "https://farm4.staticflickr.com/3872/14952139787_c2cbef6475_m.jpg", "link": "https://www.flickr.com/photos/MicroPasts/14952139787", "url_b": "https://farm4.staticflickr.com/3872/14952139787_c2cbef6475_b.jpg"}, "n_answers": 2, "quorum": 0, "calibration": 0, "created": "2014-10-31T10:41:59.231965", "app_id": 77, "state": "completed", "id": 23008, "priority_0": 0.0}, {"info": {"url_m": "https://farm4.staticflickr.com/3843/14952139537_044b1ac949_m.jpg", "link": "https://www.flickr.com/photos/MicroPasts/14952139537", "url_b": "https://farm4.staticflickr.com/3843/14952139537_044b1ac949_b.jpg"}, "n_answers": 2, "quorum": 0, "calibration": 0, "created": "2014-10-31T10:42:02.283945", "app_id": 77, "state": "completed", "id": 23009, "priority_0": 0.0}, {"info": {"url_m": "https://farm4.staticflickr.com/3865/14952030700_afe9cc0ac5_m.jpg", "link": "https://www.flickr.com/photos/MicroPasts/14952030700", "url_b": "https://farm4.staticflickr.com/3865/14952030700_afe9cc0ac5_b.jpg"}, "n_answers": 2, "quorum": 0, "calibration": 0, "created": "2014-10-31T10:42:05.348513", "app_id": 77, "state": "completed", "id": 23010, "priority_0": 0.0}, {"info": {"url_m": "https://farm4.staticflickr.com/3912/14952030460_ae6f2a96cb_m.jpg", "link": "https://www.flickr.com/photos/MicroPasts/14952030460", "url_b": "https://farm4.staticflickr.com/3912/14952030460_ae6f2a96cb_b.jpg"}, "n_answers": 2, "quorum": 0, "calibration": 0, "created": "2014-10-31T10:42:08.398350", "app_id": 77, "state": "completed", "id": 23011, "priority_0": 0.0}, {"info": {"url_m": "https://farm6.staticflickr.com/5551/15115681176_693e54ba72_m.jpg", "link": "https://www.flickr.com/photos/MicroPasts/15115681176", "url_b": "https://farm6.staticflickr.com/5551/15115681176_693e54ba72_b.jpg"}, "n_answers": 2, "quorum": 0, "calibration": 0, "created": "2014-10-31T10:42:11.594916", "app_id": 77, "state": "completed", "id": 23012, "priority_0": 0.0}, {"info": {"url_m": "https://farm4.staticflickr.com/3895/14951990789_2e3719771e_m.jpg", "link": "https://www.flickr.com/photos/MicroPasts/14951990789", "url_b": "https://farm4.staticflickr.com/3895/14951990789_2e3719771e_b.jpg"}, "n_answers": 2, "quorum": 0, "calibration": 0, "created": "2014-10-31T10:42:14.657360", "app_id": 77, "state": "completed", "id": 23013, "priority_0": 0.0}, {"info": {"url_m": "https://farm4.staticflickr.com/3919/15138678935_a26e10d241_m.jpg", "link": "https://www.flickr.com/photos/MicroPasts/15138678935", "url_b": "https://farm4.staticflickr.com/3919/15138678935_a26e10d241_b.jpg"}, "n_answers": 2, "quorum": 0, "calibration": 0, "created": "2014-10-31T10:42:17.708545", "app_id": 77, "state": "completed", "id": 23014, "priority_0": 0.0}, {"info": {"url_m": "https://farm4.staticflickr.com/3853/14952029830_0eea51a16f_m.jpg", "link": "https://www.flickr.com/photos/MicroPasts/14952029830", "url_b": "https://farm4.staticflickr.com/3853/14952029830_0eea51a16f_b.jpg"}, "n_answers": 2, "quorum": 0, "calibration": 0, "created": "2014-10-31T10:42:20.774451", "app_id": 77, "state": "completed", "id": 23015, "priority_0": 0.0}, {"info": {"url_m": "https://farm4.staticflickr.com/3878/15135712301_bf38e92027_m.jpg", "link": "https://www.flickr.com/photos/MicroPasts/15135712301", "url_b": "https://farm4.staticflickr.com/3878/15135712301_bf38e92027_b.jpg"}, "n_answers": 2, "quorum": 0, "calibration": 0, "created": "2014-10-31T10:42:24.311952", "app_id": 77, "state": "completed", "id": 23016, "priority_0": 0.0}, {"info": {"url_m": "https://farm6.staticflickr.com/5554/15138312272_e137618400_m.jpg", "link": "https://www.flickr.com/photos/MicroPasts/15138312272", "url_b": "https://farm6.staticflickr.com/5554/15138312272_e137618400_b.jpg"}, "n_answers": 2, "quorum": 0, "calibration": 0, "created": "2014-10-31T10:42:27.364318", "app_id": 77, "state": "completed", "id": 23017, "priority_0": 0.0}, {"info": {"url_m": "https://farm4.staticflickr.com/3865/14952141598_e9d657579d_m.jpg", "link": "https://www.flickr.com/photos/MicroPasts/14952141598", "url_b": "https://farm4.staticflickr.com/3865/14952141598_e9d657579d_b.jpg"}, "n_answers": 2, "quorum": 0, "calibration": 0, "created": "2014-10-31T10:42:30.422866", "app_id": 77, "state": "completed", "id": 23018, "priority_0": 0.0}, {"info": {"url_m": "https://farm6.staticflickr.com/5555/15138311422_0fea2bb894_m.jpg", "link": "https://www.flickr.com/photos/MicroPasts/15138311422", "url_b": "https://farm6.staticflickr.com/5555/15138311422_0fea2bb894_b.jpg"}, "n_answers": 2, "quorum": 0, "calibration": 0, "created": "2014-10-31T10:42:33.472184", "app_id": 77, "state": "completed", "id": 23019, "priority_0": 0.0}, {"info": {"url_m": "https://farm4.staticflickr.com/3846/15138677855_54f5f526fc_m.jpg", "link": "https://www.flickr.com/photos/MicroPasts/15138677855", "url_b": "https://farm4.staticflickr.com/3846/15138677855_54f5f526fc_b.jpg"}, "n_answers": 2, "quorum": 0, "calibration": 0, "created": "2014-10-31T10:42:36.531066", "app_id": 77, "state": "completed", "id": 23020, "priority_0": 0.0}, {"info": {"url_m": "https://farm4.staticflickr.com/3887/15135712061_68b90b1552_m.jpg", "link": "https://www.flickr.com/photos/MicroPasts/15135712061", "url_b": "https://farm4.staticflickr.com/3887/15135712061_68b90b1552_b.jpg"}, "n_answers": 2, "quorum": 0, "calibration": 0, "created": "2014-10-31T10:42:39.580699", "app_id": 77, "state": "completed", "id": 23021, "priority_0": 0.0}, {"info": {"url_m": "https://farm6.staticflickr.com/5583/14951989339_5e8c44f38e_m.jpg", "link": "https://www.flickr.com/photos/MicroPasts/14951989339", "url_b": "https://farm6.staticflickr.com/5583/14951989339_5e8c44f38e_b.jpg"}, "n_answers": 2, "quorum": 0, "calibration": 0, "created": "2014-10-31T10:42:42.619744", "app_id": 77, "state": "completed", "id": 23022, "priority_0": 0.0}, {"info": {"url_m": "https://farm4.staticflickr.com/3921/14951989209_98de7f7131_m.jpg", "link": "https://www.flickr.com/photos/MicroPasts/14951989209", "url_b": "https://farm4.staticflickr.com/3921/14951989209_98de7f7131_b.jpg"}, "n_answers": 2, "quorum": 0, "calibration": 0, "created": "2014-10-31T10:42:45.679100", "app_id": 77, "state": "completed", "id": 23023, "priority_0": 0.0}, {"info": {"url_m": "https://farm4.staticflickr.com/3925/15135710951_3da43a25d9_m.jpg", "link": "https://www.flickr.com/photos/MicroPasts/15135710951", "url_b": "https://farm4.staticflickr.com/3925/15135710951_3da43a25d9_b.jpg"}, "n_answers": 2, "quorum": 0, "calibration": 0, "created": "2014-10-31T10:42:48.730493", "app_id": 77, "state": "completed", "id": 23024, "priority_0": 0.0}, {"info": {"url_m": "https://farm4.staticflickr.com/3869/15115679866_a855467300_m.jpg", "link": "https://www.flickr.com/photos/MicroPasts/15115679866", "url_b": "https://farm4.staticflickr.com/3869/15115679866_a855467300_b.jpg"}, "n_answers": 2, "quorum": 0, "calibration": 0, "created": "2014-10-31T10:42:51.797137", "app_id": 77, "state": "completed", "id": 23025, "priority_0": 0.0}, {"info": {"url_m": "https://farm4.staticflickr.com/3857/15138310362_43bd5a2000_m.jpg", "link": "https://www.flickr.com/photos/MicroPasts/15138310362", "url_b": "https://farm4.staticflickr.com/3857/15138310362_43bd5a2000_b.jpg"}, "n_answers": 2, "quorum": 0, "calibration": 0, "created": "2014-10-31T10:42:54.846916", "app_id": 77, "state": "completed", "id": 23026, "priority_0": 0.0}, {"info": {"url_m": "https://farm4.staticflickr.com/3925/14952027930_74e17f8103_m.jpg", "link": "https://www.flickr.com/photos/MicroPasts/14952027930", "url_b": "https://farm4.staticflickr.com/3925/14952027930_74e17f8103_b.jpg"}, "n_answers": 2, "quorum": 0, "calibration": 0, "created": "2014-10-31T10:42:57.913205", "app_id": 77, "state": "completed", "id": 23027, "priority_0": 0.0}, {"info": {"url_m": "https://farm4.staticflickr.com/3856/15135710481_64fc87a25c_m.jpg", "link": "https://www.flickr.com/photos/MicroPasts/15135710481", "url_b": "https://farm4.staticflickr.com/3856/15135710481_64fc87a25c_b.jpg"}, "n_answers": 2, "quorum": 0, "calibration": 0, "created": "2014-10-31T10:43:01.029090", "app_id": 77, "state": "completed", "id": 23028, "priority_0": 0.0}, {"info": {"url_m": "https://farm4.staticflickr.com/3870/15135710181_674806758d_m.jpg", "link": "https://www.flickr.com/photos/MicroPasts/15135710181", "url_b": "https://farm4.staticflickr.com/3870/15135710181_674806758d_b.jpg"}, "n_answers": 2, "quorum": 0, "calibration": 0, "created": "2014-10-31T10:43:04.084165", "app_id": 77, "state": "completed", "id": 23029, "priority_0": 0.0}, {"info": {"url_m": "https://farm4.staticflickr.com/3868/15115678956_54d57052ce_m.jpg", "link": "https://www.flickr.com/photos/MicroPasts/15115678956", "url_b": "https://farm4.staticflickr.com/3868/15115678956_54d57052ce_b.jpg"}, "n_answers": 2, "quorum": 0, "calibration": 0, "created": "2014-10-31T10:43:07.195958", "app_id": 77, "state": "completed", "id": 23030, "priority_0": 0.0}, {"info": {"url_m": "https://farm4.staticflickr.com/3911/14952027480_32da73518d_m.jpg", "link": "https://www.flickr.com/photos/MicroPasts/14952027480", "url_b": "https://farm4.staticflickr.com/3911/14952027480_32da73518d_b.jpg"}, "n_answers": 2, "quorum": 0, "calibration": 0, "created": "2014-10-31T10:43:10.242102", "app_id": 77, "state": "completed", "id": 23031, "priority_0": 0.0}, {"info": {"url_m": "https://farm6.staticflickr.com/5580/15135709551_1d26b741f1_m.jpg", "link": "https://www.flickr.com/photos/MicroPasts/15135709551", "url_b": "https://farm6.staticflickr.com/5580/15135709551_1d26b741f1_b.jpg"}, "n_answers": 2, "quorum": 0, "calibration": 0, "created": "2014-10-31T10:43:13.302904", "app_id": 77, "state": "completed", "id": 23032, "priority_0": 0.0}, {"info": {"url_m": "https://farm6.staticflickr.com/5591/14952027310_2a9f72d2be_m.jpg", "link": "https://www.flickr.com/photos/MicroPasts/14952027310", "url_b": "https://farm6.staticflickr.com/5591/14952027310_2a9f72d2be_b.jpg"}, "n_answers": 2, "quorum": 0, "calibration": 0, "created": "2014-10-31T10:43:16.343770", "app_id": 77, "state": "completed", "id": 23033, "priority_0": 0.0}, {"info": {"url_m": "https://farm6.staticflickr.com/5580/14952026800_e76cf5090e_m.jpg", "link": "https://www.flickr.com/photos/MicroPasts/14952026800", "url_b": "https://farm6.staticflickr.com/5580/14952026800_e76cf5090e_b.jpg"}, "n_answers": 2, "quorum": 0, "calibration": 0, "created": "2014-10-31T10:43:19.403034", "app_id": 77, "state": "completed", "id": 23034, "priority_0": 0.0}, {"info": {"url_m": "https://farm6.staticflickr.com/5567/15138309462_678aaa1e1a_m.jpg", "link": "https://www.flickr.com/photos/MicroPasts/15138309462", "url_b": "https://farm6.staticflickr.com/5567/15138309462_678aaa1e1a_b.jpg"}, "n_answers": 2, "quorum": 0, "calibration": 0, "created": "2014-10-31T10:43:22.454221", "app_id": 77, "state": "completed", "id": 23035, "priority_0": 0.0}, {"info": {"url_m": "https://farm4.staticflickr.com/3875/14952026500_4ee2a4845d_m.jpg", "link": "https://www.flickr.com/photos/MicroPasts/14952026500", "url_b": "https://farm4.staticflickr.com/3875/14952026500_4ee2a4845d_b.jpg"}, "n_answers": 2, "quorum": 0, "calibration": 0, "created": "2014-10-31T10:43:25.521859", "app_id": 77, "state": "completed", "id": 23036, "priority_0": 0.0}, {"info": {"url_m": "https://farm6.staticflickr.com/5586/15138675565_4a6924aca5_m.jpg", "link": "https://www.flickr.com/photos/MicroPasts/15138675565", "url_b": "https://farm6.staticflickr.com/5586/15138675565_4a6924aca5_b.jpg"}, "n_answers": 2, "quorum": 0, "calibration": 0, "created": "2014-10-31T10:43:28.577978", "app_id": 77, "state": "completed", "id": 23037, "priority_0": 0.0}, {"info": {"url_m": "https://farm6.staticflickr.com/5574/14952026360_2c3c481099_m.jpg", "link": "https://www.flickr.com/photos/MicroPasts/14952026360", "url_b": "https://farm6.staticflickr.com/5574/14952026360_2c3c481099_b.jpg"}, "n_answers": 2, "quorum": 0, "calibration": 0, "created": "2014-10-31T10:43:31.644110", "app_id": 77, "state": "completed", "id": 23038, "priority_0": 0.0}, {"info": {"url_m": "https://farm4.staticflickr.com/3893/15115677566_d5a1b04a94_m.jpg", "link": "https://www.flickr.com/photos/MicroPasts/15115677566", "url_b": "https://farm4.staticflickr.com/3893/15115677566_d5a1b04a94_b.jpg"}, "n_answers": 2, "quorum": 0, "calibration": 0, "created": "2014-10-31T10:43:34.694494", "app_id": 77, "state": "completed", "id": 23039, "priority_0": 0.0}, {"info": {"url_m": "https://farm6.staticflickr.com/5553/14951986829_0ae9eff330_m.jpg", "link": "https://www.flickr.com/photos/MicroPasts/14951986829", "url_b": "https://farm6.staticflickr.com/5553/14951986829_0ae9eff330_b.jpg"}, "n_answers": 2, "quorum": 0, "calibration": 0, "created": "2014-10-31T10:43:37.743310", "app_id": 77, "state": "completed", "id": 23040, "priority_0": 0.0}, {"info": {"url_m": "https://farm4.staticflickr.com/3895/14952135447_f70b12c7aa_m.jpg", "link": "https://www.flickr.com/photos/MicroPasts/14952135447", "url_b": "https://farm4.staticflickr.com/3895/14952135447_f70b12c7aa_b.jpg"}, "n_answers": 2, "quorum": 0, "calibration": 0, "created": "2014-10-31T10:43:40.793560", "app_id": 77, "state": "completed", "id": 23041, "priority_0": 0.0}, {"info": {"url_m": "https://farm4.staticflickr.com/3856/14952135317_23ef4ace6c_m.jpg", "link": "https://www.flickr.com/photos/MicroPasts/14952135317", "url_b": "https://farm4.staticflickr.com/3856/14952135317_23ef4ace6c_b.jpg"}, "n_answers": 2, "quorum": 0, "calibration": 0, "created": "2014-10-31T10:43:43.843946", "app_id": 77, "state": "completed", "id": 23042, "priority_0": 0.0}, {"info": {"url_m": "https://farm4.staticflickr.com/3842/14952025500_ed1b3f8944_m.jpg", "link": "https://www.flickr.com/photos/MicroPasts/14952025500", "url_b": "https://farm4.staticflickr.com/3842/14952025500_ed1b3f8944_b.jpg"}, "n_answers": 2, "quorum": 0, "calibration": 0, "created": "2014-10-31T10:43:46.910086", "app_id": 77, "state": "completed", "id": 23043, "priority_0": 0.0}, {"info": {"url_m": "https://farm4.staticflickr.com/3842/14952138298_40c8aa9389_m.jpg", "link": "https://www.flickr.com/photos/MicroPasts/14952138298", "url_b": "https://farm4.staticflickr.com/3842/14952138298_40c8aa9389_b.jpg"}, "n_answers": 2, "quorum": 0, "calibration": 0, "created": "2014-10-31T10:43:49.959917", "app_id": 77, "state": "completed", "id": 23044, "priority_0": 0.0}, {"info": {"url_m": "https://farm4.staticflickr.com/3842/14951986159_0fb5395e3a_m.jpg", "link": "https://www.flickr.com/photos/MicroPasts/14951986159", "url_b": "https://farm4.staticflickr.com/3842/14951986159_0fb5395e3a_b.jpg"}, "n_answers": 2, "quorum": 0, "calibration": 0, "created": "2014-10-31T10:43:53.007511", "app_id": 77, "state": "completed", "id": 23045, "priority_0": 0.0}, {"info": {"url_m": "https://farm4.staticflickr.com/3859/14951985799_71a2291664_m.jpg", "link": "https://www.flickr.com/photos/MicroPasts/14951985799", "url_b": "https://farm4.staticflickr.com/3859/14951985799_71a2291664_b.jpg"}, "n_answers": 2, "quorum": 0, "calibration": 0, "created": "2014-10-31T10:43:56.067981", "app_id": 77, "state": "completed", "id": 23046, "priority_0": 0.0}, {"info": {"url_m": "https://farm4.staticflickr.com/3845/15115676556_4d3e0e410d_m.jpg", "link": "https://www.flickr.com/photos/MicroPasts/15115676556", "url_b": "https://farm4.staticflickr.com/3845/15115676556_4d3e0e410d_b.jpg"}, "n_answers": 2, "quorum": 0, "calibration": 0, "created": "2014-10-31T10:43:59.117932", "app_id": 77, "state": "completed", "id": 23047, "priority_0": 0.0}, {"info": {"url_m": "https://farm4.staticflickr.com/3907/14952134517_412c4f195d_m.jpg", "link": "https://www.flickr.com/photos/MicroPasts/14952134517", "url_b": "https://farm4.staticflickr.com/3907/14952134517_412c4f195d_b.jpg"}, "n_answers": 2, "quorum": 0, "calibration": 0, "created": "2014-10-31T10:44:02.184525", "app_id": 77, "state": "completed", "id": 23048, "priority_0": 0.0}, {"info": {"url_m": "https://farm6.staticflickr.com/5568/14952134087_baea45b2f3_m.jpg", "link": "https://www.flickr.com/photos/MicroPasts/14952134087", "url_b": "https://farm6.staticflickr.com/5568/14952134087_baea45b2f3_b.jpg"}, "n_answers": 2, "quorum": 0, "calibration": 0, "created": "2014-10-31T10:44:05.283651", "app_id": 77, "state": "completed", "id": 23049, "priority_0": 0.0}, {"info": {"url_m": "https://farm6.staticflickr.com/5556/14951985289_d4bca83d15_m.jpg", "link": "https://www.flickr.com/photos/MicroPasts/14951985289", "url_b": "https://farm6.staticflickr.com/5556/14951985289_d4bca83d15_b.jpg"}, "n_answers": 2, "quorum": 0, "calibration": 0, "created": "2014-10-31T10:44:08.334272", "app_id": 77, "state": "completed", "id": 23050, "priority_0": 0.0}, {"info": {"url_m": "https://farm4.staticflickr.com/3889/14952133567_b283568ce0_m.jpg", "link": "https://www.flickr.com/photos/MicroPasts/14952133567", "url_b": "https://farm4.staticflickr.com/3889/14952133567_b283568ce0_b.jpg"}, "n_answers": 2, "quorum": 0, "calibration": 0, "created": "2014-10-31T10:44:11.384666", "app_id": 77, "state": "completed", "id": 23051, "priority_0": 0.0}, {"info": {"url_m": "https://farm4.staticflickr.com/3906/14951984649_04acc09805_m.jpg", "link": "https://www.flickr.com/photos/MicroPasts/14951984649", "url_b": "https://farm4.staticflickr.com/3906/14951984649_04acc09805_b.jpg"}, "n_answers": 2, "quorum": 0, "calibration": 0, "created": "2014-10-31T10:44:14.432380", "app_id": 77, "state": "completed", "id": 23052, "priority_0": 0.0}, {"info": {"url_m": "https://farm4.staticflickr.com/3891/15115675816_9d49368614_m.jpg", "link": "https://www.flickr.com/photos/MicroPasts/15115675816", "url_b": "https://farm4.staticflickr.com/3891/15115675816_9d49368614_b.jpg"}, "n_answers": 2, "quorum": 0, "calibration": 0, "created": "2014-10-31T10:44:17.484226", "app_id": 77, "state": "completed", "id": 23053, "priority_0": 0.0}, {"info": {"url_m": "https://farm4.staticflickr.com/3878/14952133097_0c2653cfd6_m.jpg", "link": "https://www.flickr.com/photos/MicroPasts/14952133097", "url_b": "https://farm4.staticflickr.com/3878/14952133097_0c2653cfd6_b.jpg"}, "n_answers": 2, "quorum": 0, "calibration": 0, "created": "2014-10-31T10:44:20.543034", "app_id": 77, "state": "completed", "id": 23054, "priority_0": 0.0}, {"info": {"url_m": "https://farm4.staticflickr.com/3876/14951984549_5785c4a903_m.jpg", "link": "https://www.flickr.com/photos/MicroPasts/14951984549", "url_b": "https://farm4.staticflickr.com/3876/14951984549_5785c4a903_b.jpg"}, "n_answers": 2, "quorum": 0, "calibration": 0, "created": "2014-10-31T10:44:23.608466", "app_id": 77, "state": "completed", "id": 23055, "priority_0": 0.0}, {"info": {"url_m": "https://farm6.staticflickr.com/5571/14952135828_21d4ec901e_m.jpg", "link": "https://www.flickr.com/photos/MicroPasts/14952135828", "url_b": "https://farm6.staticflickr.com/5571/14952135828_21d4ec901e_b.jpg"}, "n_answers": 2, "quorum": 0, "calibration": 0, "created": "2014-10-31T10:44:26.658239", "app_id": 77, "state": "completed", "id": 23056, "priority_0": 0.0}, {"info": {"url_m": "https://farm6.staticflickr.com/5588/15138672165_412d77088b_m.jpg", "link": "https://www.flickr.com/photos/MicroPasts/15138672165", "url_b": "https://farm6.staticflickr.com/5588/15138672165_412d77088b_b.jpg"}, "n_answers": 2, "quorum": 0, "calibration": 0, "created": "2014-10-31T10:44:29.708166", "app_id": 77, "state": "completed", "id": 23057, "priority_0": 0.0}, {"info": {"url_m": "https://farm4.staticflickr.com/3917/14952135518_7d906c877a_m.jpg", "link": "https://www.flickr.com/photos/MicroPasts/14952135518", "url_b": "https://farm4.staticflickr.com/3917/14952135518_7d906c877a_b.jpg"}, "n_answers": 2, "quorum": 0, "calibration": 0, "created": "2014-10-31T10:44:32.757034", "app_id": 77, "state": "completed", "id": 23058, "priority_0": 0.0}, {"info": {"url_m": "https://farm4.staticflickr.com/3856/14952022890_efcf68652a_m.jpg", "link": "https://www.flickr.com/photos/MicroPasts/14952022890", "url_b": "https://farm4.staticflickr.com/3856/14952022890_efcf68652a_b.jpg"}, "n_answers": 2, "quorum": 0, "calibration": 0, "created": "2014-10-31T10:44:35.880337", "app_id": 77, "state": "completed", "id": 23059, "priority_0": 0.0}, {"info": {"url_m": "https://farm6.staticflickr.com/5574/14952131847_30362030b8_m.jpg", "link": "https://www.flickr.com/photos/MicroPasts/14952131847", "url_b": "https://farm6.staticflickr.com/5574/14952131847_30362030b8_b.jpg"}, "n_answers": 2, "quorum": 0, "calibration": 0, "created": "2014-10-31T10:44:38.942549", "app_id": 77, "state": "completed", "id": 23060, "priority_0": 0.0}, {"info": {"url_m": "https://farm6.staticflickr.com/5570/14951982349_75a5332fa4_m.jpg", "link": "https://www.flickr.com/photos/MicroPasts/14951982349", "url_b": "https://farm6.staticflickr.com/5570/14951982349_75a5332fa4_b.jpg"}, "n_answers": 2, "quorum": 0, "calibration": 0, "created": "2014-10-31T10:44:41.999365", "app_id": 77, "state": "completed", "id": 23061, "priority_0": 0.0}, {"info": {"url_m": "https://farm6.staticflickr.com/5587/15115673356_5e3b7a059a_m.jpg", "link": "https://www.flickr.com/photos/MicroPasts/15115673356", "url_b": "https://farm6.staticflickr.com/5587/15115673356_5e3b7a059a_b.jpg"}, "n_answers": 2, "quorum": 0, "calibration": 0, "created": "2014-10-31T10:44:45.048855", "app_id": 77, "state": "completed", "id": 23062, "priority_0": 0.0}, {"info": {"url_m": "https://farm4.staticflickr.com/3912/14951982019_14eb637249_m.jpg", "link": "https://www.flickr.com/photos/MicroPasts/14951982019", "url_b": "https://farm4.staticflickr.com/3912/14951982019_14eb637249_b.jpg"}, "n_answers": 2, "quorum": 0, "calibration": 0, "created": "2014-10-31T10:44:48.099835", "app_id": 77, "state": "completed", "id": 23063, "priority_0": 0.0}, {"info": {"url_m": "https://farm4.staticflickr.com/3840/14951981799_0d425da410_m.jpg", "link": "https://www.flickr.com/photos/MicroPasts/14951981799", "url_b": "https://farm4.staticflickr.com/3840/14951981799_0d425da410_b.jpg"}, "n_answers": 2, "quorum": 0, "calibration": 0, "created": "2014-10-31T10:44:51.215100", "app_id": 77, "state": "completed", "id": 23064, "priority_0": 0.0}, {"info": {"url_m": "https://farm6.staticflickr.com/5568/15138670565_edde018241_m.jpg", "link": "https://www.flickr.com/photos/MicroPasts/15138670565", "url_b": "https://farm6.staticflickr.com/5568/15138670565_edde018241_b.jpg"}, "n_answers": 2, "quorum": 0, "calibration": 0, "created": "2014-10-31T10:44:54.265468", "app_id": 77, "state": "completed", "id": 23065, "priority_0": 0.0}, {"info": {"url_m": "https://farm6.staticflickr.com/5585/14952022760_0303ebd624_m.jpg", "link": "https://www.flickr.com/photos/MicroPasts/14952022760", "url_b": "https://farm6.staticflickr.com/5585/14952022760_0303ebd624_b.jpg"}, "n_answers": 2, "quorum": 0, "calibration": 0, "created": "2014-10-31T10:44:57.329318", "app_id": 77, "state": "completed", "id": 23066, "priority_0": 0.0}, {"info": {"url_m": "https://farm4.staticflickr.com/3871/14952130677_53e1bf70e0_m.jpg", "link": "https://www.flickr.com/photos/MicroPasts/14952130677", "url_b": "https://farm4.staticflickr.com/3871/14952130677_53e1bf70e0_b.jpg"}, "n_answers": 2, "quorum": 0, "calibration": 0, "created": "2014-10-31T10:45:00.381261", "app_id": 77, "state": "completed", "id": 23067, "priority_0": 0.0}, {"info": {"url_m": "https://farm6.staticflickr.com/5589/14952021510_8a08e6cf97_m.jpg", "link": "https://www.flickr.com/photos/MicroPasts/14952021510", "url_b": "https://farm6.staticflickr.com/5589/14952021510_8a08e6cf97_b.jpg"}, "n_answers": 2, "quorum": 0, "calibration": 0, "created": "2014-10-31T10:45:03.431896", "app_id": 77, "state": "completed", "id": 23068, "priority_0": 0.0}, {"info": {"url_m": "https://farm6.staticflickr.com/5555/15135703321_39b78465ae_m.jpg", "link": "https://www.flickr.com/photos/MicroPasts/15135703321", "url_b": "https://farm6.staticflickr.com/5555/15135703321_39b78465ae_b.jpg"}, "n_answers": 2, "quorum": 0, "calibration": 0, "created": "2014-10-31T10:45:06.497745", "app_id": 77, "state": "completed", "id": 23069, "priority_0": 0.0}, {"info": {"url_m": "https://farm6.staticflickr.com/5565/14951981189_be1a554f69_m.jpg", "link": "https://www.flickr.com/photos/MicroPasts/14951981189", "url_b": "https://farm6.staticflickr.com/5565/14951981189_be1a554f69_b.jpg"}, "n_answers": 2, "quorum": 0, "calibration": 0, "created": "2014-10-31T10:45:09.544818", "app_id": 77, "state": "completed", "id": 23070, "priority_0": 0.0}, {"info": {"url_m": "https://farm6.staticflickr.com/5559/14952129767_9ae9baec14_m.jpg", "link": "https://www.flickr.com/photos/MicroPasts/14952129767", "url_b": "https://farm6.staticflickr.com/5559/14952129767_9ae9baec14_b.jpg"}, "n_answers": 2, "quorum": 0, "calibration": 0, "created": "2014-10-31T10:45:12.606961", "app_id": 77, "state": "completed", "id": 23071, "priority_0": 0.0}, {"info": {"url_m": "https://farm4.staticflickr.com/3838/15135702671_834864cc7c_m.jpg", "link": "https://www.flickr.com/photos/MicroPasts/15135702671", "url_b": "https://farm4.staticflickr.com/3838/15135702671_834864cc7c_b.jpg"}, "n_answers": 2, "quorum": 0, "calibration": 0, "created": "2014-10-31T10:45:15.655768", "app_id": 77, "state": "completed", "id": 23072, "priority_0": 0.0}, {"info": {"url_m": "https://farm4.staticflickr.com/3886/14952020470_9442f0e9d3_m.jpg", "link": "https://www.flickr.com/photos/MicroPasts/14952020470", "url_b": "https://farm4.staticflickr.com/3886/14952020470_9442f0e9d3_b.jpg"}, "n_answers": 2, "quorum": 0, "calibration": 0, "created": "2014-10-31T10:45:18.722016", "app_id": 77, "state": "completed", "id": 23073, "priority_0": 0.0}, {"info": {"url_m": "https://farm6.staticflickr.com/5560/14952133308_76f57805a6_m.jpg", "link": "https://www.flickr.com/photos/MicroPasts/14952133308", "url_b": "https://farm6.staticflickr.com/5560/14952133308_76f57805a6_b.jpg"}, "n_answers": 2, "quorum": 0, "calibration": 0, "created": "2014-10-31T10:45:21.770981", "app_id": 77, "state": "completed", "id": 23074, "priority_0": 0.0}, {"info": {"url_m": "https://farm6.staticflickr.com/5592/14952132388_a8ecb5d29f_m.jpg", "link": "https://www.flickr.com/photos/MicroPasts/14952132388", "url_b": "https://farm6.staticflickr.com/5592/14952132388_a8ecb5d29f_b.jpg"}, "n_answers": 2, "quorum": 0, "calibration": 0, "created": "2014-10-31T10:45:24.900418", "app_id": 77, "state": "completed", "id": 23075, "priority_0": 0.0}, {"info": {"url_m": "https://farm6.staticflickr.com/5571/15138302412_5ca58e4fe6_m.jpg", "link": "https://www.flickr.com/photos/MicroPasts/15138302412", "url_b": "https://farm6.staticflickr.com/5571/15138302412_5ca58e4fe6_b.jpg"}, "n_answers": 2, "quorum": 0, "calibration": 0, "created": "2014-10-31T10:45:27.963034", "app_id": 77, "state": "completed", "id": 23076, "priority_0": 0.0}, {"info": {"url_m": "https://farm4.staticflickr.com/3924/15115671006_2d49c22e8f_m.jpg", "link": "https://www.flickr.com/photos/MicroPasts/15115671006", "url_b": "https://farm4.staticflickr.com/3924/15115671006_2d49c22e8f_b.jpg"}, "n_answers": 2, "quorum": 0, "calibration": 0, "created": "2014-10-31T10:45:31.014231", "app_id": 77, "state": "completed", "id": 23077, "priority_0": 0.0}, {"info": {"url_m": "https://farm4.staticflickr.com/3919/15135701801_39636325fd_m.jpg", "link": "https://www.flickr.com/photos/MicroPasts/15135701801", "url_b": "https://farm4.staticflickr.com/3919/15135701801_39636325fd_b.jpg"}, "n_answers": 2, "quorum": 0, "calibration": 0, "created": "2014-10-31T10:45:34.079461", "app_id": 77, "state": "completed", "id": 23078, "priority_0": 0.0}, {"info": {"url_m": "https://farm4.staticflickr.com/3891/14952018970_d24d1523a0_m.jpg", "link": "https://www.flickr.com/photos/MicroPasts/14952018970", "url_b": "https://farm4.staticflickr.com/3891/14952018970_d24d1523a0_b.jpg"}, "n_answers": 2, "quorum": 0, "calibration": 0, "created": "2014-10-31T10:45:37.129416", "app_id": 77, "state": "completed", "id": 23079, "priority_0": 0.0}, {"info": {"url_m": "https://farm4.staticflickr.com/3924/14951979689_2f63fe52b1_m.jpg", "link": "https://www.flickr.com/photos/MicroPasts/14951979689", "url_b": "https://farm4.staticflickr.com/3924/14951979689_2f63fe52b1_b.jpg"}, "n_answers": 2, "quorum": 0, "calibration": 0, "created": "2014-10-31T10:45:40.179185", "app_id": 77, "state": "completed", "id": 23080, "priority_0": 0.0}, {"info": {"url_m": "https://farm4.staticflickr.com/3921/14952018920_5f795be97a_m.jpg", "link": "https://www.flickr.com/photos/MicroPasts/14952018920", "url_b": "https://farm4.staticflickr.com/3921/14952018920_5f795be97a_b.jpg"}, "n_answers": 2, "quorum": 0, "calibration": 0, "created": "2014-10-31T10:45:43.229235", "app_id": 77, "state": "completed", "id": 23081, "priority_0": 0.0}, {"info": {"url_m": "https://farm4.staticflickr.com/3835/15135701091_874ed985e6_m.jpg", "link": "https://www.flickr.com/photos/MicroPasts/15135701091", "url_b": "https://farm4.staticflickr.com/3835/15135701091_874ed985e6_b.jpg"}, "n_answers": 2, "quorum": 0, "calibration": 0, "created": "2014-10-31T10:45:46.296136", "app_id": 77, "state": "completed", "id": 23082, "priority_0": 0.0}, {"info": {"url_m": "https://farm4.staticflickr.com/3875/14952018540_5be59caa18_m.jpg", "link": "https://www.flickr.com/photos/MicroPasts/14952018540", "url_b": "https://farm4.staticflickr.com/3875/14952018540_5be59caa18_b.jpg"}, "n_answers": 2, "quorum": 0, "calibration": 0, "created": "2014-10-31T10:45:49.362232", "app_id": 77, "state": "completed", "id": 23083, "priority_0": 0.0}, {"info": {"url_m": "https://farm4.staticflickr.com/3856/15115670086_aff1a03a7b_m.jpg", "link": "https://www.flickr.com/photos/MicroPasts/15115670086", "url_b": "https://farm4.staticflickr.com/3856/15115670086_aff1a03a7b_b.jpg"}, "n_answers": 2, "quorum": 0, "calibration": 0, "created": "2014-10-31T10:45:52.411985", "app_id": 77, "state": "completed", "id": 23084, "priority_0": 0.0}, {"info": {"url_m": "https://farm4.staticflickr.com/3906/15138301012_00eb8134d8_m.jpg", "link": "https://www.flickr.com/photos/MicroPasts/15138301012", "url_b": "https://farm4.staticflickr.com/3906/15138301012_00eb8134d8_b.jpg"}, "n_answers": 2, "quorum": 0, "calibration": 0, "created": "2014-10-31T10:45:55.511715", "app_id": 77, "state": "completed", "id": 23085, "priority_0": 0.0}, {"info": {"url_m": "https://farm4.staticflickr.com/3878/15138300882_14cfc84035_m.jpg", "link": "https://www.flickr.com/photos/MicroPasts/15138300882", "url_b": "https://farm4.staticflickr.com/3878/15138300882_14cfc84035_b.jpg"}, "n_answers": 2, "quorum": 0, "calibration": 0, "created": "2014-10-31T10:45:58.561617", "app_id": 77, "state": "completed", "id": 23086, "priority_0": 0.0}, {"info": {"url_m": "https://farm4.staticflickr.com/3839/14951978509_9439811e2f_m.jpg", "link": "https://www.flickr.com/photos/MicroPasts/14951978509", "url_b": "https://farm4.staticflickr.com/3839/14951978509_9439811e2f_b.jpg"}, "n_answers": 2, "quorum": 0, "calibration": 0, "created": "2014-10-31T10:46:02.997802", "app_id": 77, "state": "completed", "id": 23087, "priority_0": 0.0}, {"info": {"url_m": "https://farm4.staticflickr.com/3884/15115669536_b9486b0141_m.jpg", "link": "https://www.flickr.com/photos/MicroPasts/15115669536", "url_b": "https://farm4.staticflickr.com/3884/15115669536_b9486b0141_b.jpg"}, "n_answers": 2, "quorum": 0, "calibration": 0, "created": "2014-10-31T10:46:06.062334", "app_id": 77, "state": "completed", "id": 23088, "priority_0": 0.0}, {"info": {"url_m": "https://farm6.staticflickr.com/5579/15138666925_3031b252c2_m.jpg", "link": "https://www.flickr.com/photos/MicroPasts/15138666925", "url_b": "https://farm6.staticflickr.com/5579/15138666925_3031b252c2_b.jpg"}, "n_answers": 2, "quorum": 0, "calibration": 0, "created": "2014-10-31T10:46:09.127052", "app_id": 77, "state": "completed", "id": 23089, "priority_0": 0.0}, {"info": {"url_m": "https://farm4.staticflickr.com/3880/15138666695_15b9e0eb84_m.jpg", "link": "https://www.flickr.com/photos/MicroPasts/15138666695", "url_b": "https://farm4.staticflickr.com/3880/15138666695_15b9e0eb84_b.jpg"}, "n_answers": 2, "quorum": 0, "calibration": 0, "created": "2014-10-31T10:46:12.186111", "app_id": 77, "state": "completed", "id": 23090, "priority_0": 0.0}, {"info": {"url_m": "https://farm4.staticflickr.com/3851/15138666645_71b3c6479a_m.jpg", "link": "https://www.flickr.com/photos/MicroPasts/15138666645", "url_b": "https://farm4.staticflickr.com/3851/15138666645_71b3c6479a_b.jpg"}, "n_answers": 2, "quorum": 0, "calibration": 0, "created": "2014-10-31T10:46:15.235871", "app_id": 77, "state": "completed", "id": 23091, "priority_0": 0.0}, {"info": {"url_m": "https://farm4.staticflickr.com/3880/15135699671_8fa4b3ac45_m.jpg", "link": "https://www.flickr.com/photos/MicroPasts/15135699671", "url_b": "https://farm4.staticflickr.com/3880/15135699671_8fa4b3ac45_b.jpg"}, "n_answers": 2, "quorum": 0, "calibration": 0, "created": "2014-10-31T10:46:18.303216", "app_id": 77, "state": "completed", "id": 23092, "priority_0": 0.0}, {"info": {"url_m": "https://farm6.staticflickr.com/5592/15138666575_e5ffdca1fd_m.jpg", "link": "https://www.flickr.com/photos/MicroPasts/15138666575", "url_b": "https://farm6.staticflickr.com/5592/15138666575_e5ffdca1fd_b.jpg"}, "n_answers": 2, "quorum": 0, "calibration": 0, "created": "2014-10-31T10:46:21.352200", "app_id": 77, "state": "completed", "id": 23093, "priority_0": 0.0}, {"info": {"url_m": "https://farm6.staticflickr.com/5577/15135699361_de1295b876_m.jpg", "link": "https://www.flickr.com/photos/MicroPasts/15135699361", "url_b": "https://farm6.staticflickr.com/5577/15135699361_de1295b876_b.jpg"}, "n_answers": 2, "quorum": 0, "calibration": 0, "created": "2014-10-31T10:46:24.392209", "app_id": 77, "state": "completed", "id": 23094, "priority_0": 0.0}, {"info": {"url_m": "https://farm4.staticflickr.com/3853/14952126197_7a43ef6b30_m.jpg", "link": "https://www.flickr.com/photos/MicroPasts/14952126197", "url_b": "https://farm4.staticflickr.com/3853/14952126197_7a43ef6b30_b.jpg"}, "n_answers": 2, "quorum": 0, "calibration": 0, "created": "2014-10-31T10:46:27.453667", "app_id": 77, "state": "completed", "id": 23095, "priority_0": 0.0}, {"info": {"url_m": "https://farm4.staticflickr.com/3888/15115667996_51abd27a4a_m.jpg", "link": "https://www.flickr.com/photos/MicroPasts/15115667996", "url_b": "https://farm4.staticflickr.com/3888/15115667996_51abd27a4a_b.jpg"}, "n_answers": 2, "quorum": 0, "calibration": 0, "created": "2014-10-31T10:46:30.509271", "app_id": 77, "state": "completed", "id": 23096, "priority_0": 0.0}, {"info": {"url_m": "https://farm4.staticflickr.com/3852/14952015990_6a07ee662c_m.jpg", "link": "https://www.flickr.com/photos/MicroPasts/14952015990", "url_b": "https://farm4.staticflickr.com/3852/14952015990_6a07ee662c_b.jpg"}, "n_answers": 2, "quorum": 0, "calibration": 0, "created": "2014-10-31T10:46:33.577869", "app_id": 77, "state": "completed", "id": 23097, "priority_0": 0.0}, {"info": {"url_m": "https://farm6.staticflickr.com/5592/14951977239_9287b8dd7e_m.jpg", "link": "https://www.flickr.com/photos/MicroPasts/14951977239", "url_b": "https://farm6.staticflickr.com/5592/14951977239_9287b8dd7e_b.jpg"}, "n_answers": 2, "quorum": 0, "calibration": 0, "created": "2014-10-31T10:46:36.635556", "app_id": 77, "state": "completed", "id": 23098, "priority_0": 0.0}, {"info": {"url_m": "https://farm6.staticflickr.com/5587/15115667686_fa7bb9a1b3_m.jpg", "link": "https://www.flickr.com/photos/MicroPasts/15115667686", "url_b": "https://farm6.staticflickr.com/5587/15115667686_fa7bb9a1b3_b.jpg"}, "n_answers": 2, "quorum": 0, "calibration": 0, "created": "2014-10-31T10:46:39.701926", "app_id": 77, "state": "completed", "id": 23099, "priority_0": 0.0}, {"info": {"url_m": "https://farm6.staticflickr.com/5586/14952125847_82aeeee392_m.jpg", "link": "https://www.flickr.com/photos/MicroPasts/14952125847", "url_b": "https://farm6.staticflickr.com/5586/14952125847_82aeeee392_b.jpg"}, "n_answers": 2, "quorum": 0, "calibration": 0, "created": "2014-10-31T10:46:42.793200", "app_id": 77, "state": "completed", "id": 23100, "priority_0": 0.0}, {"info": {"url_m": "https://farm6.staticflickr.com/5591/14952128698_718ec96713_m.jpg", "link": "https://www.flickr.com/photos/MicroPasts/14952128698", "url_b": "https://farm6.staticflickr.com/5591/14952128698_718ec96713_b.jpg"}, "n_answers": 2, "quorum": 0, "calibration": 0, "created": "2014-10-31T10:46:45.859211", "app_id": 77, "state": "completed", "id": 23101, "priority_0": 0.0}, {"info": {"url_m": "https://farm4.staticflickr.com/3889/14952128588_8881cd55ab_m.jpg", "link": "https://www.flickr.com/photos/MicroPasts/14952128588", "url_b": "https://farm4.staticflickr.com/3889/14952128588_8881cd55ab_b.jpg"}, "n_answers": 2, "quorum": 0, "calibration": 0, "created": "2014-10-31T10:46:48.925633", "app_id": 77, "state": "completed", "id": 23102, "priority_0": 0.0}, {"info": {"url_m": "https://farm6.staticflickr.com/5594/15115667226_088f1df1f3_m.jpg", "link": "https://www.flickr.com/photos/MicroPasts/15115667226", "url_b": "https://farm6.staticflickr.com/5594/15115667226_088f1df1f3_b.jpg"}, "n_answers": 2, "quorum": 0, "calibration": 0, "created": "2014-10-31T10:46:52.078998", "app_id": 77, "state": "completed", "id": 23103, "priority_0": 0.0}, {"info": {"url_m": "https://farm4.staticflickr.com/3924/14952128458_508c1b81f1_m.jpg", "link": "https://www.flickr.com/photos/MicroPasts/14952128458", "url_b": "https://farm4.staticflickr.com/3924/14952128458_508c1b81f1_b.jpg"}, "n_answers": 2, "quorum": 0, "calibration": 0, "created": "2014-10-31T10:46:55.141809", "app_id": 77, "state": "completed", "id": 23104, "priority_0": 0.0}, {"info": {"url_m": "https://farm4.staticflickr.com/3876/14952124617_10aa27969e_m.jpg", "link": "https://www.flickr.com/photos/MicroPasts/14952124617", "url_b": "https://farm4.staticflickr.com/3876/14952124617_10aa27969e_b.jpg"}, "n_answers": 2, "quorum": 0, "calibration": 0, "created": "2014-10-31T10:46:58.199969", "app_id": 77, "state": "completed", "id": 23105, "priority_0": 0.0}, {"info": {"url_m": "https://farm4.staticflickr.com/3853/15138297902_fe0c1d4334_m.jpg", "link": "https://www.flickr.com/photos/MicroPasts/15138297902", "url_b": "https://farm4.staticflickr.com/3853/15138297902_fe0c1d4334_b.jpg"}, "n_answers": 2, "quorum": 0, "calibration": 0, "created": "2014-10-31T10:47:01.267000", "app_id": 77, "state": "completed", "id": 23106, "priority_0": 0.0}, {"info": {"url_m": "https://farm4.staticflickr.com/3860/14952128028_3881a217fe_m.jpg", "link": "https://www.flickr.com/photos/MicroPasts/14952128028", "url_b": "https://farm4.staticflickr.com/3860/14952128028_3881a217fe_b.jpg"}, "n_answers": 2, "quorum": 0, "calibration": 0, "created": "2014-10-31T10:47:04.316595", "app_id": 77, "state": "completed", "id": 23107, "priority_0": 0.0}, {"info": {"url_m": "https://farm6.staticflickr.com/5567/15138664465_c6fdcbdaa3_m.jpg", "link": "https://www.flickr.com/photos/MicroPasts/15138664465", "url_b": "https://farm6.staticflickr.com/5567/15138664465_c6fdcbdaa3_b.jpg"}, "n_answers": 2, "quorum": 0, "calibration": 0, "created": "2014-10-31T10:47:07.382383", "app_id": 77, "state": "completed", "id": 23108, "priority_0": 0.0}, {"info": {"url_m": "https://farm4.staticflickr.com/3868/15138297682_463cf861ee_m.jpg", "link": "https://www.flickr.com/photos/MicroPasts/15138297682", "url_b": "https://farm4.staticflickr.com/3868/15138297682_463cf861ee_b.jpg"}, "n_answers": 2, "quorum": 0, "calibration": 0, "created": "2014-10-31T10:47:10.432734", "app_id": 77, "state": "completed", "id": 23109, "priority_0": 0.0}, {"info": {"url_m": "https://farm6.staticflickr.com/5586/15138297552_b366905970_m.jpg", "link": "https://www.flickr.com/photos/MicroPasts/15138297552", "url_b": "https://farm6.staticflickr.com/5586/15138297552_b366905970_b.jpg"}, "n_answers": 2, "quorum": 0, "calibration": 0, "created": "2014-10-31T10:47:13.498767", "app_id": 77, "state": "completed", "id": 23110, "priority_0": 0.0}, {"info": {"url_m": "https://farm4.staticflickr.com/3896/14952123767_608800823a_m.jpg", "link": "https://www.flickr.com/photos/MicroPasts/14952123767", "url_b": "https://farm4.staticflickr.com/3896/14952123767_608800823a_b.jpg"}, "n_answers": 2, "quorum": 0, "calibration": 0, "created": "2014-10-31T10:47:16.549142", "app_id": 77, "state": "completed", "id": 23111, "priority_0": 0.0}, {"info": {"url_m": "https://farm4.staticflickr.com/3869/15138297112_058af02693_m.jpg", "link": "https://www.flickr.com/photos/MicroPasts/15138297112", "url_b": "https://farm4.staticflickr.com/3869/15138297112_058af02693_b.jpg"}, "n_answers": 2, "quorum": 0, "calibration": 0, "created": "2014-10-31T10:47:19.599394", "app_id": 77, "state": "completed", "id": 23112, "priority_0": 0.0}, {"info": {"url_m": "https://farm4.staticflickr.com/3891/15135696611_0b15e32c9c_m.jpg", "link": "https://www.flickr.com/photos/MicroPasts/15135696611", "url_b": "https://farm4.staticflickr.com/3891/15135696611_0b15e32c9c_b.jpg"}, "n_answers": 2, "quorum": 0, "calibration": 0, "created": "2014-10-31T10:47:22.670230", "app_id": 77, "state": "completed", "id": 23113, "priority_0": 0.0}, {"info": {"url_m": "https://farm4.staticflickr.com/3899/15135696401_2e77474931_m.jpg", "link": "https://www.flickr.com/photos/MicroPasts/15135696401", "url_b": "https://farm4.staticflickr.com/3899/15135696401_2e77474931_b.jpg"}, "n_answers": 2, "quorum": 0, "calibration": 0, "created": "2014-10-31T10:47:26.094445", "app_id": 77, "state": "completed", "id": 23114, "priority_0": 0.0}, {"info": {"url_m": "https://farm6.staticflickr.com/5583/14951974929_b564c02ae5_m.jpg", "link": "https://www.flickr.com/photos/MicroPasts/14951974929", "url_b": "https://farm6.staticflickr.com/5583/14951974929_b564c02ae5_b.jpg"}, "n_answers": 2, "quorum": 0, "calibration": 0, "created": "2014-10-31T10:47:29.149885", "app_id": 77, "state": "completed", "id": 23115, "priority_0": 0.0}, {"info": {"url_m": "https://farm4.staticflickr.com/3844/15115665166_8113d8df2d_m.jpg", "link": "https://www.flickr.com/photos/MicroPasts/15115665166", "url_b": "https://farm4.staticflickr.com/3844/15115665166_8113d8df2d_b.jpg"}, "n_answers": 2, "quorum": 0, "calibration": 0, "created": "2014-10-31T10:47:32.215562", "app_id": 77, "state": "completed", "id": 23116, "priority_0": 0.0}, {"info": {"url_m": "https://farm4.staticflickr.com/3862/15138296442_25a571d5d9_m.jpg", "link": "https://www.flickr.com/photos/MicroPasts/15138296442", "url_b": "https://farm4.staticflickr.com/3862/15138296442_25a571d5d9_b.jpg"}, "n_answers": 2, "quorum": 0, "calibration": 0, "created": "2014-10-31T10:47:35.256253", "app_id": 77, "state": "completed", "id": 23117, "priority_0": 0.0}, {"info": {"url_m": "https://farm4.staticflickr.com/3850/14952122957_294df83aab_m.jpg", "link": "https://www.flickr.com/photos/MicroPasts/14952122957", "url_b": "https://farm4.staticflickr.com/3850/14952122957_294df83aab_b.jpg"}, "n_answers": 2, "quorum": 0, "calibration": 0, "created": "2014-10-31T10:47:38.323390", "app_id": 77, "state": "completed", "id": 23118, "priority_0": 0.0}, {"info": {"url_m": "https://farm4.staticflickr.com/3852/14952013170_d25dcbe2cc_m.jpg", "link": "https://www.flickr.com/photos/MicroPasts/14952013170", "url_b": "https://farm4.staticflickr.com/3852/14952013170_d25dcbe2cc_b.jpg"}, "n_answers": 2, "quorum": 0, "calibration": 0, "created": "2014-10-31T10:47:41.372658", "app_id": 77, "state": "completed", "id": 23119, "priority_0": 0.0}, {"info": {"url_m": "https://farm4.staticflickr.com/3880/14951974429_cefc84b11c_m.jpg", "link": "https://www.flickr.com/photos/MicroPasts/14951974429", "url_b": "https://farm4.staticflickr.com/3880/14951974429_cefc84b11c_b.jpg"}, "n_answers": 2, "quorum": 0, "calibration": 0, "created": "2014-10-31T10:47:44.438427", "app_id": 77, "state": "completed", "id": 23120, "priority_0": 0.0}, {"info": {"url_m": "https://farm4.staticflickr.com/3845/14951974189_6961128e9b_m.jpg", "link": "https://www.flickr.com/photos/MicroPasts/14951974189", "url_b": "https://farm4.staticflickr.com/3845/14951974189_6961128e9b_b.jpg"}, "n_answers": 2, "quorum": 0, "calibration": 0, "created": "2014-10-31T10:47:47.489146", "app_id": 77, "state": "completed", "id": 23121, "priority_0": 0.0}, {"info": {"url_m": "https://farm6.staticflickr.com/5594/15135695251_eeb38701f4_m.jpg", "link": "https://www.flickr.com/photos/MicroPasts/15135695251", "url_b": "https://farm6.staticflickr.com/5594/15135695251_eeb38701f4_b.jpg"}, "n_answers": 2, "quorum": 0, "calibration": 0, "created": "2014-10-31T10:47:50.555733", "app_id": 77, "state": "completed", "id": 23122, "priority_0": 0.0}, {"info": {"url_m": "https://farm4.staticflickr.com/3902/15138662465_c39cf90d1f_m.jpg", "link": "https://www.flickr.com/photos/MicroPasts/15138662465", "url_b": "https://farm4.staticflickr.com/3902/15138662465_c39cf90d1f_b.jpg"}, "n_answers": 2, "quorum": 0, "calibration": 0, "created": "2014-10-31T10:47:53.608109", "app_id": 77, "state": "completed", "id": 23123, "priority_0": 0.0}, {"info": {"url_m": "https://farm4.staticflickr.com/3912/14952121947_8856d6d9e1_m.jpg", "link": "https://www.flickr.com/photos/MicroPasts/14952121947", "url_b": "https://farm4.staticflickr.com/3912/14952121947_8856d6d9e1_b.jpg"}, "n_answers": 2, "quorum": 0, "calibration": 0, "created": "2014-10-31T10:47:56.702044", "app_id": 77, "state": "completed", "id": 23124, "priority_0": 0.0}, {"info": {"url_m": "https://farm4.staticflickr.com/3872/15115663636_8bac46bb95_m.jpg", "link": "https://www.flickr.com/photos/MicroPasts/15115663636", "url_b": "https://farm4.staticflickr.com/3872/15115663636_8bac46bb95_b.jpg"}, "n_answers": 2, "quorum": 0, "calibration": 0, "created": "2014-10-31T10:47:59.763722", "app_id": 77, "state": "completed", "id": 23125, "priority_0": 0.0}, {"info": {"url_m": "https://farm6.staticflickr.com/5594/14952125368_8a2680ec10_m.jpg", "link": "https://www.flickr.com/photos/MicroPasts/14952125368", "url_b": "https://farm6.staticflickr.com/5594/14952125368_8a2680ec10_b.jpg"}, "n_answers": 2, "quorum": 0, "calibration": 0, "created": "2014-10-31T10:48:03.013216", "app_id": 77, "state": "completed", "id": 23126, "priority_0": 0.0}, {"info": {"url_m": "https://farm4.staticflickr.com/3853/15138661585_231e6c72d8_m.jpg", "link": "https://www.flickr.com/photos/MicroPasts/15138661585", "url_b": "https://farm4.staticflickr.com/3853/15138661585_231e6c72d8_b.jpg"}, "n_answers": 2, "quorum": 0, "calibration": 0, "created": "2014-10-31T10:48:06.719429", "app_id": 77, "state": "completed", "id": 23127, "priority_0": 0.0}, {"info": {"url_m": "https://farm4.staticflickr.com/3923/15115663626_df48a5fe85_m.jpg", "link": "https://www.flickr.com/photos/MicroPasts/15115663626", "url_b": "https://farm4.staticflickr.com/3923/15115663626_df48a5fe85_b.jpg"}, "n_answers": 2, "quorum": 0, "calibration": 0, "created": "2014-10-31T10:48:09.796693", "app_id": 77, "state": "completed", "id": 23128, "priority_0": 0.0}, {"info": {"url_m": "https://farm6.staticflickr.com/5592/14951972879_9705e78487_m.jpg", "link": "https://www.flickr.com/photos/MicroPasts/14951972879", "url_b": "https://farm6.staticflickr.com/5592/14951972879_9705e78487_b.jpg"}, "n_answers": 2, "quorum": 0, "calibration": 0, "created": "2014-10-31T10:48:12.897204", "app_id": 77, "state": "completed", "id": 23129, "priority_0": 0.0}, {"info": {"url_m": "https://farm6.staticflickr.com/5560/15138294112_67326410a3_m.jpg", "link": "https://www.flickr.com/photos/MicroPasts/15138294112", "url_b": "https://farm6.staticflickr.com/5560/15138294112_67326410a3_b.jpg"}, "n_answers": 2, "quorum": 0, "calibration": 0, "created": "2014-10-31T10:48:16.281338", "app_id": 77, "state": "completed", "id": 23130, "priority_0": 0.0}, {"info": {"url_m": "https://farm4.staticflickr.com/3865/14951972639_8eaffdbbea_m.jpg", "link": "https://www.flickr.com/photos/MicroPasts/14951972639", "url_b": "https://farm4.staticflickr.com/3865/14951972639_8eaffdbbea_b.jpg"}, "n_answers": 2, "quorum": 0, "calibration": 0, "created": "2014-10-31T10:48:20.018057", "app_id": 77, "state": "completed", "id": 23131, "priority_0": 0.0}, {"info": {"url_m": "https://farm6.staticflickr.com/5555/14952011230_54649b762c_m.jpg", "link": "https://www.flickr.com/photos/MicroPasts/14952011230", "url_b": "https://farm6.staticflickr.com/5555/14952011230_54649b762c_b.jpg"}, "n_answers": 2, "quorum": 0, "calibration": 0, "created": "2014-10-31T10:48:23.147474", "app_id": 77, "state": "completed", "id": 23132, "priority_0": 0.0}, {"info": {"url_m": "https://farm6.staticflickr.com/5584/15135693721_a823ae943b_m.jpg", "link": "https://www.flickr.com/photos/MicroPasts/15135693721", "url_b": "https://farm6.staticflickr.com/5584/15135693721_a823ae943b_b.jpg"}, "n_answers": 2, "quorum": 0, "calibration": 0, "created": "2014-10-31T10:48:26.253897", "app_id": 77, "state": "completed", "id": 23133, "priority_0": 0.0}, {"info": {"url_m": "https://farm4.staticflickr.com/3841/14951972059_020b1b9494_m.jpg", "link": "https://www.flickr.com/photos/MicroPasts/14951972059", "url_b": "https://farm4.staticflickr.com/3841/14951972059_020b1b9494_b.jpg"}, "n_answers": 2, "quorum": 0, "calibration": 0, "created": "2014-10-31T10:48:29.338481", "app_id": 77, "state": "completed", "id": 23134, "priority_0": 0.0}, {"info": {"url_m": "https://farm4.staticflickr.com/3851/15138660355_529da2b0a9_m.jpg", "link": "https://www.flickr.com/photos/MicroPasts/15138660355", "url_b": "https://farm4.staticflickr.com/3851/15138660355_529da2b0a9_b.jpg"}, "n_answers": 2, "quorum": 0, "calibration": 0, "created": "2014-10-31T10:48:32.424598", "app_id": 77, "state": "completed", "id": 23135, "priority_0": 0.0}, {"info": {"url_m": "https://farm4.staticflickr.com/3894/14952120047_0574e10d73_m.jpg", "link": "https://www.flickr.com/photos/MicroPasts/14952120047", "url_b": "https://farm4.staticflickr.com/3894/14952120047_0574e10d73_b.jpg"}, "n_answers": 2, "quorum": 0, "calibration": 0, "created": "2014-10-31T10:48:36.616011", "app_id": 77, "state": "completed", "id": 23136, "priority_0": 0.0}, {"info": {"url_m": "https://farm6.staticflickr.com/5591/15135692241_f3da5c523c_m.jpg", "link": "https://www.flickr.com/photos/MicroPasts/15135692241", "url_b": "https://farm6.staticflickr.com/5591/15135692241_f3da5c523c_b.jpg"}, "n_answers": 2, "quorum": 0, "calibration": 0, "created": "2014-10-31T10:48:39.796416", "app_id": 77, "state": "completed", "id": 23137, "priority_0": 0.0}, {"info": {"url_m": "https://farm4.staticflickr.com/3888/14952119317_b843ef833a_m.jpg", "link": "https://www.flickr.com/photos/MicroPasts/14952119317", "url_b": "https://farm4.staticflickr.com/3888/14952119317_b843ef833a_b.jpg"}, "n_answers": 2, "quorum": 0, "calibration": 0, "created": "2014-10-31T10:48:43.028216", "app_id": 77, "state": "completed", "id": 23138, "priority_0": 0.0}, {"info": {"url_m": "https://farm6.staticflickr.com/5562/15115661426_e9e47d0df5_m.jpg", "link": "https://www.flickr.com/photos/MicroPasts/15115661426", "url_b": "https://farm6.staticflickr.com/5562/15115661426_e9e47d0df5_b.jpg"}, "n_answers": 2, "quorum": 0, "calibration": 0, "created": "2014-10-31T10:48:46.195784", "app_id": 77, "state": "completed", "id": 23139, "priority_0": 0.0}, {"info": {"url_m": "https://farm4.staticflickr.com/3869/15138292482_0882568e4e_m.jpg", "link": "https://www.flickr.com/photos/MicroPasts/15138292482", "url_b": "https://farm4.staticflickr.com/3869/15138292482_0882568e4e_b.jpg"}, "n_answers": 2, "quorum": 0, "calibration": 0, "created": "2014-10-31T10:48:49.559752", "app_id": 77, "state": "completed", "id": 23140, "priority_0": 0.0}, {"info": {"url_m": "https://farm6.staticflickr.com/5587/15115661306_698620b2e3_m.jpg", "link": "https://www.flickr.com/photos/MicroPasts/15115661306", "url_b": "https://farm6.staticflickr.com/5587/15115661306_698620b2e3_b.jpg"}, "n_answers": 2, "quorum": 0, "calibration": 0, "created": "2014-10-31T10:48:52.689330", "app_id": 77, "state": "completed", "id": 23141, "priority_0": 0.0}, {"info": {"url_m": "https://farm4.staticflickr.com/3891/14951970889_069eec36e0_m.jpg", "link": "https://www.flickr.com/photos/MicroPasts/14951970889", "url_b": "https://farm4.staticflickr.com/3891/14951970889_069eec36e0_b.jpg"}, "n_answers": 2, "quorum": 0, "calibration": 0, "created": "2014-10-31T10:48:55.836107", "app_id": 77, "state": "completed", "id": 23142, "priority_0": 0.0}, {"info": {"url_m": "https://farm4.staticflickr.com/3860/15138660295_f7416d1883_m.jpg", "link": "https://www.flickr.com/photos/MicroPasts/15138660295", "url_b": "https://farm4.staticflickr.com/3860/15138660295_f7416d1883_b.jpg"}, "n_answers": 2, "quorum": 0, "calibration": 0, "created": "2014-10-31T10:48:58.954933", "app_id": 77, "state": "completed", "id": 23143, "priority_0": 0.0}, {"info": {"url_m": "https://farm4.staticflickr.com/3903/15138291852_16dbc258aa_m.jpg", "link": "https://www.flickr.com/photos/MicroPasts/15138291852", "url_b": "https://farm4.staticflickr.com/3903/15138291852_16dbc258aa_b.jpg"}, "n_answers": 2, "quorum": 0, "calibration": 0, "created": "2014-10-31T10:49:02.202244", "app_id": 77, "state": "completed", "id": 23144, "priority_0": 0.0}, {"info": {"url_m": "https://farm4.staticflickr.com/3864/14952118487_df3d845b4a_m.jpg", "link": "https://www.flickr.com/photos/MicroPasts/14952118487", "url_b": "https://farm4.staticflickr.com/3864/14952118487_df3d845b4a_b.jpg"}, "n_answers": 2, "quorum": 0, "calibration": 0, "created": "2014-10-31T10:49:05.440787", "app_id": 77, "state": "completed", "id": 23145, "priority_0": 0.0}, {"info": {"url_m": "https://farm6.staticflickr.com/5590/15135691201_be0f4c099c_m.jpg", "link": "https://www.flickr.com/photos/MicroPasts/15135691201", "url_b": "https://farm6.staticflickr.com/5590/15135691201_be0f4c099c_b.jpg"}, "n_answers": 2, "quorum": 0, "calibration": 0, "created": "2014-10-31T10:49:08.537604", "app_id": 77, "state": "completed", "id": 23146, "priority_0": 0.0}, {"info": {"url_m": "https://farm6.staticflickr.com/5573/14952117927_9d8813b424_m.jpg", "link": "https://www.flickr.com/photos/MicroPasts/14952117927", "url_b": "https://farm6.staticflickr.com/5573/14952117927_9d8813b424_b.jpg"}, "n_answers": 2, "quorum": 0, "calibration": 0, "created": "2014-10-31T10:49:11.664217", "app_id": 77, "state": "completed", "id": 23147, "priority_0": 0.0}, {"info": {"url_m": "https://farm4.staticflickr.com/3856/15115660066_aab5e9120f_m.jpg", "link": "https://www.flickr.com/photos/MicroPasts/15115660066", "url_b": "https://farm4.staticflickr.com/3856/15115660066_aab5e9120f_b.jpg"}, "n_answers": 2, "quorum": 0, "calibration": 0, "created": "2014-10-31T10:49:15.369584", "app_id": 77, "state": "completed", "id": 23148, "priority_0": 0.0}, {"info": {"url_m": "https://farm4.staticflickr.com/3898/14952117707_f0a58aa6a1_m.jpg", "link": "https://www.flickr.com/photos/MicroPasts/14952117707", "url_b": "https://farm4.staticflickr.com/3898/14952117707_f0a58aa6a1_b.jpg"}, "n_answers": 2, "quorum": 0, "calibration": 0, "created": "2014-10-31T10:49:18.461370", "app_id": 77, "state": "completed", "id": 23149, "priority_0": 0.0}, {"info": {"url_m": "https://farm6.staticflickr.com/5585/15135690901_073e37f2b9_m.jpg", "link": "https://www.flickr.com/photos/MicroPasts/15135690901", "url_b": "https://farm6.staticflickr.com/5585/15135690901_073e37f2b9_b.jpg"}, "n_answers": 2, "quorum": 0, "calibration": 0, "created": "2014-10-31T10:49:21.903266", "app_id": 77, "state": "completed", "id": 23150, "priority_0": 0.0}, {"info": {"url_m": "https://farm4.staticflickr.com/3905/14952008870_9155d4eb52_m.jpg", "link": "https://www.flickr.com/photos/MicroPasts/14952008870", "url_b": "https://farm4.staticflickr.com/3905/14952008870_9155d4eb52_b.jpg"}, "n_answers": 2, "quorum": 0, "calibration": 0, "created": "2014-10-31T10:49:24.977314", "app_id": 77, "state": "completed", "id": 23151, "priority_0": 0.0}, {"info": {"url_m": "https://farm6.staticflickr.com/5555/14952120798_970a052351_m.jpg", "link": "https://www.flickr.com/photos/MicroPasts/14952120798", "url_b": "https://farm6.staticflickr.com/5555/14952120798_970a052351_b.jpg"}, "n_answers": 2, "quorum": 0, "calibration": 0, "created": "2014-10-31T10:49:28.424644", "app_id": 77, "state": "completed", "id": 23152, "priority_0": 0.0}, {"info": {"url_m": "https://farm6.staticflickr.com/5568/14952008000_ed6b64083a_m.jpg", "link": "https://www.flickr.com/photos/MicroPasts/14952008000", "url_b": "https://farm6.staticflickr.com/5568/14952008000_ed6b64083a_b.jpg"}, "n_answers": 2, "quorum": 0, "calibration": 0, "created": "2014-10-31T10:49:31.459694", "app_id": 77, "state": "completed", "id": 23153, "priority_0": 0.0}, {"info": {"url_m": "https://farm6.staticflickr.com/5567/14952120528_72410344da_m.jpg", "link": "https://www.flickr.com/photos/MicroPasts/14952120528", "url_b": "https://farm6.staticflickr.com/5567/14952120528_72410344da_b.jpg"}, "n_answers": 2, "quorum": 0, "calibration": 0, "created": "2014-10-31T10:49:34.584701", "app_id": 77, "state": "completed", "id": 23154, "priority_0": 0.0}]