[{"info": {"url": "https://farm8.staticflickr.com/7446/26682227124_18ddd2e3e9.jpg", "url_m": "https://farm8.staticflickr.com/7446/26682227124_18ddd2e3e9_m.jpg", "link": "https://www.flickr.com/photos/115096994@N02/26682227124", "url_b": "https://farm8.staticflickr.com/7446/26682227124_18ddd2e3e9_b.jpg", "title": "OxfordBAICards_IslehamHoard0001_OxfordBAICards_IslehamHoard0002_fb"}, "n_answers": 3, "quorum": 0, "calibration": 0, "created": "2016-06-21T11:33:35.293157", "state": "completed", "project_id": 324, "id": 62682, "priority_0": 0.0}, {"info": {"url": "https://farm8.staticflickr.com/7020/26683333703_cfd05ba3b6.jpg", "url_m": "https://farm8.staticflickr.com/7020/26683333703_cfd05ba3b6_m.jpg", "link": "https://www.flickr.com/photos/115096994@N02/26683333703", "url_b": "https://farm8.staticflickr.com/7020/26683333703_cfd05ba3b6_b.jpg", "title": "OxfordBAICards_IslehamHoard0003_OxfordBAICards_IslehamHoard0004_fb"}, "n_answers": 3, "quorum": 0, "calibration": 0, "created": "2016-06-21T11:33:35.556787", "state": "completed", "project_id": 324, "id": 62683, "priority_0": 0.0}, {"info": {"url": "https://farm8.staticflickr.com/7737/26683333633_648ee3a978.jpg", "url_m": "https://farm8.staticflickr.com/7737/26683333633_648ee3a978_m.jpg", "link": "https://www.flickr.com/photos/115096994@N02/26683333633", "url_b": "https://farm8.staticflickr.com/7737/26683333633_648ee3a978_b.jpg", "title": "OxfordBAICards_IslehamHoard0005_OxfordBAICards_IslehamHoard0006_fb"}, "n_answers": 3, "quorum": 0, "calibration": 0, "created": "2016-06-21T11:33:35.605283", "state": "completed", "project_id": 324, "id": 62684, "priority_0": 0.0}, {"info": {"url": "https://farm8.staticflickr.com/7251/26683333493_7cb42f877b.jpg", "url_m": "https://farm8.staticflickr.com/7251/26683333493_7cb42f877b_m.jpg", "link": "https://www.flickr.com/photos/115096994@N02/26683333493", "url_b": "https://farm8.staticflickr.com/7251/26683333493_7cb42f877b_b.jpg", "title": "OxfordBAICards_IslehamHoard0007_OxfordBAICards_IslehamHoard0008_fb"}, "n_answers": 3, "quorum": 0, "calibration": 0, "created": "2016-06-21T11:33:35.644121", "state": "completed", "project_id": 324, "id": 62685, "priority_0": 0.0}, {"info": {"url": "https://farm8.staticflickr.com/7063/27289258135_d4024d4733.jpg", "url_m": "https://farm8.staticflickr.com/7063/27289258135_d4024d4733_m.jpg", "link": "https://www.flickr.com/photos/115096994@N02/27289258135", "url_b": "https://farm8.staticflickr.com/7063/27289258135_d4024d4733_b.jpg", "title": "OxfordBAICards_IslehamHoard0009_OxfordBAICards_IslehamHoard0010_fb"}, "n_answers": 3, "quorum": 0, "calibration": 0, "created": "2016-06-21T11:33:35.679542", "state": "completed", "project_id": 324, "id": 62686, "priority_0": 0.0}, {"info": {"url": "https://farm8.staticflickr.com/7744/26683333363_0bdb27f88f.jpg", "url_m": "https://farm8.staticflickr.com/7744/26683333363_0bdb27f88f_m.jpg", "link": "https://www.flickr.com/photos/115096994@N02/26683333363", "url_b": "https://farm8.staticflickr.com/7744/26683333363_0bdb27f88f_b.jpg", "title": "OxfordBAICards_IslehamHoard0011_OxfordBAICards_IslehamHoard0012_fb"}, "n_answers": 3, "quorum": 0, "calibration": 0, "created": "2016-06-21T11:33:35.719394", "state": "completed", "project_id": 324, "id": 62687, "priority_0": 0.0}, {"info": {"url": "https://farm8.staticflickr.com/7502/26683333523_6e765e642d.jpg", "url_m": "https://farm8.staticflickr.com/7502/26683333523_6e765e642d_m.jpg", "link": "https://www.flickr.com/photos/115096994@N02/26683333523", "url_b": "https://farm8.staticflickr.com/7502/26683333523_6e765e642d_b.jpg", "title": "OxfordBAICards_IslehamHoard0013_OxfordBAICards_IslehamHoard0014_fb"}, "n_answers": 3, "quorum": 0, "calibration": 0, "created": "2016-06-21T11:33:35.753980", "state": "completed", "project_id": 324, "id": 62688, "priority_0": 0.0}, {"info": {"url": "https://farm8.staticflickr.com/7410/26682225914_56c5dbba8c.jpg", "url_m": "https://farm8.staticflickr.com/7410/26682225914_56c5dbba8c_m.jpg", "link": "https://www.flickr.com/photos/115096994@N02/26682225914", "url_b": "https://farm8.staticflickr.com/7410/26682225914_56c5dbba8c_b.jpg", "title": "OxfordBAICards_IslehamHoard0015_OxfordBAICards_IslehamHoard0016_fb"}, "n_answers": 3, "quorum": 0, "calibration": 0, "created": "2016-06-21T11:33:35.786934", "state": "completed", "project_id": 324, "id": 62689, "priority_0": 0.0}, {"info": {"url": "https://farm8.staticflickr.com/7167/27013957120_4ab01b4d5b.jpg", "url_m": "https://farm8.staticflickr.com/7167/27013957120_4ab01b4d5b_m.jpg", "link": "https://www.flickr.com/photos/115096994@N02/27013957120", "url_b": "https://farm8.staticflickr.com/7167/27013957120_4ab01b4d5b_b.jpg", "title": "OxfordBAICards_IslehamHoard0017_OxfordBAICards_IslehamHoard0018_fb"}, "n_answers": 3, "quorum": 0, "calibration": 0, "created": "2016-06-21T11:33:35.836558", "state": "completed", "project_id": 324, "id": 62690, "priority_0": 0.0}, {"info": {"url": "https://farm8.staticflickr.com/7341/26682225664_479f837ddd.jpg", "url_m": "https://farm8.staticflickr.com/7341/26682225664_479f837ddd_m.jpg", "link": "https://www.flickr.com/photos/115096994@N02/26682225664", "url_b": "https://farm8.staticflickr.com/7341/26682225664_479f837ddd_b.jpg", "title": "OxfordBAICards_IslehamHoard0019_OxfordBAICards_IslehamHoard0020_fb"}, "n_answers": 3, "quorum": 0, "calibration": 0, "created": "2016-06-21T11:33:35.870306", "state": "completed", "project_id": 324, "id": 62691, "priority_0": 0.0}, {"info": {"url": "https://farm8.staticflickr.com/7348/26682225414_1556ff9357.jpg", "url_m": "https://farm8.staticflickr.com/7348/26682225414_1556ff9357_m.jpg", "link": "https://www.flickr.com/photos/115096994@N02/26682225414", "url_b": "https://farm8.staticflickr.com/7348/26682225414_1556ff9357_b.jpg", "title": "OxfordBAICards_IslehamHoard0021_OxfordBAICards_IslehamHoard0022_fb"}, "n_answers": 3, "quorum": 0, "calibration": 0, "created": "2016-06-21T11:33:35.903684", "state": "completed", "project_id": 324, "id": 62692, "priority_0": 0.0}, {"info": {"url": "https://farm8.staticflickr.com/7396/27219272731_e148418dbf.jpg", "url_m": "https://farm8.staticflickr.com/7396/27219272731_e148418dbf_m.jpg", "link": "https://www.flickr.com/photos/115096994@N02/27219272731", "url_b": "https://farm8.staticflickr.com/7396/27219272731_e148418dbf_b.jpg", "title": "OxfordBAICards_IslehamHoard0023_OxfordBAICards_IslehamHoard0024_fb"}, "n_answers": 3, "quorum": 0, "calibration": 0, "created": "2016-06-21T11:33:35.936703", "state": "completed", "project_id": 324, "id": 62693, "priority_0": 0.0}, {"info": {"url": "https://farm8.staticflickr.com/7475/26682225044_16b6d6bdd8.jpg", "url_m": "https://farm8.staticflickr.com/7475/26682225044_16b6d6bdd8_m.jpg", "link": "https://www.flickr.com/photos/115096994@N02/26682225044", "url_b": "https://farm8.staticflickr.com/7475/26682225044_16b6d6bdd8_b.jpg", "title": "OxfordBAICards_IslehamHoard0025_OxfordBAICards_IslehamHoard0026_fb"}, "n_answers": 3, "quorum": 0, "calibration": 0, "created": "2016-06-21T11:33:35.970280", "state": "completed", "project_id": 324, "id": 62694, "priority_0": 0.0}, {"info": {"url": "https://farm8.staticflickr.com/7798/26682225254_e7bb701b8e.jpg", "url_m": "https://farm8.staticflickr.com/7798/26682225254_e7bb701b8e_m.jpg", "link": "https://www.flickr.com/photos/115096994@N02/26682225254", "url_b": "https://farm8.staticflickr.com/7798/26682225254_e7bb701b8e_b.jpg", "title": "OxfordBAICards_IslehamHoard0027_OxfordBAICards_IslehamHoard0028_fb"}, "n_answers": 3, "quorum": 0, "calibration": 0, "created": "2016-06-21T11:33:36.002989", "state": "completed", "project_id": 324, "id": 62695, "priority_0": 0.0}, {"info": {"url": "https://farm8.staticflickr.com/7089/26683332983_399988bf13.jpg", "url_m": "https://farm8.staticflickr.com/7089/26683332983_399988bf13_m.jpg", "link": "https://www.flickr.com/photos/115096994@N02/26683332983", "url_b": "https://farm8.staticflickr.com/7089/26683332983_399988bf13_b.jpg", "title": "OxfordBAICards_IslehamHoard0029_OxfordBAICards_IslehamHoard0030_fb"}, "n_answers": 3, "quorum": 0, "calibration": 0, "created": "2016-06-21T11:33:36.036739", "state": "completed", "project_id": 324, "id": 62696, "priority_0": 0.0}, {"info": {"url": "https://farm8.staticflickr.com/7728/27289256565_c225e4c43c.jpg", "url_m": "https://farm8.staticflickr.com/7728/27289256565_c225e4c43c_m.jpg", "link": "https://www.flickr.com/photos/115096994@N02/27289256565", "url_b": "https://farm8.staticflickr.com/7728/27289256565_c225e4c43c_b.jpg", "title": "OxfordBAICards_IslehamHoard0031_OxfordBAICards_IslehamHoard0032_fb"}, "n_answers": 3, "quorum": 0, "calibration": 0, "created": "2016-06-21T11:33:36.079935", "state": "completed", "project_id": 324, "id": 62697, "priority_0": 0.0}, {"info": {"url": "https://farm8.staticflickr.com/7365/26683332793_5bb5c0f680.jpg", "url_m": "https://farm8.staticflickr.com/7365/26683332793_5bb5c0f680_m.jpg", "link": "https://www.flickr.com/photos/115096994@N02/26683332793", "url_b": "https://farm8.staticflickr.com/7365/26683332793_5bb5c0f680_b.jpg", "title": "OxfordBAICards_IslehamHoard0033_OxfordBAICards_IslehamHoard0034_fb"}, "n_answers": 3, "quorum": 0, "calibration": 0, "created": "2016-06-21T11:33:36.121044", "state": "completed", "project_id": 324, "id": 62698, "priority_0": 0.0}, {"info": {"url": "https://farm8.staticflickr.com/7647/26682224034_b55a9b369e.jpg", "url_m": "https://farm8.staticflickr.com/7647/26682224034_b55a9b369e_m.jpg", "link": "https://www.flickr.com/photos/115096994@N02/26682224034", "url_b": "https://farm8.staticflickr.com/7647/26682224034_b55a9b369e_b.jpg", "title": "OxfordBAICards_IslehamHoard0035_OxfordBAICards_IslehamHoard0036_fb"}, "n_answers": 3, "quorum": 0, "calibration": 0, "created": "2016-06-21T11:33:36.154358", "state": "completed", "project_id": 324, "id": 62699, "priority_0": 0.0}, {"info": {"url": "https://farm8.staticflickr.com/7243/27289255785_366e9ef626.jpg", "url_m": "https://farm8.staticflickr.com/7243/27289255785_366e9ef626_m.jpg", "link": "https://www.flickr.com/photos/115096994@N02/27289255785", "url_b": "https://farm8.staticflickr.com/7243/27289255785_366e9ef626_b.jpg", "title": "OxfordBAICards_IslehamHoard0037_OxfordBAICards_IslehamHoard0038_fb"}, "n_answers": 3, "quorum": 0, "calibration": 0, "created": "2016-06-21T11:33:36.187910", "state": "completed", "project_id": 324, "id": 62700, "priority_0": 0.0}, {"info": {"url": "https://farm8.staticflickr.com/7105/26682223684_46716850ba.jpg", "url_m": "https://farm8.staticflickr.com/7105/26682223684_46716850ba_m.jpg", "link": "https://www.flickr.com/photos/115096994@N02/26682223684", "url_b": "https://farm8.staticflickr.com/7105/26682223684_46716850ba_b.jpg", "title": "OxfordBAICards_IslehamHoard0039_OxfordBAICards_IslehamHoard0040_fb"}, "n_answers": 3, "quorum": 0, "calibration": 0, "created": "2016-06-21T11:33:36.221436", "state": "completed", "project_id": 324, "id": 62701, "priority_0": 0.0}, {"info": {"url": "https://farm8.staticflickr.com/7113/26682223294_7bcd88973c.jpg", "url_m": "https://farm8.staticflickr.com/7113/26682223294_7bcd88973c_m.jpg", "link": "https://www.flickr.com/photos/115096994@N02/26682223294", "url_b": "https://farm8.staticflickr.com/7113/26682223294_7bcd88973c_b.jpg", "title": "OxfordBAICards_IslehamHoard0041_OxfordBAICards_IslehamHoard0042_fb"}, "n_answers": 3, "quorum": 0, "calibration": 0, "created": "2016-06-21T11:33:36.254763", "state": "completed", "project_id": 324, "id": 62702, "priority_0": 0.0}, {"info": {"url": "https://farm8.staticflickr.com/7425/27219271911_9067295142.jpg", "url_m": "https://farm8.staticflickr.com/7425/27219271911_9067295142_m.jpg", "link": "https://www.flickr.com/photos/115096994@N02/27219271911", "url_b": "https://farm8.staticflickr.com/7425/27219271911_9067295142_b.jpg", "title": "OxfordBAICards_IslehamHoard0043_OxfordBAICards_IslehamHoard0044_fb"}, "n_answers": 3, "quorum": 0, "calibration": 0, "created": "2016-06-21T11:33:36.287339", "state": "completed", "project_id": 324, "id": 62703, "priority_0": 0.0}, {"info": {"url": "https://farm8.staticflickr.com/7440/26682222794_e29f22b480.jpg", "url_m": "https://farm8.staticflickr.com/7440/26682222794_e29f22b480_m.jpg", "link": "https://www.flickr.com/photos/115096994@N02/26682222794", "url_b": "https://farm8.staticflickr.com/7440/26682222794_e29f22b480_b.jpg", "title": "OxfordBAICards_IslehamHoard0045_OxfordBAICards_IslehamHoard0046_fb"}, "n_answers": 3, "quorum": 0, "calibration": 0, "created": "2016-06-21T11:33:36.320841", "state": "completed", "project_id": 324, "id": 62704, "priority_0": 0.0}, {"info": {"url": "https://farm8.staticflickr.com/7376/26682224044_0325f5fb83.jpg", "url_m": "https://farm8.staticflickr.com/7376/26682224044_0325f5fb83_m.jpg", "link": "https://www.flickr.com/photos/115096994@N02/26682224044", "url_b": "https://farm8.staticflickr.com/7376/26682224044_0325f5fb83_b.jpg", "title": "OxfordBAICards_IslehamHoard0047_OxfordBAICards_IslehamHoard0048_fb"}, "n_answers": 3, "quorum": 0, "calibration": 0, "created": "2016-06-21T11:33:36.354118", "state": "completed", "project_id": 324, "id": 62705, "priority_0": 0.0}, {"info": {"url": "https://farm8.staticflickr.com/7427/26682222604_193a9a2078.jpg", "url_m": "https://farm8.staticflickr.com/7427/26682222604_193a9a2078_m.jpg", "link": "https://www.flickr.com/photos/115096994@N02/26682222604", "url_b": "https://farm8.staticflickr.com/7427/26682222604_193a9a2078_b.jpg", "title": "OxfordBAICards_IslehamHoard0049_OxfordBAICards_IslehamHoard0050_fb"}, "n_answers": 3, "quorum": 0, "calibration": 0, "created": "2016-06-21T11:33:36.387373", "state": "completed", "project_id": 324, "id": 62706, "priority_0": 0.0}, {"info": {"url": "https://farm8.staticflickr.com/7356/26682222464_54ab706484.jpg", "url_m": "https://farm8.staticflickr.com/7356/26682222464_54ab706484_m.jpg", "link": "https://www.flickr.com/photos/115096994@N02/26682222464", "url_b": "https://farm8.staticflickr.com/7356/26682222464_54ab706484_b.jpg", "title": "OxfordBAICards_IslehamHoard0051_OxfordBAICards_IslehamHoard0052_fb"}, "n_answers": 3, "quorum": 0, "calibration": 0, "created": "2016-06-21T11:33:36.421148", "state": "completed", "project_id": 324, "id": 62707, "priority_0": 0.0}, {"info": {"url": "https://farm8.staticflickr.com/7665/26682223334_c5426884a3.jpg", "url_m": "https://farm8.staticflickr.com/7665/26682223334_c5426884a3_m.jpg", "link": "https://www.flickr.com/photos/115096994@N02/26682223334", "url_b": "https://farm8.staticflickr.com/7665/26682223334_c5426884a3_b.jpg", "title": "OxfordBAICards_IslehamHoard0053_OxfordBAICards_IslehamHoard0054_fb"}, "n_answers": 3, "quorum": 0, "calibration": 0, "created": "2016-06-21T11:33:36.454196", "state": "completed", "project_id": 324, "id": 62708, "priority_0": 0.0}, {"info": {"url": "https://farm8.staticflickr.com/7405/26682221874_bb9ab3535f.jpg", "url_m": "https://farm8.staticflickr.com/7405/26682221874_bb9ab3535f_m.jpg", "link": "https://www.flickr.com/photos/115096994@N02/26682221874", "url_b": "https://farm8.staticflickr.com/7405/26682221874_bb9ab3535f_b.jpg", "title": "OxfordBAICards_IslehamHoard0055_OxfordBAICards_IslehamHoard0056_fb"}, "n_answers": 3, "quorum": 0, "calibration": 0, "created": "2016-06-21T11:33:36.488609", "state": "completed", "project_id": 324, "id": 62709, "priority_0": 0.0}, {"info": {"url": "https://farm8.staticflickr.com/7223/27289254395_de8e1f8d47.jpg", "url_m": "https://farm8.staticflickr.com/7223/27289254395_de8e1f8d47_m.jpg", "link": "https://www.flickr.com/photos/115096994@N02/27289254395", "url_b": "https://farm8.staticflickr.com/7223/27289254395_de8e1f8d47_b.jpg", "title": "OxfordBAICards_IslehamHoard0057_OxfordBAICards_IslehamHoard0058_fb"}, "n_answers": 3, "quorum": 0, "calibration": 0, "created": "2016-06-21T11:33:36.528729", "state": "completed", "project_id": 324, "id": 62710, "priority_0": 0.0}, {"info": {"url": "https://farm8.staticflickr.com/7438/27219270951_db271ca07a.jpg", "url_m": "https://farm8.staticflickr.com/7438/27219270951_db271ca07a_m.jpg", "link": "https://www.flickr.com/photos/115096994@N02/27219270951", "url_b": "https://farm8.staticflickr.com/7438/27219270951_db271ca07a_b.jpg", "title": "OxfordBAICards_IslehamHoard0059_OxfordBAICards_IslehamHoard0060_fb"}, "n_answers": 3, "quorum": 0, "calibration": 0, "created": "2016-06-21T11:33:36.562561", "state": "completed", "project_id": 324, "id": 62711, "priority_0": 0.0}, {"info": {"url": "https://farm8.staticflickr.com/7449/27192664382_ac42f1278d.jpg", "url_m": "https://farm8.staticflickr.com/7449/27192664382_ac42f1278d_m.jpg", "link": "https://www.flickr.com/photos/115096994@N02/27192664382", "url_b": "https://farm8.staticflickr.com/7449/27192664382_ac42f1278d_b.jpg", "title": "OxfordBAICards_IslehamHoard0061_OxfordBAICards_IslehamHoard0062_fb"}, "n_answers": 3, "quorum": 0, "calibration": 0, "created": "2016-06-21T11:33:36.595796", "state": "completed", "project_id": 324, "id": 62712, "priority_0": 0.0}, {"info": {"url": "https://farm8.staticflickr.com/7405/27289253605_0a92bedbac.jpg", "url_m": "https://farm8.staticflickr.com/7405/27289253605_0a92bedbac_m.jpg", "link": "https://www.flickr.com/photos/115096994@N02/27289253605", "url_b": "https://farm8.staticflickr.com/7405/27289253605_0a92bedbac_b.jpg", "title": "OxfordBAICards_IslehamHoard0063_OxfordBAICards_IslehamHoard0064_fb"}, "n_answers": 3, "quorum": 0, "calibration": 0, "created": "2016-06-21T11:33:36.628478", "state": "completed", "project_id": 324, "id": 62713, "priority_0": 0.0}, {"info": {"url": "https://farm8.staticflickr.com/7044/26682220684_ee276fe9ff.jpg", "url_m": "https://farm8.staticflickr.com/7044/26682220684_ee276fe9ff_m.jpg", "link": "https://www.flickr.com/photos/115096994@N02/26682220684", "url_b": "https://farm8.staticflickr.com/7044/26682220684_ee276fe9ff_b.jpg", "title": "OxfordBAICards_IslehamHoard0065_OxfordBAICards_IslehamHoard0066_fb"}, "n_answers": 3, "quorum": 0, "calibration": 0, "created": "2016-06-21T11:33:36.662017", "state": "completed", "project_id": 324, "id": 62714, "priority_0": 0.0}, {"info": {"url": "https://farm8.staticflickr.com/7543/26682221124_3356a521d7.jpg", "url_m": "https://farm8.staticflickr.com/7543/26682221124_3356a521d7_m.jpg", "link": "https://www.flickr.com/photos/115096994@N02/26682221124", "url_b": "https://farm8.staticflickr.com/7543/26682221124_3356a521d7_b.jpg", "title": "OxfordBAICards_IslehamHoard0067_OxfordBAICards_IslehamHoard0068_fb"}, "n_answers": 3, "quorum": 0, "calibration": 0, "created": "2016-06-21T11:33:36.695373", "state": "completed", "project_id": 324, "id": 62715, "priority_0": 0.0}, {"info": {"url": "https://farm8.staticflickr.com/7484/27219270551_8cbae5fa4b.jpg", "url_m": "https://farm8.staticflickr.com/7484/27219270551_8cbae5fa4b_m.jpg", "link": "https://www.flickr.com/photos/115096994@N02/27219270551", "url_b": "https://farm8.staticflickr.com/7484/27219270551_8cbae5fa4b_b.jpg", "title": "OxfordBAICards_IslehamHoard0069_OxfordBAICards_IslehamHoard0070_fb"}, "n_answers": 3, "quorum": 0, "calibration": 0, "created": "2016-06-21T11:33:36.729653", "state": "completed", "project_id": 324, "id": 62716, "priority_0": 0.0}, {"info": {"url": "https://farm8.staticflickr.com/7144/26682220174_c472e254f6.jpg", "url_m": "https://farm8.staticflickr.com/7144/26682220174_c472e254f6_m.jpg", "link": "https://www.flickr.com/photos/115096994@N02/26682220174", "url_b": "https://farm8.staticflickr.com/7144/26682220174_c472e254f6_b.jpg", "title": "OxfordBAICards_IslehamHoard0071_OxfordBAICards_IslehamHoard0072_fb"}, "n_answers": 3, "quorum": 0, "calibration": 0, "created": "2016-06-21T11:33:36.762577", "state": "completed", "project_id": 324, "id": 62717, "priority_0": 0.0}, {"info": {"url": "https://farm8.staticflickr.com/7307/27289252475_87e5dfde8e.jpg", "url_m": "https://farm8.staticflickr.com/7307/27289252475_87e5dfde8e_m.jpg", "link": "https://www.flickr.com/photos/115096994@N02/27289252475", "url_b": "https://farm8.staticflickr.com/7307/27289252475_87e5dfde8e_b.jpg", "title": "OxfordBAICards_IslehamHoard0073_OxfordBAICards_IslehamHoard0074_fb"}, "n_answers": 3, "quorum": 0, "calibration": 0, "created": "2016-06-21T11:33:36.794797", "state": "completed", "project_id": 324, "id": 62718, "priority_0": 0.0}, {"info": {"url": "https://farm8.staticflickr.com/7340/27192663142_52eb6ea284.jpg", "url_m": "https://farm8.staticflickr.com/7340/27192663142_52eb6ea284_m.jpg", "link": "https://www.flickr.com/photos/115096994@N02/27192663142", "url_b": "https://farm8.staticflickr.com/7340/27192663142_52eb6ea284_b.jpg", "title": "OxfordBAICards_IslehamHoard0075_OxfordBAICards_IslehamHoard0076_fb"}, "n_answers": 3, "quorum": 0, "calibration": 0, "created": "2016-06-21T11:33:36.828297", "state": "completed", "project_id": 324, "id": 62719, "priority_0": 0.0}, {"info": {"url": "https://farm8.staticflickr.com/7618/27219270321_d4ff11d45a.jpg", "url_m": "https://farm8.staticflickr.com/7618/27219270321_d4ff11d45a_m.jpg", "link": "https://www.flickr.com/photos/115096994@N02/27219270321", "url_b": "https://farm8.staticflickr.com/7618/27219270321_d4ff11d45a_b.jpg", "title": "OxfordBAICards_IslehamHoard0077_OxfordBAICards_IslehamHoard0078_fb"}, "n_answers": 3, "quorum": 0, "calibration": 0, "created": "2016-06-21T11:33:36.862473", "state": "completed", "project_id": 324, "id": 62720, "priority_0": 0.0}, {"info": {"url": "https://farm8.staticflickr.com/7606/27289252595_edc66630be.jpg", "url_m": "https://farm8.staticflickr.com/7606/27289252595_edc66630be_m.jpg", "link": "https://www.flickr.com/photos/115096994@N02/27289252595", "url_b": "https://farm8.staticflickr.com/7606/27289252595_edc66630be_b.jpg", "title": "OxfordBAICards_IslehamHoard0079_OxfordBAICards_IslehamHoard0080_fb"}, "n_answers": 3, "quorum": 0, "calibration": 0, "created": "2016-06-21T11:33:36.894765", "state": "completed", "project_id": 324, "id": 62721, "priority_0": 0.0}, {"info": {"url": "https://farm8.staticflickr.com/7499/27192662792_c6ab068c95.jpg", "url_m": "https://farm8.staticflickr.com/7499/27192662792_c6ab068c95_m.jpg", "link": "https://www.flickr.com/photos/115096994@N02/27192662792", "url_b": "https://farm8.staticflickr.com/7499/27192662792_c6ab068c95_b.jpg", "title": "OxfordBAICards_IslehamHoard0081_OxfordBAICards_IslehamHoard0082_fb"}, "n_answers": 3, "quorum": 0, "calibration": 0, "created": "2016-06-21T11:33:36.928095", "state": "completed", "project_id": 324, "id": 62722, "priority_0": 0.0}, {"info": {"url": "https://farm8.staticflickr.com/7283/27013948800_05cce24df4.jpg", "url_m": "https://farm8.staticflickr.com/7283/27013948800_05cce24df4_m.jpg", "link": "https://www.flickr.com/photos/115096994@N02/27013948800", "url_b": "https://farm8.staticflickr.com/7283/27013948800_05cce24df4_b.jpg", "title": "OxfordBAICards_IslehamHoard0083_OxfordBAICards_IslehamHoard0084_fb"}, "n_answers": 3, "quorum": 0, "calibration": 0, "created": "2016-06-21T11:33:36.961590", "state": "completed", "project_id": 324, "id": 62723, "priority_0": 0.0}, {"info": {"url": "https://farm8.staticflickr.com/7689/27192662122_91a499a6b9.jpg", "url_m": "https://farm8.staticflickr.com/7689/27192662122_91a499a6b9_m.jpg", "link": "https://www.flickr.com/photos/115096994@N02/27192662122", "url_b": "https://farm8.staticflickr.com/7689/27192662122_91a499a6b9_b.jpg", "title": "OxfordBAICards_IslehamHoard0085_OxfordBAICards_IslehamHoard0086_fb"}, "n_answers": 3, "quorum": 0, "calibration": 0, "created": "2016-06-21T11:33:36.994918", "state": "completed", "project_id": 324, "id": 62724, "priority_0": 0.0}, {"info": {"url": "https://farm8.staticflickr.com/7743/26682218034_d54b92fb02.jpg", "url_m": "https://farm8.staticflickr.com/7743/26682218034_d54b92fb02_m.jpg", "link": "https://www.flickr.com/photos/115096994@N02/26682218034", "url_b": "https://farm8.staticflickr.com/7743/26682218034_d54b92fb02_b.jpg", "title": "OxfordBAICards_IslehamHoard0087_OxfordBAICards_IslehamHoard0088_fb"}, "n_answers": 3, "quorum": 0, "calibration": 0, "created": "2016-06-21T11:33:37.032993", "state": "completed", "project_id": 324, "id": 62725, "priority_0": 0.0}, {"info": {"url": "https://farm8.staticflickr.com/7524/27192661782_627ac76f4b.jpg", "url_m": "https://farm8.staticflickr.com/7524/27192661782_627ac76f4b_m.jpg", "link": "https://www.flickr.com/photos/115096994@N02/27192661782", "url_b": "https://farm8.staticflickr.com/7524/27192661782_627ac76f4b_b.jpg", "title": "OxfordBAICards_IslehamHoard0089_OxfordBAICards_IslehamHoard0090_fb"}, "n_answers": 3, "quorum": 0, "calibration": 0, "created": "2016-06-21T11:33:37.070491", "state": "completed", "project_id": 324, "id": 62726, "priority_0": 0.0}, {"info": {"url": "https://farm8.staticflickr.com/7395/27289250665_ea56abda80.jpg", "url_m": "https://farm8.staticflickr.com/7395/27289250665_ea56abda80_m.jpg", "link": "https://www.flickr.com/photos/115096994@N02/27289250665", "url_b": "https://farm8.staticflickr.com/7395/27289250665_ea56abda80_b.jpg", "title": "OxfordBAICards_IslehamHoard0091_OxfordBAICards_IslehamHoard0092_fb"}, "n_answers": 3, "quorum": 0, "calibration": 0, "created": "2016-06-21T11:33:37.103640", "state": "completed", "project_id": 324, "id": 62727, "priority_0": 0.0}, {"info": {"url": "https://farm8.staticflickr.com/7316/27192661512_5bf52b389a.jpg", "url_m": "https://farm8.staticflickr.com/7316/27192661512_5bf52b389a_m.jpg", "link": "https://www.flickr.com/photos/115096994@N02/27192661512", "url_b": "https://farm8.staticflickr.com/7316/27192661512_5bf52b389a_b.jpg", "title": "OxfordBAICards_IslehamHoard0093_OxfordBAICards_IslehamHoard0094_fb"}, "n_answers": 3, "quorum": 0, "calibration": 0, "created": "2016-06-21T11:33:37.136069", "state": "completed", "project_id": 324, "id": 62728, "priority_0": 0.0}, {"info": {"url": "https://farm8.staticflickr.com/7531/27289250115_bfa550e81d.jpg", "url_m": "https://farm8.staticflickr.com/7531/27289250115_bfa550e81d_m.jpg", "link": "https://www.flickr.com/photos/115096994@N02/27289250115", "url_b": "https://farm8.staticflickr.com/7531/27289250115_bfa550e81d_b.jpg", "title": "OxfordBAICards_IslehamHoard0095_OxfordBAICards_IslehamHoard0096_fb"}, "n_answers": 3, "quorum": 0, "calibration": 0, "created": "2016-06-21T11:33:37.169254", "state": "completed", "project_id": 324, "id": 62729, "priority_0": 0.0}, {"info": {"url": "https://farm8.staticflickr.com/7423/26682217014_f6886aeb9d.jpg", "url_m": "https://farm8.staticflickr.com/7423/26682217014_f6886aeb9d_m.jpg", "link": "https://www.flickr.com/photos/115096994@N02/26682217014", "url_b": "https://farm8.staticflickr.com/7423/26682217014_f6886aeb9d_b.jpg", "title": "OxfordBAICards_IslehamHoard0097_OxfordBAICards_IslehamHoard0098_fb"}, "n_answers": 3, "quorum": 0, "calibration": 0, "created": "2016-06-21T11:33:37.202444", "state": "completed", "project_id": 324, "id": 62730, "priority_0": 0.0}, {"info": {"url": "https://farm8.staticflickr.com/7181/27192661252_d917f73dd1.jpg", "url_m": "https://farm8.staticflickr.com/7181/27192661252_d917f73dd1_m.jpg", "link": "https://www.flickr.com/photos/115096994@N02/27192661252", "url_b": "https://farm8.staticflickr.com/7181/27192661252_d917f73dd1_b.jpg", "title": "OxfordBAICards_IslehamHoard0099_OxfordBAICards_IslehamHoard0100_fb"}, "n_answers": 3, "quorum": 0, "calibration": 0, "created": "2016-06-21T11:33:37.235733", "state": "completed", "project_id": 324, "id": 62731, "priority_0": 0.0}, {"info": {"url": "https://farm8.staticflickr.com/7305/26682216694_244171b64f.jpg", "url_m": "https://farm8.staticflickr.com/7305/26682216694_244171b64f_m.jpg", "link": "https://www.flickr.com/photos/115096994@N02/26682216694", "url_b": "https://farm8.staticflickr.com/7305/26682216694_244171b64f_b.jpg", "title": "OxfordBAICards_IslehamHoard0101_OxfordBAICards_IslehamHoard0102_fb"}, "n_answers": 3, "quorum": 0, "calibration": 0, "created": "2016-06-21T11:33:37.268822", "state": "completed", "project_id": 324, "id": 62732, "priority_0": 0.0}, {"info": {"url": "https://farm8.staticflickr.com/7337/27013947870_cb69b552bd.jpg", "url_m": "https://farm8.staticflickr.com/7337/27013947870_cb69b552bd_m.jpg", "link": "https://www.flickr.com/photos/115096994@N02/27013947870", "url_b": "https://farm8.staticflickr.com/7337/27013947870_cb69b552bd_b.jpg", "title": "OxfordBAICards_IslehamHoard0103_OxfordBAICards_IslehamHoard0104_fb"}, "n_answers": 3, "quorum": 0, "calibration": 0, "created": "2016-06-21T11:33:37.302126", "state": "completed", "project_id": 324, "id": 62733, "priority_0": 0.0}, {"info": {"url": "https://farm8.staticflickr.com/7060/26682216354_8419a2b5e2.jpg", "url_m": "https://farm8.staticflickr.com/7060/26682216354_8419a2b5e2_m.jpg", "link": "https://www.flickr.com/photos/115096994@N02/26682216354", "url_b": "https://farm8.staticflickr.com/7060/26682216354_8419a2b5e2_b.jpg", "title": "OxfordBAICards_IslehamHoard0105_OxfordBAICards_IslehamHoard0106_fb"}, "n_answers": 3, "quorum": 0, "calibration": 0, "created": "2016-06-21T11:33:37.335274", "state": "completed", "project_id": 324, "id": 62734, "priority_0": 0.0}, {"info": {"url": "https://farm8.staticflickr.com/7347/27289248565_6271ef4e54.jpg", "url_m": "https://farm8.staticflickr.com/7347/27289248565_6271ef4e54_m.jpg", "link": "https://www.flickr.com/photos/115096994@N02/27289248565", "url_b": "https://farm8.staticflickr.com/7347/27289248565_6271ef4e54_b.jpg", "title": "OxfordBAICards_IslehamHoard0107_OxfordBAICards_IslehamHoard0108_fb"}, "n_answers": 3, "quorum": 0, "calibration": 0, "created": "2016-06-21T11:33:37.368549", "state": "completed", "project_id": 324, "id": 62735, "priority_0": 0.0}, {"info": {"url": "https://farm8.staticflickr.com/7045/27289248295_e48724e41f.jpg", "url_m": "https://farm8.staticflickr.com/7045/27289248295_e48724e41f_m.jpg", "link": "https://www.flickr.com/photos/115096994@N02/27289248295", "url_b": "https://farm8.staticflickr.com/7045/27289248295_e48724e41f_b.jpg", "title": "OxfordBAICards_IslehamHoard0109_OxfordBAICards_IslehamHoard0110_fb"}, "n_answers": 3, "quorum": 0, "calibration": 0, "created": "2016-06-21T11:33:37.402239", "state": "completed", "project_id": 324, "id": 62736, "priority_0": 0.0}, {"info": {"url": "https://farm8.staticflickr.com/7641/27289247965_0c034a614f.jpg", "url_m": "https://farm8.staticflickr.com/7641/27289247965_0c034a614f_m.jpg", "link": "https://www.flickr.com/photos/115096994@N02/27289247965", "url_b": "https://farm8.staticflickr.com/7641/27289247965_0c034a614f_b.jpg", "title": "OxfordBAICards_IslehamHoard0111_OxfordBAICards_IslehamHoard0112_fb"}, "n_answers": 3, "quorum": 0, "calibration": 0, "created": "2016-06-21T11:33:37.436004", "state": "completed", "project_id": 324, "id": 62737, "priority_0": 0.0}, {"info": {"url": "https://farm8.staticflickr.com/7494/27289247265_6b3483a49c.jpg", "url_m": "https://farm8.staticflickr.com/7494/27289247265_6b3483a49c_m.jpg", "link": "https://www.flickr.com/photos/115096994@N02/27289247265", "url_b": "https://farm8.staticflickr.com/7494/27289247265_6b3483a49c_b.jpg", "title": "OxfordBAICards_IslehamHoard0113_OxfordBAICards_IslehamHoard0114_fb"}, "n_answers": 3, "quorum": 0, "calibration": 0, "created": "2016-06-21T11:33:37.468834", "state": "completed", "project_id": 324, "id": 62738, "priority_0": 0.0}, {"info": {"url": "https://farm8.staticflickr.com/7220/27289247065_3dd0a02ceb.jpg", "url_m": "https://farm8.staticflickr.com/7220/27289247065_3dd0a02ceb_m.jpg", "link": "https://www.flickr.com/photos/115096994@N02/27289247065", "url_b": "https://farm8.staticflickr.com/7220/27289247065_3dd0a02ceb_b.jpg", "title": "OxfordBAICards_IslehamHoard0115_OxfordBAICards_IslehamHoard0116_fb"}, "n_answers": 3, "quorum": 0, "calibration": 0, "created": "2016-06-21T11:33:37.501939", "state": "completed", "project_id": 324, "id": 62739, "priority_0": 0.0}, {"info": {"url": "https://farm8.staticflickr.com/7454/27289246775_9635204f75.jpg", "url_m": "https://farm8.staticflickr.com/7454/27289246775_9635204f75_m.jpg", "link": "https://www.flickr.com/photos/115096994@N02/27289246775", "url_b": "https://farm8.staticflickr.com/7454/27289246775_9635204f75_b.jpg", "title": "OxfordBAICards_IslehamHoard0117_OxfordBAICards_IslehamHoard0118_fb"}, "n_answers": 3, "quorum": 0, "calibration": 0, "created": "2016-06-21T11:33:37.535924", "state": "completed", "project_id": 324, "id": 62740, "priority_0": 0.0}, {"info": {"url": "https://farm8.staticflickr.com/7325/27289246675_15d04f0c04.jpg", "url_m": "https://farm8.staticflickr.com/7325/27289246675_15d04f0c04_m.jpg", "link": "https://www.flickr.com/photos/115096994@N02/27289246675", "url_b": "https://farm8.staticflickr.com/7325/27289246675_15d04f0c04_b.jpg", "title": "OxfordBAICards_IslehamHoard0119_OxfordBAICards_IslehamHoard0120_fb"}, "n_answers": 3, "quorum": 0, "calibration": 0, "created": "2016-06-21T11:33:37.569408", "state": "completed", "project_id": 324, "id": 62741, "priority_0": 0.0}, {"info": {"url": "https://farm8.staticflickr.com/7367/27289246445_344ca3171a.jpg", "url_m": "https://farm8.staticflickr.com/7367/27289246445_344ca3171a_m.jpg", "link": "https://www.flickr.com/photos/115096994@N02/27289246445", "url_b": "https://farm8.staticflickr.com/7367/27289246445_344ca3171a_b.jpg", "title": "OxfordBAICards_IslehamHoard0121_OxfordBAICards_IslehamHoard0122_fb"}, "n_answers": 3, "quorum": 0, "calibration": 0, "created": "2016-06-21T11:33:37.603715", "state": "completed", "project_id": 324, "id": 62742, "priority_0": 0.0}, {"info": {"url": "https://farm8.staticflickr.com/7376/27289246275_755cb2c79e.jpg", "url_m": "https://farm8.staticflickr.com/7376/27289246275_755cb2c79e_m.jpg", "link": "https://www.flickr.com/photos/115096994@N02/27289246275", "url_b": "https://farm8.staticflickr.com/7376/27289246275_755cb2c79e_b.jpg", "title": "OxfordBAICards_IslehamHoard0123_OxfordBAICards_IslehamHoard0124_fb"}, "n_answers": 3, "quorum": 0, "calibration": 0, "created": "2016-06-21T11:33:37.636132", "state": "completed", "project_id": 324, "id": 62743, "priority_0": 0.0}, {"info": {"url": "https://farm8.staticflickr.com/7393/27289246085_0726b8a32c.jpg", "url_m": "https://farm8.staticflickr.com/7393/27289246085_0726b8a32c_m.jpg", "link": "https://www.flickr.com/photos/115096994@N02/27289246085", "url_b": "https://farm8.staticflickr.com/7393/27289246085_0726b8a32c_b.jpg", "title": "OxfordBAICards_IslehamHoard0125_OxfordBAICards_IslehamHoard0126_fb"}, "n_answers": 3, "quorum": 0, "calibration": 0, "created": "2016-06-21T11:33:37.669501", "state": "completed", "project_id": 324, "id": 62744, "priority_0": 0.0}, {"info": {"url": "https://farm8.staticflickr.com/7397/27289245865_b613ced768.jpg", "url_m": "https://farm8.staticflickr.com/7397/27289245865_b613ced768_m.jpg", "link": "https://www.flickr.com/photos/115096994@N02/27289245865", "url_b": "https://farm8.staticflickr.com/7397/27289245865_b613ced768_b.jpg", "title": "OxfordBAICards_IslehamHoard0127_OxfordBAICards_IslehamHoard0128_fb"}, "n_answers": 3, "quorum": 0, "calibration": 0, "created": "2016-06-21T11:33:37.702700", "state": "completed", "project_id": 324, "id": 62745, "priority_0": 0.0}, {"info": {"url": "https://farm8.staticflickr.com/7297/27289245585_99072b2aef.jpg", "url_m": "https://farm8.staticflickr.com/7297/27289245585_99072b2aef_m.jpg", "link": "https://www.flickr.com/photos/115096994@N02/27289245585", "url_b": "https://farm8.staticflickr.com/7297/27289245585_99072b2aef_b.jpg", "title": "OxfordBAICards_IslehamHoard0129_OxfordBAICards_IslehamHoard0130_fb"}, "n_answers": 3, "quorum": 0, "calibration": 0, "created": "2016-06-21T11:33:37.736085", "state": "completed", "project_id": 324, "id": 62746, "priority_0": 0.0}, {"info": {"url": "https://farm8.staticflickr.com/7369/27289245245_2c96ec9441.jpg", "url_m": "https://farm8.staticflickr.com/7369/27289245245_2c96ec9441_m.jpg", "link": "https://www.flickr.com/photos/115096994@N02/27289245245", "url_b": "https://farm8.staticflickr.com/7369/27289245245_2c96ec9441_b.jpg", "title": "OxfordBAICards_IslehamHoard0131_OxfordBAICards_IslehamHoard0132_fb"}, "n_answers": 3, "quorum": 0, "calibration": 0, "created": "2016-06-21T11:33:37.769421", "state": "completed", "project_id": 324, "id": 62747, "priority_0": 0.0}, {"info": {"url": "https://farm8.staticflickr.com/7223/27289245015_2c8f049c39.jpg", "url_m": "https://farm8.staticflickr.com/7223/27289245015_2c8f049c39_m.jpg", "link": "https://www.flickr.com/photos/115096994@N02/27289245015", "url_b": "https://farm8.staticflickr.com/7223/27289245015_2c8f049c39_b.jpg", "title": "OxfordBAICards_IslehamHoard0133_OxfordBAICards_IslehamHoard0134_fb"}, "n_answers": 3, "quorum": 0, "calibration": 0, "created": "2016-06-21T11:33:37.802122", "state": "completed", "project_id": 324, "id": 62748, "priority_0": 0.0}, {"info": {"url": "https://farm8.staticflickr.com/7206/27289244695_ce92795a6d.jpg", "url_m": "https://farm8.staticflickr.com/7206/27289244695_ce92795a6d_m.jpg", "link": "https://www.flickr.com/photos/115096994@N02/27289244695", "url_b": "https://farm8.staticflickr.com/7206/27289244695_ce92795a6d_b.jpg", "title": "OxfordBAICards_IslehamHoard0135_OxfordBAICards_IslehamHoard0136_fb"}, "n_answers": 3, "quorum": 0, "calibration": 0, "created": "2016-06-21T11:33:37.835659", "state": "completed", "project_id": 324, "id": 62749, "priority_0": 0.0}, {"info": {"url": "https://farm8.staticflickr.com/7722/27255859626_467666b249.jpg", "url_m": "https://farm8.staticflickr.com/7722/27255859626_467666b249_m.jpg", "link": "https://www.flickr.com/photos/115096994@N02/27255859626", "url_b": "https://farm8.staticflickr.com/7722/27255859626_467666b249_b.jpg", "title": "OxfordBAICards_IslehamHoard0137_OxfordBAICards_IslehamHoard0138_fb"}, "n_answers": 3, "quorum": 0, "calibration": 0, "created": "2016-06-21T11:33:37.868999", "state": "completed", "project_id": 324, "id": 62750, "priority_0": 0.0}, {"info": {"url": "https://farm8.staticflickr.com/7651/27289244075_89406efd28.jpg", "url_m": "https://farm8.staticflickr.com/7651/27289244075_89406efd28_m.jpg", "link": "https://www.flickr.com/photos/115096994@N02/27289244075", "url_b": "https://farm8.staticflickr.com/7651/27289244075_89406efd28_b.jpg", "title": "OxfordBAICards_IslehamHoard0139_OxfordBAICards_IslehamHoard0140_fb"}, "n_answers": 3, "quorum": 0, "calibration": 0, "created": "2016-06-21T11:33:37.902550", "state": "completed", "project_id": 324, "id": 62751, "priority_0": 0.0}, {"info": {"url": "https://farm8.staticflickr.com/7376/27192658002_e296b63cc4.jpg", "url_m": "https://farm8.staticflickr.com/7376/27192658002_e296b63cc4_m.jpg", "link": "https://www.flickr.com/photos/115096994@N02/27192658002", "url_b": "https://farm8.staticflickr.com/7376/27192658002_e296b63cc4_b.jpg", "title": "OxfordBAICards_IslehamHoard0141_OxfordBAICards_IslehamHoard0142_fb"}, "n_answers": 3, "quorum": 0, "calibration": 0, "created": "2016-06-21T11:33:37.935227", "state": "completed", "project_id": 324, "id": 62752, "priority_0": 0.0}, {"info": {"url": "https://farm8.staticflickr.com/7411/27289243275_773e5c3591.jpg", "url_m": "https://farm8.staticflickr.com/7411/27289243275_773e5c3591_m.jpg", "link": "https://www.flickr.com/photos/115096994@N02/27289243275", "url_b": "https://farm8.staticflickr.com/7411/27289243275_773e5c3591_b.jpg", "title": "OxfordBAICards_IslehamHoard0143_OxfordBAICards_IslehamHoard0144_fb"}, "n_answers": 3, "quorum": 0, "calibration": 0, "created": "2016-06-21T11:33:37.969292", "state": "completed", "project_id": 324, "id": 62753, "priority_0": 0.0}, {"info": {"url": "https://farm8.staticflickr.com/7412/27255858706_3a664950f7.jpg", "url_m": "https://farm8.staticflickr.com/7412/27255858706_3a664950f7_m.jpg", "link": "https://www.flickr.com/photos/115096994@N02/27255858706", "url_b": "https://farm8.staticflickr.com/7412/27255858706_3a664950f7_b.jpg", "title": "OxfordBAICards_IslehamHoard0145_OxfordBAICards_IslehamHoard0146_fb"}, "n_answers": 3, "quorum": 0, "calibration": 0, "created": "2016-06-21T11:33:38.002219", "state": "completed", "project_id": 324, "id": 62754, "priority_0": 0.0}, {"info": {"url": "https://farm8.staticflickr.com/7760/27192656572_cc804f34fb.jpg", "url_m": "https://farm8.staticflickr.com/7760/27192656572_cc804f34fb_m.jpg", "link": "https://www.flickr.com/photos/115096994@N02/27192656572", "url_b": "https://farm8.staticflickr.com/7760/27192656572_cc804f34fb_b.jpg", "title": "OxfordBAICards_IslehamHoard0147_OxfordBAICards_IslehamHoard0148_fb"}, "n_answers": 3, "quorum": 0, "calibration": 0, "created": "2016-06-21T11:33:38.035435", "state": "completed", "project_id": 324, "id": 62755, "priority_0": 0.0}, {"info": {"url": "https://farm8.staticflickr.com/7518/27255858356_124a848f21.jpg", "url_m": "https://farm8.staticflickr.com/7518/27255858356_124a848f21_m.jpg", "link": "https://www.flickr.com/photos/115096994@N02/27255858356", "url_b": "https://farm8.staticflickr.com/7518/27255858356_124a848f21_b.jpg", "title": "OxfordBAICards_IslehamHoard0149_OxfordBAICards_IslehamHoard0150_fb"}, "n_answers": 3, "quorum": 0, "calibration": 0, "created": "2016-06-21T11:33:38.068824", "state": "completed", "project_id": 324, "id": 62756, "priority_0": 0.0}, {"info": {"url": "https://farm8.staticflickr.com/7313/27289242025_62cccb02df.jpg", "url_m": "https://farm8.staticflickr.com/7313/27289242025_62cccb02df_m.jpg", "link": "https://www.flickr.com/photos/115096994@N02/27289242025", "url_b": "https://farm8.staticflickr.com/7313/27289242025_62cccb02df_b.jpg", "title": "OxfordBAICards_IslehamHoard0151_OxfordBAICards_IslehamHoard0152_fb"}, "n_answers": 3, "quorum": 0, "calibration": 0, "created": "2016-06-21T11:33:38.102669", "state": "completed", "project_id": 324, "id": 62757, "priority_0": 0.0}, {"info": {"url": "https://farm8.staticflickr.com/7307/27255858036_f6a19e1ef6.jpg", "url_m": "https://farm8.staticflickr.com/7307/27255858036_f6a19e1ef6_m.jpg", "link": "https://www.flickr.com/photos/115096994@N02/27255858036", "url_b": "https://farm8.staticflickr.com/7307/27255858036_f6a19e1ef6_b.jpg", "title": "OxfordBAICards_IslehamHoard0153_OxfordBAICards_IslehamHoard0154_fb"}, "n_answers": 3, "quorum": 0, "calibration": 0, "created": "2016-06-21T11:33:38.135735", "state": "completed", "project_id": 324, "id": 62758, "priority_0": 0.0}, {"info": {"url": "https://farm8.staticflickr.com/7457/27289241555_c0ac9b3918.jpg", "url_m": "https://farm8.staticflickr.com/7457/27289241555_c0ac9b3918_m.jpg", "link": "https://www.flickr.com/photos/115096994@N02/27289241555", "url_b": "https://farm8.staticflickr.com/7457/27289241555_c0ac9b3918_b.jpg", "title": "OxfordBAICards_IslehamHoard0155_OxfordBAICards_IslehamHoard0156_fb"}, "n_answers": 3, "quorum": 0, "calibration": 0, "created": "2016-06-21T11:33:38.169226", "state": "completed", "project_id": 324, "id": 62759, "priority_0": 0.0}, {"info": {"url": "https://farm8.staticflickr.com/7422/27013943260_f02b30aa43.jpg", "url_m": "https://farm8.staticflickr.com/7422/27013943260_f02b30aa43_m.jpg", "link": "https://www.flickr.com/photos/115096994@N02/27013943260", "url_b": "https://farm8.staticflickr.com/7422/27013943260_f02b30aa43_b.jpg", "title": "OxfordBAICards_IslehamHoard0157_OxfordBAICards_IslehamHoard0158_fb"}, "n_answers": 3, "quorum": 0, "calibration": 0, "created": "2016-06-21T11:33:38.202274", "state": "completed", "project_id": 324, "id": 62760, "priority_0": 0.0}, {"info": {"url": "https://farm8.staticflickr.com/7294/27192655962_80b5951a55.jpg", "url_m": "https://farm8.staticflickr.com/7294/27192655962_80b5951a55_m.jpg", "link": "https://www.flickr.com/photos/115096994@N02/27192655962", "url_b": "https://farm8.staticflickr.com/7294/27192655962_80b5951a55_b.jpg", "title": "OxfordBAICards_IslehamHoard0159_OxfordBAICards_IslehamHoard0160_fb"}, "n_answers": 3, "quorum": 0, "calibration": 0, "created": "2016-06-21T11:33:38.235771", "state": "completed", "project_id": 324, "id": 62761, "priority_0": 0.0}, {"info": {"url": "https://farm8.staticflickr.com/7371/27013942440_41ea31b4d1.jpg", "url_m": "https://farm8.staticflickr.com/7371/27013942440_41ea31b4d1_m.jpg", "link": "https://www.flickr.com/photos/115096994@N02/27013942440", "url_b": "https://farm8.staticflickr.com/7371/27013942440_41ea31b4d1_b.jpg", "title": "OxfordBAICards_IslehamHoard0161_OxfordBAICards_IslehamHoard0162_fb"}, "n_answers": 3, "quorum": 0, "calibration": 0, "created": "2016-06-21T11:33:38.268933", "state": "completed", "project_id": 324, "id": 62762, "priority_0": 0.0}, {"info": {"url": "https://farm8.staticflickr.com/7278/27192655772_d735cf0ebb.jpg", "url_m": "https://farm8.staticflickr.com/7278/27192655772_d735cf0ebb_m.jpg", "link": "https://www.flickr.com/photos/115096994@N02/27192655772", "url_b": "https://farm8.staticflickr.com/7278/27192655772_d735cf0ebb_b.jpg", "title": "OxfordBAICards_IslehamHoard0163_OxfordBAICards_IslehamHoard0164_fb"}, "n_answers": 3, "quorum": 0, "calibration": 0, "created": "2016-06-21T11:33:38.302394", "state": "completed", "project_id": 324, "id": 62763, "priority_0": 0.0}, {"info": {"url": "https://farm8.staticflickr.com/7440/27013942150_0c0e7aa0b7.jpg", "url_m": "https://farm8.staticflickr.com/7440/27013942150_0c0e7aa0b7_m.jpg", "link": "https://www.flickr.com/photos/115096994@N02/27013942150", "url_b": "https://farm8.staticflickr.com/7440/27013942150_0c0e7aa0b7_b.jpg", "title": "OxfordBAICards_IslehamHoard0165_OxfordBAICards_IslehamHoard0166_fb"}, "n_answers": 3, "quorum": 0, "calibration": 0, "created": "2016-06-21T11:33:38.335683", "state": "completed", "project_id": 324, "id": 62764, "priority_0": 0.0}, {"info": {"url": "https://farm8.staticflickr.com/7424/27192655552_7ac88d1b5a.jpg", "url_m": "https://farm8.staticflickr.com/7424/27192655552_7ac88d1b5a_m.jpg", "link": "https://www.flickr.com/photos/115096994@N02/27192655552", "url_b": "https://farm8.staticflickr.com/7424/27192655552_7ac88d1b5a_b.jpg", "title": "OxfordBAICards_IslehamHoard0167_OxfordBAICards_IslehamHoard0168_fb"}, "n_answers": 3, "quorum": 0, "calibration": 0, "created": "2016-06-21T11:33:38.369238", "state": "completed", "project_id": 324, "id": 62765, "priority_0": 0.0}]