[{"info": {"url": "https://farm6.staticflickr.com/5444/17314225383_bbb7056bd7.jpg", "url_m": "https://farm6.staticflickr.com/5444/17314225383_bbb7056bd7_m.jpg", "link": "https://www.flickr.com/photos/115096994@N02/17314225383", "url_b": "https://farm6.staticflickr.com/5444/17314225383_bbb7056bd7_b.jpg", "title": "Unprov_ForeignAdze0001_Unprov_ForeignAdze0002_fb"}, "n_answers": 3, "quorum": 0, "calibration": 0, "created": "2015-05-23T17:13:33.078781", "state": "completed", "project_id": 205, "id": 38988, "priority_0": 0.0}, {"info": {"url": "https://farm6.staticflickr.com/5441/17747960968_bf664faf06.jpg", "url_m": "https://farm6.staticflickr.com/5441/17747960968_bf664faf06_m.jpg", "link": "https://www.flickr.com/photos/115096994@N02/17747960968", "url_b": "https://farm6.staticflickr.com/5441/17747960968_bf664faf06_b.jpg", "title": "Unprov_ForeignAdze0003_Unprov_ForeignAdze0004_fb"}, "n_answers": 3, "quorum": 0, "calibration": 0, "created": "2015-05-23T17:13:33.133399", "state": "completed", "project_id": 205, "id": 38989, "priority_0": 0.0}, {"info": {"url": "https://farm6.staticflickr.com/5321/17932735672_0906231624.jpg", "url_m": "https://farm6.staticflickr.com/5321/17932735672_0906231624_m.jpg", "link": "https://www.flickr.com/photos/115096994@N02/17932735672", "url_b": "https://farm6.staticflickr.com/5321/17932735672_0906231624_b.jpg", "title": "Unprov_ForeignAdze0005_Unprov_ForeignAdze0006_fb"}, "n_answers": 3, "quorum": 0, "calibration": 0, "created": "2015-05-23T17:13:33.157815", "state": "completed", "project_id": 205, "id": 38990, "priority_0": 0.0}, {"info": {"url": "https://farm9.staticflickr.com/8805/17747585218_c3b2830906.jpg", "url_m": "https://farm9.staticflickr.com/8805/17747585218_c3b2830906_m.jpg", "link": "https://www.flickr.com/photos/115096994@N02/17747585218", "url_b": "https://farm9.staticflickr.com/8805/17747585218_c3b2830906_b.jpg", "title": "Unprov_ForeignAdze0009_Unprov_ForeignAdze0010_fb"}, "n_answers": 3, "quorum": 0, "calibration": 0, "created": "2015-05-23T17:13:33.182696", "state": "completed", "project_id": 205, "id": 38991, "priority_0": 0.0}, {"info": {"url": "https://farm6.staticflickr.com/5348/17932735272_bdabc16854.jpg", "url_m": "https://farm6.staticflickr.com/5348/17932735272_bdabc16854_m.jpg", "link": "https://www.flickr.com/photos/115096994@N02/17932735272", "url_b": "https://farm6.staticflickr.com/5348/17932735272_bdabc16854_b.jpg", "title": "Unprov_ForeignAdze0011_Unprov_ForeignAdze0012_fb"}, "n_answers": 3, "quorum": 0, "calibration": 0, "created": "2015-05-23T17:13:33.207632", "state": "completed", "project_id": 205, "id": 38992, "priority_0": 0.0}, {"info": {"url": "https://farm8.staticflickr.com/7758/17748965019_feae21836d.jpg", "url_m": "https://farm8.staticflickr.com/7758/17748965019_feae21836d_m.jpg", "link": "https://www.flickr.com/photos/115096994@N02/17748965019", "url_b": "https://farm8.staticflickr.com/7758/17748965019_feae21836d_b.jpg", "title": "Unprov_ForeignAxe0001_Unprov_ForeignAxe0002_fb"}, "n_answers": 3, "quorum": 0, "calibration": 0, "created": "2015-05-23T17:13:33.232665", "state": "completed", "project_id": 205, "id": 38993, "priority_0": 0.0}, {"info": {"url": "https://farm6.staticflickr.com/5350/17932857022_9c16215867.jpg", "url_m": "https://farm6.staticflickr.com/5350/17932857022_9c16215867_m.jpg", "link": "https://www.flickr.com/photos/115096994@N02/17932857022", "url_b": "https://farm6.staticflickr.com/5350/17932857022_9c16215867_b.jpg", "title": "Unprov_ForeignAxe0003_Unprov_ForeignAxe0004_fb"}, "n_answers": 3, "quorum": 0, "calibration": 0, "created": "2015-05-23T17:13:33.259818", "state": "completed", "project_id": 205, "id": 38994, "priority_0": 0.0}, {"info": {"url": "https://farm8.staticflickr.com/7749/17748082128_905ddf80e0.jpg", "url_m": "https://farm8.staticflickr.com/7749/17748082128_905ddf80e0_m.jpg", "link": "https://www.flickr.com/photos/115096994@N02/17748082128", "url_b": "https://farm8.staticflickr.com/7749/17748082128_905ddf80e0_b.jpg", "title": "Unprov_ForeignAxe0007_Unprov_ForeignAxe0008_fb"}, "n_answers": 3, "quorum": 0, "calibration": 0, "created": "2015-05-23T17:13:33.290842", "state": "completed", "project_id": 205, "id": 38995, "priority_0": 0.0}, {"info": {"url": "https://farm9.staticflickr.com/8834/17747416700_d95e640c69.jpg", "url_m": "https://farm9.staticflickr.com/8834/17747416700_d95e640c69_m.jpg", "link": "https://www.flickr.com/photos/115096994@N02/17747416700", "url_b": "https://farm9.staticflickr.com/8834/17747416700_d95e640c69_b.jpg", "title": "Unprov_ForeignAxe0009_Unprov_ForeignAxe0010_fb"}, "n_answers": 3, "quorum": 0, "calibration": 0, "created": "2015-05-23T17:13:33.316997", "state": "completed", "project_id": 205, "id": 38996, "priority_0": 0.0}, {"info": {"url": "https://farm6.staticflickr.com/5466/17909029326_ba5aa122ee.jpg", "url_m": "https://farm6.staticflickr.com/5466/17909029326_ba5aa122ee_m.jpg", "link": "https://www.flickr.com/photos/115096994@N02/17909029326", "url_b": "https://farm6.staticflickr.com/5466/17909029326_ba5aa122ee_b.jpg", "title": "Unprov_ForeignAxe0011_Unprov_ForeignAxe0012_fb"}, "n_answers": 3, "quorum": 0, "calibration": 0, "created": "2015-05-23T17:13:33.342055", "state": "completed", "project_id": 205, "id": 38997, "priority_0": 0.0}, {"info": {"url": "https://farm6.staticflickr.com/5455/17748440919_47df0679fa.jpg", "url_m": "https://farm6.staticflickr.com/5455/17748440919_47df0679fa_m.jpg", "link": "https://www.flickr.com/photos/115096994@N02/17748440919", "url_b": "https://farm6.staticflickr.com/5455/17748440919_47df0679fa_b.jpg", "title": "Unprov_ForeignAxe0013_Unprov_ForeignAxe0014_fb"}, "n_answers": 3, "quorum": 0, "calibration": 0, "created": "2015-05-23T17:13:33.375362", "state": "completed", "project_id": 205, "id": 38998, "priority_0": 0.0}, {"info": {"url": "https://farm6.staticflickr.com/5324/17746851338_a9c1dab131.jpg", "url_m": "https://farm6.staticflickr.com/5324/17746851338_a9c1dab131_m.jpg", "link": "https://www.flickr.com/photos/115096994@N02/17746851338", "url_b": "https://farm6.staticflickr.com/5324/17746851338_a9c1dab131_b.jpg", "title": "Unprov_ForeignAxe0015_Unprov_ForeignAxe0016_fb"}, "n_answers": 3, "quorum": 0, "calibration": 0, "created": "2015-05-23T17:13:33.399345", "state": "completed", "project_id": 205, "id": 38999, "priority_0": 0.0}, {"info": {"url": "https://farm9.staticflickr.com/8838/17314439343_f5307d5687.jpg", "url_m": "https://farm9.staticflickr.com/8838/17314439343_f5307d5687_m.jpg", "link": "https://www.flickr.com/photos/115096994@N02/17314439343", "url_b": "https://farm9.staticflickr.com/8838/17314439343_f5307d5687_b.jpg", "title": "Unprov_ForeignAxe0017_Unprov_ForeignAxe0018_fb"}, "n_answers": 3, "quorum": 0, "calibration": 0, "created": "2015-05-23T17:13:33.424079", "state": "completed", "project_id": 205, "id": 39000, "priority_0": 0.0}, {"info": {"url": "https://farm8.staticflickr.com/7757/17748835839_41ff696c08.jpg", "url_m": "https://farm8.staticflickr.com/7757/17748835839_41ff696c08_m.jpg", "link": "https://www.flickr.com/photos/115096994@N02/17748835839", "url_b": "https://farm8.staticflickr.com/7757/17748835839_41ff696c08_b.jpg", "title": "Unprov_ForeignAxe0021_Unprov_ForeignAxe0022_fb"}, "n_answers": 3, "quorum": 0, "calibration": 0, "created": "2015-05-23T17:13:33.449084", "state": "completed", "project_id": 205, "id": 39001, "priority_0": 0.0}, {"info": {"url": "https://farm8.staticflickr.com/7708/17312516094_5f43739abe.jpg", "url_m": "https://farm8.staticflickr.com/7708/17312516094_5f43739abe_m.jpg", "link": "https://www.flickr.com/photos/115096994@N02/17312516094", "url_b": "https://farm8.staticflickr.com/7708/17312516094_5f43739abe_b.jpg", "title": "Unprov_ForeignAxe0023_Unprov_ForeignAxe0024_fb"}, "n_answers": 3, "quorum": 0, "calibration": 0, "created": "2015-05-23T17:13:33.475005", "state": "completed", "project_id": 205, "id": 39002, "priority_0": 0.0}, {"info": {"url": "https://farm8.staticflickr.com/7753/17934681725_de67a94b51.jpg", "url_m": "https://farm8.staticflickr.com/7753/17934681725_de67a94b51_m.jpg", "link": "https://www.flickr.com/photos/115096994@N02/17934681725", "url_b": "https://farm8.staticflickr.com/7753/17934681725_de67a94b51_b.jpg", "title": "Unprov_ForeignAxe0025_Unprov_ForeignAxe0026_fb"}, "n_answers": 3, "quorum": 0, "calibration": 0, "created": "2015-05-23T17:13:33.499817", "state": "completed", "project_id": 205, "id": 39003, "priority_0": 0.0}, {"info": {"url": "https://farm9.staticflickr.com/8869/17748425009_73ee4c5ffc.jpg", "url_m": "https://farm9.staticflickr.com/8869/17748425009_73ee4c5ffc_m.jpg", "link": "https://www.flickr.com/photos/115096994@N02/17748425009", "url_b": "https://farm9.staticflickr.com/8869/17748425009_73ee4c5ffc_b.jpg", "title": "Unprov_ForeignAxe0027_Unprov_ForeignAxe0028_fb"}, "n_answers": 3, "quorum": 0, "calibration": 0, "created": "2015-05-23T17:13:33.524740", "state": "completed", "project_id": 205, "id": 39004, "priority_0": 0.0}, {"info": {"url": "https://farm6.staticflickr.com/5337/17936559631_2342fa0bdd.jpg", "url_m": "https://farm6.staticflickr.com/5337/17936559631_2342fa0bdd_m.jpg", "link": "https://www.flickr.com/photos/115096994@N02/17936559631", "url_b": "https://farm6.staticflickr.com/5337/17936559631_2342fa0bdd_b.jpg", "title": "Unprov_ForeignAxe0029_Unprov_ForeignAxe0030_fb"}, "n_answers": 3, "quorum": 0, "calibration": 0, "created": "2015-05-23T17:13:33.550662", "state": "completed", "project_id": 205, "id": 39005, "priority_0": 0.0}, {"info": {"url": "https://farm9.staticflickr.com/8891/17935486091_0d01670291.jpg", "url_m": "https://farm9.staticflickr.com/8891/17935486091_0d01670291_m.jpg", "link": "https://www.flickr.com/photos/115096994@N02/17935486091", "url_b": "https://farm9.staticflickr.com/8891/17935486091_0d01670291_b.jpg", "title": "Unprov_ForeignAxe0031_Unprov_ForeignAxe0032_fb"}, "n_answers": 3, "quorum": 0, "calibration": 0, "created": "2015-05-23T17:13:33.575288", "state": "completed", "project_id": 205, "id": 39006, "priority_0": 0.0}, {"info": {"url": "https://farm9.staticflickr.com/8864/17936616151_9da755e06d.jpg", "url_m": "https://farm9.staticflickr.com/8864/17936616151_9da755e06d_m.jpg", "link": "https://www.flickr.com/photos/115096994@N02/17936616151", "url_b": "https://farm9.staticflickr.com/8864/17936616151_9da755e06d_b.jpg", "title": "Unprov_ForeignAxe0033_Unprov_ForeignAxe0034_fb"}, "n_answers": 3, "quorum": 0, "calibration": 0, "created": "2015-05-23T17:13:33.601156", "state": "completed", "project_id": 205, "id": 39007, "priority_0": 0.0}, {"info": {"url": "https://farm8.staticflickr.com/7791/17935922295_265b945227.jpg", "url_m": "https://farm8.staticflickr.com/7791/17935922295_265b945227_m.jpg", "link": "https://www.flickr.com/photos/115096994@N02/17935922295", "url_b": "https://farm8.staticflickr.com/7791/17935922295_265b945227_b.jpg", "title": "Unprov_ForeignAxe0035_Unprov_ForeignAxe0036_fb"}, "n_answers": 3, "quorum": 0, "calibration": 0, "created": "2015-05-23T17:13:33.626332", "state": "completed", "project_id": 205, "id": 39008, "priority_0": 0.0}, {"info": {"url": "https://farm9.staticflickr.com/8757/17748412269_789e6ceb9c.jpg", "url_m": "https://farm9.staticflickr.com/8757/17748412269_789e6ceb9c_m.jpg", "link": "https://www.flickr.com/photos/115096994@N02/17748412269", "url_b": "https://farm9.staticflickr.com/8757/17748412269_789e6ceb9c_b.jpg", "title": "Unprov_ForeignDagger0001_Unprov_ForeignDagger0002_fb"}, "n_answers": 3, "quorum": 0, "calibration": 0, "created": "2015-05-23T17:13:33.650978", "state": "completed", "project_id": 205, "id": 39009, "priority_0": 0.0}, {"info": {"url": "https://farm8.staticflickr.com/7727/17312473334_87b9d7dc37.jpg", "url_m": "https://farm8.staticflickr.com/7727/17312473334_87b9d7dc37_m.jpg", "link": "https://www.flickr.com/photos/115096994@N02/17312473334", "url_b": "https://farm8.staticflickr.com/7727/17312473334_87b9d7dc37_b.jpg", "title": "Unprov_ForeignDagger0003_Unprov_ForeignDagger0004_fb"}, "n_answers": 3, "quorum": 0, "calibration": 0, "created": "2015-05-23T17:13:33.675887", "state": "completed", "project_id": 205, "id": 39010, "priority_0": 0.0}, {"info": {"url": "https://farm8.staticflickr.com/7690/17314160143_d4c4d5ab5f.jpg", "url_m": "https://farm8.staticflickr.com/7690/17314160143_d4c4d5ab5f_m.jpg", "link": "https://www.flickr.com/photos/115096994@N02/17314160143", "url_b": "https://farm8.staticflickr.com/7690/17314160143_d4c4d5ab5f_b.jpg", "title": "Unprov_ForeignDagger0005_Unprov_ForeignDagger0006_fb"}, "n_answers": 3, "quorum": 0, "calibration": 0, "created": "2015-05-23T17:13:33.701538", "state": "completed", "project_id": 205, "id": 39011, "priority_0": 0.0}, {"info": {"url": "https://farm6.staticflickr.com/5330/17748078808_83a3d16e7a.jpg", "url_m": "https://farm6.staticflickr.com/5330/17748078808_83a3d16e7a_m.jpg", "link": "https://www.flickr.com/photos/115096994@N02/17748078808", "url_b": "https://farm6.staticflickr.com/5330/17748078808_83a3d16e7a_b.jpg", "title": "Unprov_ForeignDagger0011_Unprov_ForeignDagger0012_fb"}, "n_answers": 3, "quorum": 0, "calibration": 0, "created": "2015-05-23T17:13:33.725908", "state": "completed", "project_id": 205, "id": 39012, "priority_0": 0.0}, {"info": {"url": "https://farm6.staticflickr.com/5339/17748078348_db8cb5c33b.jpg", "url_m": "https://farm6.staticflickr.com/5339/17748078348_db8cb5c33b_m.jpg", "link": "https://www.flickr.com/photos/115096994@N02/17748078348", "url_b": "https://farm6.staticflickr.com/5339/17748078348_db8cb5c33b_b.jpg", "title": "Unprov_ForeignKnife0001_Unprov_ForeignKnife0002_fb"}, "n_answers": 3, "quorum": 0, "calibration": 0, "created": "2015-05-23T17:13:33.750522", "state": "completed", "project_id": 205, "id": 39013, "priority_0": 0.0}, {"info": {"url": "https://farm6.staticflickr.com/5342/17908374726_b5801e0b11.jpg", "url_m": "https://farm6.staticflickr.com/5342/17908374726_b5801e0b11_m.jpg", "link": "https://www.flickr.com/photos/115096994@N02/17908374726", "url_b": "https://farm6.staticflickr.com/5342/17908374726_b5801e0b11_b.jpg", "title": "Unprov_ForeignKnife0003_Unprov_ForeignKnife0004_fb"}, "n_answers": 3, "quorum": 0, "calibration": 0, "created": "2015-05-23T17:13:33.775978", "state": "completed", "project_id": 205, "id": 39014, "priority_0": 0.0}, {"info": {"url": "https://farm6.staticflickr.com/5343/17932248762_ce40da81f9.jpg", "url_m": "https://farm6.staticflickr.com/5343/17932248762_ce40da81f9_m.jpg", "link": "https://www.flickr.com/photos/115096994@N02/17932248762", "url_b": "https://farm6.staticflickr.com/5343/17932248762_ce40da81f9_b.jpg", "title": "Unprov_ForeignKnife0005_Unprov_ForeignKnife0006_fb"}, "n_answers": 3, "quorum": 0, "calibration": 0, "created": "2015-05-23T17:13:33.800524", "state": "completed", "project_id": 205, "id": 39015, "priority_0": 0.0}, {"info": {"url": "https://farm9.staticflickr.com/8857/17909523946_c34461d7eb.jpg", "url_m": "https://farm9.staticflickr.com/8857/17909523946_c34461d7eb_m.jpg", "link": "https://www.flickr.com/photos/115096994@N02/17909523946", "url_b": "https://farm9.staticflickr.com/8857/17909523946_c34461d7eb_b.jpg", "title": "Unprov_ForeignKnife0007_Unprov_ForeignKnife0008_fb"}, "n_answers": 3, "quorum": 0, "calibration": 0, "created": "2015-05-23T17:13:33.826304", "state": "completed", "project_id": 205, "id": 39016, "priority_0": 0.0}, {"info": {"url": "https://farm8.staticflickr.com/7661/17312317744_1d785fdfb3.jpg", "url_m": "https://farm8.staticflickr.com/7661/17312317744_1d785fdfb3_m.jpg", "link": "https://www.flickr.com/photos/115096994@N02/17312317744", "url_b": "https://farm8.staticflickr.com/7661/17312317744_1d785fdfb3_b.jpg", "title": "Unprov_ForeignKnife0009_Unprov_ForeignKnife0010_fb"}, "n_answers": 3, "quorum": 0, "calibration": 0, "created": "2015-05-23T17:13:33.850806", "state": "completed", "project_id": 205, "id": 39017, "priority_0": 0.0}, {"info": {"url": "https://farm6.staticflickr.com/5441/17748325340_82cd0f2fc6.jpg", "url_m": "https://farm6.staticflickr.com/5441/17748325340_82cd0f2fc6_m.jpg", "link": "https://www.flickr.com/photos/115096994@N02/17748325340", "url_b": "https://farm6.staticflickr.com/5441/17748325340_82cd0f2fc6_b.jpg", "title": "Unprov_ForeignKnife0011_Unprov_ForeignKnife0012_fb"}, "n_answers": 3, "quorum": 0, "calibration": 0, "created": "2015-05-23T17:13:33.876063", "state": "completed", "project_id": 205, "id": 39018, "priority_0": 0.0}, {"info": {"url": "https://farm9.staticflickr.com/8772/17746956748_02052a0a23.jpg", "url_m": "https://farm9.staticflickr.com/8772/17746956748_02052a0a23_m.jpg", "link": "https://www.flickr.com/photos/115096994@N02/17746956748", "url_b": "https://farm9.staticflickr.com/8772/17746956748_02052a0a23_b.jpg", "title": "Unprov_ForeignPin0001_Unprov_ForeignPin0002_fb"}, "n_answers": 3, "quorum": 0, "calibration": 0, "created": "2015-05-23T17:13:33.901236", "state": "completed", "project_id": 205, "id": 39019, "priority_0": 0.0}, {"info": {"url": "https://farm8.staticflickr.com/7765/17931731222_0e563a17bf.jpg", "url_m": "https://farm8.staticflickr.com/7765/17931731222_0e563a17bf_m.jpg", "link": "https://www.flickr.com/photos/115096994@N02/17931731222", "url_b": "https://farm8.staticflickr.com/7765/17931731222_0e563a17bf_b.jpg", "title": "Unprov_ForeignPin0003_Unprov_ForeignPin0004_fb"}, "n_answers": 3, "quorum": 0, "calibration": 0, "created": "2015-05-23T17:13:33.925948", "state": "completed", "project_id": 205, "id": 39020, "priority_0": 0.0}, {"info": {"url": "https://farm6.staticflickr.com/5468/17312432554_53a9472572.jpg", "url_m": "https://farm6.staticflickr.com/5468/17312432554_53a9472572_m.jpg", "link": "https://www.flickr.com/photos/115096994@N02/17312432554", "url_b": "https://farm6.staticflickr.com/5468/17312432554_53a9472572_b.jpg", "title": "Unprov_ForeignPin0005_Unprov_ForeignPin0006_fb"}, "n_answers": 3, "quorum": 0, "calibration": 0, "created": "2015-05-23T17:13:33.951167", "state": "completed", "project_id": 205, "id": 39021, "priority_0": 0.0}, {"info": {"url": "https://farm9.staticflickr.com/8870/17935797445_1fd05f24a3.jpg", "url_m": "https://farm9.staticflickr.com/8870/17935797445_1fd05f24a3_m.jpg", "link": "https://www.flickr.com/photos/115096994@N02/17935797445", "url_b": "https://farm9.staticflickr.com/8870/17935797445_1fd05f24a3_b.jpg", "title": "Unprov_ForeignPin0009_Unprov_ForeignPin0010_fb"}, "n_answers": 3, "quorum": 0, "calibration": 0, "created": "2015-05-23T17:13:33.976417", "state": "completed", "project_id": 205, "id": 39022, "priority_0": 0.0}, {"info": {"url": "https://farm8.staticflickr.com/7724/17935842981_f262e7e483.jpg", "url_m": "https://farm8.staticflickr.com/7724/17935842981_f262e7e483_m.jpg", "link": "https://www.flickr.com/photos/115096994@N02/17935842981", "url_b": "https://farm8.staticflickr.com/7724/17935842981_f262e7e483_b.jpg", "title": "Unprov_ForeignPin0011_Unprov_ForeignPin0012_fb"}, "n_answers": 3, "quorum": 0, "calibration": 0, "created": "2015-05-23T17:13:34.001286", "state": "completed", "project_id": 205, "id": 39023, "priority_0": 0.0}, {"info": {"url": "https://farm8.staticflickr.com/7660/17748138288_f903c235ca.jpg", "url_m": "https://farm8.staticflickr.com/7660/17748138288_f903c235ca_m.jpg", "link": "https://www.flickr.com/photos/115096994@N02/17748138288", "url_b": "https://farm8.staticflickr.com/7660/17748138288_f903c235ca_b.jpg", "title": "Unprov_ForeignPin0013_Unprov_ForeignPin0014_fb"}, "n_answers": 3, "quorum": 0, "calibration": 0, "created": "2015-05-23T17:13:34.026381", "state": "completed", "project_id": 205, "id": 39024, "priority_0": 0.0}, {"info": {"url": "https://farm6.staticflickr.com/5330/17748198670_1dd2120409.jpg", "url_m": "https://farm6.staticflickr.com/5330/17748198670_1dd2120409_m.jpg", "link": "https://www.flickr.com/photos/115096994@N02/17748198670", "url_b": "https://farm6.staticflickr.com/5330/17748198670_1dd2120409_b.jpg", "title": "Unprov_ForeignPin0015_Unprov_ForeignPin0016_fb"}, "n_answers": 3, "quorum": 0, "calibration": 0, "created": "2015-05-23T17:13:34.051237", "state": "completed", "project_id": 205, "id": 39025, "priority_0": 0.0}, {"info": {"url": "https://farm8.staticflickr.com/7796/17909585576_4fd9a6f820.jpg", "url_m": "https://farm8.staticflickr.com/7796/17909585576_4fd9a6f820_m.jpg", "link": "https://www.flickr.com/photos/115096994@N02/17909585576", "url_b": "https://farm8.staticflickr.com/7796/17909585576_4fd9a6f820_b.jpg", "title": "Unprov_ForeignPin0017_Unprov_ForeignPin0018_fb"}, "n_answers": 3, "quorum": 0, "calibration": 0, "created": "2015-05-23T17:13:34.076215", "state": "completed", "project_id": 205, "id": 39026, "priority_0": 0.0}, {"info": {"url": "https://farm9.staticflickr.com/8859/17909019396_74112c3e10.jpg", "url_m": "https://farm9.staticflickr.com/8859/17909019396_74112c3e10_m.jpg", "link": "https://www.flickr.com/photos/115096994@N02/17909019396", "url_b": "https://farm9.staticflickr.com/8859/17909019396_74112c3e10_b.jpg", "title": "Unprov_ForeignPin0019_Unprov_ForeignPin0020_fb"}, "n_answers": 3, "quorum": 0, "calibration": 0, "created": "2015-05-23T17:13:34.102375", "state": "completed", "project_id": 205, "id": 39027, "priority_0": 0.0}, {"info": {"url": "https://farm9.staticflickr.com/8845/17748464539_c954cc5f6e.jpg", "url_m": "https://farm9.staticflickr.com/8845/17748464539_c954cc5f6e_m.jpg", "link": "https://www.flickr.com/photos/115096994@N02/17748464539", "url_b": "https://farm9.staticflickr.com/8845/17748464539_c954cc5f6e_b.jpg", "title": "Unprov_ForeignPin0021_Unprov_ForeignPin0022_fb"}, "n_answers": 3, "quorum": 0, "calibration": 0, "created": "2015-05-23T17:13:34.126569", "state": "completed", "project_id": 205, "id": 39028, "priority_0": 0.0}, {"info": {"url": "https://farm6.staticflickr.com/5456/17931725042_7b5fa053f9.jpg", "url_m": "https://farm6.staticflickr.com/5456/17931725042_7b5fa053f9_m.jpg", "link": "https://www.flickr.com/photos/115096994@N02/17931725042", "url_b": "https://farm6.staticflickr.com/5456/17931725042_7b5fa053f9_b.jpg", "title": "Unprov_ForeignPin0023_Unprov_ForeignPin0024_fb"}, "n_answers": 3, "quorum": 0, "calibration": 0, "created": "2015-05-23T17:13:34.151528", "state": "completed", "project_id": 205, "id": 39029, "priority_0": 0.0}, {"info": {"url": "https://farm6.staticflickr.com/5444/17934692415_acb92d7822.jpg", "url_m": "https://farm6.staticflickr.com/5444/17934692415_acb92d7822_m.jpg", "link": "https://www.flickr.com/photos/115096994@N02/17934692415", "url_b": "https://farm6.staticflickr.com/5444/17934692415_acb92d7822_b.jpg", "title": "Unprov_ForeignPin0025_Unprov_ForeignPin0026_fb"}, "n_answers": 3, "quorum": 0, "calibration": 0, "created": "2015-05-23T17:13:34.176406", "state": "completed", "project_id": 205, "id": 39030, "priority_0": 0.0}, {"info": {"url": "https://farm8.staticflickr.com/7753/17908607126_858d0597de.jpg", "url_m": "https://farm8.staticflickr.com/7753/17908607126_858d0597de_m.jpg", "link": "https://www.flickr.com/photos/115096994@N02/17908607126", "url_b": "https://farm8.staticflickr.com/7753/17908607126_858d0597de_b.jpg", "title": "Unprov_ForeignPin0027_Unprov_ForeignPin0028_fb"}, "n_answers": 3, "quorum": 0, "calibration": 0, "created": "2015-05-23T17:13:34.201483", "state": "completed", "project_id": 205, "id": 39031, "priority_0": 0.0}, {"info": {"url": "https://farm8.staticflickr.com/7750/17747443500_65da5ae504.jpg", "url_m": "https://farm8.staticflickr.com/7750/17747443500_65da5ae504_m.jpg", "link": "https://www.flickr.com/photos/115096994@N02/17747443500", "url_b": "https://farm8.staticflickr.com/7750/17747443500_65da5ae504_b.jpg", "title": "Unprov_ForeignPin0029_Unprov_ForeignPin0030_fb"}, "n_answers": 3, "quorum": 0, "calibration": 0, "created": "2015-05-23T17:13:34.226790", "state": "completed", "project_id": 205, "id": 39032, "priority_0": 0.0}, {"info": {"url": "https://farm8.staticflickr.com/7785/17314185973_9f2d02b416.jpg", "url_m": "https://farm8.staticflickr.com/7785/17314185973_9f2d02b416_m.jpg", "link": "https://www.flickr.com/photos/115096994@N02/17314185973", "url_b": "https://farm8.staticflickr.com/7785/17314185973_9f2d02b416_b.jpg", "title": "Unprov_ForeignPin0031_Unprov_ForeignPin0032_fb"}, "n_answers": 3, "quorum": 0, "calibration": 0, "created": "2015-05-23T17:13:34.251599", "state": "completed", "project_id": 205, "id": 39033, "priority_0": 0.0}, {"info": {"url": "https://farm9.staticflickr.com/8771/17908279816_a74021cdfb.jpg", "url_m": "https://farm9.staticflickr.com/8771/17908279816_a74021cdfb_m.jpg", "link": "https://www.flickr.com/photos/115096994@N02/17908279816", "url_b": "https://farm9.staticflickr.com/8771/17908279816_a74021cdfb_b.jpg", "title": "Unprov_ForeignPin0033_Unprov_ForeignPin0034_fb"}, "n_answers": 3, "quorum": 0, "calibration": 0, "created": "2015-05-23T17:13:34.276771", "state": "completed", "project_id": 205, "id": 39034, "priority_0": 0.0}, {"info": {"url": "https://farm9.staticflickr.com/8839/17908644356_623ab349e2.jpg", "url_m": "https://farm9.staticflickr.com/8839/17908644356_623ab349e2_m.jpg", "link": "https://www.flickr.com/photos/115096994@N02/17908644356", "url_b": "https://farm9.staticflickr.com/8839/17908644356_623ab349e2_b.jpg", "title": "Unprov_ForeignPin0035_Unprov_ForeignPin0036_fb"}, "n_answers": 3, "quorum": 0, "calibration": 0, "created": "2015-05-23T17:13:34.301729", "state": "completed", "project_id": 205, "id": 39035, "priority_0": 0.0}, {"info": {"url": "https://farm9.staticflickr.com/8791/17312425524_9fbc286227.jpg", "url_m": "https://farm9.staticflickr.com/8791/17312425524_9fbc286227_m.jpg", "link": "https://www.flickr.com/photos/115096994@N02/17312425524", "url_b": "https://farm9.staticflickr.com/8791/17312425524_9fbc286227_b.jpg", "title": "Unprov_ForeignPin0037_Unprov_ForeignPin0038_fb"}, "n_answers": 3, "quorum": 0, "calibration": 0, "created": "2015-05-23T17:13:34.326833", "state": "completed", "project_id": 205, "id": 39036, "priority_0": 0.0}, {"info": {"url": "https://farm8.staticflickr.com/7782/17747063858_f078c84c72.jpg", "url_m": "https://farm8.staticflickr.com/7782/17747063858_f078c84c72_m.jpg", "link": "https://www.flickr.com/photos/115096994@N02/17747063858", "url_b": "https://farm8.staticflickr.com/7782/17747063858_f078c84c72_b.jpg", "title": "Unprov_ForeignPin0039_Unprov_ForeignPin0040_fb"}, "n_answers": 3, "quorum": 0, "calibration": 0, "created": "2015-05-23T17:13:34.352084", "state": "completed", "project_id": 205, "id": 39037, "priority_0": 0.0}, {"info": {"url": "https://farm9.staticflickr.com/8853/17747362098_4153a22105.jpg", "url_m": "https://farm9.staticflickr.com/8853/17747362098_4153a22105_m.jpg", "link": "https://www.flickr.com/photos/115096994@N02/17747362098", "url_b": "https://farm9.staticflickr.com/8853/17747362098_4153a22105_b.jpg", "title": "Unprov_ForeignPin0041_Unprov_ForeignPin0042_fb"}, "n_answers": 3, "quorum": 0, "calibration": 0, "created": "2015-05-23T17:13:34.377495", "state": "completed", "project_id": 205, "id": 39038, "priority_0": 0.0}, {"info": {"url": "https://farm8.staticflickr.com/7721/17908275876_2d63fce17f.jpg", "url_m": "https://farm8.staticflickr.com/7721/17908275876_2d63fce17f_m.jpg", "link": "https://www.flickr.com/photos/115096994@N02/17908275876", "url_b": "https://farm8.staticflickr.com/7721/17908275876_2d63fce17f_b.jpg", "title": "Unprov_ForeignPin0043_Unprov_ForeignPin0044_fb"}, "n_answers": 3, "quorum": 0, "calibration": 0, "created": "2015-05-23T17:13:34.402070", "state": "completed", "project_id": 205, "id": 39039, "priority_0": 0.0}, {"info": {"url": "https://farm6.staticflickr.com/5448/17312459344_e6bfb7a122.jpg", "url_m": "https://farm6.staticflickr.com/5448/17312459344_e6bfb7a122_m.jpg", "link": "https://www.flickr.com/photos/115096994@N02/17312459344", "url_b": "https://farm6.staticflickr.com/5448/17312459344_e6bfb7a122_b.jpg", "title": "Unprov_ForeignPin0045_Unprov_ForeignPin0046_fb"}, "n_answers": 3, "quorum": 0, "calibration": 0, "created": "2015-05-23T17:13:34.426875", "state": "completed", "project_id": 205, "id": 39040, "priority_0": 0.0}, {"info": {"url": "https://farm9.staticflickr.com/8891/17749666019_b39ea39f20.jpg", "url_m": "https://farm9.staticflickr.com/8891/17749666019_b39ea39f20_m.jpg", "link": "https://www.flickr.com/photos/115096994@N02/17749666019", "url_b": "https://farm9.staticflickr.com/8891/17749666019_b39ea39f20_b.jpg", "title": "Unprov_ForeignPin0047_Unprov_ForeignPin0048_fb"}, "n_answers": 3, "quorum": 0, "calibration": 0, "created": "2015-05-23T17:13:34.451918", "state": "completed", "project_id": 205, "id": 39041, "priority_0": 0.0}, {"info": {"url": "https://farm8.staticflickr.com/7793/17314381053_91b9cd9709.jpg", "url_m": "https://farm8.staticflickr.com/7793/17314381053_91b9cd9709_m.jpg", "link": "https://www.flickr.com/photos/115096994@N02/17314381053", "url_b": "https://farm8.staticflickr.com/7793/17314381053_91b9cd9709_b.jpg", "title": "Unprov_ForeignPin0049_Unprov_ForeignPin0050_fb"}, "n_answers": 3, "quorum": 0, "calibration": 0, "created": "2015-05-23T17:13:34.477110", "state": "completed", "project_id": 205, "id": 39042, "priority_0": 0.0}, {"info": {"url": "https://farm9.staticflickr.com/8894/17747074630_9c58b54554.jpg", "url_m": "https://farm9.staticflickr.com/8894/17747074630_9c58b54554_m.jpg", "link": "https://www.flickr.com/photos/115096994@N02/17747074630", "url_b": "https://farm9.staticflickr.com/8894/17747074630_9c58b54554_b.jpg", "title": "Unprov_ForeignPin0051_Unprov_ForeignPin0052_fb"}, "n_answers": 3, "quorum": 0, "calibration": 0, "created": "2015-05-23T17:13:34.501916", "state": "completed", "project_id": 205, "id": 39043, "priority_0": 0.0}, {"info": {"url": "https://farm9.staticflickr.com/8809/17749728819_ba25c247d9.jpg", "url_m": "https://farm9.staticflickr.com/8809/17749728819_ba25c247d9_m.jpg", "link": "https://www.flickr.com/photos/115096994@N02/17749728819", "url_b": "https://farm9.staticflickr.com/8809/17749728819_ba25c247d9_b.jpg", "title": "Unprov_ForeignPin0053_Unprov_ForeignPin0054_fb"}, "n_answers": 3, "quorum": 0, "calibration": 0, "created": "2015-05-23T17:13:34.527323", "state": "completed", "project_id": 205, "id": 39044, "priority_0": 0.0}, {"info": {"url": "https://farm9.staticflickr.com/8840/17314702293_5d11887098.jpg", "url_m": "https://farm9.staticflickr.com/8840/17314702293_5d11887098_m.jpg", "link": "https://www.flickr.com/photos/115096994@N02/17314702293", "url_b": "https://farm9.staticflickr.com/8840/17314702293_5d11887098_b.jpg", "title": "Unprov_ForeignPin0055_Unprov_ForeignPin0056_fb"}, "n_answers": 3, "quorum": 0, "calibration": 0, "created": "2015-05-23T17:13:34.552120", "state": "completed", "project_id": 205, "id": 39045, "priority_0": 0.0}, {"info": {"url": "https://farm8.staticflickr.com/7728/17315417363_cafa0430ee.jpg", "url_m": "https://farm8.staticflickr.com/7728/17315417363_cafa0430ee_m.jpg", "link": "https://www.flickr.com/photos/115096994@N02/17315417363", "url_b": "https://farm8.staticflickr.com/7728/17315417363_cafa0430ee_b.jpg", "title": "Unprov_ForeignPin0057_Unprov_ForeignPin0058_fb"}, "n_answers": 3, "quorum": 0, "calibration": 0, "created": "2015-05-23T17:13:34.577274", "state": "completed", "project_id": 205, "id": 39046, "priority_0": 0.0}, {"info": {"url": "https://farm6.staticflickr.com/5339/17931599912_8ef369414e.jpg", "url_m": "https://farm6.staticflickr.com/5339/17931599912_8ef369414e_m.jpg", "link": "https://www.flickr.com/photos/115096994@N02/17931599912", "url_b": "https://farm6.staticflickr.com/5339/17931599912_8ef369414e_b.jpg", "title": "Unprov_ForeignPin0059_Unprov_ForeignPin0060_fb"}, "n_answers": 3, "quorum": 0, "calibration": 0, "created": "2015-05-23T17:13:34.602631", "state": "completed", "project_id": 205, "id": 39047, "priority_0": 0.0}, {"info": {"url": "https://farm8.staticflickr.com/7743/17747947368_ecf8012393.jpg", "url_m": "https://farm8.staticflickr.com/7743/17747947368_ecf8012393_m.jpg", "link": "https://www.flickr.com/photos/115096994@N02/17747947368", "url_b": "https://farm8.staticflickr.com/7743/17747947368_ecf8012393_b.jpg", "title": "Unprov_ForeignPin0061_Unprov_ForeignPin0062_fb"}, "n_answers": 3, "quorum": 0, "calibration": 0, "created": "2015-05-23T17:13:34.627648", "state": "completed", "project_id": 205, "id": 39048, "priority_0": 0.0}, {"info": {"url": "https://farm6.staticflickr.com/5331/17314578943_14aa46e245.jpg", "url_m": "https://farm6.staticflickr.com/5331/17314578943_14aa46e245_m.jpg", "link": "https://www.flickr.com/photos/115096994@N02/17314578943", "url_b": "https://farm6.staticflickr.com/5331/17314578943_14aa46e245_b.jpg", "title": "Unprov_ForeignPin0063_Unprov_ForeignPin0064_fb"}, "n_answers": 3, "quorum": 0, "calibration": 0, "created": "2015-05-23T17:13:34.653489", "state": "completed", "project_id": 205, "id": 39049, "priority_0": 0.0}, {"info": {"url": "https://farm6.staticflickr.com/5445/17314335693_2b4b27aac2.jpg", "url_m": "https://farm6.staticflickr.com/5445/17314335693_2b4b27aac2_m.jpg", "link": "https://www.flickr.com/photos/115096994@N02/17314335693", "url_b": "https://farm6.staticflickr.com/5445/17314335693_2b4b27aac2_b.jpg", "title": "Unprov_ForeignPin0065_Unprov_ForeignPin0066_fb"}, "n_answers": 3, "quorum": 0, "calibration": 0, "created": "2015-05-23T17:13:34.677609", "state": "completed", "project_id": 205, "id": 39050, "priority_0": 0.0}, {"info": {"url": "https://farm9.staticflickr.com/8761/17748072998_aec594b50f.jpg", "url_m": "https://farm9.staticflickr.com/8761/17748072998_aec594b50f_m.jpg", "link": "https://www.flickr.com/photos/115096994@N02/17748072998", "url_b": "https://farm9.staticflickr.com/8761/17748072998_aec594b50f_b.jpg", "title": "Unprov_ForeignPin0067_Unprov_ForeignPin0068_fb"}, "n_answers": 3, "quorum": 0, "calibration": 0, "created": "2015-05-23T17:13:34.702637", "state": "completed", "project_id": 205, "id": 39051, "priority_0": 0.0}, {"info": {"url": "https://farm9.staticflickr.com/8761/17931960132_6caf60a134.jpg", "url_m": "https://farm9.staticflickr.com/8761/17931960132_6caf60a134_m.jpg", "link": "https://www.flickr.com/photos/115096994@N02/17931960132", "url_b": "https://farm9.staticflickr.com/8761/17931960132_6caf60a134_b.jpg", "title": "Unprov_ForeignPin0069_Unprov_ForeignPin0070_fb"}, "n_answers": 3, "quorum": 0, "calibration": 0, "created": "2015-05-23T17:13:34.727946", "state": "completed", "project_id": 205, "id": 39052, "priority_0": 0.0}, {"info": {"url": "https://farm8.staticflickr.com/7675/17747569138_e691840e61.jpg", "url_m": "https://farm8.staticflickr.com/7675/17747569138_e691840e61_m.jpg", "link": "https://www.flickr.com/photos/115096994@N02/17747569138", "url_b": "https://farm8.staticflickr.com/7675/17747569138_e691840e61_b.jpg", "title": "Unprov_ForeignPin0071_Unprov_ForeignPin0072_fb"}, "n_answers": 3, "quorum": 0, "calibration": 0, "created": "2015-05-23T17:13:34.752799", "state": "completed", "project_id": 205, "id": 39053, "priority_0": 0.0}, {"info": {"url": "https://farm9.staticflickr.com/8893/17313341904_ab9d2f1c93.jpg", "url_m": "https://farm9.staticflickr.com/8893/17313341904_ab9d2f1c93_m.jpg", "link": "https://www.flickr.com/photos/115096994@N02/17313341904", "url_b": "https://farm9.staticflickr.com/8893/17313341904_ab9d2f1c93_b.jpg", "title": "Unprov_ForeignPin0073_Unprov_ForeignPin0074_fb"}, "n_answers": 3, "quorum": 0, "calibration": 0, "created": "2015-05-23T17:13:34.778084", "state": "completed", "project_id": 205, "id": 39054, "priority_0": 0.0}, {"info": {"url": "https://farm6.staticflickr.com/5332/17746782518_538e0a4b7b.jpg", "url_m": "https://farm6.staticflickr.com/5332/17746782518_538e0a4b7b_m.jpg", "link": "https://www.flickr.com/photos/115096994@N02/17746782518", "url_b": "https://farm6.staticflickr.com/5332/17746782518_538e0a4b7b_b.jpg", "title": "Unprov_ForeignPin0075_Unprov_ForeignPin0076_fb"}, "n_answers": 3, "quorum": 0, "calibration": 0, "created": "2015-05-23T17:13:34.802713", "state": "completed", "project_id": 205, "id": 39055, "priority_0": 0.0}, {"info": {"url": "https://farm6.staticflickr.com/5458/17908370996_4fd873123f.jpg", "url_m": "https://farm6.staticflickr.com/5458/17908370996_4fd873123f_m.jpg", "link": "https://www.flickr.com/photos/115096994@N02/17908370996", "url_b": "https://farm6.staticflickr.com/5458/17908370996_4fd873123f_b.jpg", "title": "Unprov_ForeignPin0077_Unprov_ForeignPin0078_fb"}, "n_answers": 3, "quorum": 0, "calibration": 0, "created": "2015-05-23T17:13:34.827879", "state": "completed", "project_id": 205, "id": 39056, "priority_0": 0.0}, {"info": {"url": "https://farm6.staticflickr.com/5444/17748948729_87caa81f75.jpg", "url_m": "https://farm6.staticflickr.com/5444/17748948729_87caa81f75_m.jpg", "link": "https://www.flickr.com/photos/115096994@N02/17748948729", "url_b": "https://farm6.staticflickr.com/5444/17748948729_87caa81f75_b.jpg", "title": "Unprov_ForeignPin0079_Unprov_ForeignPin0080_fb"}, "n_answers": 3, "quorum": 0, "calibration": 0, "created": "2015-05-23T17:13:34.853158", "state": "completed", "project_id": 205, "id": 39057, "priority_0": 0.0}, {"info": {"url": "https://farm6.staticflickr.com/5458/17932910802_c51e695884.jpg", "url_m": "https://farm6.staticflickr.com/5458/17932910802_c51e695884_m.jpg", "link": "https://www.flickr.com/photos/115096994@N02/17932910802", "url_b": "https://farm6.staticflickr.com/5458/17932910802_c51e695884_b.jpg", "title": "Unprov_ForeignPin0081_Unprov_ForeignPin0082_fb"}, "n_answers": 3, "quorum": 0, "calibration": 0, "created": "2015-05-23T17:13:34.878233", "state": "completed", "project_id": 205, "id": 39058, "priority_0": 0.0}, {"info": {"url": "https://farm9.staticflickr.com/8784/17747545390_7d974ff06f.jpg", "url_m": "https://farm9.staticflickr.com/8784/17747545390_7d974ff06f_m.jpg", "link": "https://www.flickr.com/photos/115096994@N02/17747545390", "url_b": "https://farm9.staticflickr.com/8784/17747545390_7d974ff06f_b.jpg", "title": "Unprov_ForeignPin0083_Unprov_ForeignPin0084_fb"}, "n_answers": 3, "quorum": 0, "calibration": 0, "created": "2015-05-23T17:13:34.903072", "state": "completed", "project_id": 205, "id": 39059, "priority_0": 0.0}, {"info": {"url": "https://farm6.staticflickr.com/5325/17908481386_856924cba9.jpg", "url_m": "https://farm6.staticflickr.com/5325/17908481386_856924cba9_m.jpg", "link": "https://www.flickr.com/photos/115096994@N02/17908481386", "url_b": "https://farm6.staticflickr.com/5325/17908481386_856924cba9_b.jpg", "title": "Unprov_ForeignPin0085_Unprov_ForeignPin0086_fb"}, "n_answers": 3, "quorum": 0, "calibration": 0, "created": "2015-05-23T17:13:34.931870", "state": "completed", "project_id": 205, "id": 39060, "priority_0": 0.0}, {"info": {"url": "https://farm9.staticflickr.com/8809/17932845592_8ba2752354.jpg", "url_m": "https://farm9.staticflickr.com/8809/17932845592_8ba2752354_m.jpg", "link": "https://www.flickr.com/photos/115096994@N02/17932845592", "url_b": "https://farm9.staticflickr.com/8809/17932845592_8ba2752354_b.jpg", "title": "Unprov_ForeignSword0001_Unprov_ForeignSword0002_fb"}, "n_answers": 3, "quorum": 0, "calibration": 0, "created": "2015-05-23T17:13:34.956157", "state": "completed", "project_id": 205, "id": 39061, "priority_0": 0.0}, {"info": {"url": "https://farm8.staticflickr.com/7753/17314638413_8b8bc22116.jpg", "url_m": "https://farm8.staticflickr.com/7753/17314638413_8b8bc22116_m.jpg", "link": "https://www.flickr.com/photos/115096994@N02/17314638413", "url_b": "https://farm8.staticflickr.com/7753/17314638413_8b8bc22116_b.jpg", "title": "Unprov_ForeignSword0003_Unprov_ForeignSword0004_fb"}, "n_answers": 3, "quorum": 0, "calibration": 0, "created": "2015-05-23T17:13:34.981516", "state": "completed", "project_id": 205, "id": 39062, "priority_0": 0.0}, {"info": {"url": "https://farm9.staticflickr.com/8891/17936615331_461d61363d.jpg", "url_m": "https://farm9.staticflickr.com/8891/17936615331_461d61363d_m.jpg", "link": "https://www.flickr.com/photos/115096994@N02/17936615331", "url_b": "https://farm9.staticflickr.com/8891/17936615331_461d61363d_b.jpg", "title": "Unprov_ForeignSword0005_Unprov_ForeignSword0006_fb"}, "n_answers": 3, "quorum": 0, "calibration": 0, "created": "2015-05-23T17:13:35.007182", "state": "completed", "project_id": 205, "id": 39063, "priority_0": 0.0}, {"info": {"url": "https://farm9.staticflickr.com/8814/17747603760_1c7533fe73.jpg", "url_m": "https://farm9.staticflickr.com/8814/17747603760_1c7533fe73_m.jpg", "link": "https://www.flickr.com/photos/115096994@N02/17747603760", "url_b": "https://farm9.staticflickr.com/8814/17747603760_1c7533fe73_b.jpg", "title": "Unprov_ForeignSword0007_Unprov_ForeignSword0008_fb"}, "n_answers": 3, "quorum": 0, "calibration": 0, "created": "2015-05-23T17:13:35.032325", "state": "completed", "project_id": 205, "id": 39064, "priority_0": 0.0}, {"info": {"url": "https://farm8.staticflickr.com/7703/17747603770_8658d77845.jpg", "url_m": "https://farm8.staticflickr.com/7703/17747603770_8658d77845_m.jpg", "link": "https://www.flickr.com/photos/115096994@N02/17747603770", "url_b": "https://farm8.staticflickr.com/7703/17747603770_8658d77845_b.jpg", "title": "Unprov_ForeignSword0011_Unprov_ForeignSword0012_fb"}, "n_answers": 3, "quorum": 0, "calibration": 0, "created": "2015-05-23T17:13:35.057100", "state": "completed", "project_id": 205, "id": 39065, "priority_0": 0.0}, {"info": {"url": "https://farm8.staticflickr.com/7703/17746813208_cee54d0ee4.jpg", "url_m": "https://farm8.staticflickr.com/7703/17746813208_cee54d0ee4_m.jpg", "link": "https://www.flickr.com/photos/115096994@N02/17746813208", "url_b": "https://farm8.staticflickr.com/7703/17746813208_cee54d0ee4_b.jpg", "title": "Unprov_ForeignSword0013_Unprov_ForeignSword0014_fb"}, "n_answers": 3, "quorum": 0, "calibration": 0, "created": "2015-05-23T17:13:35.082342", "state": "completed", "project_id": 205, "id": 39066, "priority_0": 0.0}, {"info": {"url": "https://farm6.staticflickr.com/5469/17314117453_141b55c4f9.jpg", "url_m": "https://farm6.staticflickr.com/5469/17314117453_141b55c4f9_m.jpg", "link": "https://www.flickr.com/photos/115096994@N02/17314117453", "url_b": "https://farm6.staticflickr.com/5469/17314117453_141b55c4f9_b.jpg", "title": "Unprov_ForeignSword0015_Unprov_ForeignSword0016_fb"}, "n_answers": 3, "quorum": 0, "calibration": 0, "created": "2015-05-23T17:13:35.107402", "state": "completed", "project_id": 205, "id": 39067, "priority_0": 0.0}, {"info": {"url": "https://farm6.staticflickr.com/5465/17933454382_4095c8ee3d.jpg", "url_m": "https://farm6.staticflickr.com/5465/17933454382_4095c8ee3d_m.jpg", "link": "https://www.flickr.com/photos/115096994@N02/17933454382", "url_b": "https://farm6.staticflickr.com/5465/17933454382_4095c8ee3d_b.jpg", "title": "Unprov_ForeignSword0009_Unprov_ForeignSword0010_fb"}, "n_answers": 3, "quorum": 0, "calibration": 0, "created": "2015-05-23T17:13:35.132344", "state": "completed", "project_id": 205, "id": 39068, "priority_0": 0.0}, {"info": {"url": "https://farm6.staticflickr.com/5321/17316035623_98f13ca6fe.jpg", "url_m": "https://farm6.staticflickr.com/5321/17316035623_98f13ca6fe_m.jpg", "link": "https://www.flickr.com/photos/115096994@N02/17316035623", "url_b": "https://farm6.staticflickr.com/5321/17316035623_98f13ca6fe_b.jpg", "title": "Unprov_ForeignPin0025_Unprov_ForeignPin0026_fb"}, "n_answers": 3, "quorum": 0, "calibration": 0, "created": "2015-05-23T17:13:35.157388", "state": "completed", "project_id": 205, "id": 39069, "priority_0": 0.0}, {"info": {"url": "https://farm8.staticflickr.com/7692/17933468322_529b1c0d4c.jpg", "url_m": "https://farm8.staticflickr.com/7692/17933468322_529b1c0d4c_m.jpg", "link": "https://www.flickr.com/photos/115096994@N02/17933468322", "url_b": "https://farm8.staticflickr.com/7692/17933468322_529b1c0d4c_b.jpg", "title": "Unprov_ForeignPin0023_Unprov_ForeignPin0024_fb"}, "n_answers": 3, "quorum": 0, "calibration": 0, "created": "2015-05-23T17:13:35.182290", "state": "completed", "project_id": 205, "id": 39070, "priority_0": 0.0}, {"info": {"url": "https://farm6.staticflickr.com/5326/17936537815_6f4f9ca8dd.jpg", "url_m": "https://farm6.staticflickr.com/5326/17936537815_6f4f9ca8dd_m.jpg", "link": "https://www.flickr.com/photos/115096994@N02/17936537815", "url_b": "https://farm6.staticflickr.com/5326/17936537815_6f4f9ca8dd_b.jpg", "title": "Unprov_ForeignPin0021_Unprov_ForeignPin0022_fb"}, "n_answers": 3, "quorum": 0, "calibration": 0, "created": "2015-05-23T17:13:35.208208", "state": "completed", "project_id": 205, "id": 39071, "priority_0": 0.0}, {"info": {"url": "https://farm6.staticflickr.com/5342/17937196891_d8517d0216.jpg", "url_m": "https://farm6.staticflickr.com/5342/17937196891_d8517d0216_m.jpg", "link": "https://www.flickr.com/photos/115096994@N02/17937196891", "url_b": "https://farm6.staticflickr.com/5342/17937196891_d8517d0216_b.jpg", "title": "Unprov_ForeignPin0007_Unprov_ForeignPin0008_fb"}, "n_answers": 3, "quorum": 0, "calibration": 0, "created": "2015-05-23T17:13:35.232785", "state": "completed", "project_id": 205, "id": 39072, "priority_0": 0.0}, {"info": {"url": "https://farm9.staticflickr.com/8829/17910189506_78b456be11.jpg", "url_m": "https://farm9.staticflickr.com/8829/17910189506_78b456be11_m.jpg", "link": "https://www.flickr.com/photos/115096994@N02/17910189506", "url_b": "https://farm9.staticflickr.com/8829/17910189506_78b456be11_b.jpg", "title": "Unprov_ForeignKnife0003_Unprov_ForeignKnife0004_fb"}, "n_answers": 3, "quorum": 0, "calibration": 0, "created": "2015-05-23T17:13:35.258887", "state": "completed", "project_id": 205, "id": 39073, "priority_0": 0.0}, {"info": {"url": "https://farm6.staticflickr.com/5343/17748770938_182f15c06d.jpg", "url_m": "https://farm6.staticflickr.com/5343/17748770938_182f15c06d_m.jpg", "link": "https://www.flickr.com/photos/115096994@N02/17748770938", "url_b": "https://farm6.staticflickr.com/5343/17748770938_182f15c06d_b.jpg", "title": "Unprov_ForeignDagger0009_Unprov_ForeignDagger0010_fb"}, "n_answers": 3, "quorum": 0, "calibration": 0, "created": "2015-05-23T17:13:35.283658", "state": "completed", "project_id": 205, "id": 39074, "priority_0": 0.0}, {"info": {"url": "https://farm9.staticflickr.com/8819/17749034570_a3160ff70d.jpg", "url_m": "https://farm9.staticflickr.com/8819/17749034570_a3160ff70d_m.jpg", "link": "https://www.flickr.com/photos/115096994@N02/17749034570", "url_b": "https://farm9.staticflickr.com/8819/17749034570_a3160ff70d_b.jpg", "title": "Unprov_ForeignDagger0007_Unprov_ForeignDagger0008_fb"}, "n_answers": 3, "quorum": 0, "calibration": 0, "created": "2015-05-23T17:13:35.308548", "state": "completed", "project_id": 205, "id": 39075, "priority_0": 0.0}, {"info": {"url": "https://farm6.staticflickr.com/5464/17749041860_c761a2df70.jpg", "url_m": "https://farm6.staticflickr.com/5464/17749041860_c761a2df70_m.jpg", "link": "https://www.flickr.com/photos/115096994@N02/17749041860", "url_b": "https://farm6.staticflickr.com/5464/17749041860_c761a2df70_b.jpg", "title": "Unprov_ForeignDagger0005_Unprov_ForeignDagger0006_fb"}, "n_answers": 3, "quorum": 0, "calibration": 0, "created": "2015-05-23T17:13:35.335929", "state": "completed", "project_id": 205, "id": 39076, "priority_0": 0.0}, {"info": {"url": "https://farm6.staticflickr.com/5451/17937280681_8ec182ac9b.jpg", "url_m": "https://farm6.staticflickr.com/5451/17937280681_8ec182ac9b_m.jpg", "link": "https://www.flickr.com/photos/115096994@N02/17937280681", "url_b": "https://farm6.staticflickr.com/5451/17937280681_8ec182ac9b_b.jpg", "title": "Unprov_ForeignDagger0001_Unprov_ForeignDagger0002_fb"}, "n_answers": 3, "quorum": 0, "calibration": 0, "created": "2015-05-23T17:13:35.361054", "state": "completed", "project_id": 205, "id": 39077, "priority_0": 0.0}, {"info": {"url": "https://farm8.staticflickr.com/7748/17316163053_368cf22682.jpg", "url_m": "https://farm8.staticflickr.com/7748/17316163053_368cf22682_m.jpg", "link": "https://www.flickr.com/photos/115096994@N02/17316163053", "url_b": "https://farm8.staticflickr.com/7748/17316163053_368cf22682_b.jpg", "title": "Unprov_ForeignAxe0027_Unprov_ForeignAxe0028_fb"}, "n_answers": 3, "quorum": 0, "calibration": 0, "created": "2015-05-23T17:13:35.385865", "state": "completed", "project_id": 205, "id": 39078, "priority_0": 0.0}, {"info": {"url": "https://farm9.staticflickr.com/8870/17316168833_38a150f0f8.jpg", "url_m": "https://farm9.staticflickr.com/8870/17316168833_38a150f0f8_m.jpg", "link": "https://www.flickr.com/photos/115096994@N02/17316168833", "url_b": "https://farm9.staticflickr.com/8870/17316168833_38a150f0f8_b.jpg", "title": "Unprov_ForeignAxe0025_Unprov_ForeignAxe0026_fb"}, "n_answers": 3, "quorum": 0, "calibration": 0, "created": "2015-05-23T17:13:35.411428", "state": "completed", "project_id": 205, "id": 39079, "priority_0": 0.0}, {"info": {"url": "https://farm6.staticflickr.com/5463/17316182133_7577ce367e.jpg", "url_m": "https://farm6.staticflickr.com/5463/17316182133_7577ce367e_m.jpg", "link": "https://www.flickr.com/photos/115096994@N02/17316182133", "url_b": "https://farm6.staticflickr.com/5463/17316182133_7577ce367e_b.jpg", "title": "Unprov_ForeignAxe0019_Unprov_ForeignAxe0020_fb"}, "n_answers": 3, "quorum": 0, "calibration": 0, "created": "2015-05-23T17:13:35.436248", "state": "completed", "project_id": 205, "id": 39080, "priority_0": 0.0}, {"info": {"url": "https://farm8.staticflickr.com/7791/17314111774_733a58cdd9.jpg", "url_m": "https://farm8.staticflickr.com/7791/17314111774_733a58cdd9_m.jpg", "link": "https://www.flickr.com/photos/115096994@N02/17314111774", "url_b": "https://farm8.staticflickr.com/7791/17314111774_733a58cdd9_b.jpg", "title": "Unprov_ForeignAxe0015_Unprov_ForeignAxe0016_fb"}, "n_answers": 3, "quorum": 0, "calibration": 0, "created": "2015-05-23T17:13:35.461260", "state": "completed", "project_id": 205, "id": 39081, "priority_0": 0.0}, {"info": {"url": "https://farm9.staticflickr.com/8790/17314114994_4b89ff701e.jpg", "url_m": "https://farm9.staticflickr.com/8790/17314114994_4b89ff701e_m.jpg", "link": "https://www.flickr.com/photos/115096994@N02/17314114994", "url_b": "https://farm9.staticflickr.com/8790/17314114994_4b89ff701e_b.jpg", "title": "Unprov_ForeignAxe0013_Unprov_ForeignAxe0014_fb"}, "n_answers": 3, "quorum": 0, "calibration": 0, "created": "2015-05-23T17:13:35.487125", "state": "completed", "project_id": 205, "id": 39082, "priority_0": 0.0}, {"info": {"url": "https://farm8.staticflickr.com/7768/17910310376_78c34afe67.jpg", "url_m": "https://farm8.staticflickr.com/7768/17910310376_78c34afe67_m.jpg", "link": "https://www.flickr.com/photos/115096994@N02/17910310376", "url_b": "https://farm8.staticflickr.com/7768/17910310376_78c34afe67_b.jpg", "title": "Unprov_ForeignAxe0005_Unprov_ForeignAxe0006_fb"}, "n_answers": 3, "quorum": 0, "calibration": 0, "created": "2015-05-23T17:13:35.511413", "state": "completed", "project_id": 205, "id": 39083, "priority_0": 0.0}, {"info": {"url": "https://farm9.staticflickr.com/8789/17748876458_0c3f26d628.jpg", "url_m": "https://farm9.staticflickr.com/8789/17748876458_0c3f26d628_m.jpg", "link": "https://www.flickr.com/photos/115096994@N02/17748876458", "url_b": "https://farm9.staticflickr.com/8789/17748876458_0c3f26d628_b.jpg", "title": "Unprov_ForeignAdze0007_Unprov_ForeignAdze0008_fb"}, "n_answers": 3, "quorum": 0, "calibration": 0, "created": "2015-05-23T17:13:35.536557", "state": "completed", "project_id": 205, "id": 39084, "priority_0": 0.0}, {"info": {"url": "https://farm6.staticflickr.com/5345/17749130620_379b121b8f.jpg", "url_m": "https://farm6.staticflickr.com/5345/17749130620_379b121b8f_m.jpg", "link": "https://www.flickr.com/photos/115096994@N02/17749130620", "url_b": "https://farm6.staticflickr.com/5345/17749130620_379b121b8f_b.jpg", "title": "Unprov_ForeignAdze0001_Unprov_ForeignAdze0002_fb"}, "n_answers": 3, "quorum": 0, "calibration": 0, "created": "2015-05-23T17:13:35.561294", "state": "completed", "project_id": 205, "id": 39085, "priority_0": 0.0}]