[{"info": {"url_m": "https://farm9.staticflickr.com/8568/16267656576_f83de06f9c_m.jpg", "link": "https://www.flickr.com/photos/MicroPasts/16267656576", "url_b": "https://farm9.staticflickr.com/8568/16267656576_f83de06f9c_b.jpg"}, "n_answers": 2, "quorum": 0, "calibration": 0, "created": "2015-01-16T15:04:14.986661", "state": "completed", "project_id": 122, "id": 29118, "priority_0": 0.0}, {"info": {"url_m": "https://farm9.staticflickr.com/8671/16106053948_60e7dc2d8f_m.jpg", "link": "https://www.flickr.com/photos/MicroPasts/16106053948", "url_b": "https://farm9.staticflickr.com/8671/16106053948_60e7dc2d8f_b.jpg"}, "n_answers": 2, "quorum": 0, "calibration": 0, "created": "2015-01-16T15:04:18.104444", "state": "completed", "project_id": 122, "id": 29119, "priority_0": 0.0}, {"info": {"url_m": "https://farm8.staticflickr.com/7577/15671179934_64a8a59c73_m.jpg", "link": "https://www.flickr.com/photos/MicroPasts/15671179934", "url_b": "https://farm8.staticflickr.com/7577/15671179934_64a8a59c73_b.jpg"}, "n_answers": 2, "quorum": 0, "calibration": 0, "created": "2015-01-16T15:04:21.280348", "state": "completed", "project_id": 122, "id": 29120, "priority_0": 0.0}, {"info": {"url_m": "https://farm8.staticflickr.com/7556/16106054288_66cb3c4f18_m.jpg", "link": "https://www.flickr.com/photos/MicroPasts/16106054288", "url_b": "https://farm8.staticflickr.com/7556/16106054288_66cb3c4f18_b.jpg"}, "n_answers": 2, "quorum": 0, "calibration": 0, "created": "2015-01-16T15:04:24.329306", "state": "completed", "project_id": 122, "id": 29121, "priority_0": 0.0}, {"info": {"url_m": "https://farm8.staticflickr.com/7520/15673718973_f10872721e_m.jpg", "link": "https://www.flickr.com/photos/MicroPasts/15673718973", "url_b": "https://farm8.staticflickr.com/7520/15673718973_f10872721e_b.jpg"}, "n_answers": 2, "quorum": 0, "calibration": 0, "created": "2015-01-16T15:04:27.371232", "state": "completed", "project_id": 122, "id": 29122, "priority_0": 0.0}, {"info": {"url_m": "https://farm8.staticflickr.com/7502/15671180064_06d784b089_m.jpg", "link": "https://www.flickr.com/photos/MicroPasts/15671180064", "url_b": "https://farm8.staticflickr.com/7502/15671180064_06d784b089_b.jpg"}, "n_answers": 2, "quorum": 0, "calibration": 0, "created": "2015-01-16T15:04:30.436858", "state": "completed", "project_id": 122, "id": 29123, "priority_0": 0.0}, {"info": {"url_m": "https://farm9.staticflickr.com/8652/16106054308_c06be5790a_m.jpg", "link": "https://www.flickr.com/photos/MicroPasts/16106054308", "url_b": "https://farm9.staticflickr.com/8652/16106054308_c06be5790a_b.jpg"}, "n_answers": 2, "quorum": 0, "calibration": 0, "created": "2015-01-16T15:04:33.485681", "state": "completed", "project_id": 122, "id": 29124, "priority_0": 0.0}, {"info": {"url_m": "https://farm8.staticflickr.com/7517/16106054378_9a48ffbdc6_m.jpg", "link": "https://www.flickr.com/photos/MicroPasts/16106054378", "url_b": "https://farm8.staticflickr.com/7517/16106054378_9a48ffbdc6_b.jpg"}, "n_answers": 2, "quorum": 0, "calibration": 0, "created": "2015-01-16T15:04:36.519527", "state": "completed", "project_id": 122, "id": 29125, "priority_0": 0.0}, {"info": {"url_m": "https://farm9.staticflickr.com/8575/16107456269_f3402370b8_m.jpg", "link": "https://www.flickr.com/photos/MicroPasts/16107456269", "url_b": "https://farm9.staticflickr.com/8575/16107456269_f3402370b8_b.jpg"}, "n_answers": 2, "quorum": 0, "calibration": 0, "created": "2015-01-16T15:04:39.569154", "state": "completed", "project_id": 122, "id": 29126, "priority_0": 0.0}, {"info": {"url_m": "https://farm8.staticflickr.com/7550/16293587865_61dbed02c3_m.jpg", "link": "https://www.flickr.com/photos/MicroPasts/16293587865", "url_b": "https://farm8.staticflickr.com/7550/16293587865_61dbed02c3_b.jpg"}, "n_answers": 2, "quorum": 0, "calibration": 0, "created": "2015-01-16T15:04:42.628209", "state": "completed", "project_id": 122, "id": 29127, "priority_0": 0.0}, {"info": {"url_m": "https://farm8.staticflickr.com/7535/16107734487_8db143f207_m.jpg", "link": "https://www.flickr.com/photos/MicroPasts/16107734487", "url_b": "https://farm8.staticflickr.com/7535/16107734487_8db143f207_b.jpg"}, "n_answers": 2, "quorum": 0, "calibration": 0, "created": "2015-01-16T15:04:45.663142", "state": "completed", "project_id": 122, "id": 29128, "priority_0": 0.0}, {"info": {"url_m": "https://farm8.staticflickr.com/7468/16107456449_c20ab9c5a5_m.jpg", "link": "https://www.flickr.com/photos/MicroPasts/16107456449", "url_b": "https://farm8.staticflickr.com/7468/16107456449_c20ab9c5a5_b.jpg"}, "n_answers": 2, "quorum": 0, "calibration": 0, "created": "2015-01-16T15:04:48.712313", "state": "completed", "project_id": 122, "id": 29129, "priority_0": 0.0}, {"info": {"url_m": "https://farm9.staticflickr.com/8649/15671180904_e362fd267c_m.jpg", "link": "https://www.flickr.com/photos/MicroPasts/15671180904", "url_b": "https://farm9.staticflickr.com/8649/15671180904_e362fd267c_b.jpg"}, "n_answers": 2, "quorum": 0, "calibration": 0, "created": "2015-01-16T15:04:51.763061", "state": "completed", "project_id": 122, "id": 29130, "priority_0": 0.0}, {"info": {"url_m": "https://farm8.staticflickr.com/7479/16107456599_0b3617f47d_m.jpg", "link": "https://www.flickr.com/photos/MicroPasts/16107456599", "url_b": "https://farm8.staticflickr.com/7479/16107456599_0b3617f47d_b.jpg"}, "n_answers": 2, "quorum": 0, "calibration": 0, "created": "2015-01-16T15:04:54.817262", "state": "completed", "project_id": 122, "id": 29131, "priority_0": 0.0}, {"info": {"url_m": "https://farm9.staticflickr.com/8577/15671181014_3acbb2d368_m.jpg", "link": "https://www.flickr.com/photos/MicroPasts/15671181014", "url_b": "https://farm9.staticflickr.com/8577/15671181014_3acbb2d368_b.jpg"}, "n_answers": 2, "quorum": 0, "calibration": 0, "created": "2015-01-16T15:04:57.870213", "state": "completed", "project_id": 122, "id": 29132, "priority_0": 0.0}, {"info": {"url_m": "https://farm9.staticflickr.com/8611/16293588165_e0a664903d_m.jpg", "link": "https://www.flickr.com/photos/MicroPasts/16293588165", "url_b": "https://farm9.staticflickr.com/8611/16293588165_e0a664903d_b.jpg"}, "n_answers": 2, "quorum": 0, "calibration": 0, "created": "2015-01-16T15:05:00.953772", "state": "completed", "project_id": 122, "id": 29133, "priority_0": 0.0}, {"info": {"url_m": "https://farm8.staticflickr.com/7553/16106055198_afce23d20b_m.jpg", "link": "https://www.flickr.com/photos/MicroPasts/16106055198", "url_b": "https://farm8.staticflickr.com/7553/16106055198_afce23d20b_b.jpg"}, "n_answers": 2, "quorum": 0, "calibration": 0, "created": "2015-01-16T15:05:04.003343", "state": "completed", "project_id": 122, "id": 29134, "priority_0": 0.0}, {"info": {"url_m": "https://farm8.staticflickr.com/7539/16107734947_c24ba678bc_m.jpg", "link": "https://www.flickr.com/photos/MicroPasts/16107734947", "url_b": "https://farm8.staticflickr.com/7539/16107734947_c24ba678bc_b.jpg"}, "n_answers": 2, "quorum": 0, "calibration": 0, "created": "2015-01-16T15:05:07.065962", "state": "completed", "project_id": 122, "id": 29135, "priority_0": 0.0}, {"info": {"url_m": "https://farm8.staticflickr.com/7479/16291801151_6516a11212_m.jpg", "link": "https://www.flickr.com/photos/MicroPasts/16291801151", "url_b": "https://farm8.staticflickr.com/7479/16291801151_6516a11212_b.jpg"}, "n_answers": 2, "quorum": 0, "calibration": 0, "created": "2015-01-16T15:05:10.121112", "state": "completed", "project_id": 122, "id": 29136, "priority_0": 0.0}, {"info": {"url_m": "https://farm9.staticflickr.com/8585/16106227780_35eafd71cd_m.jpg", "link": "https://www.flickr.com/photos/MicroPasts/16106227780", "url_b": "https://farm9.staticflickr.com/8585/16106227780_35eafd71cd_b.jpg"}, "n_answers": 2, "quorum": 0, "calibration": 0, "created": "2015-01-16T15:05:13.277812", "state": "completed", "project_id": 122, "id": 29137, "priority_0": 0.0}, {"info": {"url_m": "https://farm8.staticflickr.com/7490/16293588615_2c9f2cef75_m.jpg", "link": "https://www.flickr.com/photos/MicroPasts/16293588615", "url_b": "https://farm8.staticflickr.com/7490/16293588615_2c9f2cef75_b.jpg"}, "n_answers": 2, "quorum": 0, "calibration": 0, "created": "2015-01-16T15:05:16.340000", "state": "completed", "project_id": 122, "id": 29138, "priority_0": 0.0}, {"info": {"url_m": "https://farm8.staticflickr.com/7470/16267658026_fc8ddb30b2_m.jpg", "link": "https://www.flickr.com/photos/MicroPasts/16267658026", "url_b": "https://farm8.staticflickr.com/7470/16267658026_fc8ddb30b2_b.jpg"}, "n_answers": 2, "quorum": 0, "calibration": 0, "created": "2015-01-16T15:05:19.390240", "state": "completed", "project_id": 122, "id": 29139, "priority_0": 0.0}, {"info": {"url_m": "https://farm8.staticflickr.com/7529/16291801581_2afde120b0_m.jpg", "link": "https://www.flickr.com/photos/MicroPasts/16291801581", "url_b": "https://farm8.staticflickr.com/7529/16291801581_2afde120b0_b.jpg"}, "n_answers": 2, "quorum": 0, "calibration": 0, "created": "2015-01-16T15:05:22.453271", "state": "completed", "project_id": 122, "id": 29140, "priority_0": 0.0}, {"info": {"url_m": "https://farm9.staticflickr.com/8656/16291801701_56169e567b_m.jpg", "link": "https://www.flickr.com/photos/MicroPasts/16291801701", "url_b": "https://farm9.staticflickr.com/8656/16291801701_56169e567b_b.jpg"}, "n_answers": 2, "quorum": 0, "calibration": 0, "created": "2015-01-16T15:05:25.500790", "state": "completed", "project_id": 122, "id": 29141, "priority_0": 0.0}, {"info": {"url_m": "https://farm8.staticflickr.com/7552/16291801821_a3ce307ccb_m.jpg", "link": "https://www.flickr.com/photos/MicroPasts/16291801821", "url_b": "https://farm8.staticflickr.com/7552/16291801821_a3ce307ccb_b.jpg"}, "n_answers": 2, "quorum": 0, "calibration": 0, "created": "2015-01-16T15:05:28.556171", "state": "completed", "project_id": 122, "id": 29142, "priority_0": 0.0}, {"info": {"url_m": "https://farm8.staticflickr.com/7498/15671182034_ca03a3d62d_m.jpg", "link": "https://www.flickr.com/photos/MicroPasts/15671182034", "url_b": "https://farm8.staticflickr.com/7498/15671182034_ca03a3d62d_b.jpg"}, "n_answers": 2, "quorum": 0, "calibration": 0, "created": "2015-01-16T15:05:31.597072", "state": "completed", "project_id": 122, "id": 29143, "priority_0": 0.0}, {"info": {"url_m": "https://farm8.staticflickr.com/7551/16106228600_c4bbc0dd23_m.jpg", "link": "https://www.flickr.com/photos/MicroPasts/16106228600", "url_b": "https://farm8.staticflickr.com/7551/16106228600_c4bbc0dd23_b.jpg"}, "n_answers": 2, "quorum": 0, "calibration": 0, "created": "2015-01-16T15:05:34.660689", "state": "completed", "project_id": 122, "id": 29144, "priority_0": 0.0}, {"info": {"url_m": "https://farm9.staticflickr.com/8589/15673720953_efa1412cc2_m.jpg", "link": "https://www.flickr.com/photos/MicroPasts/15673720953", "url_b": "https://farm9.staticflickr.com/8589/15673720953_efa1412cc2_b.jpg"}, "n_answers": 2, "quorum": 0, "calibration": 0, "created": "2015-01-16T15:05:37.710035", "state": "completed", "project_id": 122, "id": 29145, "priority_0": 0.0}, {"info": {"url_m": "https://farm8.staticflickr.com/7500/16292749642_a78d513dfe_m.jpg", "link": "https://www.flickr.com/photos/MicroPasts/16292749642", "url_b": "https://farm8.staticflickr.com/7500/16292749642_a78d513dfe_b.jpg"}, "n_answers": 2, "quorum": 0, "calibration": 0, "created": "2015-01-16T15:05:40.772953", "state": "completed", "project_id": 122, "id": 29146, "priority_0": 0.0}, {"info": {"url_m": "https://farm8.staticflickr.com/7502/16291802371_fc634a8046_m.jpg", "link": "https://www.flickr.com/photos/MicroPasts/16291802371", "url_b": "https://farm8.staticflickr.com/7502/16291802371_fc634a8046_b.jpg"}, "n_answers": 2, "quorum": 0, "calibration": 0, "created": "2015-01-16T15:05:43.833648", "state": "completed", "project_id": 122, "id": 29147, "priority_0": 0.0}, {"info": {"url_m": "https://farm8.staticflickr.com/7479/16107458349_1c2b6141fd_m.jpg", "link": "https://www.flickr.com/photos/MicroPasts/16107458349", "url_b": "https://farm8.staticflickr.com/7479/16107458349_1c2b6141fd_b.jpg"}, "n_answers": 2, "quorum": 0, "calibration": 0, "created": "2015-01-16T15:05:46.964184", "state": "completed", "project_id": 122, "id": 29148, "priority_0": 0.0}, {"info": {"url_m": "https://farm9.staticflickr.com/8646/16106229110_b5f8e1aa45_m.jpg", "link": "https://www.flickr.com/photos/MicroPasts/16106229110", "url_b": "https://farm9.staticflickr.com/8646/16106229110_b5f8e1aa45_b.jpg"}, "n_answers": 2, "quorum": 0, "calibration": 0, "created": "2015-01-16T15:05:50.025564", "state": "completed", "project_id": 122, "id": 29149, "priority_0": 0.0}, {"info": {"url_m": "https://farm8.staticflickr.com/7526/16292750032_a12f5fa5f4_m.jpg", "link": "https://www.flickr.com/photos/MicroPasts/16292750032", "url_b": "https://farm8.staticflickr.com/7526/16292750032_a12f5fa5f4_b.jpg"}, "n_answers": 2, "quorum": 0, "calibration": 0, "created": "2015-01-16T15:05:53.075332", "state": "completed", "project_id": 122, "id": 29150, "priority_0": 0.0}, {"info": {"url_m": "https://farm8.staticflickr.com/7512/16292750142_b1e2fedcd5_m.jpg", "link": "https://www.flickr.com/photos/MicroPasts/16292750142", "url_b": "https://farm8.staticflickr.com/7512/16292750142_b1e2fedcd5_b.jpg"}, "n_answers": 2, "quorum": 0, "calibration": 0, "created": "2015-01-16T15:05:56.138243", "state": "completed", "project_id": 122, "id": 29151, "priority_0": 0.0}, {"info": {"url_m": "https://farm8.staticflickr.com/7499/16293589975_470393ca65_m.jpg", "link": "https://www.flickr.com/photos/MicroPasts/16293589975", "url_b": "https://farm8.staticflickr.com/7499/16293589975_470393ca65_b.jpg"}, "n_answers": 2, "quorum": 0, "calibration": 0, "created": "2015-01-16T15:05:59.192964", "state": "completed", "project_id": 122, "id": 29152, "priority_0": 0.0}, {"info": {"url_m": "https://farm8.staticflickr.com/7532/16106229480_095613bdb9_m.jpg", "link": "https://www.flickr.com/photos/MicroPasts/16106229480", "url_b": "https://farm8.staticflickr.com/7532/16106229480_095613bdb9_b.jpg"}, "n_answers": 2, "quorum": 0, "calibration": 0, "created": "2015-01-16T15:06:02.241899", "state": "completed", "project_id": 122, "id": 29153, "priority_0": 0.0}, {"info": {"url_m": "https://farm9.staticflickr.com/8579/16292750502_7817e9745b_m.jpg", "link": "https://www.flickr.com/photos/MicroPasts/16292750502", "url_b": "https://farm9.staticflickr.com/8579/16292750502_7817e9745b_b.jpg"}, "n_answers": 2, "quorum": 0, "calibration": 0, "created": "2015-01-16T15:06:05.304547", "state": "completed", "project_id": 122, "id": 29154, "priority_0": 0.0}, {"info": {"url_m": "https://farm9.staticflickr.com/8610/16267659216_c5b7404525_m.jpg", "link": "https://www.flickr.com/photos/MicroPasts/16267659216", "url_b": "https://farm9.staticflickr.com/8610/16267659216_c5b7404525_b.jpg"}, "n_answers": 2, "quorum": 0, "calibration": 0, "created": "2015-01-16T15:06:08.357811", "state": "completed", "project_id": 122, "id": 29155, "priority_0": 0.0}, {"info": {"url_m": "https://farm8.staticflickr.com/7497/16107736977_5901b56587_m.jpg", "link": "https://www.flickr.com/photos/MicroPasts/16107736977", "url_b": "https://farm8.staticflickr.com/7497/16107736977_5901b56587_b.jpg"}, "n_answers": 2, "quorum": 0, "calibration": 0, "created": "2015-01-16T15:06:11.420400", "state": "completed", "project_id": 122, "id": 29156, "priority_0": 0.0}, {"info": {"url_m": "https://farm8.staticflickr.com/7576/16292750722_7fedc99c73_m.jpg", "link": "https://www.flickr.com/photos/MicroPasts/16292750722", "url_b": "https://farm8.staticflickr.com/7576/16292750722_7fedc99c73_b.jpg"}, "n_answers": 2, "quorum": 0, "calibration": 0, "created": "2015-01-16T15:06:14.474910", "state": "completed", "project_id": 122, "id": 29157, "priority_0": 0.0}, {"info": {"url_m": "https://farm9.staticflickr.com/8615/15671183584_d0320003d1_m.jpg", "link": "https://www.flickr.com/photos/MicroPasts/15671183584", "url_b": "https://farm9.staticflickr.com/8615/15671183584_d0320003d1_b.jpg"}, "n_answers": 2, "quorum": 0, "calibration": 0, "created": "2015-01-16T15:06:17.537882", "state": "completed", "project_id": 122, "id": 29158, "priority_0": 0.0}, {"info": {"url_m": "https://farm8.staticflickr.com/7537/16267659536_6c526a0148_m.jpg", "link": "https://www.flickr.com/photos/MicroPasts/16267659536", "url_b": "https://farm8.staticflickr.com/7537/16267659536_6c526a0148_b.jpg"}, "n_answers": 2, "quorum": 0, "calibration": 0, "created": "2015-01-16T15:06:20.591211", "state": "completed", "project_id": 122, "id": 29159, "priority_0": 0.0}, {"info": {"url_m": "https://farm8.staticflickr.com/7506/16291803601_68b7507294_m.jpg", "link": "https://www.flickr.com/photos/MicroPasts/16291803601", "url_b": "https://farm8.staticflickr.com/7506/16291803601_68b7507294_b.jpg"}, "n_answers": 2, "quorum": 0, "calibration": 0, "created": "2015-01-16T15:06:23.720394", "state": "completed", "project_id": 122, "id": 29160, "priority_0": 0.0}, {"info": {"url_m": "https://farm8.staticflickr.com/7543/16107459499_2c394db6dd_m.jpg", "link": "https://www.flickr.com/photos/MicroPasts/16107459499", "url_b": "https://farm8.staticflickr.com/7543/16107459499_2c394db6dd_b.jpg"}, "n_answers": 2, "quorum": 0, "calibration": 0, "created": "2015-01-16T15:06:26.856285", "state": "completed", "project_id": 122, "id": 29161, "priority_0": 0.0}, {"info": {"url_m": "https://farm8.staticflickr.com/7513/16291803811_58ccf35b9c_m.jpg", "link": "https://www.flickr.com/photos/MicroPasts/16291803811", "url_b": "https://farm8.staticflickr.com/7513/16291803811_58ccf35b9c_b.jpg"}, "n_answers": 2, "quorum": 0, "calibration": 0, "created": "2015-01-16T15:06:29.906069", "state": "completed", "project_id": 122, "id": 29162, "priority_0": 0.0}, {"info": {"url_m": "https://farm8.staticflickr.com/7470/16267660026_3acfaa5a02_m.jpg", "link": "https://www.flickr.com/photos/MicroPasts/16267660026", "url_b": "https://farm8.staticflickr.com/7470/16267660026_3acfaa5a02_b.jpg"}, "n_answers": 2, "quorum": 0, "calibration": 0, "created": "2015-01-16T15:06:32.956978", "state": "completed", "project_id": 122, "id": 29163, "priority_0": 0.0}, {"info": {"url_m": "https://farm9.staticflickr.com/8680/16106230440_36d68e7b2a_m.jpg", "link": "https://www.flickr.com/photos/MicroPasts/16106230440", "url_b": "https://farm9.staticflickr.com/8680/16106230440_36d68e7b2a_b.jpg"}, "n_answers": 2, "quorum": 0, "calibration": 0, "created": "2015-01-16T15:06:36.004634", "state": "completed", "project_id": 122, "id": 29164, "priority_0": 0.0}, {"info": {"url_m": "https://farm8.staticflickr.com/7491/16292751382_5967ab8398_m.jpg", "link": "https://www.flickr.com/photos/MicroPasts/16292751382", "url_b": "https://farm8.staticflickr.com/7491/16292751382_5967ab8398_b.jpg"}, "n_answers": 2, "quorum": 0, "calibration": 0, "created": "2015-01-16T15:06:39.065886", "state": "completed", "project_id": 122, "id": 29165, "priority_0": 0.0}, {"info": {"url_m": "https://farm9.staticflickr.com/8610/16292751602_0c9eb86f94_m.jpg", "link": "https://www.flickr.com/photos/MicroPasts/16292751602", "url_b": "https://farm9.staticflickr.com/8610/16292751602_0c9eb86f94_b.jpg"}, "n_answers": 2, "quorum": 0, "calibration": 0, "created": "2015-01-16T15:06:42.115343", "state": "completed", "project_id": 122, "id": 29166, "priority_0": 0.0}, {"info": {"url_m": "https://farm9.staticflickr.com/8568/16106230700_a41c8f624d_m.jpg", "link": "https://www.flickr.com/photos/MicroPasts/16106230700", "url_b": "https://farm9.staticflickr.com/8568/16106230700_a41c8f624d_b.jpg"}, "n_answers": 2, "quorum": 0, "calibration": 0, "created": "2015-01-16T15:06:45.176957", "state": "completed", "project_id": 122, "id": 29167, "priority_0": 0.0}, {"info": {"url_m": "https://farm8.staticflickr.com/7462/16267660416_d659000c96_m.jpg", "link": "https://www.flickr.com/photos/MicroPasts/16267660416", "url_b": "https://farm8.staticflickr.com/7462/16267660416_d659000c96_b.jpg"}, "n_answers": 2, "quorum": 0, "calibration": 0, "created": "2015-01-16T15:06:48.230940", "state": "completed", "project_id": 122, "id": 29168, "priority_0": 0.0}, {"info": {"url_m": "https://farm8.staticflickr.com/7509/15673723173_3b23a428fa_m.jpg", "link": "https://www.flickr.com/photos/MicroPasts/15673723173", "url_b": "https://farm8.staticflickr.com/7509/15673723173_3b23a428fa_b.jpg"}, "n_answers": 2, "quorum": 0, "calibration": 0, "created": "2015-01-16T15:06:51.293326", "state": "completed", "project_id": 122, "id": 29169, "priority_0": 0.0}, {"info": {"url_m": "https://farm8.staticflickr.com/7505/16293591405_74112b1f02_m.jpg", "link": "https://www.flickr.com/photos/MicroPasts/16293591405", "url_b": "https://farm8.staticflickr.com/7505/16293591405_74112b1f02_b.jpg"}, "n_answers": 2, "quorum": 0, "calibration": 0, "created": "2015-01-16T15:06:54.355210", "state": "completed", "project_id": 122, "id": 29170, "priority_0": 0.0}, {"info": {"url_m": "https://farm8.staticflickr.com/7485/16267660526_9fb5569fe2_m.jpg", "link": "https://www.flickr.com/photos/MicroPasts/16267660526", "url_b": "https://farm8.staticflickr.com/7485/16267660526_9fb5569fe2_b.jpg"}, "n_answers": 2, "quorum": 0, "calibration": 0, "created": "2015-01-16T15:06:57.404952", "state": "completed", "project_id": 122, "id": 29171, "priority_0": 0.0}, {"info": {"url_m": "https://farm8.staticflickr.com/7547/16107738207_c6c16a2713_m.jpg", "link": "https://www.flickr.com/photos/MicroPasts/16107738207", "url_b": "https://farm8.staticflickr.com/7547/16107738207_c6c16a2713_b.jpg"}, "n_answers": 2, "quorum": 0, "calibration": 0, "created": "2015-01-16T15:07:00.453080", "state": "completed", "project_id": 122, "id": 29172, "priority_0": 0.0}, {"info": {"url_m": "https://farm9.staticflickr.com/8661/16107738277_323efd9f17_m.jpg", "link": "https://www.flickr.com/photos/MicroPasts/16107738277", "url_b": "https://farm9.staticflickr.com/8661/16107738277_323efd9f17_b.jpg"}, "n_answers": 2, "quorum": 0, "calibration": 0, "created": "2015-01-16T15:07:03.600292", "state": "completed", "project_id": 122, "id": 29173, "priority_0": 0.0}, {"info": {"url_m": "https://farm8.staticflickr.com/7478/15671184884_130bd2cce2_m.jpg", "link": "https://www.flickr.com/photos/MicroPasts/15671184884", "url_b": "https://farm8.staticflickr.com/7478/15671184884_130bd2cce2_b.jpg"}, "n_answers": 2, "quorum": 0, "calibration": 0, "created": "2015-01-16T15:07:06.642693", "state": "completed", "project_id": 122, "id": 29174, "priority_0": 0.0}, {"info": {"url_m": "https://farm8.staticflickr.com/7498/16106058878_d4fe821de7_m.jpg", "link": "https://www.flickr.com/photos/MicroPasts/16106058878", "url_b": "https://farm8.staticflickr.com/7498/16106058878_d4fe821de7_b.jpg"}, "n_answers": 2, "quorum": 0, "calibration": 0, "created": "2015-01-16T15:07:09.696654", "state": "completed", "project_id": 122, "id": 29175, "priority_0": 0.0}, {"info": {"url_m": "https://farm8.staticflickr.com/7505/16106058938_c7e66bb9a1_m.jpg", "link": "https://www.flickr.com/photos/MicroPasts/16106058938", "url_b": "https://farm8.staticflickr.com/7505/16106058938_c7e66bb9a1_b.jpg"}, "n_answers": 2, "quorum": 0, "calibration": 0, "created": "2015-01-16T15:07:12.745043", "state": "completed", "project_id": 122, "id": 29176, "priority_0": 0.0}, {"info": {"url_m": "https://farm8.staticflickr.com/7580/16107738397_e8dccc489e_m.jpg", "link": "https://www.flickr.com/photos/MicroPasts/16107738397", "url_b": "https://farm8.staticflickr.com/7580/16107738397_e8dccc489e_b.jpg"}, "n_answers": 2, "quorum": 0, "calibration": 0, "created": "2015-01-16T15:07:15.795908", "state": "completed", "project_id": 122, "id": 29177, "priority_0": 0.0}, {"info": {"url_m": "https://farm9.staticflickr.com/8635/16106059108_094ee7ac84_m.jpg", "link": "https://www.flickr.com/photos/MicroPasts/16106059108", "url_b": "https://farm9.staticflickr.com/8635/16106059108_094ee7ac84_b.jpg"}, "n_answers": 2, "quorum": 0, "calibration": 0, "created": "2015-01-16T15:07:18.859200", "state": "completed", "project_id": 122, "id": 29178, "priority_0": 0.0}, {"info": {"url_m": "https://farm8.staticflickr.com/7502/16107738437_a5b35e03e6_m.jpg", "link": "https://www.flickr.com/photos/MicroPasts/16107738437", "url_b": "https://farm8.staticflickr.com/7502/16107738437_a5b35e03e6_b.jpg"}, "n_answers": 2, "quorum": 0, "calibration": 0, "created": "2015-01-16T15:07:21.921927", "state": "completed", "project_id": 122, "id": 29179, "priority_0": 0.0}, {"info": {"url_m": "https://farm8.staticflickr.com/7489/16267660976_0baaab1513_m.jpg", "link": "https://www.flickr.com/photos/MicroPasts/16267660976", "url_b": "https://farm8.staticflickr.com/7489/16267660976_0baaab1513_b.jpg"}, "n_answers": 2, "quorum": 0, "calibration": 0, "created": "2015-01-16T15:07:24.965302", "state": "completed", "project_id": 122, "id": 29180, "priority_0": 0.0}, {"info": {"url_m": "https://farm8.staticflickr.com/7527/16291804761_6bffbbc893_m.jpg", "link": "https://www.flickr.com/photos/MicroPasts/16291804761", "url_b": "https://farm8.staticflickr.com/7527/16291804761_6bffbbc893_b.jpg"}, "n_answers": 2, "quorum": 0, "calibration": 0, "created": "2015-01-16T15:07:28.029880", "state": "completed", "project_id": 122, "id": 29181, "priority_0": 0.0}, {"info": {"url_m": "https://farm8.staticflickr.com/7525/16107461299_219c2f8383_m.jpg", "link": "https://www.flickr.com/photos/MicroPasts/16107461299", "url_b": "https://farm8.staticflickr.com/7525/16107461299_219c2f8383_b.jpg"}, "n_answers": 2, "quorum": 0, "calibration": 0, "created": "2015-01-16T15:07:31.079731", "state": "completed", "project_id": 122, "id": 29182, "priority_0": 0.0}, {"info": {"url_m": "https://farm9.staticflickr.com/8624/16293592135_5eff8d1d7b_m.jpg", "link": "https://www.flickr.com/photos/MicroPasts/16293592135", "url_b": "https://farm9.staticflickr.com/8624/16293592135_5eff8d1d7b_b.jpg"}, "n_answers": 2, "quorum": 0, "calibration": 0, "created": "2015-01-16T15:07:34.141317", "state": "completed", "project_id": 122, "id": 29183, "priority_0": 0.0}, {"info": {"url_m": "https://farm8.staticflickr.com/7519/16107738787_36514a0dd8_m.jpg", "link": "https://www.flickr.com/photos/MicroPasts/16107738787", "url_b": "https://farm8.staticflickr.com/7519/16107738787_36514a0dd8_b.jpg"}, "n_answers": 2, "quorum": 0, "calibration": 0, "created": "2015-01-16T15:07:37.195602", "state": "completed", "project_id": 122, "id": 29184, "priority_0": 0.0}, {"info": {"url_m": "https://farm9.staticflickr.com/8667/16106059488_55af271e8d_m.jpg", "link": "https://www.flickr.com/photos/MicroPasts/16106059488", "url_b": "https://farm9.staticflickr.com/8667/16106059488_55af271e8d_b.jpg"}, "n_answers": 2, "quorum": 0, "calibration": 0, "created": "2015-01-16T15:07:40.257928", "state": "completed", "project_id": 122, "id": 29185, "priority_0": 0.0}, {"info": {"url_m": "https://farm8.staticflickr.com/7474/16267661456_92c867175b_m.jpg", "link": "https://www.flickr.com/photos/MicroPasts/16267661456", "url_b": "https://farm8.staticflickr.com/7474/16267661456_92c867175b_b.jpg"}, "n_answers": 2, "quorum": 0, "calibration": 0, "created": "2015-01-16T15:07:43.311241", "state": "completed", "project_id": 122, "id": 29186, "priority_0": 0.0}, {"info": {"url_m": "https://farm8.staticflickr.com/7522/16292752592_efb1dfc4ac_m.jpg", "link": "https://www.flickr.com/photos/MicroPasts/16292752592", "url_b": "https://farm8.staticflickr.com/7522/16292752592_efb1dfc4ac_b.jpg"}, "n_answers": 2, "quorum": 0, "calibration": 0, "created": "2015-01-16T15:07:46.373433", "state": "completed", "project_id": 122, "id": 29187, "priority_0": 0.0}, {"info": {"url_m": "https://farm8.staticflickr.com/7480/15673724013_48370c9e1b_m.jpg", "link": "https://www.flickr.com/photos/MicroPasts/15673724013", "url_b": "https://farm8.staticflickr.com/7480/15673724013_48370c9e1b_b.jpg"}, "n_answers": 2, "quorum": 0, "calibration": 0, "created": "2015-01-16T15:07:49.422423", "state": "completed", "project_id": 122, "id": 29188, "priority_0": 0.0}, {"info": {"url_m": "https://farm8.staticflickr.com/7567/16107461019_a61a5f443f_m.jpg", "link": "https://www.flickr.com/photos/MicroPasts/16107461019", "url_b": "https://farm8.staticflickr.com/7567/16107461019_a61a5f443f_b.jpg"}, "n_answers": 2, "quorum": 0, "calibration": 0, "created": "2015-01-16T15:07:52.473449", "state": "completed", "project_id": 122, "id": 29189, "priority_0": 0.0}, {"info": {"url_m": "https://farm9.staticflickr.com/8656/16267661656_2f69ff946c_m.jpg", "link": "https://www.flickr.com/photos/MicroPasts/16267661656", "url_b": "https://farm9.staticflickr.com/8656/16267661656_2f69ff946c_b.jpg"}, "n_answers": 2, "quorum": 0, "calibration": 0, "created": "2015-01-16T15:07:55.535151", "state": "completed", "project_id": 122, "id": 29190, "priority_0": 0.0}, {"info": {"url_m": "https://farm8.staticflickr.com/7574/16292752722_521cbdccf4_m.jpg", "link": "https://www.flickr.com/photos/MicroPasts/16292752722", "url_b": "https://farm8.staticflickr.com/7574/16292752722_521cbdccf4_b.jpg"}, "n_answers": 2, "quorum": 0, "calibration": 0, "created": "2015-01-16T15:07:58.585570", "state": "completed", "project_id": 122, "id": 29191, "priority_0": 0.0}, {"info": {"url_m": "https://farm9.staticflickr.com/8576/16106232130_c8607ba211_m.jpg", "link": "https://www.flickr.com/photos/MicroPasts/16106232130", "url_b": "https://farm9.staticflickr.com/8576/16106232130_c8607ba211_b.jpg"}, "n_answers": 2, "quorum": 0, "calibration": 0, "created": "2015-01-16T15:08:01.648926", "state": "completed", "project_id": 122, "id": 29192, "priority_0": 0.0}, {"info": {"url_m": "https://farm9.staticflickr.com/8671/16292752882_9a44eb56d2_m.jpg", "link": "https://www.flickr.com/photos/MicroPasts/16292752882", "url_b": "https://farm9.staticflickr.com/8671/16292752882_9a44eb56d2_b.jpg"}, "n_answers": 2, "quorum": 0, "calibration": 0, "created": "2015-01-16T15:08:04.717842", "state": "completed", "project_id": 122, "id": 29193, "priority_0": 0.0}, {"info": {"url_m": "https://farm9.staticflickr.com/8596/16106059878_c471e5c10e_m.jpg", "link": "https://www.flickr.com/photos/MicroPasts/16106059878", "url_b": "https://farm9.staticflickr.com/8596/16106059878_c471e5c10e_b.jpg"}, "n_answers": 2, "quorum": 0, "calibration": 0, "created": "2015-01-16T15:08:07.777369", "state": "completed", "project_id": 122, "id": 29194, "priority_0": 0.0}, {"info": {"url_m": "https://farm8.staticflickr.com/7544/16107739457_2d360106ff_m.jpg", "link": "https://www.flickr.com/photos/MicroPasts/16107739457", "url_b": "https://farm8.staticflickr.com/7544/16107739457_2d360106ff_b.jpg"}, "n_answers": 2, "quorum": 0, "calibration": 0, "created": "2015-01-16T15:08:10.826196", "state": "completed", "project_id": 122, "id": 29195, "priority_0": 0.0}, {"info": {"url_m": "https://farm8.staticflickr.com/7500/15673724503_f0ed3981c9_m.jpg", "link": "https://www.flickr.com/photos/MicroPasts/15673724503", "url_b": "https://farm8.staticflickr.com/7500/15673724503_f0ed3981c9_b.jpg"}, "n_answers": 2, "quorum": 0, "calibration": 0, "created": "2015-01-16T15:08:13.912997", "state": "completed", "project_id": 122, "id": 29196, "priority_0": 0.0}, {"info": {"url_m": "https://farm8.staticflickr.com/7559/16292753222_32acebabe2_m.jpg", "link": "https://www.flickr.com/photos/MicroPasts/16292753222", "url_b": "https://farm8.staticflickr.com/7559/16292753222_32acebabe2_b.jpg"}, "n_answers": 2, "quorum": 0, "calibration": 0, "created": "2015-01-16T15:08:16.965868", "state": "completed", "project_id": 122, "id": 29197, "priority_0": 0.0}, {"info": {"url_m": "https://farm9.staticflickr.com/8562/16107739627_62ab2d2108_m.jpg", "link": "https://www.flickr.com/photos/MicroPasts/16107739627", "url_b": "https://farm9.staticflickr.com/8562/16107739627_62ab2d2108_b.jpg"}, "n_answers": 2, "quorum": 0, "calibration": 0, "created": "2015-01-16T15:08:20.022998", "state": "completed", "project_id": 122, "id": 29198, "priority_0": 0.0}, {"info": {"url_m": "https://farm8.staticflickr.com/7554/16293592805_29f5328d28_m.jpg", "link": "https://www.flickr.com/photos/MicroPasts/16293592805", "url_b": "https://farm8.staticflickr.com/7554/16293592805_29f5328d28_b.jpg"}, "n_answers": 2, "quorum": 0, "calibration": 0, "created": "2015-01-16T15:08:23.081120", "state": "completed", "project_id": 122, "id": 29199, "priority_0": 0.0}, {"info": {"url_m": "https://farm8.staticflickr.com/7537/16107461729_0d73045def_m.jpg", "link": "https://www.flickr.com/photos/MicroPasts/16107461729", "url_b": "https://farm8.staticflickr.com/7537/16107461729_0d73045def_b.jpg"}, "n_answers": 2, "quorum": 0, "calibration": 0, "created": "2015-01-16T15:08:26.133300", "state": "completed", "project_id": 122, "id": 29200, "priority_0": 0.0}, {"info": {"url_m": "https://farm8.staticflickr.com/7569/16106060058_8d5831c260_m.jpg", "link": "https://www.flickr.com/photos/MicroPasts/16106060058", "url_b": "https://farm8.staticflickr.com/7569/16106060058_8d5831c260_b.jpg"}, "n_answers": 2, "quorum": 0, "calibration": 0, "created": "2015-01-16T15:08:29.171998", "state": "completed", "project_id": 122, "id": 29201, "priority_0": 0.0}, {"info": {"url_m": "https://farm9.staticflickr.com/8631/15673724783_41b4f31d56_m.jpg", "link": "https://www.flickr.com/photos/MicroPasts/15673724783", "url_b": "https://farm9.staticflickr.com/8631/15673724783_41b4f31d56_b.jpg"}, "n_answers": 2, "quorum": 0, "calibration": 0, "created": "2015-01-16T15:08:32.224879", "state": "completed", "project_id": 122, "id": 29202, "priority_0": 0.0}, {"info": {"url_m": "https://farm8.staticflickr.com/7467/15671186384_9ee46ed4c3_m.jpg", "link": "https://www.flickr.com/photos/MicroPasts/15671186384", "url_b": "https://farm8.staticflickr.com/7467/15671186384_9ee46ed4c3_b.jpg"}, "n_answers": 2, "quorum": 0, "calibration": 0, "created": "2015-01-16T15:08:35.275798", "state": "completed", "project_id": 122, "id": 29203, "priority_0": 0.0}, {"info": {"url_m": "https://farm9.staticflickr.com/8673/16107461959_4a1138f18e_m.jpg", "link": "https://www.flickr.com/photos/MicroPasts/16107461959", "url_b": "https://farm9.staticflickr.com/8673/16107461959_4a1138f18e_b.jpg"}, "n_answers": 2, "quorum": 0, "calibration": 0, "created": "2015-01-16T15:08:38.366800", "state": "completed", "project_id": 122, "id": 29204, "priority_0": 0.0}, {"info": {"url_m": "https://farm9.staticflickr.com/8660/16106232670_ec8056e848_m.jpg", "link": "https://www.flickr.com/photos/MicroPasts/16106232670", "url_b": "https://farm9.staticflickr.com/8660/16106232670_ec8056e848_b.jpg"}, "n_answers": 2, "quorum": 0, "calibration": 0, "created": "2015-01-16T15:08:41.481229", "state": "completed", "project_id": 122, "id": 29205, "priority_0": 0.0}, {"info": {"url_m": "https://farm8.staticflickr.com/7482/16291806271_8a36cdcd6b_m.jpg", "link": "https://www.flickr.com/photos/MicroPasts/16291806271", "url_b": "https://farm8.staticflickr.com/7482/16291806271_8a36cdcd6b_b.jpg"}, "n_answers": 2, "quorum": 0, "calibration": 0, "created": "2015-01-16T15:08:44.532331", "state": "completed", "project_id": 122, "id": 29206, "priority_0": 0.0}, {"info": {"url_m": "https://farm9.staticflickr.com/8562/16107740197_b2a77a8dd5_m.jpg", "link": "https://www.flickr.com/photos/MicroPasts/16107740197", "url_b": "https://farm9.staticflickr.com/8562/16107740197_b2a77a8dd5_b.jpg"}, "n_answers": 2, "quorum": 0, "calibration": 0, "created": "2015-01-16T15:08:47.583076", "state": "completed", "project_id": 122, "id": 29207, "priority_0": 0.0}, {"info": {"url_m": "https://farm9.staticflickr.com/8645/15671186644_5cba26f32a_m.jpg", "link": "https://www.flickr.com/photos/MicroPasts/15671186644", "url_b": "https://farm9.staticflickr.com/8645/15671186644_5cba26f32a_b.jpg"}, "n_answers": 2, "quorum": 0, "calibration": 0, "created": "2015-01-16T15:08:50.646831", "state": "completed", "project_id": 122, "id": 29208, "priority_0": 0.0}, {"info": {"url_m": "https://farm8.staticflickr.com/7551/16106232960_8c428ed400_m.jpg", "link": "https://www.flickr.com/photos/MicroPasts/16106232960", "url_b": "https://farm8.staticflickr.com/7551/16106232960_8c428ed400_b.jpg"}, "n_answers": 2, "quorum": 0, "calibration": 0, "created": "2015-01-16T15:08:53.697104", "state": "completed", "project_id": 122, "id": 29209, "priority_0": 0.0}, {"info": {"url_m": "https://farm8.staticflickr.com/7577/16292754032_6c5633a733_m.jpg", "link": "https://www.flickr.com/photos/MicroPasts/16292754032", "url_b": "https://farm8.staticflickr.com/7577/16292754032_6c5633a733_b.jpg"}, "n_answers": 2, "quorum": 0, "calibration": 0, "created": "2015-01-16T15:08:56.750300", "state": "completed", "project_id": 122, "id": 29210, "priority_0": 0.0}, {"info": {"url_m": "https://farm8.staticflickr.com/7566/15673725333_9bf827ecb6_m.jpg", "link": "https://www.flickr.com/photos/MicroPasts/15673725333", "url_b": "https://farm8.staticflickr.com/7566/15673725333_9bf827ecb6_b.jpg"}, "n_answers": 2, "quorum": 0, "calibration": 0, "created": "2015-01-16T15:08:59.800519", "state": "completed", "project_id": 122, "id": 29211, "priority_0": 0.0}, {"info": {"url_m": "https://farm9.staticflickr.com/8642/16293593765_5ef84c197c_m.jpg", "link": "https://www.flickr.com/photos/MicroPasts/16293593765", "url_b": "https://farm9.staticflickr.com/8642/16293593765_5ef84c197c_b.jpg"}, "n_answers": 2, "quorum": 0, "calibration": 0, "created": "2015-01-16T15:09:02.861721", "state": "completed", "project_id": 122, "id": 29212, "priority_0": 0.0}, {"info": {"url_m": "https://farm8.staticflickr.com/7522/16292754102_850986b826_m.jpg", "link": "https://www.flickr.com/photos/MicroPasts/16292754102", "url_b": "https://farm8.staticflickr.com/7522/16292754102_850986b826_b.jpg"}, "n_answers": 2, "quorum": 0, "calibration": 0, "created": "2015-01-16T15:09:05.916674", "state": "completed", "project_id": 122, "id": 29213, "priority_0": 0.0}, {"info": {"url_m": "https://farm8.staticflickr.com/7466/16293593815_a4b2918b95_m.jpg", "link": "https://www.flickr.com/photos/MicroPasts/16293593815", "url_b": "https://farm8.staticflickr.com/7466/16293593815_a4b2918b95_b.jpg"}, "n_answers": 2, "quorum": 0, "calibration": 0, "created": "2015-01-16T15:09:08.980341", "state": "completed", "project_id": 122, "id": 29214, "priority_0": 0.0}, {"info": {"url_m": "https://farm8.staticflickr.com/7563/16106060948_e5543595b5_m.jpg", "link": "https://www.flickr.com/photos/MicroPasts/16106060948", "url_b": "https://farm8.staticflickr.com/7563/16106060948_e5543595b5_b.jpg"}, "n_answers": 2, "quorum": 0, "calibration": 0, "created": "2015-01-16T15:09:12.068808", "state": "completed", "project_id": 122, "id": 29215, "priority_0": 0.0}, {"info": {"url_m": "https://farm9.staticflickr.com/8628/15671187094_2d78afeb52_m.jpg", "link": "https://www.flickr.com/photos/MicroPasts/15671187094", "url_b": "https://farm9.staticflickr.com/8628/15671187094_2d78afeb52_b.jpg"}, "n_answers": 2, "quorum": 0, "calibration": 0, "created": "2015-01-16T15:09:15.121206", "state": "completed", "project_id": 122, "id": 29216, "priority_0": 0.0}, {"info": {"url_m": "https://farm8.staticflickr.com/7509/16107462649_f35e447974_m.jpg", "link": "https://www.flickr.com/photos/MicroPasts/16107462649", "url_b": "https://farm8.staticflickr.com/7509/16107462649_f35e447974_b.jpg"}, "n_answers": 2, "quorum": 0, "calibration": 0, "created": "2015-01-16T15:09:18.181423", "state": "completed", "project_id": 122, "id": 29217, "priority_0": 0.0}, {"info": {"url_m": "https://farm8.staticflickr.com/7518/16106233560_2c6da3313c_m.jpg", "link": "https://www.flickr.com/photos/MicroPasts/16106233560", "url_b": "https://farm8.staticflickr.com/7518/16106233560_2c6da3313c_b.jpg"}, "n_answers": 2, "quorum": 0, "calibration": 0, "created": "2015-01-16T15:09:21.233165", "state": "completed", "project_id": 122, "id": 29218, "priority_0": 0.0}, {"info": {"url_m": "https://farm9.staticflickr.com/8675/16107741067_64a4b344ce_m.jpg", "link": "https://www.flickr.com/photos/MicroPasts/16107741067", "url_b": "https://farm9.staticflickr.com/8675/16107741067_64a4b344ce_b.jpg"}, "n_answers": 2, "quorum": 0, "calibration": 0, "created": "2015-01-16T15:09:24.296323", "state": "completed", "project_id": 122, "id": 29219, "priority_0": 0.0}, {"info": {"url_m": "https://farm9.staticflickr.com/8647/15671187334_90735c5d3a_m.jpg", "link": "https://www.flickr.com/photos/MicroPasts/15671187334", "url_b": "https://farm9.staticflickr.com/8647/15671187334_90735c5d3a_b.jpg"}, "n_answers": 2, "quorum": 0, "calibration": 0, "created": "2015-01-16T15:09:27.354830", "state": "completed", "project_id": 122, "id": 29220, "priority_0": 0.0}, {"info": {"url_m": "https://farm8.staticflickr.com/7572/16293594455_d4e5e152eb_m.jpg", "link": "https://www.flickr.com/photos/MicroPasts/16293594455", "url_b": "https://farm8.staticflickr.com/7572/16293594455_d4e5e152eb_b.jpg"}, "n_answers": 2, "quorum": 0, "calibration": 0, "created": "2015-01-16T15:09:30.404322", "state": "completed", "project_id": 122, "id": 29221, "priority_0": 0.0}, {"info": {"url_m": "https://farm8.staticflickr.com/7570/16292754762_5128613d12_m.jpg", "link": "https://www.flickr.com/photos/MicroPasts/16292754762", "url_b": "https://farm8.staticflickr.com/7570/16292754762_5128613d12_b.jpg"}, "n_answers": 2, "quorum": 0, "calibration": 0, "created": "2015-01-16T15:09:33.461557", "state": "completed", "project_id": 122, "id": 29222, "priority_0": 0.0}, {"info": {"url_m": "https://farm8.staticflickr.com/7512/16291807341_76d03f610a_m.jpg", "link": "https://www.flickr.com/photos/MicroPasts/16291807341", "url_b": "https://farm8.staticflickr.com/7512/16291807341_76d03f610a_b.jpg"}, "n_answers": 2, "quorum": 0, "calibration": 0, "created": "2015-01-16T15:09:36.511616", "state": "completed", "project_id": 122, "id": 29223, "priority_0": 0.0}, {"info": {"url_m": "https://farm8.staticflickr.com/7566/15671187674_41cd7aaf1a_m.jpg", "link": "https://www.flickr.com/photos/MicroPasts/15671187674", "url_b": "https://farm8.staticflickr.com/7566/15671187674_41cd7aaf1a_b.jpg"}, "n_answers": 2, "quorum": 0, "calibration": 0, "created": "2015-01-16T15:09:39.561106", "state": "completed", "project_id": 122, "id": 29224, "priority_0": 0.0}, {"info": {"url_m": "https://farm9.staticflickr.com/8620/16292755032_244d10b646_m.jpg", "link": "https://www.flickr.com/photos/MicroPasts/16292755032", "url_b": "https://farm9.staticflickr.com/8620/16292755032_244d10b646_b.jpg"}, "n_answers": 2, "quorum": 0, "calibration": 0, "created": "2015-01-16T15:09:42.612329", "state": "completed", "project_id": 122, "id": 29225, "priority_0": 0.0}, {"info": {"url_m": "https://farm8.staticflickr.com/7465/16107463319_d42fc4ddc2_m.jpg", "link": "https://www.flickr.com/photos/MicroPasts/16107463319", "url_b": "https://farm8.staticflickr.com/7465/16107463319_d42fc4ddc2_b.jpg"}, "n_answers": 2, "quorum": 0, "calibration": 0, "created": "2015-01-16T15:09:45.678079", "state": "completed", "project_id": 122, "id": 29226, "priority_0": 0.0}, {"info": {"url_m": "https://farm8.staticflickr.com/7569/16106062038_063b75dcbf_m.jpg", "link": "https://www.flickr.com/photos/MicroPasts/16106062038", "url_b": "https://farm8.staticflickr.com/7569/16106062038_063b75dcbf_b.jpg"}, "n_answers": 2, "quorum": 0, "calibration": 0, "created": "2015-01-16T15:09:48.724385", "state": "completed", "project_id": 122, "id": 29227, "priority_0": 0.0}, {"info": {"url_m": "https://farm8.staticflickr.com/7471/15673726863_2d6c01d849_m.jpg", "link": "https://www.flickr.com/photos/MicroPasts/15673726863", "url_b": "https://farm8.staticflickr.com/7471/15673726863_2d6c01d849_b.jpg"}, "n_answers": 2, "quorum": 0, "calibration": 0, "created": "2015-01-16T15:09:51.777580", "state": "completed", "project_id": 122, "id": 29228, "priority_0": 0.0}, {"info": {"url_m": "https://farm8.staticflickr.com/7564/16107463579_8e9875c32f_m.jpg", "link": "https://www.flickr.com/photos/MicroPasts/16107463579", "url_b": "https://farm8.staticflickr.com/7564/16107463579_8e9875c32f_b.jpg"}, "n_answers": 2, "quorum": 0, "calibration": 0, "created": "2015-01-16T15:09:54.828050", "state": "completed", "project_id": 122, "id": 29229, "priority_0": 0.0}]