[{"info": {"weight": "Bronze (Copper Alloy)", "patina": "", "site": "Ireland, County Offaly, Dexoris - Dowris Hoard, Found in a bog during the 1820s, ", "surface": "", "toSearch": "", "remarks": "Late Bronze Age\r\n(950 BC - 750 BC)", "dateDiscoveryMonth": "None", "objectType": "Crotal", "gridRef": "", "lon": "", "thickness": "", "width": "", "other": "2-part, hand-drawn, much shaded illustration.", "composition": "", "associations": "Dowris Hoard", "description": "Bronze Crotal:  hollow-cast spherical pendant enclosing a small metal lump to serve as a rattle:  \r\ninitially cast with side perforations to allow extraction of clay core & la[??] section of rattle; cast ring for suspension.", "collection": "B.M. Coollection   1854.0714.13\r\n  -> see catalogue entry\r\n      Purchased from T. L. Cooke", "dateDiscoveryDay": "None", "lat": "", "dateDiscoveryYear": "1820", "rightCorner": "", "length": "", "edge": "", "publications": "See catalogue [sic]"}, "user_id": 734, "task_id": 34224, "created": "2015-03-13T20:35:08.910538", "finish_time": "2015-03-13T20:35:08.910566", "calibration": null, "app_id": 181, "user_ip": null, "timeout": null, "id": 46403}, {"info": {"weight": "", "patina": "", "site": "Ireland, County of Offaly, Davis, Davris Hoard, Found in a bog during the 1820s", "surface": "", "toSearch": "Daoris, county Offaly, Ireland", "remarks": "", "dateDiscoveryMonth": "None", "objectType": "Crotal", "gridRef": "", "lon": "", "thickness": "", "width": "", "other": "Date is given as \"during the 1820s\"\r\n\r\n2-part, much-shaded illlustration.", "composition": "Copper Alloy", "associations": "Davris Hoard", "description": "", "collection": "B.M. Collection  1883.0218.5\r\n -> see catalogue entry\r\n    Purchased from Rev. Earl of Mulgrave", "dateDiscoveryDay": "None", "lat": "", "dateDiscoveryYear": "1820", "rightCorner": "", "length": "", "edge": "", "publications": "See BM Catalogue."}, "user_id": 734, "task_id": 34225, "created": "2015-03-13T20:41:05.658511", "finish_time": "2015-03-13T20:41:05.658536", "calibration": null, "app_id": 181, "user_ip": null, "timeout": null, "id": 46404}, {"info": {"weight": "", "patina": "", "site": "Ireland, County Offaly, Davris, Davris Hoard, Part of a hoard found in a bog during the 1820s., ", "surface": "", "toSearch": "", "remarks": "Late Bronze Age\r\n  (950 - 750 B.C.)", "dateDiscoveryMonth": "None", "objectType": "Crotal", "gridRef": "", "lon": "", "thickness": "", "width": "", "other": "Date of discovery is actually given as \"during the 1820's.\"\r\n\r\nLarge, detailed and much-shaded illustration.", "composition": "Copper Alloy", "associations": "Davris Hoard", "description": "Bronze Crotal:  hollow cast spherical pendant enclosing a small metal lump to serve as a rattle;\r\ninitially cast with side perforations to allow extraction of clay core and insertion of rattle;\r\ncast ring for suspension.", "collection": "B.M. Collection  1854.0714.9\r\n -> see catalogue\r\n    Purchased by T. L. Cooke", "dateDiscoveryDay": "None", "lat": "", "dateDiscoveryYear": "1820", "rightCorner": "", "length": "", "edge": "", "publications": "See B. M. Catalogue"}, "user_id": 734, "task_id": 34226, "created": "2015-03-13T20:46:59.709878", "finish_time": "2015-03-13T20:46:59.709907", "calibration": null, "app_id": 181, "user_ip": null, "timeout": null, "id": 46405}, {"info": {"weight": "", "patina": "", "site": "Ireland [;] County Offaly [;] Dowris - Dowris Hoard [;] Found in a bag during the 1820s", "surface": "", "toSearch": "Doorosheath, Co. Offaly, Irlande", "remarks": "Late Bronze Age (950 BC - 750 BC)", "dateDiscoveryMonth": "None", "objectType": "Crotal", "gridRef": "", "lon": "-7.841282099999944", "geojson": {"geometry": {"type": "Point", "coordinates": ["-7.841282099999944", "53.1520072"]}, "crs": {"type": "name", "properties": {"name": "urn:ogc:def:crs:OGC:1.3:CRS84"}}, "type": "Feature", "properties": {}}, "thickness": "", "width": "", "other": "", "composition": "Bronze (Copper Alloy)", "associations": "Dowris Hoard", "description": "Bronze Crotam: hollow-cast spherical pendant enclosing a small metal lump to serve as a rattle; initially cast with side perforations to allow extraction of clay core & insertion of rattle; cast ring for suspension.", "collection": "B.M. Collection 1854. O714. 13 [;] see catalogue entry [;] purchased from T.L. Cooke", "dateDiscoveryDay": "None", "lat": "53.1520072", "dateDiscoveryYear": "None", "rightCorner": "", "length": "", "edge": "", "publications": "See catalogue"}, "user_id": 580, "task_id": 34224, "created": "2015-03-14T13:51:17.253864", "finish_time": "2015-03-14T13:51:17.253890", "calibration": null, "app_id": 181, "user_ip": null, "timeout": null, "id": 46576}, {"info": {"weight": "", "patina": "", "site": "Ireland [;] County Offaly [;] Dowris [;] Dowris Hoard [;] Found in a bag during the 1820s", "surface": "", "toSearch": "Doorosheath, Co. Offaly, Irlande", "remarks": "", "dateDiscoveryMonth": "None", "objectType": "Crotal", "gridRef": "", "lon": "-7.841282099999944", "geojson": {"geometry": {"type": "Point", "coordinates": ["-7.841282099999944", "53.1520072"]}, "crs": {"type": "name", "properties": {"name": "urn:ogc:def:crs:OGC:1.3:CRS84"}}, "type": "Feature", "properties": {}}, "thickness": "", "width": "", "other": "", "composition": "Copper Alloy", "associations": "Dowris Hoard", "description": "", "collection": "B.M. Collection 1883. 0218. 5 [;] see catalogue entry [;] Purchased from Rev. Earl of Mulgrave", "dateDiscoveryDay": "None", "lat": "53.1520072", "dateDiscoveryYear": "None", "rightCorner": "", "length": "", "edge": "", "publications": "See BM catalogue"}, "user_id": 580, "task_id": 34225, "created": "2015-03-14T13:56:10.831421", "finish_time": "2015-03-14T13:56:10.831445", "calibration": null, "app_id": 181, "user_ip": null, "timeout": null, "id": 46577}, {"info": {"weight": "", "patina": "", "site": "Ireland [;] County Offaly [;] Dowris [;] Dowris Hoard [;] Part of a hoard found in a bag during the 1820s.", "surface": " ", "toSearch": "Doorosheath, Co. Offaly, Irlande", "remarks": "Late Bronze Age (950 - 750 B.C.)", "dateDiscoveryMonth": "None", "objectType": "Crotal", "gridRef": "", "lon": "-7.841282099999944", "geojson": {"geometry": {"type": "Point", "coordinates": ["-7.841282099999944", "53.1520072"]}, "crs": {"type": "name", "properties": {"name": "urn:ogc:def:crs:OGC:1.3:CRS84"}}, "type": "Feature", "properties": {}}, "thickness": "", "width": "", "other": "", "composition": "Copper Alloy", "associations": "Dowris Hoard", "description": "Bronze Crotal: hollow cast spherival pendant enclosing a small metal lump to serve as a rattle; initially cast with side perforations to allow extraction of clay core and insertion of rattle; cast ring for sspension.", "collection": "B.M. Collection 1854. 0714. 9 [;] See catalogue [;] Purchased by T.L. Cooke", "dateDiscoveryDay": "None", "lat": "53.1520072", "dateDiscoveryYear": "None", "rightCorner": "", "length": "", "edge": "", "publications": "See B.M. Catalogue"}, "user_id": 580, "task_id": 34226, "created": "2015-03-14T14:00:41.033625", "finish_time": "2015-03-14T14:00:41.033650", "calibration": null, "app_id": 181, "user_ip": null, "timeout": null, "id": 46578}, {"info": {"weight": "", "patina": "", "site": "Ireland [;] County Offaly [;] Dowris [;] Dowris Hoard [;] Found in a bag during the 1820s.", "surface": "", "toSearch": "Doorosheath, Co. Offaly, Irlande", "remarks": "Late Bronze Age (950 BC - 750 BC)", "dateDiscoveryMonth": "None", "objectType": "Crotal", "gridRef": "", "lon": "-7.841282099999944", "geojson": {"geometry": {"type": "Point", "coordinates": ["-7.841282099999944", "53.1520072"]}, "crs": {"type": "name", "properties": {"name": "urn:ogc:def:crs:OGC:1.3:CRS84"}}, "type": "Feature", "properties": {}}, "thickness": "", "width": "", "other": "", "composition": "Copper Alloy", "associations": "", "description": "Bronze Crotal: hollow cast spherival pendant enclosing a small metal lump to serve as a rattle; initially cast with side perforations to allow extraction of clay core and insertion of rattle; cast ring for suspension.", "collection": "B.M. Catalogue 1883. 0218. 4 [;] see catalogue [;] Purchased from the Rev. Earl of Mulgrave", "dateDiscoveryDay": "None", "lat": "53.1520072", "dateDiscoveryYear": "None", "rightCorner": "", "length": "", "edge": "", "publications": "See B.M. Catalogue"}, "user_id": 580, "task_id": 34227, "created": "2015-03-14T14:27:08.420691", "finish_time": "2015-03-14T14:27:08.420717", "calibration": null, "app_id": 181, "user_ip": null, "timeout": null, "id": 46579}, {"info": {"weight": "", "patina": "", "site": "Ireland [;] County Offaly [;] Dowris [;] Dowris Hoard [;] Found in a bag during the 1820s.", "surface": "", "toSearch": "Doorosheath, Co. Offaly, Irlande", "remarks": "", "dateDiscoveryMonth": "None", "objectType": "Crotal", "gridRef": "", "lon": "-7.841282099999944", "geojson": {"geometry": {"type": "Point", "coordinates": ["-7.841282099999944", "53.1520072"]}, "crs": {"type": "name", "properties": {"name": "urn:ogc:def:crs:OGC:1.3:CRS84"}}, "type": "Feature", "properties": {}}, "thickness": "", "width": "", "other": "", "composition": "Copper Alloy", "associations": "Dowris Hoard", "description": "Bronze Crotal: hollow cast spherival pendant, cast ring for suspension. Damage to one side.", "collection": "B.M. Collection 1854. 0714. 12 [;] see catalogue [;] Purchased from T.L. Cooke", "dateDiscoveryDay": "None", "lat": "53.1520072", "dateDiscoveryYear": "None", "rightCorner": "", "length": "", "edge": "", "publications": "See B.M. Catalogue"}, "user_id": 580, "task_id": 34228, "created": "2015-03-14T15:28:37.586612", "finish_time": "2015-03-14T15:28:37.586637", "calibration": null, "app_id": 181, "user_ip": null, "timeout": null, "id": 46605}, {"info": {"weight": "", "patina": "", "site": "Ireland [;] County Offaly [;] Dowris [;] Dowris Hoard [;] Found in a bag during the 1820s.", "surface": "", "toSearch": "Doorosheath, Co. Offaly, Irlande", "remarks": "", "dateDiscoveryMonth": "None", "objectType": "Crotal", "gridRef": "", "lon": "-7.841282099999944", "geojson": {"geometry": {"type": "Point", "coordinates": ["-7.841282099999944", "53.1520072"]}, "crs": {"type": "name", "properties": {"name": "urn:ogc:def:crs:OGC:1.3:CRS84"}}, "type": "Feature", "properties": {}}, "thickness": "", "width": "", "other": "", "composition": "Copper Alloy", "associations": "Dowris Hoard", "description": "Bronze Crotal: hollow cast spherival pendant, cast ring for suspension. Damage to base.", "collection": "B.M. Collection 1854. 0714. 11 [;] see catalogue entry [;] Purchased from T.L. Cooke", "dateDiscoveryDay": "None", "lat": "53.1520072", "dateDiscoveryYear": "None", "rightCorner": "", "length": "", "edge": "", "publications": "See BM catalogue"}, "user_id": 580, "task_id": 34229, "created": "2015-03-14T15:31:27.683034", "finish_time": "2015-03-14T15:31:27.683060", "calibration": null, "app_id": 181, "user_ip": null, "timeout": null, "id": 46606}, {"info": {"weight": "", "patina": "", "site": "Ireland [;] County Offaly [;] Dowris [;] Dowris Hoard [;] Found in a bag during the 1820s.", "surface": "", "toSearch": "Doorosheath, Co. Offaly, Irlande", "remarks": "", "dateDiscoveryMonth": "None", "objectType": "Crotal", "gridRef": "", "lon": "-7.841282099999944", "geojson": {"geometry": {"type": "Point", "coordinates": ["-7.841282099999944", "53.1520072"]}, "crs": {"type": "name", "properties": {"name": "urn:ogc:def:crs:OGC:1.3:CRS84"}}, "type": "Feature", "properties": {}}, "thickness": "", "width": "", "other": "", "composition": "Coper Alloy", "associations": "Dowris Hoard", "description": "Bronze Crotal: hollow cast spherical pendant, cast ring for suspension.", "collection": "B.M. Collection 1854. 0714. 10 [;] see catalogue entry [;] Purchased from T.L. Cooke", "dateDiscoveryDay": "None", "lat": "53.1520072", "dateDiscoveryYear": "None", "rightCorner": "", "length": "", "edge": "", "publications": "See BM catalogue"}, "user_id": 580, "task_id": 34230, "created": "2015-03-14T15:33:10.178196", "finish_time": "2015-03-14T15:33:10.178224", "calibration": null, "app_id": 181, "user_ip": null, "timeout": null, "id": 46607}, {"info": {"weight": "", "patina": "", "site": "Ireland [;] County Offaly [;] Dowris [;] Dowris Hoard [;] Found in a bag during the 1820s.", "surface": "", "toSearch": "Doorosheath, Co. Offaly, Irlande", "remarks": "", "dateDiscoveryMonth": "None", "objectType": "Crotal", "gridRef": "", "lon": "-7.841282099999944", "geojson": {"geometry": {"type": "Point", "coordinates": ["-7.841282099999944", "53.1520072"]}, "crs": {"type": "name", "properties": {"name": "urn:ogc:def:crs:OGC:1.3:CRS84"}}, "type": "Feature", "properties": {}}, "thickness": "", "width": "", "other": "", "composition": "Copper Alloy", "associations": "Dowris Hoard", "description": "Copper Alloy Crotal, incomplete", "collection": "B.M. Collection 1854. 0714. 11 [;] see catalogue entry [;] Purchased from T.L. Cooke", "dateDiscoveryDay": "None", "lat": "53.1520072", "dateDiscoveryYear": "None", "rightCorner": "", "length": "", "edge": "", "publications": ""}, "user_id": 580, "task_id": 34231, "created": "2015-03-14T15:34:40.903829", "finish_time": "2015-03-14T15:34:40.903854", "calibration": null, "app_id": 181, "user_ip": null, "timeout": null, "id": 46608}, {"info": {"weight": "", "patina": "", "site": "Ireland [;] County Offaly [;] Dowris? [;] Dowris? [;] Hoard", "surface": "", "toSearch": "Co. Offaly, Irlande", "remarks": "Grouped with other Index Cards from Dowris Hoard, assumed to be one of the Crotals in the B.M.'s collection.", "dateDiscoveryMonth": "None", "objectType": "Crotal", "gridRef": "", "lon": "-7.633362499999976", "geojson": {"geometry": {"type": "Point", "coordinates": ["-7.633362499999976", "53.25451899999999"]}, "crs": {"type": "name", "properties": {"name": "urn:ogc:def:crs:OGC:1.3:CRS84"}}, "type": "Feature", "properties": {}}, "thickness": "", "width": "", "other": "", "composition": "Copper Alloy", "associations": "Dowris Hoard?", "description": "", "collection": "B.M. Collection [;] see catalogue entries", "dateDiscoveryDay": "None", "lat": "53.25451899999999", "dateDiscoveryYear": "None", "rightCorner": "", "length": "", "edge": "", "publications": ""}, "user_id": 580, "task_id": 34232, "created": "2015-03-14T15:37:42.912865", "finish_time": "2015-03-14T15:37:42.912894", "calibration": null, "app_id": 181, "user_ip": null, "timeout": null, "id": 46609}, {"info": {"weight": "", "patina": "", "site": "Ireland [;] County Offaly [;] Dowris? [;] Dowris Hoard?", "surface": "", "toSearch": "Comt\u00e9 d'Offaly, Co. Offaly, Irlande", "remarks": "Grouped with other Index Cards from Dowris Hoard, assumed to be one of Crotals in the B.M.'s collection.", "dateDiscoveryMonth": "None", "objectType": "Crotal", "gridRef": "", "lon": "-7.712222900000029", "geojson": {"geometry": {"type": "Point", "coordinates": ["-7.712222900000029", "53.2356871"]}, "crs": {"type": "name", "properties": {"name": "urn:ogc:def:crs:OGC:1.3:CRS84"}}, "type": "Feature", "properties": {}}, "thickness": "", "width": "", "other": "", "composition": "Copper Alloy", "associations": "Dowris Hoard?", "description": "", "collection": "B.M. Collections [;]see catalogue entries", "dateDiscoveryDay": "None", "lat": "53.2356871", "dateDiscoveryYear": "None", "rightCorner": "", "length": "", "edge": "", "publications": ""}, "user_id": 580, "task_id": 34233, "created": "2015-03-14T15:39:40.105547", "finish_time": "2015-03-14T15:39:40.105570", "calibration": null, "app_id": 181, "user_ip": null, "timeout": null, "id": 46610}, {"info": {"weight": "", "patina": "", "site": "Ireland [;] County Offaly [;] Dowris? [;] Dowris Hoard?", "surface": "", "toSearch": "Comt\u00e9 d'Offaly, Co. Offaly, Irlande", "remarks": "Grouped with other Index Cards from Dowris Hoard, assume to be one of the Crotals in the B.M.'s Collection.", "dateDiscoveryMonth": "None", "objectType": "Crotal", "gridRef": "", "lon": "-7.712222900000029", "geojson": {"geometry": {"type": "Point", "coordinates": ["-7.712222900000029", "53.2356871"]}, "crs": {"type": "name", "properties": {"name": "urn:ogc:def:crs:OGC:1.3:CRS84"}}, "type": "Feature", "properties": {}}, "thickness": "", "width": "", "other": "", "composition": "Copper Alloy", "associations": "Dowris Hoard?", "description": "", "collection": "B.M. Collections [;] see catalogue entries", "dateDiscoveryDay": "None", "lat": "53.2356871", "dateDiscoveryYear": "None", "rightCorner": "", "length": "", "edge": "", "publications": ""}, "user_id": 580, "task_id": 34234, "created": "2015-03-14T15:41:38.466238", "finish_time": "2015-03-14T15:41:38.466268", "calibration": null, "app_id": 181, "user_ip": null, "timeout": null, "id": 46611}, {"info": {"weight": "", "patina": "", "site": "Ireland [;] County Offaly [;] Dowris? [;] Dowris Hoard?", "surface": "", "toSearch": "Comt\u00e9 d'Offaly, Co. Offaly, Irlande", "remarks": "Grouped with other Index Cards from Dowris Hoard, assumed to be one of the Crotals in the B.M. Collection.", "dateDiscoveryMonth": "None", "objectType": "Crotal", "gridRef": "", "lon": "-7.712222900000029", "geojson": {"geometry": {"type": "Point", "coordinates": ["-7.712222900000029", "53.2356871"]}, "crs": {"type": "name", "properties": {"name": "urn:ogc:def:crs:OGC:1.3:CRS84"}}, "type": "Feature", "properties": {}}, "thickness": "", "width": "", "other": "", "composition": "Copper Alloy", "associations": "Dowris Hoard?", "description": "", "collection": "B.M. Collections [;]see Catalogue entries", "dateDiscoveryDay": "None", "lat": "53.2356871", "dateDiscoveryYear": "None", "rightCorner": "", "length": "", "edge": "", "publications": ""}, "user_id": 580, "task_id": 34235, "created": "2015-03-14T15:43:45.460701", "finish_time": "2015-03-14T15:43:45.460729", "calibration": null, "app_id": 181, "user_ip": null, "timeout": null, "id": 46612}, {"info": {"weight": "", "patina": "", "site": "Ireland [;] County Offaly [;] Dowris? [;] Dowris Hoard?", "surface": "", "toSearch": "Comt\u00e9 d'Offaly, Co. Offaly, Irlande", "remarks": "Grouped together with other Index Cards from Dowris Hoard, assumed to be one of the Crotals in the B.M. Collection.", "dateDiscoveryMonth": "None", "objectType": "Crotal", "gridRef": "", "lon": "-7.712222900000029", "geojson": {"geometry": {"type": "Point", "coordinates": ["-7.712222900000029", "53.2356871"]}, "crs": {"type": "name", "properties": {"name": "urn:ogc:def:crs:OGC:1.3:CRS84"}}, "type": "Feature", "properties": {}}, "thickness": "", "width": "", "other": "", "composition": "Copper Alloy", "associations": "Dowris Hoard?", "description": "", "collection": "B.M. Collections [;] See Catalogue entries", "dateDiscoveryDay": "None", "lat": "53.2356871", "dateDiscoveryYear": "None", "rightCorner": "", "length": "", "edge": "", "publications": ""}, "user_id": 580, "task_id": 34236, "created": "2015-03-14T15:47:01.264658", "finish_time": "2015-03-14T15:47:01.264687", "calibration": null, "app_id": 181, "user_ip": null, "timeout": null, "id": 46613}, {"info": {"weight": "445.29", "patina": "", "site": "Ireland [;] Exact site unknown. [;] Found in a bag.", "surface": "original.", "toSearch": "Irlande", "remarks": "Found in a bog.", "dateDiscoveryMonth": "None", "objectType": "\"Crotal\"", "gridRef": "", "lon": "-8.243889999999965", "geojson": {"geometry": {"type": "Point", "coordinates": ["-8.243889999999965", "53.41291"]}, "crs": {"type": "name", "properties": {"name": "urn:ogc:def:crs:OGC:1.3:CRS84"}}, "type": "Feature", "properties": {}}, "thickness": "", "width": "68; 22; (diameter of ring) 45", "other": "", "composition": "", "associations": "", "description": "Pellet inside which rattles when shaken.", "collection": "Exeter Museum (No. 321) [;] Presented by Mr. F.W.L. Ross.", "dateDiscoveryDay": "None", "lat": "53.41291", "dateDiscoveryYear": "None", "rightCorner": "", "length": "135", "edge": "", "publications": ""}, "user_id": 580, "task_id": 34237, "created": "2015-03-14T15:49:44.066414", "finish_time": "2015-03-14T15:49:44.066442", "calibration": null, "app_id": 181, "user_ip": null, "timeout": null, "id": 46614}, {"info": {"weight": "", "patina": "", "site": "Ireland, County Offaly, Davris, Davris Hoard, Found in a bog during the 1820s.", "surface": "", "toSearch": "", "remarks": "Late Bronze Age\r\n(950 BC - 750 BC)", "dateDiscoveryMonth": "None", "objectType": "Crotal", "gridRef": "", "lon": "", "thickness": "", "width": "", "other": "Date is actually given as \"during the 1820s.\"\r\n\r\nDetailed, much shaded illustration giving 2 views of Crotal.", "composition": "Copper Alloy", "associations": "Davris Hoard", "description": "Bronze Crotal:  hollow cast spherical pendant enclosing a small metal lump to serve as a rattle;\r\nhidrably [?] cast with side perforations to allow extraction of clay core and insertion of rattle; cast ring for suspension.\r\n", "collection": "B. M.  Catalogue   1883.0218.4\r\n  ->  se catalogue\r\n             Purchased from Rev. Earl of Mulgrave", "dateDiscoveryDay": "None", "lat": "", "dateDiscoveryYear": "1820", "rightCorner": "", "length": "", "edge": "", "publications": "See B.M. Catalogue"}, "user_id": 734, "task_id": 34227, "created": "2015-03-14T21:00:02.511595", "finish_time": "2015-03-14T21:00:02.511623", "calibration": null, "app_id": 181, "user_ip": null, "timeout": null, "id": 46619}, {"info": {"weight": "", "patina": "", "site": "Ireland, County Offaly, Davris, Davris Hoard, Found in a bog during the 1820s.", "surface": "", "toSearch": "", "remarks": "", "dateDiscoveryMonth": "None", "objectType": "Crotal", "gridRef": "", "lon": "", "thickness": "", "width": "", "other": "Date given is actually \"during the 1820s.\"\r\n\r\nDetailed, much-shaded illustration, showing two views of Crotal.", "composition": "Copper Alloy", "associations": "Davris Hoard", "description": "Bronze Crotal:  hollow cast spherical pendant, cast ring for suspension.  Damage to one side.", "collection": "B.M. Collection   1854.0714.12\r\n  ->  see catalogue\r\n           Purchased fromT. L.Cooke", "dateDiscoveryDay": "None", "lat": "", "dateDiscoveryYear": "1820", "rightCorner": "", "length": "", "edge": "", "publications": "See B.M.Catalogue"}, "user_id": 734, "task_id": 34228, "created": "2015-03-14T21:04:32.516760", "finish_time": "2015-03-14T21:04:32.516788", "calibration": null, "app_id": 181, "user_ip": null, "timeout": null, "id": 46620}, {"info": {"weight": "", "patina": "", "site": "Ireland[;]County Offaly[;]Dowris[;]Dowris Hoard[;]Found in a bog during the 1820s", "surface": "", "toSearch": "Offaly, Co. Offaly, Ireland", "remarks": "Late Bronze Age (950 BC - 250 BC)", "dateDiscoveryMonth": "None", "objectType": "Crotal", "gridRef": "", "lon": "-7.712222900000029", "geojson": {"geometry": {"type": "Point", "coordinates": ["-7.712222900000029", "53.2356871"]}, "crs": {"type": "name", "properties": {"name": "urn:ogc:def:crs:OGC:1.3:CRS84"}}, "type": "Feature", "properties": {}}, "thickness": "", "width": "", "other": "", "composition": "Bronze  (Copper Alloy)", "associations": "Dowris Hoard", "description": "Bronze Crotal:  Hollow-base spherical pendant enclosing a small metal lump to serve as a rattle; initially cast with side perforations to allow extraction of clay core and insertion of rattle; cast ring for suspension.", "collection": "British Museum Collection, 1854.0714.13[;]See catalogue entry[;]Purchased from T. L. Cooke", "dateDiscoveryDay": "None", "lat": "53.2356871", "dateDiscoveryYear": "1820", "rightCorner": "", "length": "", "edge": "", "publications": "See catalogue"}, "user_id": 433, "task_id": 34224, "created": "2015-03-14T22:15:43.705843", "finish_time": "2015-03-14T22:15:43.705869", "calibration": null, "app_id": 181, "user_ip": null, "timeout": null, "id": 46663}, {"info": {"weight": "", "patina": "", "site": "Ireland[;]County Offaly[;]Dowris[;]Dowris Hoard[;]Found in a bog during the 1820s", "surface": "", "toSearch": "Offaly, Co. Offaly, Ireland", "remarks": "", "dateDiscoveryMonth": "None", "objectType": "Crotal", "gridRef": "", "lon": "-7.712222900000029", "geojson": {"geometry": {"type": "Point", "coordinates": ["-7.712222900000029", "53.2356871"]}, "crs": {"type": "name", "properties": {"name": "urn:ogc:def:crs:OGC:1.3:CRS84"}}, "type": "Feature", "properties": {}}, "thickness": "", "width": "", "other": "", "composition": "Copper Alloy", "associations": "Dowris Hoard", "description": "", "collection": "British Museum Collection, 1883.0218.5[;]See catalogue entry[;]Purchased from Rev. Earl of Mulgrave.", "dateDiscoveryDay": "None", "lat": "53.2356871", "dateDiscoveryYear": "None", "rightCorner": "", "length": "", "edge": "", "publications": "See BM Catalogue"}, "user_id": 433, "task_id": 34225, "created": "2015-03-14T22:17:26.974147", "finish_time": "2015-03-14T22:17:26.974171", "calibration": null, "app_id": 181, "user_ip": null, "timeout": null, "id": 46667}, {"info": {"weight": "", "patina": "", "site": "Ireland[;]County of Offaly[;]Dowris[;]Dowris Hoard[;]Part of a hoard found in a bog during the 1820s.", "surface": "", "toSearch": "Offaly, Co. Offaly, Ireland", "remarks": "Late Bronze Age (950-750 B.C.)", "dateDiscoveryMonth": "None", "objectType": "Crotal", "gridRef": "", "lon": "-7.712222900000029", "geojson": {"geometry": {"type": "Point", "coordinates": ["-7.712222900000029", "53.2356871"]}, "crs": {"type": "name", "properties": {"name": "urn:ogc:def:crs:OGC:1.3:CRS84"}}, "type": "Feature", "properties": {}}, "thickness": "", "width": "", "other": "", "composition": "Copper Alloy", "associations": "Dowris Hoard", "description": "Bronze Crotal: Hollow cast spherical pendant enclosing a small metal lump to serve as a rattle; initially cast with side perforations to allow extraction of clay core and insertion of rattle; cast ring for suspension.", "collection": "British Museum Collection, 1854.0714.9[;]See Catalogue[;]Purchased by T. L. Cooke", "dateDiscoveryDay": "None", "lat": "53.2356871", "dateDiscoveryYear": "1820", "rightCorner": "", "length": "", "edge": "", "publications": "see B.M. catalogue"}, "user_id": 433, "task_id": 34226, "created": "2015-03-14T22:20:58.502430", "finish_time": "2015-03-14T22:20:58.502456", "calibration": null, "app_id": 181, "user_ip": null, "timeout": null, "id": 46670}, {"info": {"weight": "", "patina": "", "site": "Ireland[;]County Offaly[;]Dowris[;]Dowris Hoard[;]Found in a bog during the 1820s.", "surface": "", "toSearch": "Offaly, Co. Offaly, Ireland", "remarks": "Late Bronze Age (950 BC - 750 BC)", "dateDiscoveryMonth": "None", "objectType": "Crotal", "gridRef": "", "lon": "-7.712222900000029", "geojson": {"geometry": {"type": "Point", "coordinates": ["-7.712222900000029", "53.2356871"]}, "crs": {"type": "name", "properties": {"name": "urn:ogc:def:crs:OGC:1.3:CRS84"}}, "type": "Feature", "properties": {}}, "thickness": "", "width": "", "other": "", "composition": "Copper Alloy", "associations": "Dowris Hoard", "description": "Bronze Crotal: Hollow cast spherical pendant enclosing a small metal lump to serve as a rattle; [...rably] cast with side perforations to allow extraction of clay core and insertion of rattle; cast ring for suspension.", "collection": "British Museum Catalogue, 1883.0218.4[;]See catalogue[;]Purchased from Rev. Earl of Mulgrave", "dateDiscoveryDay": "None", "lat": "53.2356871", "dateDiscoveryYear": "1820", "rightCorner": "", "length": "", "edge": "", "publications": "See B.M. catalogue"}, "user_id": 433, "task_id": 34227, "created": "2015-03-15T07:15:38.318677", "finish_time": "2015-03-15T07:15:38.318706", "calibration": null, "app_id": 181, "user_ip": null, "timeout": null, "id": 46693}, {"info": {"weight": "", "patina": "", "site": "Ireland[;]County Offaly[;]Dowris[;]Dowris Hoard[;]Found in a bog during the 1820s.", "surface": "", "toSearch": "Offaly, Co. Offaly, Ireland", "remarks": "", "dateDiscoveryMonth": "None", "objectType": "Crotal", "gridRef": "", "lon": "-7.712222900000029", "geojson": {"geometry": {"type": "Point", "coordinates": ["-7.712222900000029", "53.2356871"]}, "crs": {"type": "name", "properties": {"name": "urn:ogc:def:crs:OGC:1.3:CRS84"}}, "type": "Feature", "properties": {}}, "thickness": "", "width": "", "other": "", "composition": "Copper Alloy", "associations": "Dowris Hoard", "description": "Bronze Crotal: hollow cast spherical pendant, cast ring for suspension. Damage to one side.", "collection": "British Museum Collection, 1854.0714.12[;]See catalogue[;]Purchased from T. L. Cooke", "dateDiscoveryDay": "None", "lat": "53.2356871", "dateDiscoveryYear": "1820", "rightCorner": "", "length": "", "edge": "", "publications": "See B.M. Catalogue"}, "user_id": 433, "task_id": 34228, "created": "2015-03-15T07:18:10.155719", "finish_time": "2015-03-15T07:18:10.155746", "calibration": null, "app_id": 181, "user_ip": null, "timeout": null, "id": 46694}, {"info": {"weight": "", "patina": "", "site": "Ireland[;]County Offaly[;]Dowris[;]Dowris Hoard[;]Found in a bog during the 1820s.", "surface": "", "toSearch": "Offaly, Co. Offaly, Ireland", "remarks": "", "dateDiscoveryMonth": "None", "objectType": "Crotal", "gridRef": "", "lon": "-7.712222900000029", "geojson": {"geometry": {"type": "Point", "coordinates": ["-7.712222900000029", "53.2356871"]}, "crs": {"type": "name", "properties": {"name": "urn:ogc:def:crs:OGC:1.3:CRS84"}}, "type": "Feature", "properties": {}}, "thickness": "", "width": "", "other": "", "composition": "Copper Alloy", "associations": "Dowris Hoard", "description": "Bronze Crotal: hollow cast spherical pendant, cast ring for suspension. Damage to base.", "collection": "British Museum Collection, 1854.0714.11[;]See catalogue entry[;]Purchased from T. L. Cooke", "dateDiscoveryDay": "None", "lat": "53.2356871", "dateDiscoveryYear": "1820", "rightCorner": "", "length": "", "edge": "", "publications": "See B.M. Catalogue"}, "user_id": 433, "task_id": 34229, "created": "2015-03-15T07:20:07.129602", "finish_time": "2015-03-15T07:20:07.129628", "calibration": null, "app_id": 181, "user_ip": null, "timeout": null, "id": 46695}, {"info": {"weight": "", "patina": "", "site": "Dowris Hoard, Found in a bog during the 1820's, County Offaly, ", "surface": "", "toSearch": "Offaly, Co. Offaly, Ireland", "remarks": "", "dateDiscoveryMonth": "None", "objectType": "Crotal", "gridRef": "", "lon": "-7.712222900000029", "geojson": {"geometry": {"type": "Point", "coordinates": ["-7.712222900000029", "53.2356871"]}, "crs": {"type": "name", "properties": {"name": "urn:ogc:def:crs:OGC:1.3:CRS84"}}, "type": "Feature", "properties": {}}, "thickness": "", "width": "", "other": "", "composition": "Copper Alloy", "associations": "Dowris Hoard", "description": "Bronze Crotal: hollow cast spherical pendant, Cast ring for suspension. Damage to base.", "collection": "B.M. Collection 1854 0714.11\r\nsee catalogue entry\r\nPurchased T L. Cooke\r\n", "dateDiscoveryDay": "None", "lat": "53.2356871", "dateDiscoveryYear": "1820", "rightCorner": "", "length": "", "edge": "", "publications": "See BM catalogue"}, "user_id": 896, "task_id": 34229, "created": "2015-03-15T17:40:01.114735", "finish_time": "2015-03-15T17:40:01.114764", "calibration": null, "app_id": 181, "user_ip": null, "timeout": null, "id": 46754}, {"info": {"weight": "", "patina": "", "site": "Ireland[;]County Offaly[;]Dowris[;]Dowris Hoard[;]Found in a bog during the 1820s.", "surface": "", "toSearch": "Offaly, Co. Offaly, Ireland", "remarks": "", "dateDiscoveryMonth": "None", "objectType": "Crotal", "gridRef": "", "lon": "-7.712222900000029", "geojson": {"geometry": {"type": "Point", "coordinates": ["-7.712222900000029", "53.2356871"]}, "crs": {"type": "name", "properties": {"name": "urn:ogc:def:crs:OGC:1.3:CRS84"}}, "type": "Feature", "properties": {}}, "thickness": "", "width": "", "other": "", "composition": "Copper Alloy", "associations": "Dowris Hoard", "description": "Bronze Crotal: Hollow cast spherical pendant, cast ring for suspension.", "collection": "British Museum Collection, 1854.0714.10[;]See Catalogue entry[;]Purchased from T. L. Cooke", "dateDiscoveryDay": "None", "lat": "53.2356871", "dateDiscoveryYear": "1820", "rightCorner": "", "length": "", "edge": "", "publications": "See B.M. Catalogue"}, "user_id": 433, "task_id": 34230, "created": "2015-03-15T22:00:59.428943", "finish_time": "2015-03-15T22:00:59.428969", "calibration": null, "app_id": 181, "user_ip": null, "timeout": null, "id": 46858}, {"info": {"weight": "", "patina": "", "site": "Ireland[;]County Offaly[;]Dowris[;]Dowris Hoard[;]Found in a bog in the 1820s", "surface": "", "toSearch": "Offaly, Co. Offaly, Ireland", "remarks": "", "dateDiscoveryMonth": "None", "objectType": "Crotal", "gridRef": "", "lon": "-7.712222900000029", "geojson": {"geometry": {"type": "Point", "coordinates": ["-7.712222900000029", "53.2356871"]}, "crs": {"type": "name", "properties": {"name": "urn:ogc:def:crs:OGC:1.3:CRS84"}}, "type": "Feature", "properties": {}}, "thickness": "", "width": "", "other": "", "composition": "Copper Alloy", "associations": "Dowris Hoard", "description": "Copper Alloy Crotal, incomplete", "collection": "British Museum Collection, 1854.0714.14[;]See catalogue entry.[;]Purchased from T. L. Cooke", "dateDiscoveryDay": "None", "lat": "53.2356871", "dateDiscoveryYear": "1820", "rightCorner": "", "length": "", "edge": "", "publications": ""}, "user_id": 433, "task_id": 34231, "created": "2015-03-15T22:03:19.075184", "finish_time": "2015-03-15T22:03:19.075209", "calibration": null, "app_id": 181, "user_ip": null, "timeout": null, "id": 46859}, {"info": {"weight": "", "patina": "", "site": "Ireland[;]County Offaly[;]Dowris?[;]Dowris Hoard?", "surface": "", "toSearch": "Offaly, Co. Offaly, Ireland", "remarks": "Grouped with other index cards from Dowris Hoard, assumed to be one of the crotals in the British Museum's Collection...", "dateDiscoveryMonth": "None", "objectType": "Crotal", "gridRef": "", "lon": "-7.712222900000029", "geojson": {"geometry": {"type": "Point", "coordinates": ["-7.712222900000029", "53.2356871"]}, "crs": {"type": "name", "properties": {"name": "urn:ogc:def:crs:OGC:1.3:CRS84"}}, "type": "Feature", "properties": {}}, "thickness": "", "width": "", "other": "", "composition": "Copper alloy", "associations": "Dowris Hoard?", "description": "", "collection": "British Museum collection[;]See catalogue entries.", "dateDiscoveryDay": "None", "lat": "53.2356871", "dateDiscoveryYear": "None", "rightCorner": "", "length": "", "edge": "", "publications": ""}, "user_id": 433, "task_id": 34232, "created": "2015-03-15T22:05:57.220004", "finish_time": "2015-03-15T22:05:57.220033", "calibration": null, "app_id": 181, "user_ip": null, "timeout": null, "id": 46860}, {"info": {"weight": "", "patina": "", "site": "Ireland[;]County Offaly[;]Dowris?[;]Dowris Hoard?", "surface": "", "toSearch": "Offaly, Co. Offaly, Ireland", "remarks": "Grouped with other index cards from Dowris Hoard, assumed to be one of crotals in the British Museum's Collection.", "dateDiscoveryMonth": "None", "objectType": "Crotal", "gridRef": "", "lon": "-7.712222900000029", "geojson": {"geometry": {"type": "Point", "coordinates": ["-7.712222900000029", "53.2356871"]}, "crs": {"type": "name", "properties": {"name": "urn:ogc:def:crs:OGC:1.3:CRS84"}}, "type": "Feature", "properties": {}}, "thickness": "", "width": "", "other": "", "composition": "Copper Alloy", "associations": "Dowris Hoard?", "description": "", "collection": "British Museum Collections[;]See Catalogue entries", "dateDiscoveryDay": "None", "lat": "53.2356871", "dateDiscoveryYear": "None", "rightCorner": "", "length": "", "edge": "", "publications": ""}, "user_id": 433, "task_id": 34233, "created": "2015-03-15T22:07:42.482514", "finish_time": "2015-03-15T22:07:42.482540", "calibration": null, "app_id": 181, "user_ip": null, "timeout": null, "id": 46861}, {"info": {"weight": "", "patina": "", "site": "Ireland[;]County of Offaly[;]Dowris?[;]Dowris Hoard?", "surface": "", "toSearch": "Offaly, Co. Offaly, Ireland", "remarks": "Grouped with other index cards from the Dowris Hoard, assumed to be one of the crotal's in the British Museum's Collection", "dateDiscoveryMonth": "None", "objectType": "Crotal", "gridRef": "", "lon": "-7.712222900000029", "geojson": {"geometry": {"type": "Point", "coordinates": ["-7.712222900000029", "53.2356871"]}, "crs": {"type": "name", "properties": {"name": "urn:ogc:def:crs:OGC:1.3:CRS84"}}, "type": "Feature", "properties": {}}, "thickness": "", "width": "", "other": "", "composition": "Copper Alloy", "associations": "Dowris Hoard?", "description": "", "collection": "British Museum Collections[;]See catalogue entries", "dateDiscoveryDay": "None", "lat": "53.2356871", "dateDiscoveryYear": "None", "rightCorner": "", "length": "", "edge": "", "publications": ""}, "user_id": 433, "task_id": 34234, "created": "2015-03-15T22:09:54.633603", "finish_time": "2015-03-15T22:09:54.633625", "calibration": null, "app_id": 181, "user_ip": null, "timeout": null, "id": 46862}, {"info": {"weight": "", "patina": "", "site": "Ireland[;]County Offaly[;]Dowris?[;]Dowris Hoard?", "surface": "", "toSearch": "Offaly, Co. Offaly, Ireland", "remarks": "Grouped together with other index cards from Dowris Hoard, assumed to be one of the crotals in the British Museum collection.", "dateDiscoveryMonth": "None", "objectType": "Crotal", "gridRef": "", "lon": "-7.712222900000029", "geojson": {"geometry": {"type": "Point", "coordinates": ["-7.712222900000029", "53.2356871"]}, "crs": {"type": "name", "properties": {"name": "urn:ogc:def:crs:OGC:1.3:CRS84"}}, "type": "Feature", "properties": {}}, "thickness": "", "width": "", "other": "", "composition": "Copper Alloy", "associations": "Dowris Hoard?", "description": "", "collection": "British Museum Collections[;]See catalogue entries", "dateDiscoveryDay": "None", "lat": "53.2356871", "dateDiscoveryYear": "None", "rightCorner": "", "length": "", "edge": "", "publications": ""}, "user_id": 433, "task_id": 34235, "created": "2015-03-15T22:12:11.012548", "finish_time": "2015-03-15T22:12:11.012576", "calibration": null, "app_id": 181, "user_ip": null, "timeout": null, "id": 46864}, {"info": {"weight": "", "patina": "", "site": "Ireland[;]County Offaly[;]Dowris?[;]Dowris Hoard?", "surface": "", "toSearch": "Offaly, Co. Offaly, Ireland", "remarks": "Grouped together with other index cards from Dowris Hoard, assumed to be one of the crotals in the British Museum Collection.", "dateDiscoveryMonth": "None", "objectType": "Crotal", "gridRef": "", "lon": "-7.712222900000029", "geojson": {"geometry": {"type": "Point", "coordinates": ["-7.712222900000029", "53.2356871"]}, "crs": {"type": "name", "properties": {"name": "urn:ogc:def:crs:OGC:1.3:CRS84"}}, "type": "Feature", "properties": {}}, "thickness": "", "width": "", "other": "", "composition": "Copper Alloy", "associations": "Dowris Hoard?", "description": "", "collection": "British Museum Collections[;]see Catalogue entries", "dateDiscoveryDay": "None", "lat": "53.2356871", "dateDiscoveryYear": "None", "rightCorner": "", "length": "", "edge": "", "publications": ""}, "user_id": 433, "task_id": 34236, "created": "2015-03-15T22:14:15.747222", "finish_time": "2015-03-15T22:14:15.747251", "calibration": null, "app_id": 181, "user_ip": null, "timeout": null, "id": 46869}, {"info": {"weight": "445.29", "patina": "", "site": "Ireland[;]Exact site unknown.[;]Found in a bog.", "surface": "Original", "toSearch": "Ireland", "remarks": "Found in a bog.", "dateDiscoveryMonth": "None", "objectType": "Crotal", "gridRef": "", "lon": "-8.243889999999965", "geojson": {"geometry": {"type": "Point", "coordinates": ["-8.243889999999965", "53.41291"]}, "crs": {"type": "name", "properties": {"name": "urn:ogc:def:crs:OGC:1.3:CRS84"}}, "type": "Feature", "properties": {}}, "thickness": "", "width": "68; 22; (diameter of ring) 45", "other": "", "composition": "", "associations": "", "description": "Pellet inside which rattles when shaken.", "collection": "Exeter Museum (No. 321)[;]Presented by Mr. F. W. L. Ross", "dateDiscoveryDay": "None", "lat": "53.41291", "dateDiscoveryYear": "None", "rightCorner": "", "length": "135", "edge": "", "publications": ""}, "user_id": 433, "task_id": 34237, "created": "2015-03-15T22:17:01.690951", "finish_time": "2015-03-15T22:17:01.690975", "calibration": null, "app_id": 181, "user_ip": null, "timeout": null, "id": 46873}, {"info": {"weight": "", "patina": "", "site": "Ireland, County Offaly, Dowris, Dowris Hoard, Found in a bag during the 1820s.", "surface": "", "toSearch": "Offaly, Co. Offaly, Ireland", "remarks": "", "dateDiscoveryMonth": "None", "objectType": "Crotal", "gridRef": "Offaly, Co. Offaly, Ireland", "lon": "-7.712222900000029", "geojson": {"geometry": {"type": "Point", "coordinates": ["-7.712222900000029", "53.2356871"]}, "crs": {"type": "name", "properties": {"name": "urn:ogc:def:crs:OGC:1.3:CRS84"}}, "type": "Feature", "properties": {}}, "thickness": "", "width": "", "other": "Sometimes the handwriting was difficult to decipher. I made my best possible judgement. Also some information appears to be missing.  ", "composition": "Copper Alloy", "associations": "Dowris Hoard", "description": "Bronze Crotal: hollow cast spherical pendant, cast ring for suspension", "collection": "B.M. Collection 1854.0714.10\r\ny see catalogue entry\r\nPurchased from T.L. Cooke", "dateDiscoveryDay": "None", "lat": "53.2356871", "dateDiscoveryYear": "None", "rightCorner": "", "length": "", "edge": "", "publications": "See BM catalogue"}, "user_id": 677, "task_id": 34230, "created": "2015-03-16T02:41:45.693630", "finish_time": "2015-03-16T02:41:45.693656", "calibration": null, "app_id": 181, "user_ip": null, "timeout": null, "id": 46916}, {"info": {"weight": "", "patina": "", "site": "Ireland, County Offaly, Dowris, Dowris Hoard, Found in a bag in the 1820s", "surface": "", "toSearch": "Offaly, Co. Offaly, Ireland", "remarks": "", "dateDiscoveryMonth": "None", "objectType": "Crotal", "gridRef": "Offaly, Co. Offaly, Ireland", "lon": "-7.712222900000029", "geojson": {"geometry": {"type": "Point", "coordinates": ["-7.712222900000029", "53.2356871"]}, "crs": {"type": "name", "properties": {"name": "urn:ogc:def:crs:OGC:1.3:CRS84"}}, "type": "Feature", "properties": {}}, "thickness": "", "width": "", "other": "Sometimes the handwriting was difficult to decipher. I made my best possible judgement. Also some information appears to be missing.  ", "composition": "Copper Alloy", "associations": "Dowris Hoard", "description": "Copper Alloy Crotal, incomplete", "collection": "B.M. Collection 1854.0714.14\r\ny see catalogue entry\r\nPurchased from T.L. Coohe", "dateDiscoveryDay": "None", "lat": "53.2356871", "dateDiscoveryYear": "None", "rightCorner": "", "length": "", "edge": "", "publications": ""}, "user_id": 677, "task_id": 34231, "created": "2015-03-16T02:48:51.786988", "finish_time": "2015-03-16T02:48:51.787018", "calibration": null, "app_id": 181, "user_ip": null, "timeout": null, "id": 46917}, {"info": {"weight": "", "patina": "", "site": "? Dowris Hoard", "surface": "", "toSearch": "Offaly, Co. Offaly, Ireland", "remarks": "Grouped with other Index cards from Dowris Hoard, assumed to been of the Crotals in the BM's collection", "dateDiscoveryMonth": "None", "objectType": "Crotal", "gridRef": "Ireland County Offaly", "lon": "-7.712222900000029", "geojson": {"geometry": {"type": "Point", "coordinates": ["-7.712222900000029", "53.2356871"]}, "crs": {"type": "name", "properties": {"name": "urn:ogc:def:crs:OGC:1.3:CRS84"}}, "type": "Feature", "properties": {}}, "thickness": "", "width": "", "other": "", "composition": "Copper Alloy", "associations": "Dowris Hoard?", "description": "", "collection": "BM Collection - see catalogue entries", "dateDiscoveryDay": "None", "lat": "53.2356871", "dateDiscoveryYear": "None", "rightCorner": "", "length": "", "edge": "", "publications": ""}, "user_id": 896, "task_id": 34232, "created": "2015-03-16T09:31:52.519327", "finish_time": "2015-03-16T09:31:52.519356", "calibration": null, "app_id": 181, "user_ip": null, "timeout": null, "id": 46924}, {"info": {"weight": "", "patina": "", "site": "? Dowris Hoard", "surface": "", "toSearch": "Co Offaly Ireland", "remarks": "Grouped with other Index cards from the Dowris Hoard, assumed to be one of Crotal's in B/M.'s collection", "dateDiscoveryMonth": "None", "objectType": "Crotal", "gridRef": "County Offaly", "lon": "-7.712222900000029", "geojson": {"geometry": {"type": "Point", "coordinates": ["-7.712222900000029", "53.2356871"]}, "crs": {"type": "name", "properties": {"name": "urn:ogc:def:crs:OGC:1.3:CRS84"}}, "type": "Feature", "properties": {}}, "thickness": "", "width": "", "other": "", "composition": "Copper Alloy", "associations": "? Dowris Hoard", "description": "", "collection": "B.M. Collection - see catalogue entries", "dateDiscoveryDay": "None", "lat": "53.2356871", "dateDiscoveryYear": "None", "rightCorner": "", "length": "", "edge": "", "publications": ""}, "user_id": 896, "task_id": 34233, "created": "2015-03-16T09:34:40.418506", "finish_time": "2015-03-16T09:34:40.418535", "calibration": null, "app_id": 181, "user_ip": null, "timeout": null, "id": 46925}, {"info": {"weight": "", "patina": "", "site": "? Dowris Hoard", "surface": "", "toSearch": "Offaly, Co. Offaly, Ireland", "remarks": "Grouped with other index cards from Dowris Hoard, assumed to be one of the Crotals in the B.M.'s collection", "dateDiscoveryMonth": "None", "objectType": "Crotal", "gridRef": "", "lon": "-7.712222900000029", "geojson": {"geometry": {"type": "Point", "coordinates": ["-7.712222900000029", "53.2356871"]}, "crs": {"type": "name", "properties": {"name": "urn:ogc:def:crs:OGC:1.3:CRS84"}}, "type": "Feature", "properties": {}}, "thickness": "", "width": "", "other": "", "composition": "Copper Alloy", "associations": "? Dowris Hoard", "description": "", "collection": "B.M. Collection - see catalogue entries", "dateDiscoveryDay": "None", "lat": "53.2356871", "dateDiscoveryYear": "None", "rightCorner": "", "length": "", "edge": "", "publications": ""}, "user_id": 896, "task_id": 34234, "created": "2015-03-16T09:36:43.750245", "finish_time": "2015-03-16T09:36:43.750270", "calibration": null, "app_id": 181, "user_ip": null, "timeout": null, "id": 46926}, {"info": {"weight": "", "patina": "", "site": "Co Offally Ireland", "surface": "", "toSearch": "Offaly, Co. Offaly, Ireland", "remarks": "Grouped with other index cards from Dowris Hoard, assumed to be one of the Crotals in the B.M.'s Collection", "dateDiscoveryMonth": "None", "objectType": "Crotal", "gridRef": "", "lon": "-7.712222900000029", "geojson": {"geometry": {"type": "Point", "coordinates": ["-7.712222900000029", "53.2356871"]}, "crs": {"type": "name", "properties": {"name": "urn:ogc:def:crs:OGC:1.3:CRS84"}}, "type": "Feature", "properties": {}}, "thickness": "", "width": "", "other": "", "composition": "Copper Allloy", "associations": "? Dowris Hoard", "description": "", "collection": "B.M.collection - see catalogue entries", "dateDiscoveryDay": "None", "lat": "53.2356871", "dateDiscoveryYear": "None", "rightCorner": "", "length": "", "edge": "", "publications": ""}, "user_id": 896, "task_id": 34235, "created": "2015-03-16T09:38:24.417230", "finish_time": "2015-03-16T09:38:24.417255", "calibration": null, "app_id": 181, "user_ip": null, "timeout": null, "id": 46927}, {"info": {"weight": "", "patina": "", "site": "Co Offally Ireland, Dowris Hoard", "surface": "", "toSearch": "Co Offally I", "remarks": "Grouped with other index cards from the Dowris Hoard, assumed to be one of the Crotals in the B.M's collection", "dateDiscoveryMonth": "None", "objectType": "Crotal", "gridRef": "", "lon": "-7.712222900000029", "geojson": {"geometry": {"type": "Point", "coordinates": ["-7.712222900000029", "53.2356871"]}, "crs": {"type": "name", "properties": {"name": "urn:ogc:def:crs:OGC:1.3:CRS84"}}, "type": "Feature", "properties": {}}, "thickness": "", "width": "", "other": "", "composition": "Copper Alloy", "associations": "Dowris Hoard?", "description": "", "collection": "B.M. Collections - see catalogue entries", "dateDiscoveryDay": "None", "lat": "53.2356871", "dateDiscoveryYear": "None", "rightCorner": "", "length": "", "edge": "", "publications": ""}, "user_id": 896, "task_id": 34236, "created": "2015-03-16T09:40:56.000563", "finish_time": "2015-03-16T09:40:56.000586", "calibration": null, "app_id": 181, "user_ip": null, "timeout": null, "id": 46928}, {"info": {"weight": "445.29", "patina": "Original", "site": "", "surface": "", "toSearch": "", "remarks": "Found in bog", "dateDiscoveryMonth": "None", "objectType": "Crotal", "gridRef": "exact location unknown, found in a bog", "lon": "-7.712222900000029", "geojson": {"geometry": {"type": "Point", "coordinates": ["-7.712222900000029", "53.2356871"]}, "crs": {"type": "name", "properties": {"name": "urn:ogc:def:crs:OGC:1.3:CRS84"}}, "type": "Feature", "properties": {}}, "thickness": "", "width": "68", "other": "", "composition": "Pellet inside that rattles when shared", "associations": "", "description": "", "collection": "Exeter Museum (No 321)\r\nPresented by Mr. F. W. L. Ross", "dateDiscoveryDay": "None", "lat": "53.2356871", "dateDiscoveryYear": "None", "rightCorner": "", "length": "135", "edge": "22 (diameter of ring) 45", "publications": ""}, "user_id": 896, "task_id": 34237, "created": "2015-03-16T09:45:44.262920", "finish_time": "2015-03-16T09:45:44.262948", "calibration": null, "app_id": 181, "user_ip": null, "timeout": null, "id": 46930}]