[{"info": {"url": "https://farm1.staticflickr.com/625/20842456336_8cdff345be.jpg", "url_m": "https://farm1.staticflickr.com/625/20842456336_8cdff345be_m.jpg", "link": "https://www.flickr.com/photos/115096994@N02/20842456336", "url_b": "https://farm1.staticflickr.com/625/20842456336_8cdff345be_b.jpg", "title": "Antrim_PalstaveFrag0001_Antrim_PalstaveFrag0002_fb"}, "n_answers": 3, "quorum": 0, "calibration": 0, "created": "2015-08-25T11:09:52.513088", "state": "completed", "project_id": 244, "id": 44207, "priority_0": 0.0}, {"info": {"url": "https://farm6.staticflickr.com/5630/20680675640_6a79bcb3ed.jpg", "url_m": "https://farm6.staticflickr.com/5630/20680675640_6a79bcb3ed_m.jpg", "link": "https://www.flickr.com/photos/115096994@N02/20680675640", "url_b": "https://farm6.staticflickr.com/5630/20680675640_6a79bcb3ed_b.jpg", "title": "Antrim_UnloopedPalstaveI5A0001_Antrim_UnloopedPalstaveI5A0002_fb"}, "n_answers": 3, "quorum": 0, "calibration": 0, "created": "2015-08-25T11:09:52.604890", "state": "completed", "project_id": 244, "id": 44208, "priority_0": 0.0}, {"info": {"url": "https://farm1.staticflickr.com/736/20875947751_87f14960df.jpg", "url_m": "https://farm1.staticflickr.com/736/20875947751_87f14960df_m.jpg", "link": "https://www.flickr.com/photos/115096994@N02/20875947751", "url_b": "https://farm1.staticflickr.com/736/20875947751_87f14960df_b.jpg", "title": "Antrim_UnloopedPalstaveI5A0003_Antrim_UnloopedPalstaveI5A0004_fb"}, "n_answers": 3, "quorum": 0, "calibration": 0, "created": "2015-08-25T11:09:52.637069", "state": "completed", "project_id": 244, "id": 44209, "priority_0": 0.0}, {"info": {"url": "https://farm6.staticflickr.com/5662/20875947551_6e89ccab0c.jpg", "url_m": "https://farm6.staticflickr.com/5662/20875947551_6e89ccab0c_m.jpg", "link": "https://www.flickr.com/photos/115096994@N02/20875947551", "url_b": "https://farm6.staticflickr.com/5662/20875947551_6e89ccab0c_b.jpg", "title": "Antrim_UnloopedPalstaveI5H0001_Antrim_UnloopedPalstaveI5H0002_fb"}, "n_answers": 3, "quorum": 0, "calibration": 0, "created": "2015-08-25T11:09:52.668039", "state": "completed", "project_id": 244, "id": 44210, "priority_0": 0.0}, {"info": {"url": "https://farm1.staticflickr.com/590/20246131124_4486f765dd.jpg", "url_m": "https://farm1.staticflickr.com/590/20246131124_4486f765dd_m.jpg", "link": "https://www.flickr.com/photos/115096994@N02/20246131124", "url_b": "https://farm1.staticflickr.com/590/20246131124_4486f765dd_b.jpg", "title": "Armagh_UnloopedPalstaveIII1I0001_Armagh_UnloopedPalstaveIII1I0002_fb"}, "n_answers": 3, "quorum": 0, "calibration": 0, "created": "2015-08-25T11:09:52.695538", "state": "completed", "project_id": 244, "id": 44211, "priority_0": 0.0}, {"info": {"url": "https://farm1.staticflickr.com/595/20868734855_e2377b62a0.jpg", "url_m": "https://farm1.staticflickr.com/595/20868734855_e2377b62a0_m.jpg", "link": "https://www.flickr.com/photos/115096994@N02/20868734855", "url_b": "https://farm1.staticflickr.com/595/20868734855_e2377b62a0_b.jpg", "title": "Cork_DoubleLoopedPalstave0001_Cork_DoubleLoopedPalstave0002_fb"}, "n_answers": 3, "quorum": 0, "calibration": 0, "created": "2015-08-25T11:09:52.727390", "state": "completed", "project_id": 244, "id": 44212, "priority_0": 0.0}, {"info": {"url": "https://farm6.staticflickr.com/5778/20680675180_d08b1c34a6.jpg", "url_m": "https://farm6.staticflickr.com/5778/20680675180_d08b1c34a6_m.jpg", "link": "https://www.flickr.com/photos/115096994@N02/20680675180", "url_b": "https://farm6.staticflickr.com/5778/20680675180_d08b1c34a6_b.jpg", "title": "Cork_PalstaveFrag0001_Cork_PalstaveFrag0002_fb"}, "n_answers": 3, "quorum": 0, "calibration": 0, "created": "2015-08-25T11:09:52.762716", "state": "completed", "project_id": 244, "id": 44213, "priority_0": 0.0}, {"info": {"url": "https://farm6.staticflickr.com/5836/20247719323_4f6cd1476b.jpg", "url_m": "https://farm6.staticflickr.com/5836/20247719323_4f6cd1476b_m.jpg", "link": "https://www.flickr.com/photos/115096994@N02/20247719323", "url_b": "https://farm6.staticflickr.com/5836/20247719323_4f6cd1476b_b.jpg", "title": "Cork_UnloopedPalstaveI5A0001_Cork_UnloopedPalstaveI5A0002_fb"}, "n_answers": 3, "quorum": 0, "calibration": 0, "created": "2015-08-25T11:09:52.793772", "state": "completed", "project_id": 244, "id": 44214, "priority_0": 0.0}, {"info": {"url": "https://farm6.staticflickr.com/5677/20680756408_41c6899c02.jpg", "url_m": "https://farm6.staticflickr.com/5677/20680756408_41c6899c02_m.jpg", "link": "https://www.flickr.com/photos/115096994@N02/20680756408", "url_b": "https://farm6.staticflickr.com/5677/20680756408_41c6899c02_b.jpg", "title": "Cork_UnloopedPalstaveIII1A0001_Cork_UnloopedPalstaveIII1A0002_fb"}, "n_answers": 3, "quorum": 0, "calibration": 0, "created": "2015-08-25T11:09:52.820344", "state": "completed", "project_id": 244, "id": 44215, "priority_0": 0.0}, {"info": {"url": "https://farm1.staticflickr.com/715/20680674860_7a6c5f94c9.jpg", "url_m": "https://farm1.staticflickr.com/715/20680674860_7a6c5f94c9_m.jpg", "link": "https://www.flickr.com/photos/115096994@N02/20680674860", "url_b": "https://farm1.staticflickr.com/715/20680674860_7a6c5f94c9_b.jpg", "title": "Cork_UnloopedPalstaveIV1A0001_Cork_UnloopedPalstaveIV1A0002_fb"}, "n_answers": 3, "quorum": 0, "calibration": 0, "created": "2015-08-25T11:09:52.851724", "state": "completed", "project_id": 244, "id": 44216, "priority_0": 0.0}, {"info": {"url": "https://farm1.staticflickr.com/571/20247718943_83680ffb27.jpg", "url_m": "https://farm1.staticflickr.com/571/20247718943_83680ffb27_m.jpg", "link": "https://www.flickr.com/photos/115096994@N02/20247718943", "url_b": "https://farm1.staticflickr.com/571/20247718943_83680ffb27_b.jpg", "title": "Cork_UnloopedPalstaveIV4F0001_Cork_UnloopedPalstaveIV4F0002_fb"}, "n_answers": 3, "quorum": 0, "calibration": 0, "created": "2015-08-25T11:09:52.877695", "state": "completed", "project_id": 244, "id": 44217, "priority_0": 0.0}, {"info": {"url": "https://farm1.staticflickr.com/754/20859104182_69347c73ab.jpg", "url_m": "https://farm1.staticflickr.com/754/20859104182_69347c73ab_m.jpg", "link": "https://www.flickr.com/photos/115096994@N02/20859104182", "url_b": "https://farm1.staticflickr.com/754/20859104182_69347c73ab_b.jpg", "title": "Derry_UnloopedPalstaveII1B0001_Derry_UnloopedPalstaveII1B0002_fb"}, "n_answers": 3, "quorum": 0, "calibration": 0, "created": "2015-08-25T11:09:52.904028", "state": "completed", "project_id": 244, "id": 44218, "priority_0": 0.0}, {"info": {"url": "https://farm6.staticflickr.com/5693/20875946821_2d14a94d1c.jpg", "url_m": "https://farm6.staticflickr.com/5693/20875946821_2d14a94d1c_m.jpg", "link": "https://www.flickr.com/photos/115096994@N02/20875946821", "url_b": "https://farm6.staticflickr.com/5693/20875946821_2d14a94d1c_b.jpg", "title": "Donegal_PalstaveFrag0001_Donegal_PalstaveFrag0002_fb"}, "n_answers": 3, "quorum": 0, "calibration": 0, "created": "2015-08-25T11:09:52.934532", "state": "completed", "project_id": 244, "id": 44219, "priority_0": 0.0}, {"info": {"url": "https://farm1.staticflickr.com/565/20859103972_f9fba4ba17.jpg", "url_m": "https://farm1.staticflickr.com/565/20859103972_f9fba4ba17_m.jpg", "link": "https://www.flickr.com/photos/115096994@N02/20859103972", "url_b": "https://farm1.staticflickr.com/565/20859103972_f9fba4ba17_b.jpg", "title": "Down_UnloopedPalstaveI5O0001_Down_UnloopedPalstaveI5O0002_fb"}, "n_answers": 3, "quorum": 0, "calibration": 0, "created": "2015-08-25T11:09:52.961789", "state": "completed", "project_id": 244, "id": 44220, "priority_0": 0.0}, {"info": {"url": "https://farm6.staticflickr.com/5663/20875946731_cb52b7be8f.jpg", "url_m": "https://farm6.staticflickr.com/5663/20875946731_cb52b7be8f_m.jpg", "link": "https://www.flickr.com/photos/115096994@N02/20875946731", "url_b": "https://farm6.staticflickr.com/5663/20875946731_cb52b7be8f_b.jpg", "title": "Down_UnloopedPalstaveII1A0001_Down_UnloopedPalstaveII1A0002_fb"}, "n_answers": 3, "quorum": 0, "calibration": 0, "created": "2015-08-25T11:09:52.994115", "state": "completed", "project_id": 244, "id": 44221, "priority_0": 0.0}, {"info": {"url": "https://farm6.staticflickr.com/5626/20842454936_65187441e1.jpg", "url_m": "https://farm6.staticflickr.com/5626/20842454936_65187441e1_m.jpg", "link": "https://www.flickr.com/photos/115096994@N02/20842454936", "url_b": "https://farm6.staticflickr.com/5626/20842454936_65187441e1_b.jpg", "title": "Dublin_UnloopedPalstaveI5C0001_Dublin_UnloopedPalstaveI5C0002_fb"}, "n_answers": 3, "quorum": 0, "calibration": 0, "created": "2015-08-25T11:09:53.020224", "state": "completed", "project_id": 244, "id": 44222, "priority_0": 0.0}, {"info": {"url": "https://farm6.staticflickr.com/5763/20859103592_31e7365352.jpg", "url_m": "https://farm6.staticflickr.com/5763/20859103592_31e7365352_m.jpg", "link": "https://www.flickr.com/photos/115096994@N02/20859103592", "url_b": "https://farm6.staticflickr.com/5763/20859103592_31e7365352_b.jpg", "title": "Dublin_UnloopedPalstaveII1F0001_Dublin_UnloopedPalstaveII1F0002_fb"}, "n_answers": 3, "quorum": 0, "calibration": 0, "created": "2015-08-25T11:09:53.051672", "state": "completed", "project_id": 244, "id": 44223, "priority_0": 0.0}, {"info": {"url": "https://farm1.staticflickr.com/611/20246129964_c116f115bd.jpg", "url_m": "https://farm1.staticflickr.com/611/20246129964_c116f115bd_m.jpg", "link": "https://www.flickr.com/photos/115096994@N02/20246129964", "url_b": "https://farm1.staticflickr.com/611/20246129964_c116f115bd_b.jpg", "title": "Dublin_UnloopedPalstaveIII1D0001_Dublin_UnloopedPalstaveIII1D0002_fb"}, "n_answers": 3, "quorum": 0, "calibration": 0, "created": "2015-08-25T11:09:53.078843", "state": "completed", "project_id": 244, "id": 44224, "priority_0": 0.0}, {"info": {"url": "https://farm1.staticflickr.com/673/20681973929_4fced3c9aa.jpg", "url_m": "https://farm1.staticflickr.com/673/20681973929_4fced3c9aa_m.jpg", "link": "https://www.flickr.com/photos/115096994@N02/20681973929", "url_b": "https://farm1.staticflickr.com/673/20681973929_4fced3c9aa_b.jpg", "title": "Irish_PalstaveFrag0001_Irish_PalstaveFrag0002_fb"}, "n_answers": 3, "quorum": 0, "calibration": 0, "created": "2015-08-25T11:09:53.109981", "state": "completed", "project_id": 244, "id": 44225, "priority_0": 0.0}, {"info": {"url": "https://farm1.staticflickr.com/657/20842454606_95226a6467.jpg", "url_m": "https://farm1.staticflickr.com/657/20842454606_95226a6467_m.jpg", "link": "https://www.flickr.com/photos/115096994@N02/20842454606", "url_b": "https://farm1.staticflickr.com/657/20842454606_95226a6467_b.jpg", "title": "Irish_PalstaveFrag0003_Irish_PalstaveFrag0004_fb"}, "n_answers": 3, "quorum": 0, "calibration": 0, "created": "2015-08-25T11:09:53.136382", "state": "completed", "project_id": 244, "id": 44226, "priority_0": 0.0}, {"info": {"url": "https://farm6.staticflickr.com/5723/20680755358_ae62bdf13a.jpg", "url_m": "https://farm6.staticflickr.com/5723/20680755358_ae62bdf13a_m.jpg", "link": "https://www.flickr.com/photos/115096994@N02/20680755358", "url_b": "https://farm6.staticflickr.com/5723/20680755358_ae62bdf13a_b.jpg", "title": "Irish_UnloopedPalstaveI5A0001_Irish_UnloopedPalstaveI5A0002_fb"}, "n_answers": 3, "quorum": 0, "calibration": 0, "created": "2015-08-25T11:09:53.161559", "state": "completed", "project_id": 244, "id": 44227, "priority_0": 0.0}, {"info": {"url": "https://farm6.staticflickr.com/5776/20868732785_ae7b3c4539.jpg", "url_m": "https://farm6.staticflickr.com/5776/20868732785_ae7b3c4539_m.jpg", "link": "https://www.flickr.com/photos/115096994@N02/20868732785", "url_b": "https://farm6.staticflickr.com/5776/20868732785_ae7b3c4539_b.jpg", "title": "Irish_UnloopedPalstaveI5A0003_Irish_UnloopedPalstaveI5A0004_fb"}, "n_answers": 3, "quorum": 0, "calibration": 0, "created": "2015-08-25T11:09:53.226690", "state": "completed", "project_id": 244, "id": 44228, "priority_0": 0.0}, {"info": {"url": "https://farm1.staticflickr.com/633/20246129584_eee4235ee0.jpg", "url_m": "https://farm1.staticflickr.com/633/20246129584_eee4235ee0_m.jpg", "link": "https://www.flickr.com/photos/115096994@N02/20246129584", "url_b": "https://farm1.staticflickr.com/633/20246129584_eee4235ee0_b.jpg", "title": "Irish_UnloopedPalstaveI5A0005_Irish_UnloopedPalstaveI5A0006_fb"}, "n_answers": 3, "quorum": 0, "calibration": 0, "created": "2015-08-25T11:09:53.252888", "state": "completed", "project_id": 244, "id": 44229, "priority_0": 0.0}, {"info": {"url": "https://farm6.staticflickr.com/5633/20868732655_e0df347627.jpg", "url_m": "https://farm6.staticflickr.com/5633/20868732655_e0df347627_m.jpg", "link": "https://www.flickr.com/photos/115096994@N02/20868732655", "url_b": "https://farm6.staticflickr.com/5633/20868732655_e0df347627_b.jpg", "title": "Irish_UnloopedPalstaveI5A0007_Irish_UnloopedPalstaveI5A0008_fb"}, "n_answers": 3, "quorum": 0, "calibration": 0, "created": "2015-08-25T11:09:53.277988", "state": "completed", "project_id": 244, "id": 44230, "priority_0": 0.0}, {"info": {"url": "https://farm6.staticflickr.com/5719/20875945891_637e6cb78d.jpg", "url_m": "https://farm6.staticflickr.com/5719/20875945891_637e6cb78d_m.jpg", "link": "https://www.flickr.com/photos/115096994@N02/20875945891", "url_b": "https://farm6.staticflickr.com/5719/20875945891_637e6cb78d_b.jpg", "title": "Irish_UnloopedPalstaveI5A0009_Irish_UnloopedPalstaveI5A0010_fb"}, "n_answers": 3, "quorum": 0, "calibration": 0, "created": "2015-08-25T11:09:53.302833", "state": "completed", "project_id": 244, "id": 44231, "priority_0": 0.0}, {"info": {"url": "https://farm6.staticflickr.com/5673/20875945821_00f745ef91.jpg", "url_m": "https://farm6.staticflickr.com/5673/20875945821_00f745ef91_m.jpg", "link": "https://www.flickr.com/photos/115096994@N02/20875945821", "url_b": "https://farm6.staticflickr.com/5673/20875945821_00f745ef91_b.jpg", "title": "Irish_UnloopedPalstaveI5A0011_Irish_UnloopedPalstaveI5A0012_fb"}, "n_answers": 3, "quorum": 0, "calibration": 0, "created": "2015-08-25T11:09:53.328122", "state": "completed", "project_id": 244, "id": 44232, "priority_0": 0.0}, {"info": {"url": "https://farm6.staticflickr.com/5676/20246129284_aae5a9799a.jpg", "url_m": "https://farm6.staticflickr.com/5676/20246129284_aae5a9799a_m.jpg", "link": "https://www.flickr.com/photos/115096994@N02/20246129284", "url_b": "https://farm6.staticflickr.com/5676/20246129284_aae5a9799a_b.jpg", "title": "Irish_UnloopedPalstaveI5A0013_Irish_UnloopedPalstaveI5A0014_fb"}, "n_answers": 3, "quorum": 0, "calibration": 0, "created": "2015-08-25T11:09:53.353770", "state": "completed", "project_id": 244, "id": 44233, "priority_0": 0.0}, {"info": {"url": "https://farm1.staticflickr.com/660/20247717583_30354edd83.jpg", "url_m": "https://farm1.staticflickr.com/660/20247717583_30354edd83_m.jpg", "link": "https://www.flickr.com/photos/115096994@N02/20247717583", "url_b": "https://farm1.staticflickr.com/660/20247717583_30354edd83_b.jpg", "title": "Irish_UnloopedPalstaveI5A0015_Irish_UnloopedPalstaveI5A0016_fb"}, "n_answers": 3, "quorum": 0, "calibration": 0, "created": "2015-08-25T11:09:53.385611", "state": "completed", "project_id": 244, "id": 44234, "priority_0": 0.0}, {"info": {"url": "https://farm1.staticflickr.com/774/20681973099_6e3bd20f14.jpg", "url_m": "https://farm1.staticflickr.com/774/20681973099_6e3bd20f14_m.jpg", "link": "https://www.flickr.com/photos/115096994@N02/20681973099", "url_b": "https://farm1.staticflickr.com/774/20681973099_6e3bd20f14_b.jpg", "title": "Irish_UnloopedPalstaveI5A0017_Irish_UnloopedPalstaveI5A0018_fb"}, "n_answers": 3, "quorum": 0, "calibration": 0, "created": "2015-08-25T11:09:53.413228", "state": "completed", "project_id": 244, "id": 44235, "priority_0": 0.0}, {"info": {"url": "https://farm6.staticflickr.com/5627/20681972989_58c8568e32.jpg", "url_m": "https://farm6.staticflickr.com/5627/20681972989_58c8568e32_m.jpg", "link": "https://www.flickr.com/photos/115096994@N02/20681972989", "url_b": "https://farm6.staticflickr.com/5627/20681972989_58c8568e32_b.jpg", "title": "Irish_UnloopedPalstaveI5A0019_Irish_UnloopedPalstaveI5A0020_fb"}, "n_answers": 3, "quorum": 0, "calibration": 0, "created": "2015-08-25T11:09:53.443527", "state": "completed", "project_id": 244, "id": 44236, "priority_0": 0.0}, {"info": {"url": "https://farm6.staticflickr.com/5821/20859102302_5fcf27dc48.jpg", "url_m": "https://farm6.staticflickr.com/5821/20859102302_5fcf27dc48_m.jpg", "link": "https://www.flickr.com/photos/115096994@N02/20859102302", "url_b": "https://farm6.staticflickr.com/5821/20859102302_5fcf27dc48_b.jpg", "title": "Irish_UnloopedPalstaveI5C0001_Irish_UnloopedPalstaveI5C0002_fb"}, "n_answers": 3, "quorum": 0, "calibration": 0, "created": "2015-08-25T11:09:53.470677", "state": "completed", "project_id": 244, "id": 44237, "priority_0": 0.0}, {"info": {"url": "https://farm1.staticflickr.com/695/20680754488_e5de2e8948.jpg", "url_m": "https://farm1.staticflickr.com/695/20680754488_e5de2e8948_m.jpg", "link": "https://www.flickr.com/photos/115096994@N02/20680754488", "url_b": "https://farm1.staticflickr.com/695/20680754488_e5de2e8948_b.jpg", "title": "Irish_UnloopedPalstaveI5E0001_Irish_UnloopedPalstaveI5E0002_fb"}, "n_answers": 3, "quorum": 0, "calibration": 0, "created": "2015-08-25T11:09:53.495486", "state": "completed", "project_id": 244, "id": 44238, "priority_0": 0.0}, {"info": {"url": "https://farm1.staticflickr.com/726/20875945181_75848ede64.jpg", "url_m": "https://farm1.staticflickr.com/726/20875945181_75848ede64_m.jpg", "link": "https://www.flickr.com/photos/115096994@N02/20875945181", "url_b": "https://farm1.staticflickr.com/726/20875945181_75848ede64_b.jpg", "title": "Irish_UnloopedPalstaveI5E0003_Irish_UnloopedPalstaveI5E0004_fb"}, "n_answers": 3, "quorum": 0, "calibration": 0, "created": "2015-08-25T11:09:53.520390", "state": "completed", "project_id": 244, "id": 44239, "priority_0": 0.0}, {"info": {"url": "https://farm6.staticflickr.com/5761/20247717163_cb71411748.jpg", "url_m": "https://farm6.staticflickr.com/5761/20247717163_cb71411748_m.jpg", "link": "https://www.flickr.com/photos/115096994@N02/20247717163", "url_b": "https://farm6.staticflickr.com/5761/20247717163_cb71411748_b.jpg", "title": "Irish_UnloopedPalstaveI5F0001_Irish_UnloopedPalstaveI5F0002_fb"}, "n_answers": 3, "quorum": 0, "calibration": 0, "created": "2015-08-25T11:09:53.545470", "state": "completed", "project_id": 244, "id": 44240, "priority_0": 0.0}, {"info": {"url": "https://farm1.staticflickr.com/587/20680754158_51213f4ec0.jpg", "url_m": "https://farm1.staticflickr.com/587/20680754158_51213f4ec0_m.jpg", "link": "https://www.flickr.com/photos/115096994@N02/20680754158", "url_b": "https://farm1.staticflickr.com/587/20680754158_51213f4ec0_b.jpg", "title": "Irish_UnloopedPalstaveI5F0003_Irish_UnloopedPalstaveI5F0004_fb"}, "n_answers": 3, "quorum": 0, "calibration": 0, "created": "2015-08-25T11:09:53.570399", "state": "completed", "project_id": 244, "id": 44241, "priority_0": 0.0}, {"info": {"url": "https://farm1.staticflickr.com/680/20842453016_fcb21cab41.jpg", "url_m": "https://farm1.staticflickr.com/680/20842453016_fcb21cab41_m.jpg", "link": "https://www.flickr.com/photos/115096994@N02/20842453016", "url_b": "https://farm1.staticflickr.com/680/20842453016_fcb21cab41_b.jpg", "title": "Irish_UnloopedPalstaveI5F0005_Irish_UnloopedPalstaveI5F0006_fb"}, "n_answers": 3, "quorum": 0, "calibration": 0, "created": "2015-08-25T11:09:53.595427", "state": "completed", "project_id": 244, "id": 44242, "priority_0": 0.0}, {"info": {"url": "https://farm1.staticflickr.com/730/20859101722_2443478880.jpg", "url_m": "https://farm1.staticflickr.com/730/20859101722_2443478880_m.jpg", "link": "https://www.flickr.com/photos/115096994@N02/20859101722", "url_b": "https://farm1.staticflickr.com/730/20859101722_2443478880_b.jpg", "title": "Irish_UnloopedPalstaveI5G0001_Irish_UnloopedPalstaveI5G0002_fb"}, "n_answers": 3, "quorum": 0, "calibration": 0, "created": "2015-08-25T11:09:53.620451", "state": "completed", "project_id": 244, "id": 44243, "priority_0": 0.0}, {"info": {"url": "https://farm1.staticflickr.com/754/20247716723_e6dd2e5572.jpg", "url_m": "https://farm1.staticflickr.com/754/20247716723_e6dd2e5572_m.jpg", "link": "https://www.flickr.com/photos/115096994@N02/20247716723", "url_b": "https://farm1.staticflickr.com/754/20247716723_e6dd2e5572_b.jpg", "title": "Irish_UnloopedPalstaveI5G0003_Irish_UnloopedPalstaveI5G0004_fb"}, "n_answers": 3, "quorum": 0, "calibration": 0, "created": "2015-08-25T11:09:53.645625", "state": "completed", "project_id": 244, "id": 44244, "priority_0": 0.0}, {"info": {"url": "https://farm1.staticflickr.com/630/20875944491_e9f2a8f9be.jpg", "url_m": "https://farm1.staticflickr.com/630/20875944491_e9f2a8f9be_m.jpg", "link": "https://www.flickr.com/photos/115096994@N02/20875944491", "url_b": "https://farm1.staticflickr.com/630/20875944491_e9f2a8f9be_b.jpg", "title": "Irish_UnloopedPalstaveI5G0005_Irish_UnloopedPalstaveI5G0006_fb"}, "n_answers": 3, "quorum": 0, "calibration": 0, "created": "2015-08-25T11:09:53.670325", "state": "completed", "project_id": 244, "id": 44245, "priority_0": 0.0}, {"info": {"url": "https://farm1.staticflickr.com/664/20859101452_8960402519.jpg", "url_m": "https://farm1.staticflickr.com/664/20859101452_8960402519_m.jpg", "link": "https://www.flickr.com/photos/115096994@N02/20859101452", "url_b": "https://farm1.staticflickr.com/664/20859101452_8960402519_b.jpg", "title": "Irish_UnloopedPalstaveI5G0007_Irish_UnloopedPalstaveI5G0008_fb"}, "n_answers": 3, "quorum": 0, "calibration": 0, "created": "2015-08-25T11:09:53.696011", "state": "completed", "project_id": 244, "id": 44246, "priority_0": 0.0}, {"info": {"url": "https://farm1.staticflickr.com/694/20875944261_445ef0434f.jpg", "url_m": "https://farm1.staticflickr.com/694/20875944261_445ef0434f_m.jpg", "link": "https://www.flickr.com/photos/115096994@N02/20875944261", "url_b": "https://farm1.staticflickr.com/694/20875944261_445ef0434f_b.jpg", "title": "Irish_UnloopedPalstaveI5G0009_Irish_UnloopedPalstaveI5G0010_fb"}, "n_answers": 3, "quorum": 0, "calibration": 0, "created": "2015-08-25T11:09:53.726193", "state": "completed", "project_id": 244, "id": 44247, "priority_0": 0.0}, {"info": {"url": "https://farm1.staticflickr.com/714/20247716343_994c4549b5.jpg", "url_m": "https://farm1.staticflickr.com/714/20247716343_994c4549b5_m.jpg", "link": "https://www.flickr.com/photos/115096994@N02/20247716343", "url_b": "https://farm1.staticflickr.com/714/20247716343_994c4549b5_b.jpg", "title": "Irish_UnloopedPalstaveI5O0001_Irish_UnloopedPalstaveI5O0002_fb"}, "n_answers": 3, "quorum": 0, "calibration": 0, "created": "2015-08-25T11:09:53.753870", "state": "completed", "project_id": 244, "id": 44248, "priority_0": 0.0}, {"info": {"url": "https://farm1.staticflickr.com/602/20247716243_1ec71f32cd.jpg", "url_m": "https://farm1.staticflickr.com/602/20247716243_1ec71f32cd_m.jpg", "link": "https://www.flickr.com/photos/115096994@N02/20247716243", "url_b": "https://farm1.staticflickr.com/602/20247716243_1ec71f32cd_b.jpg", "title": "Irish_UnloopedPalstaveI5O0003_Irish_UnloopedPalstaveI5O0004_fb"}, "n_answers": 3, "quorum": 0, "calibration": 0, "created": "2015-08-25T11:09:53.778923", "state": "completed", "project_id": 244, "id": 44249, "priority_0": 0.0}, {"info": {"url": "https://farm6.staticflickr.com/5626/20680671570_7fe15372a4.jpg", "url_m": "https://farm6.staticflickr.com/5626/20680671570_7fe15372a4_m.jpg", "link": "https://www.flickr.com/photos/115096994@N02/20680671570", "url_b": "https://farm6.staticflickr.com/5626/20680671570_7fe15372a4_b.jpg", "title": "Irish_UnloopedPalstaveI5U0001_Irish_UnloopedPalstaveI5U0002_fb"}, "n_answers": 3, "quorum": 0, "calibration": 0, "created": "2015-08-25T11:09:53.803749", "state": "completed", "project_id": 244, "id": 44250, "priority_0": 0.0}, {"info": {"url": "https://farm1.staticflickr.com/589/20868730555_555ea8e2bc.jpg", "url_m": "https://farm1.staticflickr.com/589/20868730555_555ea8e2bc_m.jpg", "link": "https://www.flickr.com/photos/115096994@N02/20868730555", "url_b": "https://farm1.staticflickr.com/589/20868730555_555ea8e2bc_b.jpg", "title": "Irish_UnloopedPalstaveI5U0003_Irish_UnloopedPalstaveI5U0004_fb"}, "n_answers": 3, "quorum": 0, "calibration": 0, "created": "2015-08-25T11:09:53.828976", "state": "completed", "project_id": 244, "id": 44251, "priority_0": 0.0}, {"info": {"url": "https://farm1.staticflickr.com/657/20842452006_9754fd9866.jpg", "url_m": "https://farm1.staticflickr.com/657/20842452006_9754fd9866_m.jpg", "link": "https://www.flickr.com/photos/115096994@N02/20842452006", "url_b": "https://farm1.staticflickr.com/657/20842452006_9754fd9866_b.jpg", "title": "Irish_UnloopedPalstaveI5U0005_Irish_UnloopedPalstaveI5U0006_fb"}, "n_answers": 3, "quorum": 0, "calibration": 0, "created": "2015-08-25T11:09:53.854071", "state": "completed", "project_id": 244, "id": 44252, "priority_0": 0.0}, {"info": {"url": "https://farm6.staticflickr.com/5660/20868730415_db50cd1b8a.jpg", "url_m": "https://farm6.staticflickr.com/5660/20868730415_db50cd1b8a_m.jpg", "link": "https://www.flickr.com/photos/115096994@N02/20868730415", "url_b": "https://farm6.staticflickr.com/5660/20868730415_db50cd1b8a_b.jpg", "title": "Irish_UnloopedPalstaveII1A0001_Irish_UnloopedPalstaveII1A0002_fb"}, "n_answers": 3, "quorum": 0, "calibration": 0, "created": "2015-08-25T11:09:53.878807", "state": "completed", "project_id": 244, "id": 44253, "priority_0": 0.0}, {"info": {"url": "https://farm6.staticflickr.com/5646/20680671140_fa35a896d1.jpg", "url_m": "https://farm6.staticflickr.com/5646/20680671140_fa35a896d1_m.jpg", "link": "https://www.flickr.com/photos/115096994@N02/20680671140", "url_b": "https://farm6.staticflickr.com/5646/20680671140_fa35a896d1_b.jpg", "title": "Irish_UnloopedPalstaveII1A0003_Irish_UnloopedPalstaveII1A0004_fb"}, "n_answers": 3, "quorum": 0, "calibration": 0, "created": "2015-08-25T11:09:53.904109", "state": "completed", "project_id": 244, "id": 44254, "priority_0": 0.0}, {"info": {"url": "https://farm1.staticflickr.com/608/20875943601_742649aa87.jpg", "url_m": "https://farm1.staticflickr.com/608/20875943601_742649aa87_m.jpg", "link": "https://www.flickr.com/photos/115096994@N02/20875943601", "url_b": "https://farm1.staticflickr.com/608/20875943601_742649aa87_b.jpg", "title": "Irish_UnloopedPalstaveII1A0005_Irish_UnloopedPalstaveII1A0006_fb"}, "n_answers": 3, "quorum": 0, "calibration": 0, "created": "2015-08-25T11:09:53.929115", "state": "completed", "project_id": 244, "id": 44255, "priority_0": 0.0}, {"info": {"url": "https://farm1.staticflickr.com/707/20868730155_c0c818f153.jpg", "url_m": "https://farm1.staticflickr.com/707/20868730155_c0c818f153_m.jpg", "link": "https://www.flickr.com/photos/115096994@N02/20868730155", "url_b": "https://farm1.staticflickr.com/707/20868730155_c0c818f153_b.jpg", "title": "Irish_UnloopedPalstaveII1A0007_Irish_UnloopedPalstaveII1A0008_fb"}, "n_answers": 3, "quorum": 0, "calibration": 0, "created": "2015-08-25T11:09:53.953920", "state": "completed", "project_id": 244, "id": 44256, "priority_0": 0.0}, {"info": {"url": "https://farm1.staticflickr.com/622/20875943451_b0ca9546bd.jpg", "url_m": "https://farm1.staticflickr.com/622/20875943451_b0ca9546bd_m.jpg", "link": "https://www.flickr.com/photos/115096994@N02/20875943451", "url_b": "https://farm1.staticflickr.com/622/20875943451_b0ca9546bd_b.jpg", "title": "Irish_UnloopedPalstaveII1A0009_Irish_UnloopedPalstaveII1A0010_fb"}, "n_answers": 3, "quorum": 0, "calibration": 0, "created": "2015-08-25T11:09:53.981260", "state": "completed", "project_id": 244, "id": 44257, "priority_0": 0.0}, {"info": {"url": "https://farm6.staticflickr.com/5733/20875943361_a64844cc16.jpg", "url_m": "https://farm6.staticflickr.com/5733/20875943361_a64844cc16_m.jpg", "link": "https://www.flickr.com/photos/115096994@N02/20875943361", "url_b": "https://farm6.staticflickr.com/5733/20875943361_a64844cc16_b.jpg", "title": "Irish_UnloopedPalstaveII1F0001_Irish_UnloopedPalstaveII1F0002_fb"}, "n_answers": 3, "quorum": 0, "calibration": 0, "created": "2015-08-25T11:09:54.009736", "state": "completed", "project_id": 244, "id": 44258, "priority_0": 0.0}, {"info": {"url": "https://farm6.staticflickr.com/5623/20681970899_178b049a35.jpg", "url_m": "https://farm6.staticflickr.com/5623/20681970899_178b049a35_m.jpg", "link": "https://www.flickr.com/photos/115096994@N02/20681970899", "url_b": "https://farm6.staticflickr.com/5623/20681970899_178b049a35_b.jpg", "title": "Irish_UnloopedPalstaveII1F0003_Irish_UnloopedPalstaveII1F0004_fb"}, "n_answers": 3, "quorum": 0, "calibration": 0, "created": "2015-08-25T11:09:54.037397", "state": "completed", "project_id": 244, "id": 44259, "priority_0": 0.0}, {"info": {"url": "https://farm1.staticflickr.com/643/20842451986_9ba1361a75.jpg", "url_m": "https://farm1.staticflickr.com/643/20842451986_9ba1361a75_m.jpg", "link": "https://www.flickr.com/photos/115096994@N02/20842451986", "url_b": "https://farm1.staticflickr.com/643/20842451986_9ba1361a75_b.jpg", "title": "Irish_UnloopedPalstaveII1G0001_Irish_UnloopedPalstaveII1G0002_fb"}, "n_answers": 3, "quorum": 0, "calibration": 0, "created": "2015-08-25T11:09:54.062531", "state": "completed", "project_id": 244, "id": 44260, "priority_0": 0.0}, {"info": {"url": "https://farm1.staticflickr.com/619/20842451826_68d23c605f.jpg", "url_m": "https://farm1.staticflickr.com/619/20842451826_68d23c605f_m.jpg", "link": "https://www.flickr.com/photos/115096994@N02/20842451826", "url_b": "https://farm1.staticflickr.com/619/20842451826_68d23c605f_b.jpg", "title": "Irish_UnloopedPalstaveII1K0001_Irish_UnloopedPalstaveII1K0002_fb"}, "n_answers": 3, "quorum": 0, "calibration": 0, "created": "2015-08-25T11:09:54.087458", "state": "completed", "project_id": 244, "id": 44261, "priority_0": 0.0}, {"info": {"url": "https://farm1.staticflickr.com/600/20868729645_59443d7fc6.jpg", "url_m": "https://farm1.staticflickr.com/600/20868729645_59443d7fc6_m.jpg", "link": "https://www.flickr.com/photos/115096994@N02/20868729645", "url_b": "https://farm1.staticflickr.com/600/20868729645_59443d7fc6_b.jpg", "title": "Irish_UnloopedPalstaveII1O0001_Irish_UnloopedPalstaveII1O0002_fb"}, "n_answers": 3, "quorum": 0, "calibration": 0, "created": "2015-08-25T11:09:54.112635", "state": "completed", "project_id": 244, "id": 44262, "priority_0": 0.0}, {"info": {"url": "https://farm1.staticflickr.com/636/20246126414_d230f866ba.jpg", "url_m": "https://farm1.staticflickr.com/636/20246126414_d230f866ba_m.jpg", "link": "https://www.flickr.com/photos/115096994@N02/20246126414", "url_b": "https://farm1.staticflickr.com/636/20246126414_d230f866ba_b.jpg", "title": "Irish_UnloopedPalstaveIII1A0001_Irish_UnloopedPalstaveIII1A0002_fb"}, "n_answers": 3, "quorum": 0, "calibration": 0, "created": "2015-08-25T11:09:54.137515", "state": "completed", "project_id": 244, "id": 44263, "priority_0": 0.0}, {"info": {"url": "https://farm6.staticflickr.com/5741/20680670260_32389fcbea.jpg", "url_m": "https://farm6.staticflickr.com/5741/20680670260_32389fcbea_m.jpg", "link": "https://www.flickr.com/photos/115096994@N02/20680670260", "url_b": "https://farm6.staticflickr.com/5741/20680670260_32389fcbea_b.jpg", "title": "Irish_UnloopedPalstaveIII1A0003_Irish_UnloopedPalstaveIII1A0004_fb"}, "n_answers": 3, "quorum": 0, "calibration": 0, "created": "2015-08-25T11:09:54.162766", "state": "completed", "project_id": 244, "id": 44264, "priority_0": 0.0}, {"info": {"url": "https://farm6.staticflickr.com/5645/20680670110_5e220e9178.jpg", "url_m": "https://farm6.staticflickr.com/5645/20680670110_5e220e9178_m.jpg", "link": "https://www.flickr.com/photos/115096994@N02/20680670110", "url_b": "https://farm6.staticflickr.com/5645/20680670110_5e220e9178_b.jpg", "title": "Irish_UnloopedPalstaveIII1A0005_Irish_UnloopedPalstaveIII1A0006_fb"}, "n_answers": 3, "quorum": 0, "calibration": 0, "created": "2015-08-25T11:09:54.187529", "state": "completed", "project_id": 244, "id": 44265, "priority_0": 0.0}, {"info": {"url": "https://farm1.staticflickr.com/632/20859099752_d815d1eb5c.jpg", "url_m": "https://farm1.staticflickr.com/632/20859099752_d815d1eb5c_m.jpg", "link": "https://www.flickr.com/photos/115096994@N02/20859099752", "url_b": "https://farm1.staticflickr.com/632/20859099752_d815d1eb5c_b.jpg", "title": "Irish_UnloopedPalstaveIII1A0007_Irish_UnloopedPalstaveIII1A0008_fb"}, "n_answers": 3, "quorum": 0, "calibration": 0, "created": "2015-08-25T11:09:54.212679", "state": "completed", "project_id": 244, "id": 44266, "priority_0": 0.0}, {"info": {"url": "https://farm1.staticflickr.com/669/20680751758_ffe391d84f.jpg", "url_m": "https://farm1.staticflickr.com/669/20680751758_ffe391d84f_m.jpg", "link": "https://www.flickr.com/photos/115096994@N02/20680751758", "url_b": "https://farm1.staticflickr.com/669/20680751758_ffe391d84f_b.jpg", "title": "Irish_UnloopedPalstaveIII1A0009_Irish_UnloopedPalstaveIII1A0010_fb"}, "n_answers": 3, "quorum": 0, "calibration": 0, "created": "2015-08-25T11:09:54.237696", "state": "completed", "project_id": 244, "id": 44267, "priority_0": 0.0}, {"info": {"url": "https://farm1.staticflickr.com/563/20842450606_183f039a30.jpg", "url_m": "https://farm1.staticflickr.com/563/20842450606_183f039a30_m.jpg", "link": "https://www.flickr.com/photos/115096994@N02/20842450606", "url_b": "https://farm1.staticflickr.com/563/20842450606_183f039a30_b.jpg", "title": "Irish_UnloopedPalstaveIII1D0001_Irish_UnloopedPalstaveIII1D0002_fb"}, "n_answers": 3, "quorum": 0, "calibration": 0, "created": "2015-08-25T11:09:54.263354", "state": "completed", "project_id": 244, "id": 44268, "priority_0": 0.0}, {"info": {"url": "https://farm6.staticflickr.com/5825/20859099452_e18aa72019.jpg", "url_m": "https://farm6.staticflickr.com/5825/20859099452_e18aa72019_m.jpg", "link": "https://www.flickr.com/photos/115096994@N02/20859099452", "url_b": "https://farm6.staticflickr.com/5825/20859099452_e18aa72019_b.jpg", "title": "Irish_UnloopedPalstaveIV1A0001_Irish_UnloopedPalstaveIV1A0002_fb"}, "n_answers": 3, "quorum": 0, "calibration": 0, "created": "2015-08-25T11:09:54.293257", "state": "completed", "project_id": 244, "id": 44269, "priority_0": 0.0}, {"info": {"url": "https://farm6.staticflickr.com/5675/20859099352_ae4081dca0.jpg", "url_m": "https://farm6.staticflickr.com/5675/20859099352_ae4081dca0_m.jpg", "link": "https://www.flickr.com/photos/115096994@N02/20859099352", "url_b": "https://farm6.staticflickr.com/5675/20859099352_ae4081dca0_b.jpg", "title": "Irish_UnloopedPalstaveIV1A0003_Irish_UnloopedPalstaveIV1A0004_fb"}, "n_answers": 3, "quorum": 0, "calibration": 0, "created": "2015-08-25T11:09:54.321156", "state": "completed", "project_id": 244, "id": 44270, "priority_0": 0.0}, {"info": {"url": "https://farm1.staticflickr.com/690/20859099222_7a2c9cc541.jpg", "url_m": "https://farm1.staticflickr.com/690/20859099222_7a2c9cc541_m.jpg", "link": "https://www.flickr.com/photos/115096994@N02/20859099222", "url_b": "https://farm1.staticflickr.com/690/20859099222_7a2c9cc541_b.jpg", "title": "Irish_UnloopedPalstaveIV1A0005_Irish_UnloopedPalstaveIV1A0006_fb"}, "n_answers": 3, "quorum": 0, "calibration": 0, "created": "2015-08-25T11:09:54.346061", "state": "completed", "project_id": 244, "id": 44271, "priority_0": 0.0}, {"info": {"url": "https://farm6.staticflickr.com/5724/20680751268_4bdea5f931.jpg", "url_m": "https://farm6.staticflickr.com/5724/20680751268_4bdea5f931_m.jpg", "link": "https://www.flickr.com/photos/115096994@N02/20680751268", "url_b": "https://farm6.staticflickr.com/5724/20680751268_4bdea5f931_b.jpg", "title": "Irish_UnloopedPalstaveIV1A0007_Irish_UnloopedPalstaveIV1A0008_fb"}, "n_answers": 3, "quorum": 0, "calibration": 0, "created": "2015-08-25T11:09:54.371465", "state": "completed", "project_id": 244, "id": 44272, "priority_0": 0.0}, {"info": {"url": "https://farm6.staticflickr.com/5740/20859099062_a74c1d4011.jpg", "url_m": "https://farm6.staticflickr.com/5740/20859099062_a74c1d4011_m.jpg", "link": "https://www.flickr.com/photos/115096994@N02/20859099062", "url_b": "https://farm6.staticflickr.com/5740/20859099062_a74c1d4011_b.jpg", "title": "Irish_UnloopedPalstaveIV1A0009_Irish_UnloopedPalstaveIV1A0010_fb"}, "n_answers": 3, "quorum": 0, "calibration": 0, "created": "2015-08-25T11:09:54.396201", "state": "completed", "project_id": 244, "id": 44273, "priority_0": 0.0}, {"info": {"url": "https://farm1.staticflickr.com/569/20246125474_3f307e83e6.jpg", "url_m": "https://farm1.staticflickr.com/569/20246125474_3f307e83e6_m.jpg", "link": "https://www.flickr.com/photos/115096994@N02/20246125474", "url_b": "https://farm1.staticflickr.com/569/20246125474_3f307e83e6_b.jpg", "title": "Irish_UnloopedPalstaveIV1C0001_Irish_UnloopedPalstaveIV1C0002_fb"}, "n_answers": 3, "quorum": 0, "calibration": 0, "created": "2015-08-25T11:09:54.421332", "state": "completed", "project_id": 244, "id": 44274, "priority_0": 0.0}, {"info": {"url": "https://farm6.staticflickr.com/5764/20681969469_03a04a4793.jpg", "url_m": "https://farm6.staticflickr.com/5764/20681969469_03a04a4793_m.jpg", "link": "https://www.flickr.com/photos/115096994@N02/20681969469", "url_b": "https://farm6.staticflickr.com/5764/20681969469_03a04a4793_b.jpg", "title": "Irish_UnloopedPalstaveIV1O0001_Irish_UnloopedPalstaveIV1O0002_fb"}, "n_answers": 3, "quorum": 0, "calibration": 0, "created": "2015-08-25T11:09:54.446339", "state": "completed", "project_id": 244, "id": 44275, "priority_0": 0.0}, {"info": {"url": "https://farm1.staticflickr.com/597/20868728455_0998216214.jpg", "url_m": "https://farm1.staticflickr.com/597/20868728455_0998216214_m.jpg", "link": "https://www.flickr.com/photos/115096994@N02/20868728455", "url_b": "https://farm1.staticflickr.com/597/20868728455_0998216214_b.jpg", "title": "Irish_UnloopedPalstaveIV3A0001_Irish_UnloopedPalstaveIV3A0002_fb"}, "n_answers": 3, "quorum": 0, "calibration": 0, "created": "2015-08-25T11:09:54.471166", "state": "completed", "project_id": 244, "id": 44276, "priority_0": 0.0}, {"info": {"url": "https://farm1.staticflickr.com/625/20842449676_0bc34d2708.jpg", "url_m": "https://farm1.staticflickr.com/625/20842449676_0bc34d2708_m.jpg", "link": "https://www.flickr.com/photos/115096994@N02/20842449676", "url_b": "https://farm1.staticflickr.com/625/20842449676_0bc34d2708_b.jpg", "title": "Kerry_PalstaveFrag0001_Kerry_PalstaveFrag0002_fb"}, "n_answers": 3, "quorum": 0, "calibration": 0, "created": "2015-08-25T11:09:54.496259", "state": "completed", "project_id": 244, "id": 44277, "priority_0": 0.0}, {"info": {"url": "https://farm1.staticflickr.com/583/20680750768_d41e1f5063.jpg", "url_m": "https://farm1.staticflickr.com/583/20680750768_d41e1f5063_m.jpg", "link": "https://www.flickr.com/photos/115096994@N02/20680750768", "url_b": "https://farm1.staticflickr.com/583/20680750768_d41e1f5063_b.jpg", "title": "Kildare_UnloopedPalstaveII1M0001_Kildare_UnloopedPalstaveII1M0002_fb"}, "n_answers": 3, "quorum": 0, "calibration": 0, "created": "2015-08-25T11:09:54.521236", "state": "completed", "project_id": 244, "id": 44278, "priority_0": 0.0}, {"info": {"url": "https://farm1.staticflickr.com/630/20842449476_680fca9350.jpg", "url_m": "https://farm1.staticflickr.com/630/20842449476_680fca9350_m.jpg", "link": "https://www.flickr.com/photos/115096994@N02/20842449476", "url_b": "https://farm1.staticflickr.com/630/20842449476_680fca9350_b.jpg", "title": "Kildare_UnloopedPalstaveII1M0003_Kildare_UnloopedPalstaveII1M0004_fb"}, "n_answers": 3, "quorum": 0, "calibration": 0, "created": "2015-08-25T11:09:54.546927", "state": "completed", "project_id": 244, "id": 44279, "priority_0": 0.0}, {"info": {"url": "https://farm1.staticflickr.com/703/20868728025_c38e2e6c15.jpg", "url_m": "https://farm1.staticflickr.com/703/20868728025_c38e2e6c15_m.jpg", "link": "https://www.flickr.com/photos/115096994@N02/20868728025", "url_b": "https://farm1.staticflickr.com/703/20868728025_c38e2e6c15_b.jpg", "title": "Kildare_UnloopedPalstaveII4A0001_Kildare_UnloopedPalstaveII4A0002_fb"}, "n_answers": 3, "quorum": 0, "calibration": 0, "created": "2015-08-25T11:09:54.654978", "state": "completed", "project_id": 244, "id": 44280, "priority_0": 0.0}, {"info": {"url": "https://farm1.staticflickr.com/570/20246124624_6a57a87895.jpg", "url_m": "https://farm1.staticflickr.com/570/20246124624_6a57a87895_m.jpg", "link": "https://www.flickr.com/photos/115096994@N02/20246124624", "url_b": "https://farm1.staticflickr.com/570/20246124624_6a57a87895_b.jpg", "title": "Killarney_UnloopedPalstaveIV1U0001_Killarney_UnloopedPalstaveIV1U0002_fb"}, "n_answers": 3, "quorum": 0, "calibration": 0, "created": "2015-08-25T11:09:54.685407", "state": "completed", "project_id": 244, "id": 44281, "priority_0": 0.0}, {"info": {"url": "https://farm6.staticflickr.com/5628/20681968889_fda649f62e.jpg", "url_m": "https://farm6.staticflickr.com/5628/20681968889_fda649f62e_m.jpg", "link": "https://www.flickr.com/photos/115096994@N02/20681968889", "url_b": "https://farm6.staticflickr.com/5628/20681968889_fda649f62e_b.jpg", "title": "Kings_UnloopedPalstaveII1A0001_Kings_UnloopedPalstaveII1A0002_fb"}, "n_answers": 3, "quorum": 0, "calibration": 0, "created": "2015-08-25T11:09:54.713093", "state": "completed", "project_id": 244, "id": 44282, "priority_0": 0.0}, {"info": {"url": "https://farm1.staticflickr.com/735/20868727615_2417769f95.jpg", "url_m": "https://farm1.staticflickr.com/735/20868727615_2417769f95_m.jpg", "link": "https://www.flickr.com/photos/115096994@N02/20868727615", "url_b": "https://farm1.staticflickr.com/735/20868727615_2417769f95_b.jpg", "title": "Leinster_UnloopedPalstaveI5A0001_Leinster_UnloopedPalstaveI5A0002_fb"}, "n_answers": 3, "quorum": 0, "calibration": 0, "created": "2015-08-25T11:09:54.738072", "state": "completed", "project_id": 244, "id": 44283, "priority_0": 0.0}, {"info": {"url": "https://farm1.staticflickr.com/718/20842448846_b9afa6ed5e.jpg", "url_m": "https://farm1.staticflickr.com/718/20842448846_b9afa6ed5e_m.jpg", "link": "https://www.flickr.com/photos/115096994@N02/20842448846", "url_b": "https://farm1.staticflickr.com/718/20842448846_b9afa6ed5e_b.jpg", "title": "Limerick_UnloopedPalstaveI5F0001_Limerick_UnloopedPalstaveI5F0002_fb"}, "n_answers": 3, "quorum": 0, "calibration": 0, "created": "2015-08-25T11:09:54.763875", "state": "completed", "project_id": 244, "id": 44284, "priority_0": 0.0}, {"info": {"url": "https://farm1.staticflickr.com/654/20246124154_9d7cd91186.jpg", "url_m": "https://farm1.staticflickr.com/654/20246124154_9d7cd91186_m.jpg", "link": "https://www.flickr.com/photos/115096994@N02/20246124154", "url_b": "https://farm1.staticflickr.com/654/20246124154_9d7cd91186_b.jpg", "title": "Londonderry_UnloopedPalstaveI5A0001_Londonderry_UnloopedPalstaveI5A0002_fb"}, "n_answers": 3, "quorum": 0, "calibration": 0, "created": "2015-08-25T11:09:54.793455", "state": "completed", "project_id": 244, "id": 44285, "priority_0": 0.0}, {"info": {"url": "https://farm1.staticflickr.com/624/20680667710_4b95370ce3.jpg", "url_m": "https://farm1.staticflickr.com/624/20680667710_4b95370ce3_m.jpg", "link": "https://www.flickr.com/photos/115096994@N02/20680667710", "url_b": "https://farm1.staticflickr.com/624/20680667710_4b95370ce3_b.jpg", "title": "Londonderry_UnloopedPalstaveI5N0001_Londonderry_UnloopedPalstaveI5N0002_fb"}, "n_answers": 3, "quorum": 0, "calibration": 0, "created": "2015-08-25T11:09:54.821577", "state": "completed", "project_id": 244, "id": 44286, "priority_0": 0.0}, {"info": {"url": "https://farm1.staticflickr.com/739/20681968299_b103170ea3.jpg", "url_m": "https://farm1.staticflickr.com/739/20681968299_b103170ea3_m.jpg", "link": "https://www.flickr.com/photos/115096994@N02/20681968299", "url_b": "https://farm1.staticflickr.com/739/20681968299_b103170ea3_b.jpg", "title": "Londonderry_UnloopedPalstaveI5U0001_Londonderry_UnloopedPalstaveI5U0002_fb"}, "n_answers": 3, "quorum": 0, "calibration": 0, "created": "2015-08-25T11:09:54.846618", "state": "completed", "project_id": 244, "id": 44287, "priority_0": 0.0}, {"info": {"url": "https://farm6.staticflickr.com/5643/20680749678_b94f2d3df2.jpg", "url_m": "https://farm6.staticflickr.com/5643/20680749678_b94f2d3df2_m.jpg", "link": "https://www.flickr.com/photos/115096994@N02/20680749678", "url_b": "https://farm6.staticflickr.com/5643/20680749678_b94f2d3df2_b.jpg", "title": "Londonderry_UnloopedPalstaveIII1I0001_Londonderry_UnloopedPalstaveIII1I0002_fb"}, "n_answers": 3, "quorum": 0, "calibration": 0, "created": "2015-08-25T11:09:54.871434", "state": "completed", "project_id": 244, "id": 44288, "priority_0": 0.0}, {"info": {"url": "https://farm1.staticflickr.com/577/20247712383_2c25f68fa7.jpg", "url_m": "https://farm1.staticflickr.com/577/20247712383_2c25f68fa7_m.jpg", "link": "https://www.flickr.com/photos/115096994@N02/20247712383", "url_b": "https://farm1.staticflickr.com/577/20247712383_2c25f68fa7_b.jpg", "title": "Lough_PalstaveFrag0001_Lough_PalstaveFrag0002_fb"}, "n_answers": 3, "quorum": 0, "calibration": 0, "created": "2015-08-25T11:09:54.896554", "state": "completed", "project_id": 244, "id": 44289, "priority_0": 0.0}, {"info": {"url": "https://farm6.staticflickr.com/5703/20859097492_9352c72824.jpg", "url_m": "https://farm6.staticflickr.com/5703/20859097492_9352c72824_m.jpg", "link": "https://www.flickr.com/photos/115096994@N02/20859097492", "url_b": "https://farm6.staticflickr.com/5703/20859097492_9352c72824_b.jpg", "title": "Louth_UnloopedPalstaveI5F0001_Louth_UnloopedPalstaveI5F0002_fb"}, "n_answers": 3, "quorum": 0, "calibration": 0, "created": "2015-08-25T11:09:54.921639", "state": "completed", "project_id": 244, "id": 44290, "priority_0": 0.0}, {"info": {"url": "https://farm6.staticflickr.com/5665/20842448196_c532e802b1.jpg", "url_m": "https://farm6.staticflickr.com/5665/20842448196_c532e802b1_m.jpg", "link": "https://www.flickr.com/photos/115096994@N02/20842448196", "url_b": "https://farm6.staticflickr.com/5665/20842448196_c532e802b1_b.jpg", "title": "Louth_UnloopedPalstaveI5G0001_Louth_UnloopedPalstaveI5G0002_fb"}, "n_answers": 3, "quorum": 0, "calibration": 0, "created": "2015-08-25T11:09:54.946748", "state": "completed", "project_id": 244, "id": 44291, "priority_0": 0.0}, {"info": {"url": "https://farm1.staticflickr.com/674/20680667120_5beee9f44f.jpg", "url_m": "https://farm1.staticflickr.com/674/20680667120_5beee9f44f_m.jpg", "link": "https://www.flickr.com/photos/115096994@N02/20680667120", "url_b": "https://farm1.staticflickr.com/674/20680667120_5beee9f44f_b.jpg", "title": "Mayo_UnloopedPalstaveI5D0001_Mayo_UnloopedPalstaveI5D0002_fb"}, "n_answers": 3, "quorum": 0, "calibration": 0, "created": "2015-08-25T11:09:54.971741", "state": "completed", "project_id": 244, "id": 44292, "priority_0": 0.0}, {"info": {"url": "https://farm6.staticflickr.com/5800/20680749238_51eb0d3c99.jpg", "url_m": "https://farm6.staticflickr.com/5800/20680749238_51eb0d3c99_m.jpg", "link": "https://www.flickr.com/photos/115096994@N02/20680749238", "url_b": "https://farm6.staticflickr.com/5800/20680749238_51eb0d3c99_b.jpg", "title": "Mayo_UnloopedPalstaveI5U0001_Mayo_UnloopedPalstaveI5U0002_fb"}, "n_answers": 3, "quorum": 0, "calibration": 0, "created": "2015-08-25T11:09:54.997098", "state": "completed", "project_id": 244, "id": 44293, "priority_0": 0.0}, {"info": {"url": "https://farm1.staticflickr.com/689/20868726485_cb2f1a227e.jpg", "url_m": "https://farm1.staticflickr.com/689/20868726485_cb2f1a227e_m.jpg", "link": "https://www.flickr.com/photos/115096994@N02/20868726485", "url_b": "https://farm1.staticflickr.com/689/20868726485_cb2f1a227e_b.jpg", "title": "Mayo_UnloopedPalstaveII1A0001_Mayo_UnloopedPalstaveII1A0002_fb"}, "n_answers": 3, "quorum": 0, "calibration": 0, "created": "2015-08-25T11:09:55.027586", "state": "completed", "project_id": 244, "id": 44294, "priority_0": 0.0}, {"info": {"url": "https://farm1.staticflickr.com/720/20868726365_f2d46e1fcd.jpg", "url_m": "https://farm1.staticflickr.com/720/20868726365_f2d46e1fcd_m.jpg", "link": "https://www.flickr.com/photos/115096994@N02/20868726365", "url_b": "https://farm1.staticflickr.com/720/20868726365_f2d46e1fcd_b.jpg", "title": "Meath_PalstaveFrag0001_Meath_PalstaveFrag0002_fb"}, "n_answers": 3, "quorum": 0, "calibration": 0, "created": "2015-08-25T11:09:55.055545", "state": "completed", "project_id": 244, "id": 44295, "priority_0": 0.0}, {"info": {"url": "https://farm1.staticflickr.com/708/20875939611_beb2f71053.jpg", "url_m": "https://farm1.staticflickr.com/708/20875939611_beb2f71053_m.jpg", "link": "https://www.flickr.com/photos/115096994@N02/20875939611", "url_b": "https://farm1.staticflickr.com/708/20875939611_beb2f71053_b.jpg", "title": "Meath_UnloopedPalstaveI5G0001_Meath_UnloopedPalstaveI5G0002_fb"}, "n_answers": 3, "quorum": 0, "calibration": 0, "created": "2015-08-25T11:09:55.085707", "state": "completed", "project_id": 244, "id": 44296, "priority_0": 0.0}, {"info": {"url": "https://farm1.staticflickr.com/608/20680666600_ddfc51d0cb.jpg", "url_m": "https://farm1.staticflickr.com/608/20680666600_ddfc51d0cb_m.jpg", "link": "https://www.flickr.com/photos/115096994@N02/20680666600", "url_b": "https://farm1.staticflickr.com/608/20680666600_ddfc51d0cb_b.jpg", "title": "Sligo_UnloopedPalstaveIII1A0001_Sligo_UnloopedPalstaveIII1A0002_fb"}, "n_answers": 3, "quorum": 0, "calibration": 0, "created": "2015-08-25T11:09:55.113547", "state": "completed", "project_id": 244, "id": 44297, "priority_0": 0.0}, {"info": {"url": "https://farm1.staticflickr.com/764/20875939341_97346c145f.jpg", "url_m": "https://farm1.staticflickr.com/764/20875939341_97346c145f_m.jpg", "link": "https://www.flickr.com/photos/115096994@N02/20875939341", "url_b": "https://farm1.staticflickr.com/764/20875939341_97346c145f_b.jpg", "title": "Tipperary_UnloopedPalstaveIII1A0001_Tipperary_UnloopedPalstaveIII1A0002_fb"}, "n_answers": 3, "quorum": 0, "calibration": 0, "created": "2015-08-25T11:09:55.138498", "state": "completed", "project_id": 244, "id": 44298, "priority_0": 0.0}, {"info": {"url": "https://farm1.staticflickr.com/614/20842447876_fc9ef31922.jpg", "url_m": "https://farm1.staticflickr.com/614/20842447876_fc9ef31922_m.jpg", "link": "https://www.flickr.com/photos/115096994@N02/20842447876", "url_b": "https://farm1.staticflickr.com/614/20842447876_fc9ef31922_b.jpg", "title": "Tyrone_UnloopedPalstaveI5U0001_Tyrone_UnloopedPalstaveI5U0002_fb"}, "n_answers": 3, "quorum": 0, "calibration": 0, "created": "2015-08-25T11:09:55.163477", "state": "completed", "project_id": 244, "id": 44299, "priority_0": 0.0}, {"info": {"url": "https://farm1.staticflickr.com/568/20868726265_d24230d43a.jpg", "url_m": "https://farm1.staticflickr.com/568/20868726265_d24230d43a_m.jpg", "link": "https://www.flickr.com/photos/115096994@N02/20868726265", "url_b": "https://farm1.staticflickr.com/568/20868726265_d24230d43a_b.jpg", "title": "Tyrone_UnloopedPalstaveIII1A0001_Tyrone_UnloopedPalstaveIII1A0002_fb"}, "n_answers": 3, "quorum": 0, "calibration": 0, "created": "2015-08-25T11:09:55.188349", "state": "completed", "project_id": 244, "id": 44300, "priority_0": 0.0}, {"info": {"url": "https://farm6.staticflickr.com/5640/20247711213_87108f3435.jpg", "url_m": "https://farm6.staticflickr.com/5640/20247711213_87108f3435_m.jpg", "link": "https://www.flickr.com/photos/115096994@N02/20247711213", "url_b": "https://farm6.staticflickr.com/5640/20247711213_87108f3435_b.jpg", "title": "Westmeath_PalstaveFrag0001_Westmeath_PalstaveFrag0002_fb"}, "n_answers": 3, "quorum": 0, "calibration": 0, "created": "2015-08-25T11:09:55.213672", "state": "completed", "project_id": 244, "id": 44301, "priority_0": 0.0}, {"info": {"url": "https://farm1.staticflickr.com/683/20681967019_5795f0d8a7.jpg", "url_m": "https://farm1.staticflickr.com/683/20681967019_5795f0d8a7_m.jpg", "link": "https://www.flickr.com/photos/115096994@N02/20681967019", "url_b": "https://farm1.staticflickr.com/683/20681967019_5795f0d8a7_b.jpg", "title": "Westmeath_UnloopedPalstaveIV1D0001_Westmeath_UnloopedPalstaveIV1D0002_fb"}, "n_answers": 3, "quorum": 0, "calibration": 0, "created": "2015-08-25T11:09:55.238630", "state": "completed", "project_id": 244, "id": 44302, "priority_0": 0.0}, {"info": {"url": "https://farm6.staticflickr.com/5650/20247710733_0b6d9156db.jpg", "url_m": "https://farm6.staticflickr.com/5650/20247710733_0b6d9156db_m.jpg", "link": "https://www.flickr.com/photos/115096994@N02/20247710733", "url_b": "https://farm6.staticflickr.com/5650/20247710733_0b6d9156db_b.jpg", "title": "Wicklow_PalstaveFrag0001_Wicklow_PalstaveFrag0002_fb"}, "n_answers": 3, "quorum": 0, "calibration": 0, "created": "2015-08-25T11:09:55.263686", "state": "completed", "project_id": 244, "id": 44303, "priority_0": 0.0}]