[{"info": {"url_m": "https://farm8.staticflickr.com/7523/15705591787_048094e83f_m.jpg", "link": "https://www.flickr.com/photos/MicroPasts/15705591787", "url_b": "https://farm8.staticflickr.com/7523/15705591787_048094e83f_b.jpg"}, "n_answers": 2, "quorum": 0, "calibration": 0, "created": "2014-11-27T14:43:54.414203", "state": "completed", "project_id": 83, "id": 26245, "priority_0": 0.0}, {"info": {"url_m": "https://farm8.staticflickr.com/7494/15269096374_c6776085ae_m.jpg", "link": "https://www.flickr.com/photos/MicroPasts/15269096374", "url_b": "https://farm8.staticflickr.com/7494/15269096374_c6776085ae_b.jpg"}, "n_answers": 2, "quorum": 0, "calibration": 0, "created": "2014-11-27T14:43:57.448263", "state": "completed", "project_id": 83, "id": 26246, "priority_0": 0.0}, {"info": {"url_m": "https://farm8.staticflickr.com/7504/15705591757_6f002bddf2_m.jpg", "link": "https://www.flickr.com/photos/MicroPasts/15705591757", "url_b": "https://farm8.staticflickr.com/7504/15705591757_6f002bddf2_b.jpg"}, "n_answers": 2, "quorum": 0, "calibration": 0, "created": "2014-11-27T14:44:00.501968", "state": "completed", "project_id": 83, "id": 26248, "priority_0": 0.0}, {"info": {"url_m": "https://farm8.staticflickr.com/7564/15865546546_1c795123f2_m.jpg", "link": "https://www.flickr.com/photos/MicroPasts/15865546546", "url_b": "https://farm8.staticflickr.com/7564/15865546546_1c795123f2_b.jpg"}, "n_answers": 2, "quorum": 0, "calibration": 0, "created": "2014-11-27T14:44:03.556561", "state": "completed", "project_id": 83, "id": 26250, "priority_0": 0.0}, {"info": {"url_m": "https://farm9.staticflickr.com/8618/15705591587_c0d3fc6539_m.jpg", "link": "https://www.flickr.com/photos/MicroPasts/15705591587", "url_b": "https://farm9.staticflickr.com/8618/15705591587_c0d3fc6539_b.jpg"}, "n_answers": 2, "quorum": 0, "calibration": 0, "created": "2014-11-27T14:44:06.608973", "state": "completed", "project_id": 83, "id": 26252, "priority_0": 0.0}, {"info": {"url_m": "https://farm8.staticflickr.com/7526/15704065580_d58e86a6cd_m.jpg", "link": "https://www.flickr.com/photos/MicroPasts/15704065580", "url_b": "https://farm8.staticflickr.com/7526/15704065580_d58e86a6cd_b.jpg"}, "n_answers": 2, "quorum": 0, "calibration": 0, "created": "2014-11-27T14:44:09.659152", "state": "completed", "project_id": 83, "id": 26253, "priority_0": 0.0}, {"info": {"url_m": "https://farm9.staticflickr.com/8659/15705324459_cb7fd9fb9d_m.jpg", "link": "https://www.flickr.com/photos/MicroPasts/15705324459", "url_b": "https://farm9.staticflickr.com/8659/15705324459_cb7fd9fb9d_b.jpg"}, "n_answers": 2, "quorum": 0, "calibration": 0, "created": "2014-11-27T14:44:12.717097", "state": "completed", "project_id": 83, "id": 26255, "priority_0": 0.0}, {"info": {"url_m": "https://farm8.staticflickr.com/7567/15704065410_db526e4bb3_m.jpg", "link": "https://www.flickr.com/photos/MicroPasts/15704065410", "url_b": "https://farm8.staticflickr.com/7567/15704065410_db526e4bb3_b.jpg"}, "n_answers": 2, "quorum": 0, "calibration": 0, "created": "2014-11-27T14:44:15.821278", "state": "completed", "project_id": 83, "id": 26257, "priority_0": 0.0}, {"info": {"url_m": "https://farm9.staticflickr.com/8658/15705324239_a041773e1f_m.jpg", "link": "https://www.flickr.com/photos/MicroPasts/15705324239", "url_b": "https://farm9.staticflickr.com/8658/15705324239_a041773e1f_b.jpg"}, "n_answers": 2, "quorum": 0, "calibration": 0, "created": "2014-11-27T14:44:18.873966", "state": "completed", "project_id": 83, "id": 26259, "priority_0": 0.0}, {"info": {"url_m": "https://farm8.staticflickr.com/7535/15889369601_5fe4681409_m.jpg", "link": "https://www.flickr.com/photos/MicroPasts/15889369601", "url_b": "https://farm8.staticflickr.com/7535/15889369601_5fe4681409_b.jpg"}, "n_answers": 2, "quorum": 0, "calibration": 0, "created": "2014-11-27T14:44:21.925190", "state": "completed", "project_id": 83, "id": 26260, "priority_0": 0.0}, {"info": {"url_m": "https://farm8.staticflickr.com/7526/15889369111_53abc6d7d9_m.jpg", "link": "https://www.flickr.com/photos/MicroPasts/15889369111", "url_b": "https://farm8.staticflickr.com/7526/15889369111_53abc6d7d9_b.jpg"}, "n_answers": 2, "quorum": 0, "calibration": 0, "created": "2014-11-27T14:44:25.072456", "state": "completed", "project_id": 83, "id": 26262, "priority_0": 0.0}, {"info": {"url_m": "https://farm9.staticflickr.com/8597/15705323829_a2dc799b95_m.jpg", "link": "https://www.flickr.com/photos/MicroPasts/15705323829", "url_b": "https://farm9.staticflickr.com/8597/15705323829_a2dc799b95_b.jpg"}, "n_answers": 2, "quorum": 0, "calibration": 0, "created": "2014-11-27T14:44:28.132692", "state": "completed", "project_id": 83, "id": 26264, "priority_0": 0.0}, {"info": {"url_m": "https://farm8.staticflickr.com/7498/15269095204_354b6bf6cc_m.jpg", "link": "https://www.flickr.com/photos/MicroPasts/15269095204", "url_b": "https://farm8.staticflickr.com/7498/15269095204_354b6bf6cc_b.jpg"}, "n_answers": 2, "quorum": 0, "calibration": 0, "created": "2014-11-27T14:44:31.182299", "state": "completed", "project_id": 83, "id": 26266, "priority_0": 0.0}, {"info": {"url_m": "https://farm8.staticflickr.com/7551/15865545456_1b0f8ba80a_m.jpg", "link": "https://www.flickr.com/photos/MicroPasts/15865545456", "url_b": "https://farm8.staticflickr.com/7551/15865545456_1b0f8ba80a_b.jpg"}, "n_answers": 2, "quorum": 0, "calibration": 0, "created": "2014-11-27T14:44:34.232378", "state": "completed", "project_id": 83, "id": 26267, "priority_0": 0.0}, {"info": {"url_m": "https://farm8.staticflickr.com/7560/15891356665_68feced6cd_m.jpg", "link": "https://www.flickr.com/photos/MicroPasts/15891356665", "url_b": "https://farm8.staticflickr.com/7560/15891356665_68feced6cd_b.jpg"}, "n_answers": 2, "quorum": 0, "calibration": 0, "created": "2014-11-27T14:44:37.283021", "state": "completed", "project_id": 83, "id": 26269, "priority_0": 0.0}, {"info": {"url_m": "https://farm9.staticflickr.com/8641/15889369061_eb3e56a7cc_m.jpg", "link": "https://www.flickr.com/photos/MicroPasts/15889369061", "url_b": "https://farm9.staticflickr.com/8641/15889369061_eb3e56a7cc_b.jpg"}, "n_answers": 2, "quorum": 0, "calibration": 0, "created": "2014-11-27T14:44:40.338010", "state": "completed", "project_id": 83, "id": 26271, "priority_0": 0.0}, {"info": {"url_m": "https://farm8.staticflickr.com/7562/15890709072_e52c3087be_m.jpg", "link": "https://www.flickr.com/photos/MicroPasts/15890709072", "url_b": "https://farm8.staticflickr.com/7562/15890709072_e52c3087be_b.jpg"}, "n_answers": 2, "quorum": 0, "calibration": 0, "created": "2014-11-27T14:44:43.389702", "state": "completed", "project_id": 83, "id": 26273, "priority_0": 0.0}, {"info": {"url_m": "https://farm8.staticflickr.com/7555/15705323349_984a3805fa_m.jpg", "link": "https://www.flickr.com/photos/MicroPasts/15705323349", "url_b": "https://farm8.staticflickr.com/7555/15705323349_984a3805fa_b.jpg"}, "n_answers": 2, "quorum": 0, "calibration": 0, "created": "2014-11-27T14:44:46.498765", "state": "completed", "project_id": 83, "id": 26274, "priority_0": 0.0}, {"info": {"url_m": "https://farm8.staticflickr.com/7546/15889368321_4a817fb4d1_m.jpg", "link": "https://www.flickr.com/photos/MicroPasts/15889368321", "url_b": "https://farm8.staticflickr.com/7546/15889368321_4a817fb4d1_b.jpg"}, "n_answers": 2, "quorum": 0, "calibration": 0, "created": "2014-11-27T14:44:49.579354", "state": "completed", "project_id": 83, "id": 26276, "priority_0": 0.0}, {"info": {"url_m": "https://farm8.staticflickr.com/7476/15705323199_9d9b2caeff_m.jpg", "link": "https://www.flickr.com/photos/MicroPasts/15705323199", "url_b": "https://farm8.staticflickr.com/7476/15705323199_9d9b2caeff_b.jpg"}, "n_answers": 2, "quorum": 0, "calibration": 0, "created": "2014-11-27T14:44:52.632624", "state": "completed", "project_id": 83, "id": 26278, "priority_0": 0.0}, {"info": {"url_m": "https://farm8.staticflickr.com/7579/15703860008_9c74106e6a_m.jpg", "link": "https://www.flickr.com/photos/MicroPasts/15703860008", "url_b": "https://farm8.staticflickr.com/7579/15703860008_9c74106e6a_b.jpg"}, "n_answers": 2, "quorum": 0, "calibration": 0, "created": "2014-11-27T14:44:55.751935", "state": "completed", "project_id": 83, "id": 26279, "priority_0": 0.0}, {"info": {"url_m": "https://farm8.staticflickr.com/7543/15891356225_179bafc82b_m.jpg", "link": "https://www.flickr.com/photos/MicroPasts/15891356225", "url_b": "https://farm8.staticflickr.com/7543/15891356225_179bafc82b_b.jpg"}, "n_answers": 2, "quorum": 0, "calibration": 0, "created": "2014-11-27T14:44:58.805609", "state": "completed", "project_id": 83, "id": 26281, "priority_0": 0.0}, {"info": {"url_m": "https://farm9.staticflickr.com/8598/15890708742_fc4dd5195a_m.jpg", "link": "https://www.flickr.com/photos/MicroPasts/15890708742", "url_b": "https://farm9.staticflickr.com/8598/15890708742_fc4dd5195a_b.jpg"}, "n_answers": 2, "quorum": 0, "calibration": 0, "created": "2014-11-27T14:45:01.865181", "state": "completed", "project_id": 83, "id": 26283, "priority_0": 0.0}, {"info": {"url_m": "https://farm8.staticflickr.com/7462/15865544946_3899ca4225_m.jpg", "link": "https://www.flickr.com/photos/MicroPasts/15865544946", "url_b": "https://farm8.staticflickr.com/7462/15865544946_3899ca4225_b.jpg"}, "n_answers": 2, "quorum": 0, "calibration": 0, "created": "2014-11-27T14:45:04.974787", "state": "completed", "project_id": 83, "id": 26285, "priority_0": 0.0}, {"info": {"url_m": "https://farm9.staticflickr.com/8650/15890708702_0729ec9e6c_m.jpg", "link": "https://www.flickr.com/photos/MicroPasts/15890708702", "url_b": "https://farm9.staticflickr.com/8650/15890708702_0729ec9e6c_b.jpg"}, "n_answers": 2, "quorum": 0, "calibration": 0, "created": "2014-11-27T14:45:08.012334", "state": "completed", "project_id": 83, "id": 26287, "priority_0": 0.0}, {"info": {"url_m": "https://farm8.staticflickr.com/7495/15705589977_cca0166254_m.jpg", "link": "https://www.flickr.com/photos/MicroPasts/15705589977", "url_b": "https://farm8.staticflickr.com/7495/15705589977_cca0166254_b.jpg"}, "n_answers": 2, "quorum": 0, "calibration": 0, "created": "2014-11-27T14:45:11.047346", "state": "completed", "project_id": 83, "id": 26288, "priority_0": 0.0}, {"info": {"url_m": "https://farm8.staticflickr.com/7514/15865544916_6e529fa050_m.jpg", "link": "https://www.flickr.com/photos/MicroPasts/15865544916", "url_b": "https://farm8.staticflickr.com/7514/15865544916_6e529fa050_b.jpg"}, "n_answers": 2, "quorum": 0, "calibration": 0, "created": "2014-11-27T14:45:14.104085", "state": "completed", "project_id": 83, "id": 26290, "priority_0": 0.0}, {"info": {"url_m": "https://farm9.staticflickr.com/8659/15704064040_760eff79c6_m.jpg", "link": "https://www.flickr.com/photos/MicroPasts/15704064040", "url_b": "https://farm9.staticflickr.com/8659/15704064040_760eff79c6_b.jpg"}, "n_answers": 2, "quorum": 0, "calibration": 0, "created": "2014-11-27T14:45:17.155646", "state": "completed", "project_id": 83, "id": 26292, "priority_0": 0.0}, {"info": {"url_m": "https://farm9.staticflickr.com/8609/15890708472_d10b561a54_m.jpg", "link": "https://www.flickr.com/photos/MicroPasts/15890708472", "url_b": "https://farm9.staticflickr.com/8609/15890708472_d10b561a54_b.jpg"}, "n_answers": 2, "quorum": 0, "calibration": 0, "created": "2014-11-27T14:45:20.208671", "state": "completed", "project_id": 83, "id": 26294, "priority_0": 0.0}, {"info": {"url_m": "https://farm8.staticflickr.com/7478/15271719563_3f9cbf43e7_m.jpg", "link": "https://www.flickr.com/photos/MicroPasts/15271719563", "url_b": "https://farm8.staticflickr.com/7478/15271719563_3f9cbf43e7_b.jpg"}, "n_answers": 2, "quorum": 0, "calibration": 0, "created": "2014-11-27T14:45:23.239524", "state": "completed", "project_id": 83, "id": 26295, "priority_0": 0.0}, {"info": {"url_m": "https://farm8.staticflickr.com/7497/15865544436_7609b210cb_m.jpg", "link": "https://www.flickr.com/photos/MicroPasts/15865544436", "url_b": "https://farm8.staticflickr.com/7497/15865544436_7609b210cb_b.jpg"}, "n_answers": 2, "quorum": 0, "calibration": 0, "created": "2014-11-27T14:45:26.294806", "state": "completed", "project_id": 83, "id": 26297, "priority_0": 0.0}, {"info": {"url_m": "https://farm8.staticflickr.com/7580/15703859368_620d14a932_m.jpg", "link": "https://www.flickr.com/photos/MicroPasts/15703859368", "url_b": "https://farm8.staticflickr.com/7580/15703859368_620d14a932_b.jpg"}, "n_answers": 2, "quorum": 0, "calibration": 0, "created": "2014-11-27T14:45:29.363245", "state": "completed", "project_id": 83, "id": 26299, "priority_0": 0.0}, {"info": {"url_m": "https://farm9.staticflickr.com/8576/15271719343_a3976441d8_m.jpg", "link": "https://www.flickr.com/photos/MicroPasts/15271719343", "url_b": "https://farm9.staticflickr.com/8576/15271719343_a3976441d8_b.jpg"}, "n_answers": 2, "quorum": 0, "calibration": 0, "created": "2014-11-27T14:45:32.452261", "state": "completed", "project_id": 83, "id": 26301, "priority_0": 0.0}, {"info": {"url_m": "https://farm9.staticflickr.com/8575/15889367561_9408b7f7a6_m.jpg", "link": "https://www.flickr.com/photos/MicroPasts/15889367561", "url_b": "https://farm9.staticflickr.com/8575/15889367561_9408b7f7a6_b.jpg"}, "n_answers": 2, "quorum": 0, "calibration": 0, "created": "2014-11-27T14:45:35.485299", "state": "completed", "project_id": 83, "id": 26302, "priority_0": 0.0}, {"info": {"url_m": "https://farm9.staticflickr.com/8618/15890707632_f7d3915c77_m.jpg", "link": "https://www.flickr.com/photos/MicroPasts/15890707632", "url_b": "https://farm9.staticflickr.com/8618/15890707632_f7d3915c77_b.jpg"}, "n_answers": 2, "quorum": 0, "calibration": 0, "created": "2014-11-27T14:45:38.545889", "state": "completed", "project_id": 83, "id": 26304, "priority_0": 0.0}, {"info": {"url_m": "https://farm8.staticflickr.com/7463/15865543736_59ed9e226e_m.jpg", "link": "https://www.flickr.com/photos/MicroPasts/15865543736", "url_b": "https://farm8.staticflickr.com/7463/15865543736_59ed9e226e_b.jpg"}, "n_answers": 2, "quorum": 0, "calibration": 0, "created": "2014-11-27T14:45:41.669357", "state": "completed", "project_id": 83, "id": 26306, "priority_0": 0.0}, {"info": {"url_m": "https://farm9.staticflickr.com/8670/15705588697_4843683d71_m.jpg", "link": "https://www.flickr.com/photos/MicroPasts/15705588697", "url_b": "https://farm9.staticflickr.com/8670/15705588697_4843683d71_b.jpg"}, "n_answers": 2, "quorum": 0, "calibration": 0, "created": "2014-11-27T14:45:44.720535", "state": "completed", "project_id": 83, "id": 26308, "priority_0": 0.0}, {"info": {"url_m": "https://farm8.staticflickr.com/7464/15891354345_e140556a9c_m.jpg", "link": "https://www.flickr.com/photos/MicroPasts/15891354345", "url_b": "https://farm8.staticflickr.com/7464/15891354345_e140556a9c_b.jpg"}, "n_answers": 2, "quorum": 0, "calibration": 0, "created": "2014-11-27T14:45:47.776221", "state": "completed", "project_id": 83, "id": 26309, "priority_0": 0.0}, {"info": {"url_m": "https://farm8.staticflickr.com/7487/15271717983_d89e912938_m.jpg", "link": "https://www.flickr.com/photos/MicroPasts/15271717983", "url_b": "https://farm8.staticflickr.com/7487/15271717983_d89e912938_b.jpg"}, "n_answers": 2, "quorum": 0, "calibration": 0, "created": "2014-11-27T14:45:50.836387", "state": "completed", "project_id": 83, "id": 26311, "priority_0": 0.0}, {"info": {"url_m": "https://farm8.staticflickr.com/7527/15705321089_4e833a3039_m.jpg", "link": "https://www.flickr.com/photos/MicroPasts/15705321089", "url_b": "https://farm8.staticflickr.com/7527/15705321089_4e833a3039_b.jpg"}, "n_answers": 2, "quorum": 0, "calibration": 0, "created": "2014-11-27T14:45:53.884702", "state": "completed", "project_id": 83, "id": 26313, "priority_0": 0.0}, {"info": {"url_m": "https://farm8.staticflickr.com/7505/15865542346_c4ae93ffa2_m.jpg", "link": "https://www.flickr.com/photos/MicroPasts/15865542346", "url_b": "https://farm8.staticflickr.com/7505/15865542346_c4ae93ffa2_b.jpg"}, "n_answers": 2, "quorum": 0, "calibration": 0, "created": "2014-11-27T14:45:56.936908", "state": "completed", "project_id": 83, "id": 26315, "priority_0": 0.0}, {"info": {"url_m": "https://farm8.staticflickr.com/7532/15704061130_6255794af9_m.jpg", "link": "https://www.flickr.com/photos/MicroPasts/15704061130", "url_b": "https://farm8.staticflickr.com/7532/15704061130_6255794af9_b.jpg"}, "n_answers": 2, "quorum": 0, "calibration": 0, "created": "2014-11-27T14:45:59.992927", "state": "completed", "project_id": 83, "id": 26316, "priority_0": 0.0}, {"info": {"url_m": "https://farm9.staticflickr.com/8661/15271716633_b231bdec78_m.jpg", "link": "https://www.flickr.com/photos/MicroPasts/15271716633", "url_b": "https://farm9.staticflickr.com/8661/15271716633_b231bdec78_b.jpg"}, "n_answers": 2, "quorum": 0, "calibration": 0, "created": "2014-11-27T14:46:03.053629", "state": "completed", "project_id": 83, "id": 26318, "priority_0": 0.0}, {"info": {"url_m": "https://farm8.staticflickr.com/7556/15704060320_2e563b584b_m.jpg", "link": "https://www.flickr.com/photos/MicroPasts/15704060320", "url_b": "https://farm8.staticflickr.com/7556/15704060320_2e563b584b_b.jpg"}, "n_answers": 2, "quorum": 0, "calibration": 0, "created": "2014-11-27T14:46:06.106898", "state": "completed", "project_id": 83, "id": 26320, "priority_0": 0.0}, {"info": {"url_m": "https://farm8.staticflickr.com/7525/15890707832_a7d3e9798e_m.jpg", "link": "https://www.flickr.com/photos/MicroPasts/15890707832", "url_b": "https://farm8.staticflickr.com/7525/15890707832_a7d3e9798e_b.jpg"}, "n_answers": 2, "quorum": 0, "calibration": 0, "created": "2014-11-27T14:46:09.189414", "state": "completed", "project_id": 83, "id": 26322, "priority_0": 0.0}, {"info": {"url_m": "https://farm8.staticflickr.com/7583/15704060080_733656301d_m.jpg", "link": "https://www.flickr.com/photos/MicroPasts/15704060080", "url_b": "https://farm8.staticflickr.com/7583/15704060080_733656301d_b.jpg"}, "n_answers": 2, "quorum": 0, "calibration": 0, "created": "2014-11-27T14:46:13.878046", "state": "completed", "project_id": 83, "id": 26323, "priority_0": 0.0}, {"info": {"url_m": "https://farm9.staticflickr.com/8627/15891354825_218e24fdeb_m.jpg", "link": "https://www.flickr.com/photos/MicroPasts/15891354825", "url_b": "https://farm9.staticflickr.com/8627/15891354825_218e24fdeb_b.jpg"}, "n_answers": 2, "quorum": 0, "calibration": 0, "created": "2014-11-27T14:46:16.924160", "state": "completed", "project_id": 83, "id": 26325, "priority_0": 0.0}, {"info": {"url_m": "https://farm8.staticflickr.com/7518/15705586127_cd354755b5_m.jpg", "link": "https://www.flickr.com/photos/MicroPasts/15705586127", "url_b": "https://farm8.staticflickr.com/7518/15705586127_cd354755b5_b.jpg"}, "n_answers": 2, "quorum": 0, "calibration": 0, "created": "2014-11-27T14:46:19.964432", "state": "completed", "project_id": 83, "id": 26327, "priority_0": 0.0}, {"info": {"url_m": "https://farm8.staticflickr.com/7472/15890704472_7a032df756_m.jpg", "link": "https://www.flickr.com/photos/MicroPasts/15890704472", "url_b": "https://farm8.staticflickr.com/7472/15890704472_7a032df756_b.jpg"}, "n_answers": 2, "quorum": 0, "calibration": 0, "created": "2014-11-27T14:46:23.022276", "state": "completed", "project_id": 83, "id": 26329, "priority_0": 0.0}, {"info": {"url_m": "https://farm9.staticflickr.com/8597/15705319079_e0813f945c_m.jpg", "link": "https://www.flickr.com/photos/MicroPasts/15705319079", "url_b": "https://farm9.staticflickr.com/8597/15705319079_e0813f945c_b.jpg"}, "n_answers": 2, "quorum": 0, "calibration": 0, "created": "2014-11-27T14:46:26.072494", "state": "completed", "project_id": 83, "id": 26330, "priority_0": 0.0}, {"info": {"url_m": "https://farm9.staticflickr.com/8612/15891354185_2f24f06f0f_m.jpg", "link": "https://www.flickr.com/photos/MicroPasts/15891354185", "url_b": "https://farm9.staticflickr.com/8612/15891354185_2f24f06f0f_b.jpg"}, "n_answers": 2, "quorum": 0, "calibration": 0, "created": "2014-11-27T14:46:29.135480", "state": "completed", "project_id": 83, "id": 26332, "priority_0": 0.0}]