[{"info": {"url_m": "https://farm9.staticflickr.com/8565/16039742464_a4236fe0ae_m.jpg", "link": "https://www.flickr.com/photos/MicroPasts/16039742464", "url_b": "https://farm9.staticflickr.com/8565/16039742464_a4236fe0ae_b.jpg"}, "n_answers": 3, "quorum": 0, "calibration": 0, "created": "2015-02-27T12:29:52.578563", "app_id": 167, "state": "completed", "id": 31158, "priority_0": 0.0}, {"info": {"url_m": "https://farm9.staticflickr.com/8660/16474473498_f69ac63f01_m.jpg", "link": "https://www.flickr.com/photos/MicroPasts/16474473498", "url_b": "https://farm9.staticflickr.com/8660/16474473498_f69ac63f01_b.jpg"}, "n_answers": 3, "quorum": 0, "calibration": 0, "created": "2015-02-27T12:29:55.654131", "app_id": 167, "state": "completed", "id": 31159, "priority_0": 0.0}, {"info": {"url_m": "https://farm9.staticflickr.com/8646/16474473418_a61834f112_m.jpg", "link": "https://www.flickr.com/photos/MicroPasts/16474473418", "url_b": "https://farm9.staticflickr.com/8646/16474473418_a61834f112_b.jpg"}, "n_answers": 3, "quorum": 0, "calibration": 0, "created": "2015-02-27T12:29:58.709070", "app_id": 167, "state": "completed", "id": 31160, "priority_0": 0.0}, {"info": {"url_m": "https://farm9.staticflickr.com/8661/16042126033_145c80674b_m.jpg", "link": "https://www.flickr.com/photos/MicroPasts/16042126033", "url_b": "https://farm9.staticflickr.com/8661/16042126033_145c80674b_b.jpg"}, "n_answers": 3, "quorum": 0, "calibration": 0, "created": "2015-02-27T12:30:01.767091", "app_id": 167, "state": "completed", "id": 31161, "priority_0": 0.0}, {"info": {"url_m": "https://farm9.staticflickr.com/8617/16475903589_5d1190b5e4_m.jpg", "link": "https://www.flickr.com/photos/MicroPasts/16475903589", "url_b": "https://farm9.staticflickr.com/8617/16475903589_5d1190b5e4_b.jpg"}, "n_answers": 3, "quorum": 0, "calibration": 0, "created": "2015-02-27T12:30:04.826941", "app_id": 167, "state": "completed", "id": 31162, "priority_0": 0.0}, {"info": {"url_m": "https://farm9.staticflickr.com/8584/16662050865_11e96be9ac_m.jpg", "link": "https://www.flickr.com/photos/MicroPasts/16662050865", "url_b": "https://farm9.staticflickr.com/8584/16662050865_11e96be9ac_b.jpg"}, "n_answers": 3, "quorum": 0, "calibration": 0, "created": "2015-02-27T12:30:07.880824", "app_id": 167, "state": "completed", "id": 31163, "priority_0": 0.0}, {"info": {"url_m": "https://farm9.staticflickr.com/8596/16475903459_217cfa2b91_m.jpg", "link": "https://www.flickr.com/photos/MicroPasts/16475903459", "url_b": "https://farm9.staticflickr.com/8596/16475903459_217cfa2b91_b.jpg"}, "n_answers": 3, "quorum": 0, "calibration": 0, "created": "2015-02-27T12:30:10.928834", "app_id": 167, "state": "completed", "id": 31164, "priority_0": 0.0}, {"info": {"url_m": "https://farm9.staticflickr.com/8599/16661022092_38aedd4ddf_m.jpg", "link": "https://www.flickr.com/photos/MicroPasts/16661022092", "url_b": "https://farm9.staticflickr.com/8599/16661022092_38aedd4ddf_b.jpg"}, "n_answers": 3, "quorum": 0, "calibration": 0, "created": "2015-02-27T12:30:14.144244", "app_id": 167, "state": "completed", "id": 31165, "priority_0": 0.0}, {"info": {"url_m": "https://farm9.staticflickr.com/8679/16636114316_907f8abfc6_m.jpg", "link": "https://www.flickr.com/photos/MicroPasts/16636114316", "url_b": "https://farm9.staticflickr.com/8679/16636114316_907f8abfc6_b.jpg"}, "n_answers": 3, "quorum": 0, "calibration": 0, "created": "2015-02-27T12:30:17.206182", "app_id": 167, "state": "completed", "id": 31166, "priority_0": 0.0}, {"info": {"url_m": "https://farm9.staticflickr.com/8572/16662050595_f59f235a87_m.jpg", "link": "https://www.flickr.com/photos/MicroPasts/16662050595", "url_b": "https://farm9.staticflickr.com/8572/16662050595_f59f235a87_b.jpg"}, "n_answers": 3, "quorum": 0, "calibration": 0, "created": "2015-02-27T12:30:20.264826", "app_id": 167, "state": "completed", "id": 31167, "priority_0": 0.0}, {"info": {"url_m": "https://farm9.staticflickr.com/8612/16660660681_ac05dfaf7e_m.jpg", "link": "https://www.flickr.com/photos/MicroPasts/16660660681", "url_b": "https://farm9.staticflickr.com/8612/16660660681_ac05dfaf7e_b.jpg"}, "n_answers": 3, "quorum": 0, "calibration": 0, "created": "2015-02-27T12:30:23.313370", "app_id": 167, "state": "completed", "id": 31168, "priority_0": 0.0}, {"info": {"url_m": "https://farm9.staticflickr.com/8586/16636114006_8c5c80d032_m.jpg", "link": "https://www.flickr.com/photos/MicroPasts/16636114006", "url_b": "https://farm9.staticflickr.com/8586/16636114006_8c5c80d032_b.jpg"}, "n_answers": 3, "quorum": 0, "calibration": 0, "created": "2015-02-27T12:30:26.362339", "app_id": 167, "state": "completed", "id": 31169, "priority_0": 0.0}, {"info": {"url_m": "https://farm9.staticflickr.com/8594/16475903239_8b1a375a96_m.jpg", "link": "https://www.flickr.com/photos/MicroPasts/16475903239", "url_b": "https://farm9.staticflickr.com/8594/16475903239_8b1a375a96_b.jpg"}, "n_answers": 3, "quorum": 0, "calibration": 0, "created": "2015-02-27T12:30:29.583458", "app_id": 167, "state": "completed", "id": 31170, "priority_0": 0.0}, {"info": {"url_m": "https://farm9.staticflickr.com/8580/16039741694_3013693248_m.jpg", "link": "https://www.flickr.com/photos/MicroPasts/16039741694", "url_b": "https://farm9.staticflickr.com/8580/16039741694_3013693248_b.jpg"}, "n_answers": 3, "quorum": 0, "calibration": 0, "created": "2015-02-27T12:30:33.084181", "app_id": 167, "state": "completed", "id": 31171, "priority_0": 0.0}, {"info": {"url_m": "https://farm9.staticflickr.com/8641/16474472648_6a79cb6ff9_m.jpg", "link": "https://www.flickr.com/photos/MicroPasts/16474472648", "url_b": "https://farm9.staticflickr.com/8641/16474472648_6a79cb6ff9_b.jpg"}, "n_answers": 3, "quorum": 0, "calibration": 0, "created": "2015-02-27T12:30:36.186274", "app_id": 167, "state": "completed", "id": 31172, "priority_0": 0.0}, {"info": {"url_m": "https://farm9.staticflickr.com/8591/16660660371_68312ba786_m.jpg", "link": "https://www.flickr.com/photos/MicroPasts/16660660371", "url_b": "https://farm9.staticflickr.com/8591/16660660371_68312ba786_b.jpg"}, "n_answers": 3, "quorum": 0, "calibration": 0, "created": "2015-02-27T12:30:39.236438", "app_id": 167, "state": "completed", "id": 31173, "priority_0": 0.0}, {"info": {"url_m": "https://farm9.staticflickr.com/8638/16454742677_7836f16494_m.jpg", "link": "https://www.flickr.com/photos/MicroPasts/16454742677", "url_b": "https://farm9.staticflickr.com/8638/16454742677_7836f16494_b.jpg"}, "n_answers": 3, "quorum": 0, "calibration": 0, "created": "2015-02-27T12:30:42.270380", "app_id": 167, "state": "completed", "id": 31174, "priority_0": 0.0}, {"info": {"url_m": "https://farm9.staticflickr.com/8598/16661021282_8c19093ca9_m.jpg", "link": "https://www.flickr.com/photos/MicroPasts/16661021282", "url_b": "https://farm9.staticflickr.com/8598/16661021282_8c19093ca9_b.jpg"}, "n_answers": 3, "quorum": 0, "calibration": 0, "created": "2015-02-27T12:30:45.410988", "app_id": 167, "state": "completed", "id": 31175, "priority_0": 0.0}, {"info": {"url_m": "https://farm9.staticflickr.com/8671/16474472408_befef0c8c0_m.jpg", "link": "https://www.flickr.com/photos/MicroPasts/16474472408", "url_b": "https://farm9.staticflickr.com/8671/16474472408_befef0c8c0_b.jpg"}, "n_answers": 3, "quorum": 0, "calibration": 0, "created": "2015-02-27T12:30:48.469089", "app_id": 167, "state": "completed", "id": 31176, "priority_0": 0.0}, {"info": {"url_m": "https://farm9.staticflickr.com/8566/16660660041_639e49c32e_m.jpg", "link": "https://www.flickr.com/photos/MicroPasts/16660660041", "url_b": "https://farm9.staticflickr.com/8566/16660660041_639e49c32e_b.jpg"}, "n_answers": 3, "quorum": 0, "calibration": 0, "created": "2015-02-27T12:30:51.519387", "app_id": 167, "state": "completed", "id": 31177, "priority_0": 0.0}, {"info": {"url_m": "https://farm9.staticflickr.com/8641/16661020982_d23fd602dd_m.jpg", "link": "https://www.flickr.com/photos/MicroPasts/16661020982", "url_b": "https://farm9.staticflickr.com/8641/16661020982_d23fd602dd_b.jpg"}, "n_answers": 3, "quorum": 0, "calibration": 0, "created": "2015-02-27T12:30:54.576875", "app_id": 167, "state": "completed", "id": 31178, "priority_0": 0.0}, {"info": {"url_m": "https://farm9.staticflickr.com/8579/16662049625_454e60ec57_m.jpg", "link": "https://www.flickr.com/photos/MicroPasts/16662049625", "url_b": "https://farm9.staticflickr.com/8579/16662049625_454e60ec57_b.jpg"}, "n_answers": 3, "quorum": 0, "calibration": 0, "created": "2015-02-27T12:30:57.619387", "app_id": 167, "state": "completed", "id": 31179, "priority_0": 0.0}, {"info": {"url_m": "https://farm9.staticflickr.com/8597/16636113086_ca934be749_m.jpg", "link": "https://www.flickr.com/photos/MicroPasts/16636113086", "url_b": "https://farm9.staticflickr.com/8597/16636113086_ca934be749_b.jpg"}, "n_answers": 3, "quorum": 0, "calibration": 0, "created": "2015-02-27T12:31:00.830696", "app_id": 167, "state": "completed", "id": 31180, "priority_0": 0.0}, {"info": {"url_m": "https://farm9.staticflickr.com/8662/16660659731_5eb837f2ee_m.jpg", "link": "https://www.flickr.com/photos/MicroPasts/16660659731", "url_b": "https://farm9.staticflickr.com/8662/16660659731_5eb837f2ee_b.jpg"}, "n_answers": 3, "quorum": 0, "calibration": 0, "created": "2015-02-27T12:31:03.876710", "app_id": 167, "state": "completed", "id": 31181, "priority_0": 0.0}, {"info": {"url_m": "https://farm9.staticflickr.com/8641/16474471918_8139993ebb_m.jpg", "link": "https://www.flickr.com/photos/MicroPasts/16474471918", "url_b": "https://farm9.staticflickr.com/8641/16474471918_8139993ebb_b.jpg"}, "n_answers": 3, "quorum": 0, "calibration": 0, "created": "2015-02-27T12:31:06.943454", "app_id": 167, "state": "completed", "id": 31182, "priority_0": 0.0}, {"info": {"url_m": "https://farm9.staticflickr.com/8662/16039740844_386d7e6851_m.jpg", "link": "https://www.flickr.com/photos/MicroPasts/16039740844", "url_b": "https://farm9.staticflickr.com/8662/16039740844_386d7e6851_b.jpg"}, "n_answers": 3, "quorum": 0, "calibration": 0, "created": "2015-02-27T12:31:09.993826", "app_id": 167, "state": "completed", "id": 31183, "priority_0": 0.0}, {"info": {"url_m": "https://farm9.staticflickr.com/8608/16662049435_91c25f0b47_m.jpg", "link": "https://www.flickr.com/photos/MicroPasts/16662049435", "url_b": "https://farm9.staticflickr.com/8608/16662049435_91c25f0b47_b.jpg"}, "n_answers": 3, "quorum": 0, "calibration": 0, "created": "2015-02-27T12:31:13.125594", "app_id": 167, "state": "completed", "id": 31184, "priority_0": 0.0}, {"info": {"url_m": "https://farm9.staticflickr.com/8661/16039740734_d47e948930_m.jpg", "link": "https://www.flickr.com/photos/MicroPasts/16039740734", "url_b": "https://farm9.staticflickr.com/8661/16039740734_d47e948930_b.jpg"}, "n_answers": 3, "quorum": 0, "calibration": 0, "created": "2015-02-27T12:31:16.183648", "app_id": 167, "state": "completed", "id": 31185, "priority_0": 0.0}, {"info": {"url_m": "https://farm9.staticflickr.com/8598/16474471688_e3fd0c258e_m.jpg", "link": "https://www.flickr.com/photos/MicroPasts/16474471688", "url_b": "https://farm9.staticflickr.com/8598/16474471688_e3fd0c258e_b.jpg"}, "n_answers": 3, "quorum": 0, "calibration": 0, "created": "2015-02-27T12:31:19.234723", "app_id": 167, "state": "completed", "id": 31186, "priority_0": 0.0}, {"info": {"url_m": "https://farm9.staticflickr.com/8590/16475902079_f9c339530b_m.jpg", "link": "https://www.flickr.com/photos/MicroPasts/16475902079", "url_b": "https://farm9.staticflickr.com/8590/16475902079_f9c339530b_b.jpg"}, "n_answers": 3, "quorum": 0, "calibration": 0, "created": "2015-02-27T12:31:22.291919", "app_id": 167, "state": "completed", "id": 31187, "priority_0": 0.0}, {"info": {"url_m": "https://farm9.staticflickr.com/8579/16042124313_714e5e7cef_m.jpg", "link": "https://www.flickr.com/photos/MicroPasts/16042124313", "url_b": "https://farm9.staticflickr.com/8579/16042124313_714e5e7cef_b.jpg"}, "n_answers": 3, "quorum": 0, "calibration": 0, "created": "2015-02-27T12:31:25.445242", "app_id": 167, "state": "completed", "id": 31188, "priority_0": 0.0}, {"info": {"url_m": "https://farm9.staticflickr.com/8657/16662049115_4b6f7c3e81_m.jpg", "link": "https://www.flickr.com/photos/MicroPasts/16662049115", "url_b": "https://farm9.staticflickr.com/8657/16662049115_4b6f7c3e81_b.jpg"}, "n_answers": 3, "quorum": 0, "calibration": 0, "created": "2015-02-27T12:31:28.501741", "app_id": 167, "state": "completed", "id": 31189, "priority_0": 0.0}, {"info": {"url_m": "https://farm9.staticflickr.com/8638/16039740514_49eb10a3be_m.jpg", "link": "https://www.flickr.com/photos/MicroPasts/16039740514", "url_b": "https://farm9.staticflickr.com/8638/16039740514_49eb10a3be_b.jpg"}, "n_answers": 3, "quorum": 0, "calibration": 0, "created": "2015-02-27T12:31:31.560271", "app_id": 167, "state": "completed", "id": 31190, "priority_0": 0.0}, {"info": {"url_m": "https://farm9.staticflickr.com/8635/16660659281_d41c5687bf_m.jpg", "link": "https://www.flickr.com/photos/MicroPasts/16660659281", "url_b": "https://farm9.staticflickr.com/8635/16660659281_d41c5687bf_b.jpg"}, "n_answers": 3, "quorum": 0, "calibration": 0, "created": "2015-02-27T12:31:34.669181", "app_id": 167, "state": "completed", "id": 31191, "priority_0": 0.0}, {"info": {"url_m": "https://farm9.staticflickr.com/8579/16475901609_bfe0e016ce_m.jpg", "link": "https://www.flickr.com/photos/MicroPasts/16475901609", "url_b": "https://farm9.staticflickr.com/8579/16475901609_bfe0e016ce_b.jpg"}, "n_answers": 3, "quorum": 0, "calibration": 0, "created": "2015-02-27T12:31:37.709721", "app_id": 167, "state": "completed", "id": 31192, "priority_0": 0.0}, {"info": {"url_m": "https://farm9.staticflickr.com/8586/16636112376_3fc8c44062_m.jpg", "link": "https://www.flickr.com/photos/MicroPasts/16636112376", "url_b": "https://farm9.staticflickr.com/8586/16636112376_3fc8c44062_b.jpg"}, "n_answers": 3, "quorum": 0, "calibration": 0, "created": "2015-02-27T12:31:40.759780", "app_id": 167, "state": "completed", "id": 31193, "priority_0": 0.0}, {"info": {"url_m": "https://farm9.staticflickr.com/8589/16474638640_d59da651c8_m.jpg", "link": "https://www.flickr.com/photos/MicroPasts/16474638640", "url_b": "https://farm9.staticflickr.com/8589/16474638640_d59da651c8_b.jpg"}, "n_answers": 3, "quorum": 0, "calibration": 0, "created": "2015-02-27T12:31:43.804997", "app_id": 167, "state": "completed", "id": 31194, "priority_0": 0.0}, {"info": {"url_m": "https://farm9.staticflickr.com/8681/16662048735_dc26b93269_m.jpg", "link": "https://www.flickr.com/photos/MicroPasts/16662048735", "url_b": "https://farm9.staticflickr.com/8681/16662048735_dc26b93269_b.jpg"}, "n_answers": 3, "quorum": 0, "calibration": 0, "created": "2015-02-27T12:31:46.853991", "app_id": 167, "state": "completed", "id": 31195, "priority_0": 0.0}, {"info": {"url_m": "https://farm9.staticflickr.com/8645/16660658931_cc304caa62_m.jpg", "link": "https://www.flickr.com/photos/MicroPasts/16660658931", "url_b": "https://farm9.staticflickr.com/8645/16660658931_cc304caa62_b.jpg"}, "n_answers": 3, "quorum": 0, "calibration": 0, "created": "2015-02-27T12:31:49.904832", "app_id": 167, "state": "completed", "id": 31196, "priority_0": 0.0}, {"info": {"url_m": "https://farm9.staticflickr.com/8676/16474470868_7ee7de7a02_m.jpg", "link": "https://www.flickr.com/photos/MicroPasts/16474470868", "url_b": "https://farm9.staticflickr.com/8676/16474470868_7ee7de7a02_b.jpg"}, "n_answers": 3, "quorum": 0, "calibration": 0, "created": "2015-02-27T12:31:52.953850", "app_id": 167, "state": "completed", "id": 31197, "priority_0": 0.0}, {"info": {"url_m": "https://farm9.staticflickr.com/8600/16454741247_f97018e7c8_m.jpg", "link": "https://www.flickr.com/photos/MicroPasts/16454741247", "url_b": "https://farm9.staticflickr.com/8600/16454741247_f97018e7c8_b.jpg"}, "n_answers": 3, "quorum": 0, "calibration": 0, "created": "2015-02-27T12:31:56.065180", "app_id": 167, "state": "completed", "id": 31198, "priority_0": 0.0}, {"info": {"url_m": "https://farm9.staticflickr.com/8617/16475901249_fdf479ee95_m.jpg", "link": "https://www.flickr.com/photos/MicroPasts/16475901249", "url_b": "https://farm9.staticflickr.com/8617/16475901249_fdf479ee95_b.jpg"}, "n_answers": 3, "quorum": 0, "calibration": 0, "created": "2015-02-27T12:31:59.109036", "app_id": 167, "state": "completed", "id": 31199, "priority_0": 0.0}, {"info": {"url_m": "https://farm9.staticflickr.com/8602/16662048475_551b99aef6_m.jpg", "link": "https://www.flickr.com/photos/MicroPasts/16662048475", "url_b": "https://farm9.staticflickr.com/8602/16662048475_551b99aef6_b.jpg"}, "n_answers": 3, "quorum": 0, "calibration": 0, "created": "2015-02-27T12:32:02.153821", "app_id": 167, "state": "completed", "id": 31200, "priority_0": 0.0}, {"info": {"url_m": "https://farm9.staticflickr.com/8569/16661019562_0ffbd6e935_m.jpg", "link": "https://www.flickr.com/photos/MicroPasts/16661019562", "url_b": "https://farm9.staticflickr.com/8569/16661019562_0ffbd6e935_b.jpg"}, "n_answers": 3, "quorum": 0, "calibration": 0, "created": "2015-02-27T12:32:05.205090", "app_id": 167, "state": "completed", "id": 31201, "priority_0": 0.0}, {"info": {"url_m": "https://farm9.staticflickr.com/8650/16474470638_4b67155b5c_m.jpg", "link": "https://www.flickr.com/photos/MicroPasts/16474470638", "url_b": "https://farm9.staticflickr.com/8650/16474470638_4b67155b5c_b.jpg"}, "n_answers": 3, "quorum": 0, "calibration": 0, "created": "2015-02-27T12:32:08.253313", "app_id": 167, "state": "completed", "id": 31202, "priority_0": 0.0}, {"info": {"url_m": "https://farm9.staticflickr.com/8620/16474470668_8693a463d1_m.jpg", "link": "https://www.flickr.com/photos/MicroPasts/16474470668", "url_b": "https://farm9.staticflickr.com/8620/16474470668_8693a463d1_b.jpg"}, "n_answers": 3, "quorum": 0, "calibration": 0, "created": "2015-02-27T12:32:11.308306", "app_id": 167, "state": "completed", "id": 31203, "priority_0": 0.0}, {"info": {"url_m": "https://farm9.staticflickr.com/8656/16661019332_f6e2b00c1a_m.jpg", "link": "https://www.flickr.com/photos/MicroPasts/16661019332", "url_b": "https://farm9.staticflickr.com/8656/16661019332_f6e2b00c1a_b.jpg"}, "n_answers": 3, "quorum": 0, "calibration": 0, "created": "2015-02-27T12:32:14.578927", "app_id": 167, "state": "completed", "id": 31204, "priority_0": 0.0}, {"info": {"url_m": "https://farm9.staticflickr.com/8643/16039739554_d497c6be60_m.jpg", "link": "https://www.flickr.com/photos/MicroPasts/16039739554", "url_b": "https://farm9.staticflickr.com/8643/16039739554_d497c6be60_b.jpg"}, "n_answers": 3, "quorum": 0, "calibration": 0, "created": "2015-02-27T12:32:17.635745", "app_id": 167, "state": "completed", "id": 31205, "priority_0": 0.0}, {"info": {"url_m": "https://farm9.staticflickr.com/8638/16660658611_ddc04794fe_m.jpg", "link": "https://www.flickr.com/photos/MicroPasts/16660658611", "url_b": "https://farm9.staticflickr.com/8638/16660658611_ddc04794fe_b.jpg"}, "n_answers": 3, "quorum": 0, "calibration": 0, "created": "2015-02-27T12:32:20.686652", "app_id": 167, "state": "completed", "id": 31206, "priority_0": 0.0}, {"info": {"url_m": "https://farm9.staticflickr.com/8649/16474470448_ec8f70f793_m.jpg", "link": "https://www.flickr.com/photos/MicroPasts/16474470448", "url_b": "https://farm9.staticflickr.com/8649/16474470448_ec8f70f793_b.jpg"}, "n_answers": 3, "quorum": 0, "calibration": 0, "created": "2015-02-27T12:32:23.736301", "app_id": 167, "state": "completed", "id": 31207, "priority_0": 0.0}, {"info": {"url_m": "https://farm9.staticflickr.com/8599/16660658451_96ce91feb2_m.jpg", "link": "https://www.flickr.com/photos/MicroPasts/16660658451", "url_b": "https://farm9.staticflickr.com/8599/16660658451_96ce91feb2_b.jpg"}, "n_answers": 3, "quorum": 0, "calibration": 0, "created": "2015-02-27T12:32:26.785688", "app_id": 167, "state": "completed", "id": 31208, "priority_0": 0.0}, {"info": {"url_m": "https://farm9.staticflickr.com/8612/16661019052_98c266f452_m.jpg", "link": "https://www.flickr.com/photos/MicroPasts/16661019052", "url_b": "https://farm9.staticflickr.com/8612/16661019052_98c266f452_b.jpg"}, "n_answers": 3, "quorum": 0, "calibration": 0, "created": "2015-02-27T12:32:29.835238", "app_id": 167, "state": "completed", "id": 31209, "priority_0": 0.0}, {"info": {"url_m": "https://farm9.staticflickr.com/8672/16660658411_8d454710f6_m.jpg", "link": "https://www.flickr.com/photos/MicroPasts/16660658411", "url_b": "https://farm9.staticflickr.com/8672/16660658411_8d454710f6_b.jpg"}, "n_answers": 3, "quorum": 0, "calibration": 0, "created": "2015-02-27T12:32:32.877469", "app_id": 167, "state": "completed", "id": 31210, "priority_0": 0.0}, {"info": {"url_m": "https://farm9.staticflickr.com/8632/16042123193_8c13bded03_m.jpg", "link": "https://www.flickr.com/photos/MicroPasts/16042123193", "url_b": "https://farm9.staticflickr.com/8632/16042123193_8c13bded03_b.jpg"}, "n_answers": 3, "quorum": 0, "calibration": 0, "created": "2015-02-27T12:32:35.926636", "app_id": 167, "state": "completed", "id": 31211, "priority_0": 0.0}, {"info": {"url_m": "https://farm9.staticflickr.com/8589/16660658121_e05352f4d6_m.jpg", "link": "https://www.flickr.com/photos/MicroPasts/16660658121", "url_b": "https://farm9.staticflickr.com/8589/16660658121_e05352f4d6_b.jpg"}, "n_answers": 3, "quorum": 0, "calibration": 0, "created": "2015-02-27T12:32:38.975734", "app_id": 167, "state": "completed", "id": 31212, "priority_0": 0.0}, {"info": {"url_m": "https://farm9.staticflickr.com/8683/16454740497_33d97246c6_m.jpg", "link": "https://www.flickr.com/photos/MicroPasts/16454740497", "url_b": "https://farm9.staticflickr.com/8683/16454740497_33d97246c6_b.jpg"}, "n_answers": 3, "quorum": 0, "calibration": 0, "created": "2015-02-27T12:32:42.024369", "app_id": 167, "state": "completed", "id": 31213, "priority_0": 0.0}, {"info": {"url_m": "https://farm9.staticflickr.com/8581/16042123053_b2331a5f0a_m.jpg", "link": "https://www.flickr.com/photos/MicroPasts/16042123053", "url_b": "https://farm9.staticflickr.com/8581/16042123053_b2331a5f0a_b.jpg"}, "n_answers": 3, "quorum": 0, "calibration": 0, "created": "2015-02-27T12:32:45.127944", "app_id": 167, "state": "completed", "id": 31214, "priority_0": 0.0}, {"info": {"url_m": "https://farm9.staticflickr.com/8580/16474637280_236289ff4b_m.jpg", "link": "https://www.flickr.com/photos/MicroPasts/16474637280", "url_b": "https://farm9.staticflickr.com/8580/16474637280_236289ff4b_b.jpg"}, "n_answers": 3, "quorum": 0, "calibration": 0, "created": "2015-02-27T12:32:48.176812", "app_id": 167, "state": "completed", "id": 31215, "priority_0": 0.0}, {"info": {"url_m": "https://farm9.staticflickr.com/8651/16661018512_05ca1087fb_m.jpg", "link": "https://www.flickr.com/photos/MicroPasts/16661018512", "url_b": "https://farm9.staticflickr.com/8651/16661018512_05ca1087fb_b.jpg"}, "n_answers": 3, "quorum": 0, "calibration": 0, "created": "2015-02-27T12:32:51.236362", "app_id": 167, "state": "completed", "id": 31216, "priority_0": 0.0}, {"info": {"url_m": "https://farm9.staticflickr.com/8607/16662047325_76d41f3281_m.jpg", "link": "https://www.flickr.com/photos/MicroPasts/16662047325", "url_b": "https://farm9.staticflickr.com/8607/16662047325_76d41f3281_b.jpg"}, "n_answers": 3, "quorum": 0, "calibration": 0, "created": "2015-02-27T12:32:54.285544", "app_id": 167, "state": "completed", "id": 31217, "priority_0": 0.0}, {"info": {"url_m": "https://farm9.staticflickr.com/8592/16661018472_2733c1831a_m.jpg", "link": "https://www.flickr.com/photos/MicroPasts/16661018472", "url_b": "https://farm9.staticflickr.com/8592/16661018472_2733c1831a_b.jpg"}, "n_answers": 3, "quorum": 0, "calibration": 0, "created": "2015-02-27T12:32:57.335517", "app_id": 167, "state": "completed", "id": 31218, "priority_0": 0.0}, {"info": {"url_m": "https://farm9.staticflickr.com/8600/16660657411_7b6f59fa97_m.jpg", "link": "https://www.flickr.com/photos/MicroPasts/16660657411", "url_b": "https://farm9.staticflickr.com/8600/16660657411_7b6f59fa97_b.jpg"}, "n_answers": 3, "quorum": 0, "calibration": 0, "created": "2015-02-27T12:33:00.393966", "app_id": 167, "state": "completed", "id": 31219, "priority_0": 0.0}, {"info": {"url_m": "https://farm9.staticflickr.com/8603/16474469358_8c463e2d61_m.jpg", "link": "https://www.flickr.com/photos/MicroPasts/16474469358", "url_b": "https://farm9.staticflickr.com/8603/16474469358_8c463e2d61_b.jpg"}, "n_answers": 3, "quorum": 0, "calibration": 0, "created": "2015-02-27T12:33:03.460797", "app_id": 167, "state": "completed", "id": 31220, "priority_0": 0.0}, {"info": {"url_m": "https://farm9.staticflickr.com/8591/16474636830_c40d3606e7_m.jpg", "link": "https://www.flickr.com/photos/MicroPasts/16474636830", "url_b": "https://farm9.staticflickr.com/8591/16474636830_c40d3606e7_b.jpg"}, "n_answers": 3, "quorum": 0, "calibration": 0, "created": "2015-02-27T12:33:06.576224", "app_id": 167, "state": "completed", "id": 31221, "priority_0": 0.0}, {"info": {"url_m": "https://farm9.staticflickr.com/8671/16475899579_0fb07151ae_m.jpg", "link": "https://www.flickr.com/photos/MicroPasts/16475899579", "url_b": "https://farm9.staticflickr.com/8671/16475899579_0fb07151ae_b.jpg"}, "n_answers": 3, "quorum": 0, "calibration": 0, "created": "2015-02-27T12:33:09.716542", "app_id": 167, "state": "completed", "id": 31222, "priority_0": 0.0}, {"info": {"url_m": "https://farm9.staticflickr.com/8668/16474636750_abe5cdef06_m.jpg", "link": "https://www.flickr.com/photos/MicroPasts/16474636750", "url_b": "https://farm9.staticflickr.com/8668/16474636750_abe5cdef06_b.jpg"}, "n_answers": 3, "quorum": 0, "calibration": 0, "created": "2015-02-27T12:33:12.802165", "app_id": 167, "state": "completed", "id": 31223, "priority_0": 0.0}, {"info": {"url_m": "https://farm9.staticflickr.com/8592/16039738154_70965c916a_m.jpg", "link": "https://www.flickr.com/photos/MicroPasts/16039738154", "url_b": "https://farm9.staticflickr.com/8592/16039738154_70965c916a_b.jpg"}, "n_answers": 3, "quorum": 0, "calibration": 0, "created": "2015-02-27T12:33:15.852095", "app_id": 167, "state": "completed", "id": 31224, "priority_0": 0.0}, {"info": {"url_m": "https://farm9.staticflickr.com/8573/16042122173_eb3e7e0993_m.jpg", "link": "https://www.flickr.com/photos/MicroPasts/16042122173", "url_b": "https://farm9.staticflickr.com/8573/16042122173_eb3e7e0993_b.jpg"}, "n_answers": 3, "quorum": 0, "calibration": 0, "created": "2015-02-27T12:33:18.901382", "app_id": 167, "state": "completed", "id": 31225, "priority_0": 0.0}, {"info": {"url_m": "https://farm9.staticflickr.com/8562/16660656971_fd3a7acb70_m.jpg", "link": "https://www.flickr.com/photos/MicroPasts/16660656971", "url_b": "https://farm9.staticflickr.com/8562/16660656971_fd3a7acb70_b.jpg"}, "n_answers": 3, "quorum": 0, "calibration": 0, "created": "2015-02-27T12:33:21.960067", "app_id": 167, "state": "completed", "id": 31226, "priority_0": 0.0}, {"info": {"url_m": "https://farm9.staticflickr.com/8594/16475899179_15b7b1250a_m.jpg", "link": "https://www.flickr.com/photos/MicroPasts/16475899179", "url_b": "https://farm9.staticflickr.com/8594/16475899179_15b7b1250a_b.jpg"}, "n_answers": 3, "quorum": 0, "calibration": 0, "created": "2015-02-27T12:33:25.010798", "app_id": 167, "state": "completed", "id": 31227, "priority_0": 0.0}, {"info": {"url_m": "https://farm9.staticflickr.com/8598/16660656841_298928e0cb_m.jpg", "link": "https://www.flickr.com/photos/MicroPasts/16660656841", "url_b": "https://farm9.staticflickr.com/8598/16660656841_298928e0cb_b.jpg"}, "n_answers": 3, "quorum": 0, "calibration": 0, "created": "2015-02-27T12:33:28.499511", "app_id": 167, "state": "completed", "id": 31228, "priority_0": 0.0}, {"info": {"url_m": "https://farm9.staticflickr.com/8574/16039737504_f62d5edd19_m.jpg", "link": "https://www.flickr.com/photos/MicroPasts/16039737504", "url_b": "https://farm9.staticflickr.com/8574/16039737504_f62d5edd19_b.jpg"}, "n_answers": 3, "quorum": 0, "calibration": 0, "created": "2015-02-27T12:33:31.550883", "app_id": 167, "state": "completed", "id": 31229, "priority_0": 0.0}, {"info": {"url_m": "https://farm9.staticflickr.com/8645/16474636360_cea90f9cce_m.jpg", "link": "https://www.flickr.com/photos/MicroPasts/16474636360", "url_b": "https://farm9.staticflickr.com/8645/16474636360_cea90f9cce_b.jpg"}, "n_answers": 3, "quorum": 0, "calibration": 0, "created": "2015-02-27T12:33:34.642620", "app_id": 167, "state": "completed", "id": 31230, "priority_0": 0.0}, {"info": {"url_m": "https://farm9.staticflickr.com/8640/16475898969_52ba9e00f7_m.jpg", "link": "https://www.flickr.com/photos/MicroPasts/16475898969", "url_b": "https://farm9.staticflickr.com/8640/16475898969_52ba9e00f7_b.jpg"}, "n_answers": 3, "quorum": 0, "calibration": 0, "created": "2015-02-27T12:33:37.700360", "app_id": 167, "state": "completed", "id": 31231, "priority_0": 0.0}, {"info": {"url_m": "https://farm9.staticflickr.com/8602/16661016932_b0809b0812_m.jpg", "link": "https://www.flickr.com/photos/MicroPasts/16661016932", "url_b": "https://farm9.staticflickr.com/8602/16661016932_b0809b0812_b.jpg"}, "n_answers": 3, "quorum": 0, "calibration": 0, "created": "2015-02-27T12:33:40.759367", "app_id": 167, "state": "completed", "id": 31232, "priority_0": 0.0}, {"info": {"url_m": "https://farm9.staticflickr.com/8640/16042121333_5fd6d07e45_m.jpg", "link": "https://www.flickr.com/photos/MicroPasts/16042121333", "url_b": "https://farm9.staticflickr.com/8640/16042121333_5fd6d07e45_b.jpg"}, "n_answers": 3, "quorum": 0, "calibration": 0, "created": "2015-02-27T12:33:43.816459", "app_id": 167, "state": "completed", "id": 31233, "priority_0": 0.0}, {"info": {"url_m": "https://farm9.staticflickr.com/8667/16662046185_28d911c524_m.jpg", "link": "https://www.flickr.com/photos/MicroPasts/16662046185", "url_b": "https://farm9.staticflickr.com/8667/16662046185_28d911c524_b.jpg"}, "n_answers": 3, "quorum": 0, "calibration": 0, "created": "2015-02-27T12:33:46.867561", "app_id": 167, "state": "completed", "id": 31234, "priority_0": 0.0}, {"info": {"url_m": "https://farm9.staticflickr.com/8663/16660656081_d2e49aeda0_m.jpg", "link": "https://www.flickr.com/photos/MicroPasts/16660656081", "url_b": "https://farm9.staticflickr.com/8663/16660656081_d2e49aeda0_b.jpg"}, "n_answers": 3, "quorum": 0, "calibration": 0, "created": "2015-02-27T12:33:49.924526", "app_id": 167, "state": "completed", "id": 31235, "priority_0": 0.0}, {"info": {"url_m": "https://farm9.staticflickr.com/8633/16474468048_3dec911f03_m.jpg", "link": "https://www.flickr.com/photos/MicroPasts/16474468048", "url_b": "https://farm9.staticflickr.com/8633/16474468048_3dec911f03_b.jpg"}, "n_answers": 3, "quorum": 0, "calibration": 0, "created": "2015-02-27T12:33:52.991650", "app_id": 167, "state": "completed", "id": 31236, "priority_0": 0.0}, {"info": {"url_m": "https://farm9.staticflickr.com/8572/16042121023_9624a9696e_m.jpg", "link": "https://www.flickr.com/photos/MicroPasts/16042121023", "url_b": "https://farm9.staticflickr.com/8572/16042121023_9624a9696e_b.jpg"}, "n_answers": 3, "quorum": 0, "calibration": 0, "created": "2015-02-27T12:33:56.048637", "app_id": 167, "state": "completed", "id": 31237, "priority_0": 0.0}, {"info": {"url_m": "https://farm9.staticflickr.com/8562/16661016442_1096da46aa_m.jpg", "link": "https://www.flickr.com/photos/MicroPasts/16661016442", "url_b": "https://farm9.staticflickr.com/8562/16661016442_1096da46aa_b.jpg"}, "n_answers": 3, "quorum": 0, "calibration": 0, "created": "2015-02-27T12:33:59.108087", "app_id": 167, "state": "completed", "id": 31238, "priority_0": 0.0}, {"info": {"url_m": "https://farm9.staticflickr.com/8589/16636109076_7b7bf41094_m.jpg", "link": "https://www.flickr.com/photos/MicroPasts/16636109076", "url_b": "https://farm9.staticflickr.com/8589/16636109076_7b7bf41094_b.jpg"}, "n_answers": 3, "quorum": 0, "calibration": 0, "created": "2015-02-27T12:34:02.155553", "app_id": 167, "state": "completed", "id": 31239, "priority_0": 0.0}, {"info": {"url_m": "https://farm9.staticflickr.com/8676/16475898149_53605fa29e_m.jpg", "link": "https://www.flickr.com/photos/MicroPasts/16475898149", "url_b": "https://farm9.staticflickr.com/8676/16475898149_53605fa29e_b.jpg"}, "n_answers": 3, "quorum": 0, "calibration": 0, "created": "2015-02-27T12:34:05.217821", "app_id": 167, "state": "completed", "id": 31240, "priority_0": 0.0}, {"info": {"url_m": "https://farm9.staticflickr.com/8651/16660655521_24a7b3668f_m.jpg", "link": "https://www.flickr.com/photos/MicroPasts/16660655521", "url_b": "https://farm9.staticflickr.com/8651/16660655521_24a7b3668f_b.jpg"}, "n_answers": 3, "quorum": 0, "calibration": 0, "created": "2015-02-27T12:34:08.276225", "app_id": 167, "state": "completed", "id": 31241, "priority_0": 0.0}, {"info": {"url_m": "https://farm9.staticflickr.com/8619/16039736384_ddc91c0208_m.jpg", "link": "https://www.flickr.com/photos/MicroPasts/16039736384", "url_b": "https://farm9.staticflickr.com/8619/16039736384_ddc91c0208_b.jpg"}, "n_answers": 3, "quorum": 0, "calibration": 0, "created": "2015-02-27T12:34:11.334091", "app_id": 167, "state": "completed", "id": 31242, "priority_0": 0.0}, {"info": {"url_m": "https://farm9.staticflickr.com/8668/16661015902_706b366737_m.jpg", "link": "https://www.flickr.com/photos/MicroPasts/16661015902", "url_b": "https://farm9.staticflickr.com/8668/16661015902_706b366737_b.jpg"}, "n_answers": 3, "quorum": 0, "calibration": 0, "created": "2015-02-27T12:34:14.618807", "app_id": 167, "state": "completed", "id": 31243, "priority_0": 0.0}, {"info": {"url_m": "https://farm9.staticflickr.com/8649/16474466958_a26315d1f4_m.jpg", "link": "https://www.flickr.com/photos/MicroPasts/16474466958", "url_b": "https://farm9.staticflickr.com/8649/16474466958_a26315d1f4_b.jpg"}, "n_answers": 3, "quorum": 0, "calibration": 0, "created": "2015-02-27T12:34:17.682114", "app_id": 167, "state": "completed", "id": 31244, "priority_0": 0.0}, {"info": {"url_m": "https://farm9.staticflickr.com/8627/16662044765_ec6707121f_m.jpg", "link": "https://www.flickr.com/photos/MicroPasts/16662044765", "url_b": "https://farm9.staticflickr.com/8627/16662044765_ec6707121f_b.jpg"}, "n_answers": 3, "quorum": 0, "calibration": 0, "created": "2015-02-27T12:34:20.733436", "app_id": 167, "state": "completed", "id": 31245, "priority_0": 0.0}, {"info": {"url_m": "https://farm9.staticflickr.com/8666/16474634230_f7d2c5d181_m.jpg", "link": "https://www.flickr.com/photos/MicroPasts/16474634230", "url_b": "https://farm9.staticflickr.com/8666/16474634230_f7d2c5d181_b.jpg"}, "n_answers": 3, "quorum": 0, "calibration": 0, "created": "2015-02-27T12:34:23.784378", "app_id": 167, "state": "completed", "id": 31246, "priority_0": 0.0}, {"info": {"url_m": "https://farm9.staticflickr.com/8575/16474634380_f88c2392dd_m.jpg", "link": "https://www.flickr.com/photos/MicroPasts/16474634380", "url_b": "https://farm9.staticflickr.com/8575/16474634380_f88c2392dd_b.jpg"}, "n_answers": 3, "quorum": 0, "calibration": 0, "created": "2015-02-27T12:34:26.856052", "app_id": 167, "state": "completed", "id": 31247, "priority_0": 0.0}, {"info": {"url_m": "https://farm9.staticflickr.com/8674/16636107976_a3aa0c618f_m.jpg", "link": "https://www.flickr.com/photos/MicroPasts/16636107976", "url_b": "https://farm9.staticflickr.com/8674/16636107976_a3aa0c618f_b.jpg"}, "n_answers": 3, "quorum": 0, "calibration": 0, "created": "2015-02-27T12:34:29.950614", "app_id": 167, "state": "completed", "id": 31248, "priority_0": 0.0}, {"info": {"url_m": "https://farm9.staticflickr.com/8578/16661015512_11702cca8d_m.jpg", "link": "https://www.flickr.com/photos/MicroPasts/16661015512", "url_b": "https://farm9.staticflickr.com/8578/16661015512_11702cca8d_b.jpg"}, "n_answers": 3, "quorum": 0, "calibration": 0, "created": "2015-02-27T12:34:33.025729", "app_id": 167, "state": "completed", "id": 31249, "priority_0": 0.0}, {"info": {"url_m": "https://farm9.staticflickr.com/8624/16662044445_9ab0a8471e_m.jpg", "link": "https://www.flickr.com/photos/MicroPasts/16662044445", "url_b": "https://farm9.staticflickr.com/8624/16662044445_9ab0a8471e_b.jpg"}, "n_answers": 3, "quorum": 0, "calibration": 0, "created": "2015-02-27T12:34:36.152566", "app_id": 167, "state": "completed", "id": 31250, "priority_0": 0.0}, {"info": {"url_m": "https://farm9.staticflickr.com/8629/16661015562_c8d32d41c9_m.jpg", "link": "https://www.flickr.com/photos/MicroPasts/16661015562", "url_b": "https://farm9.staticflickr.com/8629/16661015562_c8d32d41c9_b.jpg"}, "n_answers": 3, "quorum": 0, "calibration": 0, "created": "2015-02-27T12:34:39.206485", "app_id": 167, "state": "completed", "id": 31251, "priority_0": 0.0}, {"info": {"url_m": "https://farm9.staticflickr.com/8627/16474633730_1e6d2acdcb_m.jpg", "link": "https://www.flickr.com/photos/MicroPasts/16474633730", "url_b": "https://farm9.staticflickr.com/8627/16474633730_1e6d2acdcb_b.jpg"}, "n_answers": 3, "quorum": 0, "calibration": 0, "created": "2015-02-27T12:34:42.276433", "app_id": 167, "state": "completed", "id": 31252, "priority_0": 0.0}, {"info": {"url_m": "https://farm9.staticflickr.com/8575/16662044075_8d27fe6067_m.jpg", "link": "https://www.flickr.com/photos/MicroPasts/16662044075", "url_b": "https://farm9.staticflickr.com/8575/16662044075_8d27fe6067_b.jpg"}, "n_answers": 3, "quorum": 0, "calibration": 0, "created": "2015-02-27T12:34:45.485564", "app_id": 167, "state": "completed", "id": 31253, "priority_0": 0.0}, {"info": {"url_m": "https://farm9.staticflickr.com/8644/16660654331_9e0ce18b6f_m.jpg", "link": "https://www.flickr.com/photos/MicroPasts/16660654331", "url_b": "https://farm9.staticflickr.com/8644/16660654331_9e0ce18b6f_b.jpg"}, "n_answers": 3, "quorum": 0, "calibration": 0, "created": "2015-02-27T12:34:48.584580", "app_id": 167, "state": "completed", "id": 31254, "priority_0": 0.0}, {"info": {"url_m": "https://farm9.staticflickr.com/8601/16660654251_71b9888976_m.jpg", "link": "https://www.flickr.com/photos/MicroPasts/16660654251", "url_b": "https://farm9.staticflickr.com/8601/16660654251_71b9888976_b.jpg"}, "n_answers": 3, "quorum": 0, "calibration": 0, "created": "2015-02-27T12:34:51.631398", "app_id": 167, "state": "completed", "id": 31255, "priority_0": 0.0}, {"info": {"url_m": "https://farm9.staticflickr.com/8658/16474633510_df6fe681ed_m.jpg", "link": "https://www.flickr.com/photos/MicroPasts/16474633510", "url_b": "https://farm9.staticflickr.com/8658/16474633510_df6fe681ed_b.jpg"}, "n_answers": 3, "quorum": 0, "calibration": 0, "created": "2015-02-27T12:34:54.679116", "app_id": 167, "state": "completed", "id": 31256, "priority_0": 0.0}, {"info": {"url_m": "https://farm9.staticflickr.com/8655/16475896779_02e5224f23_m.jpg", "link": "https://www.flickr.com/photos/MicroPasts/16475896779", "url_b": "https://farm9.staticflickr.com/8655/16475896779_02e5224f23_b.jpg"}, "n_answers": 3, "quorum": 0, "calibration": 0, "created": "2015-02-27T12:34:57.731974", "app_id": 167, "state": "completed", "id": 31257, "priority_0": 0.0}, {"info": {"url_m": "https://farm9.staticflickr.com/8675/16039734714_e0d23d9b86_m.jpg", "link": "https://www.flickr.com/photos/MicroPasts/16039734714", "url_b": "https://farm9.staticflickr.com/8675/16039734714_e0d23d9b86_b.jpg"}, "n_answers": 3, "quorum": 0, "calibration": 0, "created": "2015-02-27T12:35:00.787507", "app_id": 167, "state": "completed", "id": 31258, "priority_0": 0.0}, {"info": {"url_m": "https://farm9.staticflickr.com/8657/16474633000_16a4218539_m.jpg", "link": "https://www.flickr.com/photos/MicroPasts/16474633000", "url_b": "https://farm9.staticflickr.com/8657/16474633000_16a4218539_b.jpg"}, "n_answers": 3, "quorum": 0, "calibration": 0, "created": "2015-02-27T12:35:03.841596", "app_id": 167, "state": "completed", "id": 31259, "priority_0": 0.0}, {"info": {"url_m": "https://farm9.staticflickr.com/8582/16662043625_ed069774b1_m.jpg", "link": "https://www.flickr.com/photos/MicroPasts/16662043625", "url_b": "https://farm9.staticflickr.com/8582/16662043625_ed069774b1_b.jpg"}, "n_answers": 3, "quorum": 0, "calibration": 0, "created": "2015-02-27T12:35:06.903466", "app_id": 167, "state": "completed", "id": 31260, "priority_0": 0.0}, {"info": {"url_m": "https://farm9.staticflickr.com/8600/16475896769_cae1cccc80_m.jpg", "link": "https://www.flickr.com/photos/MicroPasts/16475896769", "url_b": "https://farm9.staticflickr.com/8600/16475896769_cae1cccc80_b.jpg"}, "n_answers": 3, "quorum": 0, "calibration": 0, "created": "2015-02-27T12:35:09.956238", "app_id": 167, "state": "completed", "id": 31261, "priority_0": 0.0}, {"info": {"url_m": "https://farm9.staticflickr.com/8675/16660653641_6f1abd99a7_m.jpg", "link": "https://www.flickr.com/photos/MicroPasts/16660653641", "url_b": "https://farm9.staticflickr.com/8675/16660653641_6f1abd99a7_b.jpg"}, "n_answers": 3, "quorum": 0, "calibration": 0, "created": "2015-02-27T12:35:13.015842", "app_id": 167, "state": "completed", "id": 31262, "priority_0": 0.0}, {"info": {"url_m": "https://farm9.staticflickr.com/8562/16474465388_dc96352dbc_m.jpg", "link": "https://www.flickr.com/photos/MicroPasts/16474465388", "url_b": "https://farm9.staticflickr.com/8562/16474465388_dc96352dbc_b.jpg"}, "n_answers": 3, "quorum": 0, "calibration": 0, "created": "2015-02-27T12:35:16.063583", "app_id": 167, "state": "completed", "id": 31263, "priority_0": 0.0}, {"info": {"url_m": "https://farm9.staticflickr.com/8625/16660653581_d4b7c7c8af_m.jpg", "link": "https://www.flickr.com/photos/MicroPasts/16660653581", "url_b": "https://farm9.staticflickr.com/8625/16660653581_d4b7c7c8af_b.jpg"}, "n_answers": 3, "quorum": 0, "calibration": 0, "created": "2015-02-27T12:35:19.213033", "app_id": 167, "state": "completed", "id": 31264, "priority_0": 0.0}, {"info": {"url_m": "https://farm9.staticflickr.com/8631/16474632810_440b42beda_m.jpg", "link": "https://www.flickr.com/photos/MicroPasts/16474632810", "url_b": "https://farm9.staticflickr.com/8631/16474632810_440b42beda_b.jpg"}, "n_answers": 3, "quorum": 0, "calibration": 0, "created": "2015-02-27T12:35:22.278620", "app_id": 167, "state": "completed", "id": 31265, "priority_0": 0.0}, {"info": {"url_m": "https://farm9.staticflickr.com/8606/16042118713_96e2150341_m.jpg", "link": "https://www.flickr.com/photos/MicroPasts/16042118713", "url_b": "https://farm9.staticflickr.com/8606/16042118713_96e2150341_b.jpg"}, "n_answers": 3, "quorum": 0, "calibration": 0, "created": "2015-02-27T12:35:25.329783", "app_id": 167, "state": "completed", "id": 31266, "priority_0": 0.0}, {"info": {"url_m": "https://farm9.staticflickr.com/8574/16474465288_2e35d1021b_m.jpg", "link": "https://www.flickr.com/photos/MicroPasts/16474465288", "url_b": "https://farm9.staticflickr.com/8574/16474465288_2e35d1021b_b.jpg"}, "n_answers": 3, "quorum": 0, "calibration": 0, "created": "2015-02-27T12:35:28.388903", "app_id": 167, "state": "completed", "id": 31267, "priority_0": 0.0}, {"info": {"url_m": "https://farm9.staticflickr.com/8634/16662043295_f2544ccc26_m.jpg", "link": "https://www.flickr.com/photos/MicroPasts/16662043295", "url_b": "https://farm9.staticflickr.com/8634/16662043295_f2544ccc26_b.jpg"}, "n_answers": 3, "quorum": 0, "calibration": 0, "created": "2015-02-27T12:35:31.446113", "app_id": 167, "state": "completed", "id": 31268, "priority_0": 0.0}, {"info": {"url_m": "https://farm9.staticflickr.com/8655/16661013902_c2526a16d2_m.jpg", "link": "https://www.flickr.com/photos/MicroPasts/16661013902", "url_b": "https://farm9.staticflickr.com/8655/16661013902_c2526a16d2_b.jpg"}, "n_answers": 3, "quorum": 0, "calibration": 0, "created": "2015-02-27T12:35:34.495674", "app_id": 167, "state": "completed", "id": 31269, "priority_0": 0.0}, {"info": {"url_m": "https://farm9.staticflickr.com/8643/16660653041_cbb86308fa_m.jpg", "link": "https://www.flickr.com/photos/MicroPasts/16660653041", "url_b": "https://farm9.staticflickr.com/8643/16660653041_cbb86308fa_b.jpg"}, "n_answers": 3, "quorum": 0, "calibration": 0, "created": "2015-02-27T12:35:37.547293", "app_id": 167, "state": "completed", "id": 31270, "priority_0": 0.0}, {"info": {"url_m": "https://farm9.staticflickr.com/8596/16660652831_1b09d2fff4_m.jpg", "link": "https://www.flickr.com/photos/MicroPasts/16660652831", "url_b": "https://farm9.staticflickr.com/8596/16660652831_1b09d2fff4_b.jpg"}, "n_answers": 3, "quorum": 0, "calibration": 0, "created": "2015-02-27T12:35:40.646309", "app_id": 167, "state": "completed", "id": 31271, "priority_0": 0.0}, {"info": {"url_m": "https://farm9.staticflickr.com/8604/16474464818_00729df7b3_m.jpg", "link": "https://www.flickr.com/photos/MicroPasts/16474464818", "url_b": "https://farm9.staticflickr.com/8604/16474464818_00729df7b3_b.jpg"}, "n_answers": 3, "quorum": 0, "calibration": 0, "created": "2015-02-27T12:35:43.693491", "app_id": 167, "state": "completed", "id": 31272, "priority_0": 0.0}, {"info": {"url_m": "https://farm9.staticflickr.com/8587/16636106206_51096e0e43_m.jpg", "link": "https://www.flickr.com/photos/MicroPasts/16636106206", "url_b": "https://farm9.staticflickr.com/8587/16636106206_51096e0e43_b.jpg"}, "n_answers": 3, "quorum": 0, "calibration": 0, "created": "2015-02-27T12:35:46.743184", "app_id": 167, "state": "completed", "id": 31273, "priority_0": 0.0}, {"info": {"url_m": "https://farm9.staticflickr.com/8622/16661013712_d8dae031c1_m.jpg", "link": "https://www.flickr.com/photos/MicroPasts/16661013712", "url_b": "https://farm9.staticflickr.com/8622/16661013712_d8dae031c1_b.jpg"}, "n_answers": 3, "quorum": 0, "calibration": 0, "created": "2015-02-27T12:35:49.792781", "app_id": 167, "state": "completed", "id": 31274, "priority_0": 0.0}, {"info": {"url_m": "https://farm9.staticflickr.com/8673/16660652611_f746ca0651_m.jpg", "link": "https://www.flickr.com/photos/MicroPasts/16660652611", "url_b": "https://farm9.staticflickr.com/8673/16660652611_f746ca0651_b.jpg"}, "n_answers": 3, "quorum": 0, "calibration": 0, "created": "2015-02-27T12:35:52.850771", "app_id": 167, "state": "completed", "id": 31275, "priority_0": 0.0}, {"info": {"url_m": "https://farm9.staticflickr.com/8636/16042117863_8f01e45a6c_m.jpg", "link": "https://www.flickr.com/photos/MicroPasts/16042117863", "url_b": "https://farm9.staticflickr.com/8636/16042117863_8f01e45a6c_b.jpg"}, "n_answers": 3, "quorum": 0, "calibration": 0, "created": "2015-02-27T12:35:55.900467", "app_id": 167, "state": "completed", "id": 31276, "priority_0": 0.0}, {"info": {"url_m": "https://farm9.staticflickr.com/8614/16454734687_ecf351feb2_m.jpg", "link": "https://www.flickr.com/photos/MicroPasts/16454734687", "url_b": "https://farm9.staticflickr.com/8614/16454734687_ecf351feb2_b.jpg"}, "n_answers": 3, "quorum": 0, "calibration": 0, "created": "2015-02-27T12:35:58.950672", "app_id": 167, "state": "completed", "id": 31277, "priority_0": 0.0}, {"info": {"url_m": "https://farm9.staticflickr.com/8635/16662042335_223be25815_m.jpg", "link": "https://www.flickr.com/photos/MicroPasts/16662042335", "url_b": "https://farm9.staticflickr.com/8635/16662042335_223be25815_b.jpg"}, "n_answers": 3, "quorum": 0, "calibration": 0, "created": "2015-02-27T12:36:02.009084", "app_id": 167, "state": "completed", "id": 31278, "priority_0": 0.0}, {"info": {"url_m": "https://farm9.staticflickr.com/8676/16660652151_f357373aec_m.jpg", "link": "https://www.flickr.com/photos/MicroPasts/16660652151", "url_b": "https://farm9.staticflickr.com/8676/16660652151_f357373aec_b.jpg"}, "n_answers": 3, "quorum": 0, "calibration": 0, "created": "2015-02-27T12:36:05.056705", "app_id": 167, "state": "completed", "id": 31279, "priority_0": 0.0}, {"info": {"url_m": "https://farm9.staticflickr.com/8575/16042117643_3be678aa43_m.jpg", "link": "https://www.flickr.com/photos/MicroPasts/16042117643", "url_b": "https://farm9.staticflickr.com/8575/16042117643_3be678aa43_b.jpg"}, "n_answers": 3, "quorum": 0, "calibration": 0, "created": "2015-02-27T12:36:08.144270", "app_id": 167, "state": "completed", "id": 31280, "priority_0": 0.0}, {"info": {"url_m": "https://farm9.staticflickr.com/8638/16474631360_8294a9c5ac_m.jpg", "link": "https://www.flickr.com/photos/MicroPasts/16474631360", "url_b": "https://farm9.staticflickr.com/8638/16474631360_8294a9c5ac_b.jpg"}, "n_answers": 3, "quorum": 0, "calibration": 0, "created": "2015-02-27T12:36:11.200933", "app_id": 167, "state": "completed", "id": 31281, "priority_0": 0.0}, {"info": {"url_m": "https://farm9.staticflickr.com/8631/16042117523_ccf9ac115a_m.jpg", "link": "https://www.flickr.com/photos/MicroPasts/16042117523", "url_b": "https://farm9.staticflickr.com/8631/16042117523_ccf9ac115a_b.jpg"}, "n_answers": 3, "quorum": 0, "calibration": 0, "created": "2015-02-27T12:36:14.250773", "app_id": 167, "state": "completed", "id": 31282, "priority_0": 0.0}, {"info": {"url_m": "https://farm9.staticflickr.com/8577/16475895159_f90004f5fd_m.jpg", "link": "https://www.flickr.com/photos/MicroPasts/16475895159", "url_b": "https://farm9.staticflickr.com/8577/16475895159_f90004f5fd_b.jpg"}, "n_answers": 3, "quorum": 0, "calibration": 0, "created": "2015-02-27T12:36:17.308801", "app_id": 167, "state": "completed", "id": 31283, "priority_0": 0.0}, {"info": {"url_m": "https://farm9.staticflickr.com/8568/16636105436_5f72850772_m.jpg", "link": "https://www.flickr.com/photos/MicroPasts/16636105436", "url_b": "https://farm9.staticflickr.com/8568/16636105436_5f72850772_b.jpg"}, "n_answers": 3, "quorum": 0, "calibration": 0, "created": "2015-02-27T12:36:20.359203", "app_id": 167, "state": "completed", "id": 31284, "priority_0": 0.0}, {"info": {"url_m": "https://farm9.staticflickr.com/8634/16660651781_aa87ed482b_m.jpg", "link": "https://www.flickr.com/photos/MicroPasts/16660651781", "url_b": "https://farm9.staticflickr.com/8634/16660651781_aa87ed482b_b.jpg"}, "n_answers": 3, "quorum": 0, "calibration": 0, "created": "2015-02-27T12:36:23.921942", "app_id": 167, "state": "completed", "id": 31285, "priority_0": 0.0}, {"info": {"url_m": "https://farm9.staticflickr.com/8668/16454734167_48ba2d1e6c_m.jpg", "link": "https://www.flickr.com/photos/MicroPasts/16454734167", "url_b": "https://farm9.staticflickr.com/8668/16454734167_48ba2d1e6c_b.jpg"}, "n_answers": 3, "quorum": 0, "calibration": 0, "created": "2015-02-27T12:36:26.983463", "app_id": 167, "state": "completed", "id": 31286, "priority_0": 0.0}, {"info": {"url_m": "https://farm9.staticflickr.com/8656/16042117333_24d67fbfa0_m.jpg", "link": "https://www.flickr.com/photos/MicroPasts/16042117333", "url_b": "https://farm9.staticflickr.com/8656/16042117333_24d67fbfa0_b.jpg"}, "n_answers": 3, "quorum": 0, "calibration": 0, "created": "2015-02-27T12:36:30.031953", "app_id": 167, "state": "completed", "id": 31287, "priority_0": 0.0}, {"info": {"url_m": "https://farm9.staticflickr.com/8601/16636105236_9602e721c8_m.jpg", "link": "https://www.flickr.com/photos/MicroPasts/16636105236", "url_b": "https://farm9.staticflickr.com/8601/16636105236_9602e721c8_b.jpg"}, "n_answers": 3, "quorum": 0, "calibration": 0, "created": "2015-02-27T12:36:33.080571", "app_id": 167, "state": "completed", "id": 31288, "priority_0": 0.0}, {"info": {"url_m": "https://farm9.staticflickr.com/8605/16662041515_488f54b74e_m.jpg", "link": "https://www.flickr.com/photos/MicroPasts/16662041515", "url_b": "https://farm9.staticflickr.com/8605/16662041515_488f54b74e_b.jpg"}, "n_answers": 3, "quorum": 0, "calibration": 0, "created": "2015-02-27T12:36:36.131546", "app_id": 167, "state": "completed", "id": 31289, "priority_0": 0.0}, {"info": {"url_m": "https://farm9.staticflickr.com/8589/16042116933_f5fd8f5cd3_m.jpg", "link": "https://www.flickr.com/photos/MicroPasts/16042116933", "url_b": "https://farm9.staticflickr.com/8589/16042116933_f5fd8f5cd3_b.jpg"}, "n_answers": 3, "quorum": 0, "calibration": 0, "created": "2015-02-27T12:36:39.216087", "app_id": 167, "state": "completed", "id": 31290, "priority_0": 0.0}, {"info": {"url_m": "https://farm9.staticflickr.com/8680/16636104786_d9060758d6_m.jpg", "link": "https://www.flickr.com/photos/MicroPasts/16636104786", "url_b": "https://farm9.staticflickr.com/8680/16636104786_d9060758d6_b.jpg"}, "n_answers": 3, "quorum": 0, "calibration": 0, "created": "2015-02-27T12:36:42.274879", "app_id": 167, "state": "completed", "id": 31291, "priority_0": 0.0}, {"info": {"url_m": "https://farm9.staticflickr.com/8680/16636104506_da1f2d9e65_m.jpg", "link": "https://www.flickr.com/photos/MicroPasts/16636104506", "url_b": "https://farm9.staticflickr.com/8680/16636104506_da1f2d9e65_b.jpg"}, "n_answers": 3, "quorum": 0, "calibration": 0, "created": "2015-02-27T12:36:45.324392", "app_id": 167, "state": "completed", "id": 31292, "priority_0": 0.0}, {"info": {"url_m": "https://farm9.staticflickr.com/8633/16662040975_0e1e6326e7_m.jpg", "link": "https://www.flickr.com/photos/MicroPasts/16662040975", "url_b": "https://farm9.staticflickr.com/8633/16662040975_0e1e6326e7_b.jpg"}, "n_answers": 3, "quorum": 0, "calibration": 0, "created": "2015-02-27T12:36:48.364907", "app_id": 167, "state": "completed", "id": 31293, "priority_0": 0.0}, {"info": {"url_m": "https://farm9.staticflickr.com/8650/16042116203_b274a292d0_m.jpg", "link": "https://www.flickr.com/photos/MicroPasts/16042116203", "url_b": "https://farm9.staticflickr.com/8650/16042116203_b274a292d0_b.jpg"}, "n_answers": 3, "quorum": 0, "calibration": 0, "created": "2015-02-27T12:36:51.423784", "app_id": 167, "state": "completed", "id": 31294, "priority_0": 0.0}, {"info": {"url_m": "https://farm9.staticflickr.com/8640/16474462808_b867793b8d_m.jpg", "link": "https://www.flickr.com/photos/MicroPasts/16474462808", "url_b": "https://farm9.staticflickr.com/8640/16474462808_b867793b8d_b.jpg"}, "n_answers": 3, "quorum": 0, "calibration": 0, "created": "2015-02-27T12:36:54.474972", "app_id": 167, "state": "completed", "id": 31295, "priority_0": 0.0}, {"info": {"url_m": "https://farm9.staticflickr.com/8637/16454732967_e104dcc373_m.jpg", "link": "https://www.flickr.com/photos/MicroPasts/16454732967", "url_b": "https://farm9.staticflickr.com/8637/16454732967_e104dcc373_b.jpg"}, "n_answers": 3, "quorum": 0, "calibration": 0, "created": "2015-02-27T12:36:57.948196", "app_id": 167, "state": "completed", "id": 31296, "priority_0": 0.0}, {"info": {"url_m": "https://farm9.staticflickr.com/8655/16475893449_175b952f4f_m.jpg", "link": "https://www.flickr.com/photos/MicroPasts/16475893449", "url_b": "https://farm9.staticflickr.com/8655/16475893449_175b952f4f_b.jpg"}, "n_answers": 3, "quorum": 0, "calibration": 0, "created": "2015-02-27T12:37:01.006959", "app_id": 167, "state": "completed", "id": 31297, "priority_0": 0.0}, {"info": {"url_m": "https://farm9.staticflickr.com/8643/16474629880_d8e77950e4_m.jpg", "link": "https://www.flickr.com/photos/MicroPasts/16474629880", "url_b": "https://farm9.staticflickr.com/8643/16474629880_d8e77950e4_b.jpg"}, "n_answers": 3, "quorum": 0, "calibration": 0, "created": "2015-02-27T12:37:04.055793", "app_id": 167, "state": "completed", "id": 31298, "priority_0": 0.0}, {"info": {"url_m": "https://farm9.staticflickr.com/8631/16039731484_e2ded08b02_m.jpg", "link": "https://www.flickr.com/photos/MicroPasts/16039731484", "url_b": "https://farm9.staticflickr.com/8631/16039731484_e2ded08b02_b.jpg"}, "n_answers": 3, "quorum": 0, "calibration": 0, "created": "2015-02-27T12:37:07.113672", "app_id": 167, "state": "completed", "id": 31299, "priority_0": 0.0}, {"info": {"url_m": "https://farm9.staticflickr.com/8664/16474462308_036c772fa9_m.jpg", "link": "https://www.flickr.com/photos/MicroPasts/16474462308", "url_b": "https://farm9.staticflickr.com/8664/16474462308_036c772fa9_b.jpg"}, "n_answers": 3, "quorum": 0, "calibration": 0, "created": "2015-02-27T12:37:10.164857", "app_id": 167, "state": "completed", "id": 31300, "priority_0": 0.0}, {"info": {"url_m": "https://farm9.staticflickr.com/8564/16474629680_2899788e8d_m.jpg", "link": "https://www.flickr.com/photos/MicroPasts/16474629680", "url_b": "https://farm9.staticflickr.com/8564/16474629680_2899788e8d_b.jpg"}, "n_answers": 3, "quorum": 0, "calibration": 0, "created": "2015-02-27T12:37:13.221949", "app_id": 167, "state": "completed", "id": 31301, "priority_0": 0.0}, {"info": {"url_m": "https://farm9.staticflickr.com/8655/16042115703_fbaa3083c3_m.jpg", "link": "https://www.flickr.com/photos/MicroPasts/16042115703", "url_b": "https://farm9.staticflickr.com/8655/16042115703_fbaa3083c3_b.jpg"}, "n_answers": 3, "quorum": 0, "calibration": 0, "created": "2015-02-27T12:37:16.280611", "app_id": 167, "state": "completed", "id": 31302, "priority_0": 0.0}, {"info": {"url_m": "https://farm9.staticflickr.com/8672/16474462088_d367f7ebfe_m.jpg", "link": "https://www.flickr.com/photos/MicroPasts/16474462088", "url_b": "https://farm9.staticflickr.com/8672/16474462088_d367f7ebfe_b.jpg"}, "n_answers": 3, "quorum": 0, "calibration": 0, "created": "2015-02-27T12:37:19.332366", "app_id": 167, "state": "completed", "id": 31303, "priority_0": 0.0}, {"info": {"url_m": "https://farm9.staticflickr.com/8628/16454732567_d1ec7edac7_m.jpg", "link": "https://www.flickr.com/photos/MicroPasts/16454732567", "url_b": "https://farm9.staticflickr.com/8628/16454732567_d1ec7edac7_b.jpg"}, "n_answers": 3, "quorum": 0, "calibration": 0, "created": "2015-02-27T12:37:22.390220", "app_id": 167, "state": "completed", "id": 31304, "priority_0": 0.0}, {"info": {"url_m": "https://farm9.staticflickr.com/8601/16042115433_536c144242_m.jpg", "link": "https://www.flickr.com/photos/MicroPasts/16042115433", "url_b": "https://farm9.staticflickr.com/8601/16042115433_536c144242_b.jpg"}, "n_answers": 3, "quorum": 0, "calibration": 0, "created": "2015-02-27T12:37:25.481423", "app_id": 167, "state": "completed", "id": 31305, "priority_0": 0.0}, {"info": {"url_m": "https://farm9.staticflickr.com/8654/16474461878_2b02045bf9_m.jpg", "link": "https://www.flickr.com/photos/MicroPasts/16474461878", "url_b": "https://farm9.staticflickr.com/8654/16474461878_2b02045bf9_b.jpg"}, "n_answers": 3, "quorum": 0, "calibration": 0, "created": "2015-02-27T12:37:28.529180", "app_id": 167, "state": "completed", "id": 31306, "priority_0": 0.0}, {"info": {"url_m": "https://farm9.staticflickr.com/8565/16636103286_07567214d5_m.jpg", "link": "https://www.flickr.com/photos/MicroPasts/16636103286", "url_b": "https://farm9.staticflickr.com/8565/16636103286_07567214d5_b.jpg"}, "n_answers": 3, "quorum": 0, "calibration": 0, "created": "2015-02-27T12:37:31.622226", "app_id": 167, "state": "completed", "id": 31307, "priority_0": 0.0}, {"info": {"url_m": "https://farm9.staticflickr.com/8619/16039731054_5efff1ea40_m.jpg", "link": "https://www.flickr.com/photos/MicroPasts/16039731054", "url_b": "https://farm9.staticflickr.com/8619/16039731054_5efff1ea40_b.jpg"}, "n_answers": 3, "quorum": 0, "calibration": 0, "created": "2015-02-27T12:37:34.689028", "app_id": 167, "state": "completed", "id": 31308, "priority_0": 0.0}, {"info": {"url_m": "https://farm9.staticflickr.com/8631/16474461858_cfd581f8dc_m.jpg", "link": "https://www.flickr.com/photos/MicroPasts/16474461858", "url_b": "https://farm9.staticflickr.com/8631/16474461858_cfd581f8dc_b.jpg"}, "n_answers": 3, "quorum": 0, "calibration": 0, "created": "2015-02-27T12:37:37.781700", "app_id": 167, "state": "completed", "id": 31309, "priority_0": 0.0}, {"info": {"url_m": "https://farm9.staticflickr.com/8656/16042115283_2e610f5acb_m.jpg", "link": "https://www.flickr.com/photos/MicroPasts/16042115283", "url_b": "https://farm9.staticflickr.com/8656/16042115283_2e610f5acb_b.jpg"}, "n_answers": 3, "quorum": 0, "calibration": 0, "created": "2015-02-27T12:37:40.923957", "app_id": 167, "state": "completed", "id": 31310, "priority_0": 0.0}, {"info": {"url_m": "https://farm9.staticflickr.com/8668/16039731734_845edffb83_m.jpg", "link": "https://www.flickr.com/photos/MicroPasts/16039731734", "url_b": "https://farm9.staticflickr.com/8668/16039731734_845edffb83_b.jpg"}, "n_answers": 3, "quorum": 0, "calibration": 0, "created": "2015-02-27T12:37:43.980716", "app_id": 167, "state": "completed", "id": 31311, "priority_0": 0.0}, {"info": {"url_m": "https://farm9.staticflickr.com/8603/16475892539_e110cd3fd3_m.jpg", "link": "https://www.flickr.com/photos/MicroPasts/16475892539", "url_b": "https://farm9.staticflickr.com/8603/16475892539_e110cd3fd3_b.jpg"}, "n_answers": 3, "quorum": 0, "calibration": 0, "created": "2015-02-27T12:37:47.030521", "app_id": 167, "state": "completed", "id": 31312, "priority_0": 0.0}, {"info": {"url_m": "https://farm9.staticflickr.com/8603/16474628800_5a5a0d9b93_m.jpg", "link": "https://www.flickr.com/photos/MicroPasts/16474628800", "url_b": "https://farm9.staticflickr.com/8603/16474628800_5a5a0d9b93_b.jpg"}, "n_answers": 3, "quorum": 0, "calibration": 0, "created": "2015-02-27T12:37:50.085323", "app_id": 167, "state": "completed", "id": 31313, "priority_0": 0.0}, {"info": {"url_m": "https://farm9.staticflickr.com/8572/16039730624_4f8e897f48_m.jpg", "link": "https://www.flickr.com/photos/MicroPasts/16039730624", "url_b": "https://farm9.staticflickr.com/8572/16039730624_4f8e897f48_b.jpg"}, "n_answers": 3, "quorum": 0, "calibration": 0, "created": "2015-02-27T12:37:53.135691", "app_id": 167, "state": "completed", "id": 31314, "priority_0": 0.0}, {"info": {"url_m": "https://farm9.staticflickr.com/8613/16042114873_f2faf80383_m.jpg", "link": "https://www.flickr.com/photos/MicroPasts/16042114873", "url_b": "https://farm9.staticflickr.com/8613/16042114873_f2faf80383_b.jpg"}, "n_answers": 3, "quorum": 0, "calibration": 0, "created": "2015-02-27T12:37:56.197368", "app_id": 167, "state": "completed", "id": 31315, "priority_0": 0.0}, {"info": {"url_m": "https://farm9.staticflickr.com/8676/16474461258_014b9fe58c_m.jpg", "link": "https://www.flickr.com/photos/MicroPasts/16474461258", "url_b": "https://farm9.staticflickr.com/8676/16474461258_014b9fe58c_b.jpg"}, "n_answers": 3, "quorum": 0, "calibration": 0, "created": "2015-02-27T12:37:59.246037", "app_id": 167, "state": "completed", "id": 31316, "priority_0": 0.0}, {"info": {"url_m": "https://farm9.staticflickr.com/8609/16039730334_c64e76332b_m.jpg", "link": "https://www.flickr.com/photos/MicroPasts/16039730334", "url_b": "https://farm9.staticflickr.com/8609/16039730334_c64e76332b_b.jpg"}, "n_answers": 3, "quorum": 0, "calibration": 0, "created": "2015-02-27T12:38:02.296137", "app_id": 167, "state": "completed", "id": 31317, "priority_0": 0.0}, {"info": {"url_m": "https://farm9.staticflickr.com/8674/16661010022_3b8bd438ed_m.jpg", "link": "https://www.flickr.com/photos/MicroPasts/16661010022", "url_b": "https://farm9.staticflickr.com/8674/16661010022_3b8bd438ed_b.jpg"}, "n_answers": 3, "quorum": 0, "calibration": 0, "created": "2015-02-27T12:38:05.346176", "app_id": 167, "state": "completed", "id": 31318, "priority_0": 0.0}, {"info": {"url_m": "https://farm9.staticflickr.com/8605/16636102396_b3d78f795a_m.jpg", "link": "https://www.flickr.com/photos/MicroPasts/16636102396", "url_b": "https://farm9.staticflickr.com/8605/16636102396_b3d78f795a_b.jpg"}, "n_answers": 3, "quorum": 0, "calibration": 0, "created": "2015-02-27T12:38:08.431030", "app_id": 167, "state": "completed", "id": 31319, "priority_0": 0.0}, {"info": {"url_m": "https://farm9.staticflickr.com/8603/16662039315_294a87a04d_m.jpg", "link": "https://www.flickr.com/photos/MicroPasts/16662039315", "url_b": "https://farm9.staticflickr.com/8603/16662039315_294a87a04d_b.jpg"}, "n_answers": 3, "quorum": 0, "calibration": 0, "created": "2015-02-27T12:38:11.543216", "app_id": 167, "state": "completed", "id": 31320, "priority_0": 0.0}, {"info": {"url_m": "https://farm9.staticflickr.com/8640/16475891959_60f2d0f79a_m.jpg", "link": "https://www.flickr.com/photos/MicroPasts/16475891959", "url_b": "https://farm9.staticflickr.com/8640/16475891959_60f2d0f79a_b.jpg"}, "n_answers": 3, "quorum": 0, "calibration": 0, "created": "2015-02-27T12:38:14.596108", "app_id": 167, "state": "completed", "id": 31321, "priority_0": 0.0}, {"info": {"url_m": "https://farm9.staticflickr.com/8673/16475891899_70259c11b0_m.jpg", "link": "https://www.flickr.com/photos/MicroPasts/16475891899", "url_b": "https://farm9.staticflickr.com/8673/16475891899_70259c11b0_b.jpg"}, "n_answers": 3, "quorum": 0, "calibration": 0, "created": "2015-02-27T12:38:17.659525", "app_id": 167, "state": "completed", "id": 31322, "priority_0": 0.0}, {"info": {"url_m": "https://farm9.staticflickr.com/8636/16042114373_a446a4e60b_m.jpg", "link": "https://www.flickr.com/photos/MicroPasts/16042114373", "url_b": "https://farm9.staticflickr.com/8636/16042114373_a446a4e60b_b.jpg"}, "n_answers": 3, "quorum": 0, "calibration": 0, "created": "2015-02-27T12:38:20.711907", "app_id": 167, "state": "completed", "id": 31323, "priority_0": 0.0}, {"info": {"url_m": "https://farm9.staticflickr.com/8669/16662039075_f698d83b1d_m.jpg", "link": "https://www.flickr.com/photos/MicroPasts/16662039075", "url_b": "https://farm9.staticflickr.com/8669/16662039075_f698d83b1d_b.jpg"}, "n_answers": 3, "quorum": 0, "calibration": 0, "created": "2015-02-27T12:38:23.753631", "app_id": 167, "state": "completed", "id": 31324, "priority_0": 0.0}, {"info": {"url_m": "https://farm9.staticflickr.com/8622/16042114283_6994dd5d71_m.jpg", "link": "https://www.flickr.com/photos/MicroPasts/16042114283", "url_b": "https://farm9.staticflickr.com/8622/16042114283_6994dd5d71_b.jpg"}, "n_answers": 3, "quorum": 0, "calibration": 0, "created": "2015-02-27T12:38:26.812815", "app_id": 167, "state": "completed", "id": 31325, "priority_0": 0.0}, {"info": {"url_m": "https://farm9.staticflickr.com/8673/16039729784_de80e16339_m.jpg", "link": "https://www.flickr.com/photos/MicroPasts/16039729784", "url_b": "https://farm9.staticflickr.com/8673/16039729784_de80e16339_b.jpg"}, "n_answers": 3, "quorum": 0, "calibration": 0, "created": "2015-02-27T12:38:29.862461", "app_id": 167, "state": "completed", "id": 31326, "priority_0": 0.0}, {"info": {"url_m": "https://farm9.staticflickr.com/8573/16661009522_88aba52fea_m.jpg", "link": "https://www.flickr.com/photos/MicroPasts/16661009522", "url_b": "https://farm9.staticflickr.com/8573/16661009522_88aba52fea_b.jpg"}, "n_answers": 3, "quorum": 0, "calibration": 0, "created": "2015-02-27T12:38:32.984796", "app_id": 167, "state": "completed", "id": 31327, "priority_0": 0.0}, {"info": {"url_m": "https://farm9.staticflickr.com/8631/16660648961_c208b01c3a_m.jpg", "link": "https://www.flickr.com/photos/MicroPasts/16660648961", "url_b": "https://farm9.staticflickr.com/8631/16660648961_c208b01c3a_b.jpg"}, "n_answers": 3, "quorum": 0, "calibration": 0, "created": "2015-02-27T12:38:36.036247", "app_id": 167, "state": "completed", "id": 31328, "priority_0": 0.0}, {"info": {"url_m": "https://farm9.staticflickr.com/8578/16636101916_1344271f6f_m.jpg", "link": "https://www.flickr.com/photos/MicroPasts/16636101916", "url_b": "https://farm9.staticflickr.com/8578/16636101916_1344271f6f_b.jpg"}, "n_answers": 3, "quorum": 0, "calibration": 0, "created": "2015-02-27T12:38:39.083942", "app_id": 167, "state": "completed", "id": 31329, "priority_0": 0.0}, {"info": {"url_m": "https://farm9.staticflickr.com/8593/16636101736_a07569605f_m.jpg", "link": "https://www.flickr.com/photos/MicroPasts/16636101736", "url_b": "https://farm9.staticflickr.com/8593/16636101736_a07569605f_b.jpg"}, "n_answers": 3, "quorum": 0, "calibration": 0, "created": "2015-02-27T12:38:42.120116", "app_id": 167, "state": "completed", "id": 31330, "priority_0": 0.0}, {"info": {"url_m": "https://farm9.staticflickr.com/8639/16661009222_387373c7f9_m.jpg", "link": "https://www.flickr.com/photos/MicroPasts/16661009222", "url_b": "https://farm9.staticflickr.com/8639/16661009222_387373c7f9_b.jpg"}, "n_answers": 3, "quorum": 0, "calibration": 0, "created": "2015-02-27T12:38:45.170248", "app_id": 167, "state": "completed", "id": 31331, "priority_0": 0.0}, {"info": {"url_m": "https://farm9.staticflickr.com/8567/16475891279_8fc16cf1d6_m.jpg", "link": "https://www.flickr.com/photos/MicroPasts/16475891279", "url_b": "https://farm9.staticflickr.com/8567/16475891279_8fc16cf1d6_b.jpg"}, "n_answers": 3, "quorum": 0, "calibration": 0, "created": "2015-02-27T12:38:48.233771", "app_id": 167, "state": "completed", "id": 31332, "priority_0": 0.0}, {"info": {"url_m": "https://farm9.staticflickr.com/8650/16039729444_f949bacae7_m.jpg", "link": "https://www.flickr.com/photos/MicroPasts/16039729444", "url_b": "https://farm9.staticflickr.com/8650/16039729444_f949bacae7_b.jpg"}, "n_answers": 3, "quorum": 0, "calibration": 0, "created": "2015-02-27T12:38:51.289871", "app_id": 167, "state": "completed", "id": 31333, "priority_0": 0.0}, {"info": {"url_m": "https://farm9.staticflickr.com/8619/16039729214_cee00fb0d9_m.jpg", "link": "https://www.flickr.com/photos/MicroPasts/16039729214", "url_b": "https://farm9.staticflickr.com/8619/16039729214_cee00fb0d9_b.jpg"}, "n_answers": 3, "quorum": 0, "calibration": 0, "created": "2015-02-27T12:38:54.335577", "app_id": 167, "state": "completed", "id": 31334, "priority_0": 0.0}, {"info": {"url_m": "https://farm9.staticflickr.com/8567/16454730527_71f8d9309b_m.jpg", "link": "https://www.flickr.com/photos/MicroPasts/16454730527", "url_b": "https://farm9.staticflickr.com/8567/16454730527_71f8d9309b_b.jpg"}, "n_answers": 3, "quorum": 0, "calibration": 0, "created": "2015-02-27T12:38:57.396023", "app_id": 167, "state": "completed", "id": 31335, "priority_0": 0.0}, {"info": {"url_m": "https://farm9.staticflickr.com/8596/16661008872_e4ba0e54f3_m.jpg", "link": "https://www.flickr.com/photos/MicroPasts/16661008872", "url_b": "https://farm9.staticflickr.com/8596/16661008872_e4ba0e54f3_b.jpg"}, "n_answers": 3, "quorum": 0, "calibration": 0, "created": "2015-02-27T12:39:00.449423", "app_id": 167, "state": "completed", "id": 31336, "priority_0": 0.0}, {"info": {"url_m": "https://farm9.staticflickr.com/8674/16475890909_7851babd30_m.jpg", "link": "https://www.flickr.com/photos/MicroPasts/16475890909", "url_b": "https://farm9.staticflickr.com/8674/16475890909_7851babd30_b.jpg"}, "n_answers": 3, "quorum": 0, "calibration": 0, "created": "2015-02-27T12:39:03.491435", "app_id": 167, "state": "completed", "id": 31337, "priority_0": 0.0}, {"info": {"url_m": "https://farm9.staticflickr.com/8599/16039728744_1d8b057eb6_m.jpg", "link": "https://www.flickr.com/photos/MicroPasts/16039728744", "url_b": "https://farm9.staticflickr.com/8599/16039728744_1d8b057eb6_b.jpg"}, "n_answers": 3, "quorum": 0, "calibration": 0, "created": "2015-02-27T12:39:06.567763", "app_id": 167, "state": "completed", "id": 31338, "priority_0": 0.0}, {"info": {"url_m": "https://farm9.staticflickr.com/8659/16660648271_37449475ec_m.jpg", "link": "https://www.flickr.com/photos/MicroPasts/16660648271", "url_b": "https://farm9.staticflickr.com/8659/16660648271_37449475ec_b.jpg"}, "n_answers": 3, "quorum": 0, "calibration": 0, "created": "2015-02-27T12:39:09.617291", "app_id": 167, "state": "completed", "id": 31339, "priority_0": 0.0}, {"info": {"url_m": "https://farm9.staticflickr.com/8586/16662037945_4b307fa24e_m.jpg", "link": "https://www.flickr.com/photos/MicroPasts/16662037945", "url_b": "https://farm9.staticflickr.com/8586/16662037945_4b307fa24e_b.jpg"}, "n_answers": 3, "quorum": 0, "calibration": 0, "created": "2015-02-27T12:39:12.675930", "app_id": 167, "state": "completed", "id": 31340, "priority_0": 0.0}, {"info": {"url_m": "https://farm9.staticflickr.com/8564/16662037985_d29e6365d3_m.jpg", "link": "https://www.flickr.com/photos/MicroPasts/16662037985", "url_b": "https://farm9.staticflickr.com/8564/16662037985_d29e6365d3_b.jpg"}, "n_answers": 3, "quorum": 0, "calibration": 0, "created": "2015-02-27T12:39:15.736056", "app_id": 167, "state": "completed", "id": 31341, "priority_0": 0.0}, {"info": {"url_m": "https://farm9.staticflickr.com/8679/16042112923_f04d7b4b69_m.jpg", "link": "https://www.flickr.com/photos/MicroPasts/16042112923", "url_b": "https://farm9.staticflickr.com/8679/16042112923_f04d7b4b69_b.jpg"}, "n_answers": 3, "quorum": 0, "calibration": 0, "created": "2015-02-27T12:39:19.417494", "app_id": 167, "state": "completed", "id": 31342, "priority_0": 0.0}, {"info": {"url_m": "https://farm9.staticflickr.com/8665/16042112843_9bb5dbed1c_m.jpg", "link": "https://www.flickr.com/photos/MicroPasts/16042112843", "url_b": "https://farm9.staticflickr.com/8665/16042112843_9bb5dbed1c_b.jpg"}, "n_answers": 3, "quorum": 0, "calibration": 0, "created": "2015-02-27T12:39:22.475638", "app_id": 167, "state": "completed", "id": 31343, "priority_0": 0.0}, {"info": {"url_m": "https://farm9.staticflickr.com/8655/16660647821_2a33880f54_m.jpg", "link": "https://www.flickr.com/photos/MicroPasts/16660647821", "url_b": "https://farm9.staticflickr.com/8655/16660647821_2a33880f54_b.jpg"}, "n_answers": 3, "quorum": 0, "calibration": 0, "created": "2015-02-27T12:39:25.526305", "app_id": 167, "state": "completed", "id": 31344, "priority_0": 0.0}, {"info": {"url_m": "https://farm9.staticflickr.com/8583/16042112653_ae1e8fe830_m.jpg", "link": "https://www.flickr.com/photos/MicroPasts/16042112653", "url_b": "https://farm9.staticflickr.com/8583/16042112653_ae1e8fe830_b.jpg"}, "n_answers": 3, "quorum": 0, "calibration": 0, "created": "2015-02-27T12:39:28.583071", "app_id": 167, "state": "completed", "id": 31345, "priority_0": 0.0}, {"info": {"url_m": "https://farm9.staticflickr.com/8629/16662037585_1dcc87f355_m.jpg", "link": "https://www.flickr.com/photos/MicroPasts/16662037585", "url_b": "https://farm9.staticflickr.com/8629/16662037585_1dcc87f355_b.jpg"}, "n_answers": 3, "quorum": 0, "calibration": 0, "created": "2015-02-27T12:39:31.647688", "app_id": 167, "state": "completed", "id": 31346, "priority_0": 0.0}, {"info": {"url_m": "https://farm9.staticflickr.com/8618/16039728264_b7a40333e4_m.jpg", "link": "https://www.flickr.com/photos/MicroPasts/16039728264", "url_b": "https://farm9.staticflickr.com/8618/16039728264_b7a40333e4_b.jpg"}, "n_answers": 3, "quorum": 0, "calibration": 0, "created": "2015-02-27T12:39:34.704031", "app_id": 167, "state": "completed", "id": 31347, "priority_0": 0.0}, {"info": {"url_m": "https://farm9.staticflickr.com/8619/16660647611_512ae990df_m.jpg", "link": "https://www.flickr.com/photos/MicroPasts/16660647611", "url_b": "https://farm9.staticflickr.com/8619/16660647611_512ae990df_b.jpg"}, "n_answers": 3, "quorum": 0, "calibration": 0, "created": "2015-02-27T12:39:37.765702", "app_id": 167, "state": "completed", "id": 31348, "priority_0": 0.0}, {"info": {"url_m": "https://farm9.staticflickr.com/8565/16662037435_8196ae72cd_m.jpg", "link": "https://www.flickr.com/photos/MicroPasts/16662037435", "url_b": "https://farm9.staticflickr.com/8565/16662037435_8196ae72cd_b.jpg"}, "n_answers": 3, "quorum": 0, "calibration": 0, "created": "2015-02-27T12:39:40.825714", "app_id": 167, "state": "completed", "id": 31349, "priority_0": 0.0}, {"info": {"url_m": "https://farm9.staticflickr.com/8661/16039728154_93b7b8058f_m.jpg", "link": "https://www.flickr.com/photos/MicroPasts/16039728154", "url_b": "https://farm9.staticflickr.com/8661/16039728154_93b7b8058f_b.jpg"}, "n_answers": 3, "quorum": 0, "calibration": 0, "created": "2015-02-27T12:39:43.872167", "app_id": 167, "state": "completed", "id": 31350, "priority_0": 0.0}, {"info": {"url_m": "https://farm9.staticflickr.com/8571/16660647401_6c785593fe_m.jpg", "link": "https://www.flickr.com/photos/MicroPasts/16660647401", "url_b": "https://farm9.staticflickr.com/8571/16660647401_6c785593fe_b.jpg"}, "n_answers": 3, "quorum": 0, "calibration": 0, "created": "2015-02-27T12:39:46.925574", "app_id": 167, "state": "completed", "id": 31351, "priority_0": 0.0}, {"info": {"url_m": "https://farm9.staticflickr.com/8657/16042112263_5c36b46f01_m.jpg", "link": "https://www.flickr.com/photos/MicroPasts/16042112263", "url_b": "https://farm9.staticflickr.com/8657/16042112263_5c36b46f01_b.jpg"}, "n_answers": 3, "quorum": 0, "calibration": 0, "created": "2015-02-27T12:39:49.982697", "app_id": 167, "state": "completed", "id": 31352, "priority_0": 0.0}, {"info": {"url_m": "https://farm9.staticflickr.com/8625/16475889669_a00743f52b_m.jpg", "link": "https://www.flickr.com/photos/MicroPasts/16475889669", "url_b": "https://farm9.staticflickr.com/8625/16475889669_a00743f52b_b.jpg"}, "n_answers": 3, "quorum": 0, "calibration": 0, "created": "2015-02-27T12:39:53.126925", "app_id": 167, "state": "completed", "id": 31353, "priority_0": 0.0}, {"info": {"url_m": "https://farm9.staticflickr.com/8649/16475889659_668b11118b_m.jpg", "link": "https://www.flickr.com/photos/MicroPasts/16475889659", "url_b": "https://farm9.staticflickr.com/8649/16475889659_668b11118b_b.jpg"}, "n_answers": 3, "quorum": 0, "calibration": 0, "created": "2015-02-27T12:39:56.192800", "app_id": 167, "state": "completed", "id": 31354, "priority_0": 0.0}, {"info": {"url_m": "https://farm9.staticflickr.com/8643/16474625810_122fcb7b17_m.jpg", "link": "https://www.flickr.com/photos/MicroPasts/16474625810", "url_b": "https://farm9.staticflickr.com/8643/16474625810_122fcb7b17_b.jpg"}, "n_answers": 3, "quorum": 0, "calibration": 0, "created": "2015-02-27T12:39:59.323398", "app_id": 167, "state": "completed", "id": 31355, "priority_0": 0.0}, {"info": {"url_m": "https://farm9.staticflickr.com/8584/16661007322_b5ff496a46_m.jpg", "link": "https://www.flickr.com/photos/MicroPasts/16661007322", "url_b": "https://farm9.staticflickr.com/8584/16661007322_b5ff496a46_b.jpg"}, "n_answers": 3, "quorum": 0, "calibration": 0, "created": "2015-02-27T12:40:02.478052", "app_id": 167, "state": "completed", "id": 31356, "priority_0": 0.0}, {"info": {"url_m": "https://farm9.staticflickr.com/8602/16042111703_6b64fd5e97_m.jpg", "link": "https://www.flickr.com/photos/MicroPasts/16042111703", "url_b": "https://farm9.staticflickr.com/8602/16042111703_6b64fd5e97_b.jpg"}, "n_answers": 3, "quorum": 0, "calibration": 0, "created": "2015-02-27T12:40:05.534594", "app_id": 167, "state": "completed", "id": 31357, "priority_0": 0.0}, {"info": {"url_m": "https://farm9.staticflickr.com/8592/16474458238_ab07c3e182_m.jpg", "link": "https://www.flickr.com/photos/MicroPasts/16474458238", "url_b": "https://farm9.staticflickr.com/8592/16474458238_ab07c3e182_b.jpg"}, "n_answers": 3, "quorum": 0, "calibration": 0, "created": "2015-02-27T12:40:08.641103", "app_id": 167, "state": "completed", "id": 31358, "priority_0": 0.0}, {"info": {"url_m": "https://farm9.staticflickr.com/8618/16039727424_2f8ccf42bc_m.jpg", "link": "https://www.flickr.com/photos/MicroPasts/16039727424", "url_b": "https://farm9.staticflickr.com/8618/16039727424_2f8ccf42bc_b.jpg"}, "n_answers": 3, "quorum": 0, "calibration": 0, "created": "2015-02-27T12:40:11.749753", "app_id": 167, "state": "completed", "id": 31359, "priority_0": 0.0}, {"info": {"url_m": "https://farm9.staticflickr.com/8659/16474458158_dc0d037fdb_m.jpg", "link": "https://www.flickr.com/photos/MicroPasts/16474458158", "url_b": "https://farm9.staticflickr.com/8659/16474458158_dc0d037fdb_b.jpg"}, "n_answers": 3, "quorum": 0, "calibration": 0, "created": "2015-02-27T12:40:14.804840", "app_id": 167, "state": "completed", "id": 31360, "priority_0": 0.0}, {"info": {"url_m": "https://farm9.staticflickr.com/8592/16039727014_8bffbaf87d_m.jpg", "link": "https://www.flickr.com/photos/MicroPasts/16039727014", "url_b": "https://farm9.staticflickr.com/8592/16039727014_8bffbaf87d_b.jpg"}, "n_answers": 3, "quorum": 0, "calibration": 0, "created": "2015-02-27T12:40:17.902806", "app_id": 167, "state": "completed", "id": 31361, "priority_0": 0.0}, {"info": {"url_m": "https://farm9.staticflickr.com/8564/16474457968_dfbd840afb_m.jpg", "link": "https://www.flickr.com/photos/MicroPasts/16474457968", "url_b": "https://farm9.staticflickr.com/8564/16474457968_dfbd840afb_b.jpg"}, "n_answers": 3, "quorum": 0, "calibration": 0, "created": "2015-02-27T12:40:20.957620", "app_id": 167, "state": "completed", "id": 31362, "priority_0": 0.0}, {"info": {"url_m": "https://farm9.staticflickr.com/8636/16454728387_ef47998181_m.jpg", "link": "https://www.flickr.com/photos/MicroPasts/16454728387", "url_b": "https://farm9.staticflickr.com/8636/16454728387_ef47998181_b.jpg"}, "n_answers": 3, "quorum": 0, "calibration": 0, "created": "2015-02-27T12:40:24.007281", "app_id": 167, "state": "completed", "id": 31363, "priority_0": 0.0}, {"info": {"url_m": "https://farm9.staticflickr.com/8654/16662036215_6d0547a6f7_m.jpg", "link": "https://www.flickr.com/photos/MicroPasts/16662036215", "url_b": "https://farm9.staticflickr.com/8654/16662036215_6d0547a6f7_b.jpg"}, "n_answers": 3, "quorum": 0, "calibration": 0, "created": "2015-02-27T12:40:27.056874", "app_id": 167, "state": "completed", "id": 31364, "priority_0": 0.0}, {"info": {"url_m": "https://farm9.staticflickr.com/8677/16042111333_fb2fed7510_m.jpg", "link": "https://www.flickr.com/photos/MicroPasts/16042111333", "url_b": "https://farm9.staticflickr.com/8677/16042111333_fb2fed7510_b.jpg"}, "n_answers": 3, "quorum": 0, "calibration": 0, "created": "2015-02-27T12:40:30.348774", "app_id": 167, "state": "completed", "id": 31365, "priority_0": 0.0}, {"info": {"url_m": "https://farm9.staticflickr.com/8587/16661006772_d8beb52c83_m.jpg", "link": "https://www.flickr.com/photos/MicroPasts/16661006772", "url_b": "https://farm9.staticflickr.com/8587/16661006772_d8beb52c83_b.jpg"}, "n_answers": 3, "quorum": 0, "calibration": 0, "created": "2015-02-27T12:40:33.408910", "app_id": 167, "state": "completed", "id": 31366, "priority_0": 0.0}, {"info": {"url_m": "https://farm9.staticflickr.com/8599/16474457638_d7560c4ef0_m.jpg", "link": "https://www.flickr.com/photos/MicroPasts/16474457638", "url_b": "https://farm9.staticflickr.com/8599/16474457638_d7560c4ef0_b.jpg"}, "n_answers": 3, "quorum": 0, "calibration": 0, "created": "2015-02-27T12:40:36.464197", "app_id": 167, "state": "completed", "id": 31367, "priority_0": 0.0}, {"info": {"url_m": "https://farm9.staticflickr.com/8594/16660646351_165885fd9f_m.jpg", "link": "https://www.flickr.com/photos/MicroPasts/16660646351", "url_b": "https://farm9.staticflickr.com/8594/16660646351_165885fd9f_b.jpg"}, "n_answers": 3, "quorum": 0, "calibration": 0, "created": "2015-02-27T12:40:39.555760", "app_id": 167, "state": "completed", "id": 31368, "priority_0": 0.0}]