[{"info": {"url": "https://farm2.staticflickr.com/1506/24194714605_c3a5187528.jpg", "url_m": "https://farm2.staticflickr.com/1506/24194714605_c3a5187528_m.jpg", "link": "https://www.flickr.com/photos/115096994@N02/24194714605", "url_b": "https://farm2.staticflickr.com/1506/24194714605_c3a5187528_b.jpg", "title": "Thames_Sword0001_Thames_Sword0002_fb"}, "n_answers": 3, "quorum": 0, "calibration": 0, "created": "2016-01-05T17:53:03.612021", "state": "completed", "project_id": 277, "id": 51183, "priority_0": 0.0}, {"info": {"url": "https://farm2.staticflickr.com/1679/23899114660_2898ec2a3c.jpg", "url_m": "https://farm2.staticflickr.com/1679/23899114660_2898ec2a3c_m.jpg", "link": "https://www.flickr.com/photos/115096994@N02/23899114660", "url_b": "https://farm2.staticflickr.com/1679/23899114660_2898ec2a3c_b.jpg", "title": "Thames_Sword0003_Thames_Sword0004_fb"}, "n_answers": 3, "quorum": 0, "calibration": 0, "created": "2016-01-05T17:53:03.665911", "state": "completed", "project_id": 277, "id": 51184, "priority_0": 0.0}, {"info": {"url": "https://farm2.staticflickr.com/1505/23899114060_ac96086735.jpg", "url_m": "https://farm2.staticflickr.com/1505/23899114060_ac96086735_m.jpg", "link": "https://www.flickr.com/photos/115096994@N02/23899114060", "url_b": "https://farm2.staticflickr.com/1505/23899114060_ac96086735_b.jpg", "title": "Thames_Sword0005_Thames_Sword0006_fb"}, "n_answers": 3, "quorum": 0, "calibration": 0, "created": "2016-01-05T17:53:03.695586", "state": "completed", "project_id": 277, "id": 51185, "priority_0": 0.0}, {"info": {"url": "https://farm2.staticflickr.com/1608/24112120251_c9e5faa5b1.jpg", "url_m": "https://farm2.staticflickr.com/1608/24112120251_c9e5faa5b1_m.jpg", "link": "https://www.flickr.com/photos/115096994@N02/24112120251", "url_b": "https://farm2.staticflickr.com/1608/24112120251_c9e5faa5b1_b.jpg", "title": "Thames_Sword0007_Thames_Sword0008_fb"}, "n_answers": 3, "quorum": 0, "calibration": 0, "created": "2016-01-05T17:53:03.722601", "state": "completed", "project_id": 277, "id": 51186, "priority_0": 0.0}, {"info": {"url": "https://farm2.staticflickr.com/1493/24168635286_7ca7ac1676.jpg", "url_m": "https://farm2.staticflickr.com/1493/24168635286_7ca7ac1676_m.jpg", "link": "https://www.flickr.com/photos/115096994@N02/24168635286", "url_b": "https://farm2.staticflickr.com/1493/24168635286_7ca7ac1676_b.jpg", "title": "Thames_Sword0009_Thames_Sword0010_fb"}, "n_answers": 3, "quorum": 0, "calibration": 0, "created": "2016-01-05T17:53:03.748093", "state": "completed", "project_id": 277, "id": 51187, "priority_0": 0.0}, {"info": {"url": "https://farm2.staticflickr.com/1473/23566544254_3ca1234209.jpg", "url_m": "https://farm2.staticflickr.com/1473/23566544254_3ca1234209_m.jpg", "link": "https://www.flickr.com/photos/115096994@N02/23566544254", "url_b": "https://farm2.staticflickr.com/1473/23566544254_3ca1234209_b.jpg", "title": "Thames_Sword0011_Thames_Sword0012_fb"}, "n_answers": 3, "quorum": 0, "calibration": 0, "created": "2016-01-05T17:53:03.780520", "state": "completed", "project_id": 277, "id": 51188, "priority_0": 0.0}, {"info": {"url": "https://farm2.staticflickr.com/1492/24194711975_86a2507370.jpg", "url_m": "https://farm2.staticflickr.com/1492/24194711975_86a2507370_m.jpg", "link": "https://www.flickr.com/photos/115096994@N02/24194711975", "url_b": "https://farm2.staticflickr.com/1492/24194711975_86a2507370_b.jpg", "title": "Thames_Sword0013_Thames_Sword0014_fb"}, "n_answers": 3, "quorum": 0, "calibration": 0, "created": "2016-01-05T17:53:03.806853", "state": "completed", "project_id": 277, "id": 51189, "priority_0": 0.0}, {"info": {"url": "https://farm2.staticflickr.com/1473/23826916589_5567f075de.jpg", "url_m": "https://farm2.staticflickr.com/1473/23826916589_5567f075de_m.jpg", "link": "https://www.flickr.com/photos/115096994@N02/23826916589", "url_b": "https://farm2.staticflickr.com/1473/23826916589_5567f075de_b.jpg", "title": "Thames_Sword0015_Thames_Sword0016_fb"}, "n_answers": 3, "quorum": 0, "calibration": 0, "created": "2016-01-05T17:53:03.831030", "state": "completed", "project_id": 277, "id": 51190, "priority_0": 0.0}, {"info": {"url": "https://farm2.staticflickr.com/1545/24112117771_0b99896597.jpg", "url_m": "https://farm2.staticflickr.com/1545/24112117771_0b99896597_m.jpg", "link": "https://www.flickr.com/photos/115096994@N02/24112117771", "url_b": "https://farm2.staticflickr.com/1545/24112117771_0b99896597_b.jpg", "title": "Thames_Sword0017_Thames_Sword0018_fb"}, "n_answers": 3, "quorum": 0, "calibration": 0, "created": "2016-01-05T17:53:03.857566", "state": "completed", "project_id": 277, "id": 51191, "priority_0": 0.0}, {"info": {"url": "https://farm2.staticflickr.com/1514/23899110310_0222b1795a.jpg", "url_m": "https://farm2.staticflickr.com/1514/23899110310_0222b1795a_m.jpg", "link": "https://www.flickr.com/photos/115096994@N02/23899110310", "url_b": "https://farm2.staticflickr.com/1514/23899110310_0222b1795a_b.jpg", "title": "Thames_Sword0019_Thames_Sword0020_fb"}, "n_answers": 3, "quorum": 0, "calibration": 0, "created": "2016-01-05T17:53:03.888203", "state": "completed", "project_id": 277, "id": 51192, "priority_0": 0.0}, {"info": {"url": "https://farm2.staticflickr.com/1575/24194709415_2f1c55cc5b.jpg", "url_m": "https://farm2.staticflickr.com/1575/24194709415_2f1c55cc5b_m.jpg", "link": "https://www.flickr.com/photos/115096994@N02/24194709415", "url_b": "https://farm2.staticflickr.com/1575/24194709415_2f1c55cc5b_b.jpg", "title": "Thames_Sword0021_Thames_Sword0022_fb"}, "n_answers": 3, "quorum": 0, "calibration": 0, "created": "2016-01-05T17:53:03.915337", "state": "completed", "project_id": 277, "id": 51193, "priority_0": 0.0}, {"info": {"url": "https://farm2.staticflickr.com/1656/23567915543_7453d18838.jpg", "url_m": "https://farm2.staticflickr.com/1656/23567915543_7453d18838_m.jpg", "link": "https://www.flickr.com/photos/115096994@N02/23567915543", "url_b": "https://farm2.staticflickr.com/1656/23567915543_7453d18838_b.jpg", "title": "Thames_Sword0023_Thames_Sword0024_fb"}, "n_answers": 3, "quorum": 0, "calibration": 0, "created": "2016-01-05T17:53:03.940447", "state": "completed", "project_id": 277, "id": 51194, "priority_0": 0.0}, {"info": {"url": "https://farm2.staticflickr.com/1594/23899108390_907800dc76.jpg", "url_m": "https://farm2.staticflickr.com/1594/23899108390_907800dc76_m.jpg", "link": "https://www.flickr.com/photos/115096994@N02/23899108390", "url_b": "https://farm2.staticflickr.com/1594/23899108390_907800dc76_b.jpg", "title": "Thames_Sword0025_Thames_Sword0026_fb"}, "n_answers": 3, "quorum": 0, "calibration": 0, "created": "2016-01-05T17:53:03.971694", "state": "completed", "project_id": 277, "id": 51195, "priority_0": 0.0}, {"info": {"url": "https://farm2.staticflickr.com/1600/24194707725_39b79271e9.jpg", "url_m": "https://farm2.staticflickr.com/1600/24194707725_39b79271e9_m.jpg", "link": "https://www.flickr.com/photos/115096994@N02/24194707725", "url_b": "https://farm2.staticflickr.com/1600/24194707725_39b79271e9_b.jpg", "title": "Thames_Sword0027_Thames_Sword0028_fb"}, "n_answers": 3, "quorum": 0, "calibration": 0, "created": "2016-01-05T17:53:03.999072", "state": "completed", "project_id": 277, "id": 51196, "priority_0": 0.0}, {"info": {"url": "https://farm2.staticflickr.com/1441/24194707115_ce9a2c27c8.jpg", "url_m": "https://farm2.staticflickr.com/1441/24194707115_ce9a2c27c8_m.jpg", "link": "https://www.flickr.com/photos/115096994@N02/24194707115", "url_b": "https://farm2.staticflickr.com/1441/24194707115_ce9a2c27c8_b.jpg", "title": "Thames_Sword0029_Thames_Sword0030_fb"}, "n_answers": 3, "quorum": 0, "calibration": 0, "created": "2016-01-05T17:53:04.029931", "state": "completed", "project_id": 277, "id": 51197, "priority_0": 0.0}, {"info": {"url": "https://farm2.staticflickr.com/1460/23899106480_ec7f8d0ccc.jpg", "url_m": "https://farm2.staticflickr.com/1460/23899106480_ec7f8d0ccc_m.jpg", "link": "https://www.flickr.com/photos/115096994@N02/23899106480", "url_b": "https://farm2.staticflickr.com/1460/23899106480_ec7f8d0ccc_b.jpg", "title": "Thames_Sword0031_Thames_Sword0032_fb"}, "n_answers": 3, "quorum": 0, "calibration": 0, "created": "2016-01-05T17:53:04.057606", "state": "completed", "project_id": 277, "id": 51198, "priority_0": 0.0}, {"info": {"url": "https://farm2.staticflickr.com/1591/23826910999_703d71b0b9.jpg", "url_m": "https://farm2.staticflickr.com/1591/23826910999_703d71b0b9_m.jpg", "link": "https://www.flickr.com/photos/115096994@N02/23826910999", "url_b": "https://farm2.staticflickr.com/1591/23826910999_703d71b0b9_b.jpg", "title": "Thames_Sword0033_Thames_Sword0034_fb"}, "n_answers": 3, "quorum": 0, "calibration": 0, "created": "2016-01-05T17:53:04.089114", "state": "completed", "project_id": 277, "id": 51199, "priority_0": 0.0}, {"info": {"url": "https://farm2.staticflickr.com/1644/23566536324_aaa4baf75c.jpg", "url_m": "https://farm2.staticflickr.com/1644/23566536324_aaa4baf75c_m.jpg", "link": "https://www.flickr.com/photos/115096994@N02/23566536324", "url_b": "https://farm2.staticflickr.com/1644/23566536324_aaa4baf75c_b.jpg", "title": "Thames_Sword0035_Thames_Sword0036_fb"}, "n_answers": 3, "quorum": 0, "calibration": 0, "created": "2016-01-05T17:53:04.115481", "state": "completed", "project_id": 277, "id": 51200, "priority_0": 0.0}, {"info": {"url": "https://farm2.staticflickr.com/1624/23567911003_e099c8db6e.jpg", "url_m": "https://farm2.staticflickr.com/1624/23567911003_e099c8db6e_m.jpg", "link": "https://www.flickr.com/photos/115096994@N02/23567911003", "url_b": "https://farm2.staticflickr.com/1624/23567911003_e099c8db6e_b.jpg", "title": "Thames_Sword0037_Thames_Sword0038_fb"}, "n_answers": 3, "quorum": 0, "calibration": 0, "created": "2016-01-05T17:53:04.140354", "state": "completed", "project_id": 277, "id": 51201, "priority_0": 0.0}, {"info": {"url": "https://farm2.staticflickr.com/1452/24086673332_dc990928e3.jpg", "url_m": "https://farm2.staticflickr.com/1452/24086673332_dc990928e3_m.jpg", "link": "https://www.flickr.com/photos/115096994@N02/24086673332", "url_b": "https://farm2.staticflickr.com/1452/24086673332_dc990928e3_b.jpg", "title": "Thames_Sword0039_Thames_Sword0040_fb"}, "n_answers": 3, "quorum": 0, "calibration": 0, "created": "2016-01-05T17:53:04.165354", "state": "completed", "project_id": 277, "id": 51202, "priority_0": 0.0}, {"info": {"url": "https://farm2.staticflickr.com/1444/24112109961_b57c46837a.jpg", "url_m": "https://farm2.staticflickr.com/1444/24112109961_b57c46837a_m.jpg", "link": "https://www.flickr.com/photos/115096994@N02/24112109961", "url_b": "https://farm2.staticflickr.com/1444/24112109961_b57c46837a_b.jpg", "title": "Thames_Sword0041_Thames_Sword0042_fb"}, "n_answers": 3, "quorum": 0, "calibration": 0, "created": "2016-01-05T17:53:04.190495", "state": "completed", "project_id": 277, "id": 51203, "priority_0": 0.0}, {"info": {"url": "https://farm2.staticflickr.com/1479/23567909113_f578dc09bf.jpg", "url_m": "https://farm2.staticflickr.com/1479/23567909113_f578dc09bf_m.jpg", "link": "https://www.flickr.com/photos/115096994@N02/23567909113", "url_b": "https://farm2.staticflickr.com/1479/23567909113_f578dc09bf_b.jpg", "title": "Thames_Sword0043_Thames_Sword0044_fb"}, "n_answers": 3, "quorum": 0, "calibration": 0, "created": "2016-01-05T17:53:04.215554", "state": "completed", "project_id": 277, "id": 51204, "priority_0": 0.0}, {"info": {"url": "https://farm2.staticflickr.com/1468/24168624396_0a141c313e.jpg", "url_m": "https://farm2.staticflickr.com/1468/24168624396_0a141c313e_m.jpg", "link": "https://www.flickr.com/photos/115096994@N02/24168624396", "url_b": "https://farm2.staticflickr.com/1468/24168624396_0a141c313e_b.jpg", "title": "Thames_Sword0045_Thames_Sword0046_fb"}, "n_answers": 3, "quorum": 0, "calibration": 0, "created": "2016-01-05T17:53:04.240481", "state": "completed", "project_id": 277, "id": 51205, "priority_0": 0.0}, {"info": {"url": "https://farm2.staticflickr.com/1488/24168623786_14a21f24dd.jpg", "url_m": "https://farm2.staticflickr.com/1488/24168623786_14a21f24dd_m.jpg", "link": "https://www.flickr.com/photos/115096994@N02/24168623786", "url_b": "https://farm2.staticflickr.com/1488/24168623786_14a21f24dd_b.jpg", "title": "Thames_Sword0047_Thames_Sword0048_fb"}, "n_answers": 3, "quorum": 0, "calibration": 0, "created": "2016-01-05T17:53:04.265541", "state": "completed", "project_id": 277, "id": 51206, "priority_0": 0.0}, {"info": {"url": "https://farm2.staticflickr.com/1589/24086670852_403318df67.jpg", "url_m": "https://farm2.staticflickr.com/1589/24086670852_403318df67_m.jpg", "link": "https://www.flickr.com/photos/115096994@N02/24086670852", "url_b": "https://farm2.staticflickr.com/1589/24086670852_403318df67_b.jpg", "title": "Thames_Sword0049_Thames_Sword0050_fb"}, "n_answers": 3, "quorum": 0, "calibration": 0, "created": "2016-01-05T17:53:04.290530", "state": "completed", "project_id": 277, "id": 51207, "priority_0": 0.0}, {"info": {"url": "https://farm2.staticflickr.com/1641/24168623166_f09fafd5e4.jpg", "url_m": "https://farm2.staticflickr.com/1641/24168623166_f09fafd5e4_m.jpg", "link": "https://www.flickr.com/photos/115096994@N02/24168623166", "url_b": "https://farm2.staticflickr.com/1641/24168623166_f09fafd5e4_b.jpg", "title": "Thames_Sword0051_Thames_Sword0052_fb"}, "n_answers": 3, "quorum": 0, "calibration": 0, "created": "2016-01-05T17:53:04.315565", "state": "completed", "project_id": 277, "id": 51208, "priority_0": 0.0}, {"info": {"url": "https://farm2.staticflickr.com/1445/24168622346_2f9e49fc44.jpg", "url_m": "https://farm2.staticflickr.com/1445/24168622346_2f9e49fc44_m.jpg", "link": "https://www.flickr.com/photos/115096994@N02/24168622346", "url_b": "https://farm2.staticflickr.com/1445/24168622346_2f9e49fc44_b.jpg", "title": "Thames_Sword0053_Thames_Sword0054_fb"}, "n_answers": 3, "quorum": 0, "calibration": 0, "created": "2016-01-05T17:53:04.341082", "state": "completed", "project_id": 277, "id": 51209, "priority_0": 0.0}, {"info": {"url": "https://farm2.staticflickr.com/1648/24168621706_1131c8fe4d.jpg", "url_m": "https://farm2.staticflickr.com/1648/24168621706_1131c8fe4d_m.jpg", "link": "https://www.flickr.com/photos/115096994@N02/24168621706", "url_b": "https://farm2.staticflickr.com/1648/24168621706_1131c8fe4d_b.jpg", "title": "Thames_Sword0055_Thames_Sword0056_fb"}, "n_answers": 3, "quorum": 0, "calibration": 0, "created": "2016-01-05T17:53:04.371876", "state": "completed", "project_id": 277, "id": 51210, "priority_0": 0.0}, {"info": {"url": "https://farm2.staticflickr.com/1479/23566530164_82a929ae3f.jpg", "url_m": "https://farm2.staticflickr.com/1479/23566530164_82a929ae3f_m.jpg", "link": "https://www.flickr.com/photos/115096994@N02/23566530164", "url_b": "https://farm2.staticflickr.com/1479/23566530164_82a929ae3f_b.jpg", "title": "Thames_Sword0057_Thames_Sword0058_fb"}, "n_answers": 3, "quorum": 0, "calibration": 0, "created": "2016-01-05T17:53:04.398899", "state": "completed", "project_id": 277, "id": 51211, "priority_0": 0.0}, {"info": {"url": "https://farm2.staticflickr.com/1500/24168620046_1b44a24596.jpg", "url_m": "https://farm2.staticflickr.com/1500/24168620046_1b44a24596_m.jpg", "link": "https://www.flickr.com/photos/115096994@N02/24168620046", "url_b": "https://farm2.staticflickr.com/1500/24168620046_1b44a24596_b.jpg", "title": "Thames_Sword0059_Thames_Sword0060_fb"}, "n_answers": 3, "quorum": 0, "calibration": 0, "created": "2016-01-05T17:53:04.430146", "state": "completed", "project_id": 277, "id": 51212, "priority_0": 0.0}, {"info": {"url": "https://farm2.staticflickr.com/1490/23566528884_ac0d21f7ae.jpg", "url_m": "https://farm2.staticflickr.com/1490/23566528884_ac0d21f7ae_m.jpg", "link": "https://www.flickr.com/photos/115096994@N02/23566528884", "url_b": "https://farm2.staticflickr.com/1490/23566528884_ac0d21f7ae_b.jpg", "title": "Thames_Sword0061_Thames_Sword0062_fb"}, "n_answers": 3, "quorum": 0, "calibration": 0, "created": "2016-01-05T17:53:04.457384", "state": "completed", "project_id": 277, "id": 51213, "priority_0": 0.0}, {"info": {"url": "https://farm2.staticflickr.com/1696/24194696285_203ac677c9.jpg", "url_m": "https://farm2.staticflickr.com/1696/24194696285_203ac677c9_m.jpg", "link": "https://www.flickr.com/photos/115096994@N02/24194696285", "url_b": "https://farm2.staticflickr.com/1696/24194696285_203ac677c9_b.jpg", "title": "Thames_Sword0063_Thames_Sword0064_fb"}, "n_answers": 3, "quorum": 0, "calibration": 0, "created": "2016-01-05T17:53:04.482173", "state": "completed", "project_id": 277, "id": 51214, "priority_0": 0.0}, {"info": {"url": "https://farm2.staticflickr.com/1543/24112102241_cd2dfa2365.jpg", "url_m": "https://farm2.staticflickr.com/1543/24112102241_cd2dfa2365_m.jpg", "link": "https://www.flickr.com/photos/115096994@N02/24112102241", "url_b": "https://farm2.staticflickr.com/1543/24112102241_cd2dfa2365_b.jpg", "title": "Thames_Sword0065_Thames_Sword0066_fb"}, "n_answers": 3, "quorum": 0, "calibration": 0, "created": "2016-01-05T17:53:04.506972", "state": "completed", "project_id": 277, "id": 51215, "priority_0": 0.0}, {"info": {"url": "https://farm2.staticflickr.com/1454/24112101521_e794de0dc6.jpg", "url_m": "https://farm2.staticflickr.com/1454/24112101521_e794de0dc6_m.jpg", "link": "https://www.flickr.com/photos/115096994@N02/24112101521", "url_b": "https://farm2.staticflickr.com/1454/24112101521_e794de0dc6_b.jpg", "title": "Thames_Sword0067_Thames_Sword0068_fb"}, "n_answers": 3, "quorum": 0, "calibration": 0, "created": "2016-01-05T17:53:04.532108", "state": "completed", "project_id": 277, "id": 51216, "priority_0": 0.0}, {"info": {"url": "https://farm2.staticflickr.com/1654/23826899499_32d8fe9ea5.jpg", "url_m": "https://farm2.staticflickr.com/1654/23826899499_32d8fe9ea5_m.jpg", "link": "https://www.flickr.com/photos/115096994@N02/23826899499", "url_b": "https://farm2.staticflickr.com/1654/23826899499_32d8fe9ea5_b.jpg", "title": "Thames_Sword0069_Thames_Sword0070_fb"}, "n_answers": 3, "quorum": 0, "calibration": 0, "created": "2016-01-05T17:53:04.556693", "state": "completed", "project_id": 277, "id": 51217, "priority_0": 0.0}, {"info": {"url": "https://farm2.staticflickr.com/1673/23826898879_eee2b5424c.jpg", "url_m": "https://farm2.staticflickr.com/1673/23826898879_eee2b5424c_m.jpg", "link": "https://www.flickr.com/photos/115096994@N02/23826898879", "url_b": "https://farm2.staticflickr.com/1673/23826898879_eee2b5424c_b.jpg", "title": "Thames_Sword0071_Thames_Sword0072_fb"}, "n_answers": 3, "quorum": 0, "calibration": 0, "created": "2016-01-05T17:53:04.583265", "state": "completed", "project_id": 277, "id": 51218, "priority_0": 0.0}, {"info": {"url": "https://farm2.staticflickr.com/1635/24194693225_baff2a1aea.jpg", "url_m": "https://farm2.staticflickr.com/1635/24194693225_baff2a1aea_m.jpg", "link": "https://www.flickr.com/photos/115096994@N02/24194693225", "url_b": "https://farm2.staticflickr.com/1635/24194693225_baff2a1aea_b.jpg", "title": "Thames_Sword0073_Thames_Sword0074_fb"}, "n_answers": 3, "quorum": 0, "calibration": 0, "created": "2016-01-05T17:53:04.613693", "state": "completed", "project_id": 277, "id": 51219, "priority_0": 0.0}, {"info": {"url": "https://farm2.staticflickr.com/1593/24086661922_5bd4d19d4d.jpg", "url_m": "https://farm2.staticflickr.com/1593/24086661922_5bd4d19d4d_m.jpg", "link": "https://www.flickr.com/photos/115096994@N02/24086661922", "url_b": "https://farm2.staticflickr.com/1593/24086661922_5bd4d19d4d_b.jpg", "title": "Thames_Sword0075_Thames_Sword0076_fb"}, "n_answers": 3, "quorum": 0, "calibration": 0, "created": "2016-01-05T17:53:04.642389", "state": "completed", "project_id": 277, "id": 51220, "priority_0": 0.0}, {"info": {"url": "https://farm2.staticflickr.com/1679/24112098121_f0bb91cce9.jpg", "url_m": "https://farm2.staticflickr.com/1679/24112098121_f0bb91cce9_m.jpg", "link": "https://www.flickr.com/photos/115096994@N02/24112098121", "url_b": "https://farm2.staticflickr.com/1679/24112098121_f0bb91cce9_b.jpg", "title": "Thames_Sword0077_Thames_Sword0078_fb"}, "n_answers": 3, "quorum": 0, "calibration": 0, "created": "2016-01-05T17:53:04.671964", "state": "completed", "project_id": 277, "id": 51221, "priority_0": 0.0}, {"info": {"url": "https://farm2.staticflickr.com/1522/23826895699_ef2f65b91b.jpg", "url_m": "https://farm2.staticflickr.com/1522/23826895699_ef2f65b91b_m.jpg", "link": "https://www.flickr.com/photos/115096994@N02/23826895699", "url_b": "https://farm2.staticflickr.com/1522/23826895699_ef2f65b91b_b.jpg", "title": "Thames_Sword0079_Thames_Sword0080_fb"}, "n_answers": 3, "quorum": 0, "calibration": 0, "created": "2016-01-05T17:53:04.699050", "state": "completed", "project_id": 277, "id": 51222, "priority_0": 0.0}, {"info": {"url": "https://farm2.staticflickr.com/1649/23566522454_09a2fbb6e6.jpg", "url_m": "https://farm2.staticflickr.com/1649/23566522454_09a2fbb6e6_m.jpg", "link": "https://www.flickr.com/photos/115096994@N02/23566522454", "url_b": "https://farm2.staticflickr.com/1649/23566522454_09a2fbb6e6_b.jpg", "title": "Thames_Sword0081_Thames_Sword0082_fb"}, "n_answers": 3, "quorum": 0, "calibration": 0, "created": "2016-01-05T17:53:04.724295", "state": "completed", "project_id": 277, "id": 51223, "priority_0": 0.0}, {"info": {"url": "https://farm2.staticflickr.com/1516/24168612106_945a456126.jpg", "url_m": "https://farm2.staticflickr.com/1516/24168612106_945a456126_m.jpg", "link": "https://www.flickr.com/photos/115096994@N02/24168612106", "url_b": "https://farm2.staticflickr.com/1516/24168612106_945a456126_b.jpg", "title": "Thames_Sword0083_Thames_Sword0084_fb"}, "n_answers": 3, "quorum": 0, "calibration": 0, "created": "2016-01-05T17:53:04.755583", "state": "completed", "project_id": 277, "id": 51224, "priority_0": 0.0}, {"info": {"url": "https://farm2.staticflickr.com/1679/24194689435_a3811ff136.jpg", "url_m": "https://farm2.staticflickr.com/1679/24194689435_a3811ff136_m.jpg", "link": "https://www.flickr.com/photos/115096994@N02/24194689435", "url_b": "https://farm2.staticflickr.com/1679/24194689435_a3811ff136_b.jpg", "title": "Thames_Sword0085_Thames_Sword0086_fb"}, "n_answers": 3, "quorum": 0, "calibration": 0, "created": "2016-01-05T17:53:04.782948", "state": "completed", "project_id": 277, "id": 51225, "priority_0": 0.0}, {"info": {"url": "https://farm2.staticflickr.com/1662/23899089470_ec18c5b0cc.jpg", "url_m": "https://farm2.staticflickr.com/1662/23899089470_ec18c5b0cc_m.jpg", "link": "https://www.flickr.com/photos/115096994@N02/23899089470", "url_b": "https://farm2.staticflickr.com/1662/23899089470_ec18c5b0cc_b.jpg", "title": "Thames_Sword0087_Thames_Sword0088_fb"}, "n_answers": 3, "quorum": 0, "calibration": 0, "created": "2016-01-05T17:53:04.813894", "state": "completed", "project_id": 277, "id": 51226, "priority_0": 0.0}, {"info": {"url": "https://farm2.staticflickr.com/1703/24112095761_2d5a2f7355.jpg", "url_m": "https://farm2.staticflickr.com/1703/24112095761_2d5a2f7355_m.jpg", "link": "https://www.flickr.com/photos/115096994@N02/24112095761", "url_b": "https://farm2.staticflickr.com/1703/24112095761_2d5a2f7355_b.jpg", "title": "Thames_Sword0089_Thames_Sword0090_fb"}, "n_answers": 3, "quorum": 0, "calibration": 0, "created": "2016-01-05T17:53:04.861254", "state": "completed", "project_id": 277, "id": 51227, "priority_0": 0.0}, {"info": {"url": "https://farm2.staticflickr.com/1618/24086658542_de1acb231a.jpg", "url_m": "https://farm2.staticflickr.com/1618/24086658542_de1acb231a_m.jpg", "link": "https://www.flickr.com/photos/115096994@N02/24086658542", "url_b": "https://farm2.staticflickr.com/1618/24086658542_de1acb231a_b.jpg", "title": "Thames_Sword0091_Thames_Sword0092_fb"}, "n_answers": 3, "quorum": 0, "calibration": 0, "created": "2016-01-05T17:53:04.890677", "state": "completed", "project_id": 277, "id": 51228, "priority_0": 0.0}, {"info": {"url": "https://farm2.staticflickr.com/1697/24086657772_74f72e5d0e.jpg", "url_m": "https://farm2.staticflickr.com/1697/24086657772_74f72e5d0e_m.jpg", "link": "https://www.flickr.com/photos/115096994@N02/24086657772", "url_b": "https://farm2.staticflickr.com/1697/24086657772_74f72e5d0e_b.jpg", "title": "Thames_Sword0093_Thames_Sword0094_fb"}, "n_answers": 3, "quorum": 0, "calibration": 0, "created": "2016-01-05T17:53:04.915643", "state": "completed", "project_id": 277, "id": 51229, "priority_0": 0.0}, {"info": {"url": "https://farm2.staticflickr.com/1668/23826892829_e3ed730fa3.jpg", "url_m": "https://farm2.staticflickr.com/1668/23826892829_e3ed730fa3_m.jpg", "link": "https://www.flickr.com/photos/115096994@N02/23826892829", "url_b": "https://farm2.staticflickr.com/1668/23826892829_e3ed730fa3_b.jpg", "title": "Thames_Sword0095_Thames_Sword0096_fb"}, "n_answers": 3, "quorum": 0, "calibration": 0, "created": "2016-01-05T17:53:04.940818", "state": "completed", "project_id": 277, "id": 51230, "priority_0": 0.0}, {"info": {"url": "https://farm2.staticflickr.com/1605/23826892519_e37da12cfa.jpg", "url_m": "https://farm2.staticflickr.com/1605/23826892519_e37da12cfa_m.jpg", "link": "https://www.flickr.com/photos/115096994@N02/23826892519", "url_b": "https://farm2.staticflickr.com/1605/23826892519_e37da12cfa_b.jpg", "title": "Thames_Sword0097_Thames_Sword0098_fb"}, "n_answers": 3, "quorum": 0, "calibration": 0, "created": "2016-01-05T17:53:04.965720", "state": "completed", "project_id": 277, "id": 51231, "priority_0": 0.0}, {"info": {"url": "https://farm2.staticflickr.com/1533/24194686805_0f160fbf71.jpg", "url_m": "https://farm2.staticflickr.com/1533/24194686805_0f160fbf71_m.jpg", "link": "https://www.flickr.com/photos/115096994@N02/24194686805", "url_b": "https://farm2.staticflickr.com/1533/24194686805_0f160fbf71_b.jpg", "title": "Thames_Sword0099_Thames_Sword0100_fb"}, "n_answers": 3, "quorum": 0, "calibration": 0, "created": "2016-01-05T17:53:04.990878", "state": "completed", "project_id": 277, "id": 51232, "priority_0": 0.0}, {"info": {"url": "https://farm2.staticflickr.com/1468/23566518014_46bea7e4a0.jpg", "url_m": "https://farm2.staticflickr.com/1468/23566518014_46bea7e4a0_m.jpg", "link": "https://www.flickr.com/photos/115096994@N02/23566518014", "url_b": "https://farm2.staticflickr.com/1468/23566518014_46bea7e4a0_b.jpg", "title": "Thames_Sword0101_Thames_Sword0102_fb"}, "n_answers": 3, "quorum": 0, "calibration": 0, "created": "2016-01-05T17:53:05.015923", "state": "completed", "project_id": 277, "id": 51233, "priority_0": 0.0}, {"info": {"url": "https://farm2.staticflickr.com/1592/24168608556_7db37c8e2d.jpg", "url_m": "https://farm2.staticflickr.com/1592/24168608556_7db37c8e2d_m.jpg", "link": "https://www.flickr.com/photos/115096994@N02/24168608556", "url_b": "https://farm2.staticflickr.com/1592/24168608556_7db37c8e2d_b.jpg", "title": "Thames_Sword0103_Thames_Sword0104_fb"}, "n_answers": 3, "quorum": 0, "calibration": 0, "created": "2016-01-05T17:53:05.040877", "state": "completed", "project_id": 277, "id": 51234, "priority_0": 0.0}, {"info": {"url": "https://farm2.staticflickr.com/1636/23826890489_4c953be6c2.jpg", "url_m": "https://farm2.staticflickr.com/1636/23826890489_4c953be6c2_m.jpg", "link": "https://www.flickr.com/photos/115096994@N02/23826890489", "url_b": "https://farm2.staticflickr.com/1636/23826890489_4c953be6c2_b.jpg", "title": "Thames_Sword0105_Thames_Sword0106_fb"}, "n_answers": 3, "quorum": 0, "calibration": 0, "created": "2016-01-05T17:53:05.087177", "state": "completed", "project_id": 277, "id": 51235, "priority_0": 0.0}, {"info": {"url": "https://farm2.staticflickr.com/1712/24168607076_31fd1890cd.jpg", "url_m": "https://farm2.staticflickr.com/1712/24168607076_31fd1890cd_m.jpg", "link": "https://www.flickr.com/photos/115096994@N02/24168607076", "url_b": "https://farm2.staticflickr.com/1712/24168607076_31fd1890cd_b.jpg", "title": "Thames_Sword0107_Thames_Sword0108_fb"}, "n_answers": 3, "quorum": 0, "calibration": 0, "created": "2016-01-05T17:53:05.122045", "state": "completed", "project_id": 277, "id": 51236, "priority_0": 0.0}, {"info": {"url": "https://farm2.staticflickr.com/1661/23826889419_f43d66922c.jpg", "url_m": "https://farm2.staticflickr.com/1661/23826889419_f43d66922c_m.jpg", "link": "https://www.flickr.com/photos/115096994@N02/23826889419", "url_b": "https://farm2.staticflickr.com/1661/23826889419_f43d66922c_b.jpg", "title": "Thames_Sword0109_Thames_Sword0110_fb"}, "n_answers": 3, "quorum": 0, "calibration": 0, "created": "2016-01-05T17:53:05.163893", "state": "completed", "project_id": 277, "id": 51237, "priority_0": 0.0}, {"info": {"url": "https://farm2.staticflickr.com/1716/24194683215_1683368a85.jpg", "url_m": "https://farm2.staticflickr.com/1716/24194683215_1683368a85_m.jpg", "link": "https://www.flickr.com/photos/115096994@N02/24194683215", "url_b": "https://farm2.staticflickr.com/1716/24194683215_1683368a85_b.jpg", "title": "Thames_Sword0111_Thames_Sword0112_fb"}, "n_answers": 3, "quorum": 0, "calibration": 0, "created": "2016-01-05T17:53:05.191687", "state": "completed", "project_id": 277, "id": 51238, "priority_0": 0.0}, {"info": {"url": "https://farm2.staticflickr.com/1699/24112089161_d7de989aee.jpg", "url_m": "https://farm2.staticflickr.com/1699/24112089161_d7de989aee_m.jpg", "link": "https://www.flickr.com/photos/115096994@N02/24112089161", "url_b": "https://farm2.staticflickr.com/1699/24112089161_d7de989aee_b.jpg", "title": "Thames_Sword0113_Thames_Sword0114_fb"}, "n_answers": 3, "quorum": 0, "calibration": 0, "created": "2016-01-05T17:53:05.222221", "state": "completed", "project_id": 277, "id": 51239, "priority_0": 0.0}, {"info": {"url": "https://farm2.staticflickr.com/1486/23826887919_923d830285.jpg", "url_m": "https://farm2.staticflickr.com/1486/23826887919_923d830285_m.jpg", "link": "https://www.flickr.com/photos/115096994@N02/23826887919", "url_b": "https://farm2.staticflickr.com/1486/23826887919_923d830285_b.jpg", "title": "Thames_Sword0115_Thames_Sword0116_fb"}, "n_answers": 3, "quorum": 0, "calibration": 0, "created": "2016-01-05T17:53:05.249437", "state": "completed", "project_id": 277, "id": 51240, "priority_0": 0.0}, {"info": {"url": "https://farm2.staticflickr.com/1552/24168604436_2eb19bf807.jpg", "url_m": "https://farm2.staticflickr.com/1552/24168604436_2eb19bf807_m.jpg", "link": "https://www.flickr.com/photos/115096994@N02/24168604436", "url_b": "https://farm2.staticflickr.com/1552/24168604436_2eb19bf807_b.jpg", "title": "Thames_Sword0117_Thames_Sword0118_fb"}, "n_answers": 3, "quorum": 0, "calibration": 0, "created": "2016-01-05T17:53:05.274409", "state": "completed", "project_id": 277, "id": 51241, "priority_0": 0.0}, {"info": {"url": "https://farm2.staticflickr.com/1596/24168603576_ca0f687a53.jpg", "url_m": "https://farm2.staticflickr.com/1596/24168603576_ca0f687a53_m.jpg", "link": "https://www.flickr.com/photos/115096994@N02/24168603576", "url_b": "https://farm2.staticflickr.com/1596/24168603576_ca0f687a53_b.jpg", "title": "Thames_Sword0119_Thames_Sword0120_fb"}, "n_answers": 3, "quorum": 0, "calibration": 0, "created": "2016-01-05T17:53:05.299286", "state": "completed", "project_id": 277, "id": 51242, "priority_0": 0.0}, {"info": {"url": "https://farm2.staticflickr.com/1498/23567887213_a976dcfb50.jpg", "url_m": "https://farm2.staticflickr.com/1498/23567887213_a976dcfb50_m.jpg", "link": "https://www.flickr.com/photos/115096994@N02/23567887213", "url_b": "https://farm2.staticflickr.com/1498/23567887213_a976dcfb50_b.jpg", "title": "Thames_Sword0121_Thames_Sword0122_fb"}, "n_answers": 3, "quorum": 0, "calibration": 0, "created": "2016-01-05T17:53:05.324446", "state": "completed", "project_id": 277, "id": 51243, "priority_0": 0.0}, {"info": {"url": "https://farm2.staticflickr.com/1718/24168602396_b4365e092b.jpg", "url_m": "https://farm2.staticflickr.com/1718/24168602396_b4365e092b_m.jpg", "link": "https://www.flickr.com/photos/115096994@N02/24168602396", "url_b": "https://farm2.staticflickr.com/1718/24168602396_b4365e092b_b.jpg", "title": "Thames_Sword0123_Thames_Sword0124_fb"}, "n_answers": 3, "quorum": 0, "calibration": 0, "created": "2016-01-05T17:53:05.349493", "state": "completed", "project_id": 277, "id": 51244, "priority_0": 0.0}, {"info": {"url": "https://farm2.staticflickr.com/1598/24194679255_1238d4d24d.jpg", "url_m": "https://farm2.staticflickr.com/1598/24194679255_1238d4d24d_m.jpg", "link": "https://www.flickr.com/photos/115096994@N02/24194679255", "url_b": "https://farm2.staticflickr.com/1598/24194679255_1238d4d24d_b.jpg", "title": "Thames_Sword0125_Thames_Sword0126_fb"}, "n_answers": 3, "quorum": 0, "calibration": 0, "created": "2016-01-05T17:53:05.374478", "state": "completed", "project_id": 277, "id": 51245, "priority_0": 0.0}, {"info": {"url": "https://farm2.staticflickr.com/1654/24112084701_f3e2f43bc0.jpg", "url_m": "https://farm2.staticflickr.com/1654/24112084701_f3e2f43bc0_m.jpg", "link": "https://www.flickr.com/photos/115096994@N02/24112084701", "url_b": "https://farm2.staticflickr.com/1654/24112084701_f3e2f43bc0_b.jpg", "title": "Thames_Sword0127_Thames_Sword0128_fb"}, "n_answers": 3, "quorum": 0, "calibration": 0, "created": "2016-01-05T17:53:05.399410", "state": "completed", "project_id": 277, "id": 51246, "priority_0": 0.0}, {"info": {"url": "https://farm2.staticflickr.com/1469/23566509134_5785d9b974.jpg", "url_m": "https://farm2.staticflickr.com/1469/23566509134_5785d9b974_m.jpg", "link": "https://www.flickr.com/photos/115096994@N02/23566509134", "url_b": "https://farm2.staticflickr.com/1469/23566509134_5785d9b974_b.jpg", "title": "Thames_Sword0129_Thames_Sword0130_fb"}, "n_answers": 3, "quorum": 0, "calibration": 0, "created": "2016-01-05T17:53:05.424468", "state": "completed", "project_id": 277, "id": 51247, "priority_0": 0.0}, {"info": {"url": "https://farm2.staticflickr.com/1487/24168599596_962b390153.jpg", "url_m": "https://farm2.staticflickr.com/1487/24168599596_962b390153_m.jpg", "link": "https://www.flickr.com/photos/115096994@N02/24168599596", "url_b": "https://farm2.staticflickr.com/1487/24168599596_962b390153_b.jpg", "title": "Thames_Sword0131_Thames_Sword0132_fb"}, "n_answers": 3, "quorum": 0, "calibration": 0, "created": "2016-01-05T17:53:05.456007", "state": "completed", "project_id": 277, "id": 51248, "priority_0": 0.0}, {"info": {"url": "https://farm2.staticflickr.com/1555/23899076930_76cc3225e5.jpg", "url_m": "https://farm2.staticflickr.com/1555/23899076930_76cc3225e5_m.jpg", "link": "https://www.flickr.com/photos/115096994@N02/23899076930", "url_b": "https://farm2.staticflickr.com/1555/23899076930_76cc3225e5_b.jpg", "title": "Thames_Sword0133_Thames_Sword0134_fb"}, "n_answers": 3, "quorum": 0, "calibration": 0, "created": "2016-01-05T17:53:05.483505", "state": "completed", "project_id": 277, "id": 51249, "priority_0": 0.0}, {"info": {"url": "https://farm2.staticflickr.com/1587/23899076490_56ce2f78fb.jpg", "url_m": "https://farm2.staticflickr.com/1587/23899076490_56ce2f78fb_m.jpg", "link": "https://www.flickr.com/photos/115096994@N02/23899076490", "url_b": "https://farm2.staticflickr.com/1587/23899076490_56ce2f78fb_b.jpg", "title": "Thames_Sword0135_Thames_Sword0136_fb"}, "n_answers": 3, "quorum": 0, "calibration": 0, "created": "2016-01-05T17:53:05.513986", "state": "completed", "project_id": 277, "id": 51250, "priority_0": 0.0}, {"info": {"url": "https://farm2.staticflickr.com/1492/24086645772_0ef003daed.jpg", "url_m": "https://farm2.staticflickr.com/1492/24086645772_0ef003daed_m.jpg", "link": "https://www.flickr.com/photos/115096994@N02/24086645772", "url_b": "https://farm2.staticflickr.com/1492/24086645772_0ef003daed_b.jpg", "title": "Thames_Sword0137_Thames_Sword0138_fb"}, "n_answers": 3, "quorum": 0, "calibration": 0, "created": "2016-01-05T17:53:05.541128", "state": "completed", "project_id": 277, "id": 51251, "priority_0": 0.0}, {"info": {"url": "https://farm2.staticflickr.com/1617/23567881023_abe5d73674.jpg", "url_m": "https://farm2.staticflickr.com/1617/23567881023_abe5d73674_m.jpg", "link": "https://www.flickr.com/photos/115096994@N02/23567881023", "url_b": "https://farm2.staticflickr.com/1617/23567881023_abe5d73674_b.jpg", "title": "Thames_Sword0139_Thames_Sword0140_fb"}, "n_answers": 3, "quorum": 0, "calibration": 0, "created": "2016-01-05T17:53:05.566121", "state": "completed", "project_id": 277, "id": 51252, "priority_0": 0.0}, {"info": {"url": "https://farm2.staticflickr.com/1549/24112080031_82bc30a29b.jpg", "url_m": "https://farm2.staticflickr.com/1549/24112080031_82bc30a29b_m.jpg", "link": "https://www.flickr.com/photos/115096994@N02/24112080031", "url_b": "https://farm2.staticflickr.com/1549/24112080031_82bc30a29b_b.jpg", "title": "Thames_Sword0141_Thames_Sword0142_fb"}, "n_answers": 3, "quorum": 0, "calibration": 0, "created": "2016-01-05T17:53:05.591316", "state": "completed", "project_id": 277, "id": 51253, "priority_0": 0.0}, {"info": {"url": "https://farm2.staticflickr.com/1509/24168595606_1eee0770fb.jpg", "url_m": "https://farm2.staticflickr.com/1509/24168595606_1eee0770fb_m.jpg", "link": "https://www.flickr.com/photos/115096994@N02/24168595606", "url_b": "https://farm2.staticflickr.com/1509/24168595606_1eee0770fb_b.jpg", "title": "Thames_Sword0143_Thames_Sword0144_fb"}, "n_answers": 3, "quorum": 0, "calibration": 0, "created": "2016-01-05T17:53:05.616169", "state": "completed", "project_id": 277, "id": 51254, "priority_0": 0.0}, {"info": {"url": "https://farm2.staticflickr.com/1613/23567878903_00cac590e1.jpg", "url_m": "https://farm2.staticflickr.com/1613/23567878903_00cac590e1_m.jpg", "link": "https://www.flickr.com/photos/115096994@N02/23567878903", "url_b": "https://farm2.staticflickr.com/1613/23567878903_00cac590e1_b.jpg", "title": "Thames_Sword0145_Thames_Sword0146_fb"}, "n_answers": 3, "quorum": 0, "calibration": 0, "created": "2016-01-05T17:53:05.641278", "state": "completed", "project_id": 277, "id": 51255, "priority_0": 0.0}, {"info": {"url": "https://farm2.staticflickr.com/1667/24168594566_3e6130e0d4.jpg", "url_m": "https://farm2.staticflickr.com/1667/24168594566_3e6130e0d4_m.jpg", "link": "https://www.flickr.com/photos/115096994@N02/24168594566", "url_b": "https://farm2.staticflickr.com/1667/24168594566_3e6130e0d4_b.jpg", "title": "Thames_Sword0147_Thames_Sword0148_fb"}, "n_answers": 3, "quorum": 0, "calibration": 0, "created": "2016-01-05T17:53:05.666476", "state": "completed", "project_id": 277, "id": 51256, "priority_0": 0.0}, {"info": {"url": "https://farm2.staticflickr.com/1492/24112077431_ca77dd9870.jpg", "url_m": "https://farm2.staticflickr.com/1492/24112077431_ca77dd9870_m.jpg", "link": "https://www.flickr.com/photos/115096994@N02/24112077431", "url_b": "https://farm2.staticflickr.com/1492/24112077431_ca77dd9870_b.jpg", "title": "Thames_Sword0149_Thames_Sword0150_fb"}, "n_answers": 3, "quorum": 0, "calibration": 0, "created": "2016-01-05T17:53:05.697622", "state": "completed", "project_id": 277, "id": 51257, "priority_0": 0.0}, {"info": {"url": "https://farm2.staticflickr.com/1524/23566502364_287e5777cb.jpg", "url_m": "https://farm2.staticflickr.com/1524/23566502364_287e5777cb_m.jpg", "link": "https://www.flickr.com/photos/115096994@N02/23566502364", "url_b": "https://farm2.staticflickr.com/1524/23566502364_287e5777cb_b.jpg", "title": "Thames_Sword0151_Thames_Sword0152_fb"}, "n_answers": 3, "quorum": 0, "calibration": 0, "created": "2016-01-05T17:53:05.724627", "state": "completed", "project_id": 277, "id": 51258, "priority_0": 0.0}, {"info": {"url": "https://farm2.staticflickr.com/1688/23899069960_c98a76da5b.jpg", "url_m": "https://farm2.staticflickr.com/1688/23899069960_c98a76da5b_m.jpg", "link": "https://www.flickr.com/photos/115096994@N02/23899069960", "url_b": "https://farm2.staticflickr.com/1688/23899069960_c98a76da5b_b.jpg", "title": "Thames_Sword0153_Thames_Sword0154_fb"}, "n_answers": 3, "quorum": 0, "calibration": 0, "created": "2016-01-05T17:53:05.749735", "state": "completed", "project_id": 277, "id": 51259, "priority_0": 0.0}, {"info": {"url": "https://farm2.staticflickr.com/1549/23567875623_f14d2a7521.jpg", "url_m": "https://farm2.staticflickr.com/1549/23567875623_f14d2a7521_m.jpg", "link": "https://www.flickr.com/photos/115096994@N02/23567875623", "url_b": "https://farm2.staticflickr.com/1549/23567875623_f14d2a7521_b.jpg", "title": "Thames_Sword0155_Thames_Sword0156_fb"}, "n_answers": 3, "quorum": 0, "calibration": 0, "created": "2016-01-05T17:53:05.775323", "state": "completed", "project_id": 277, "id": 51260, "priority_0": 0.0}, {"info": {"url": "https://farm2.staticflickr.com/1443/23567875353_66e52f8b7a.jpg", "url_m": "https://farm2.staticflickr.com/1443/23567875353_66e52f8b7a_m.jpg", "link": "https://www.flickr.com/photos/115096994@N02/23567875353", "url_b": "https://farm2.staticflickr.com/1443/23567875353_66e52f8b7a_b.jpg", "title": "Thames_Sword0157_Thames_Sword0158_fb"}, "n_answers": 3, "quorum": 0, "calibration": 0, "created": "2016-01-05T17:53:05.805840", "state": "completed", "project_id": 277, "id": 51261, "priority_0": 0.0}, {"info": {"url": "https://farm2.staticflickr.com/1617/24168591136_95ea554b96.jpg", "url_m": "https://farm2.staticflickr.com/1617/24168591136_95ea554b96_m.jpg", "link": "https://www.flickr.com/photos/115096994@N02/24168591136", "url_b": "https://farm2.staticflickr.com/1617/24168591136_95ea554b96_b.jpg", "title": "Thames_Sword0159_Thames_Sword0160_fb"}, "n_answers": 3, "quorum": 0, "calibration": 0, "created": "2016-01-05T17:53:05.833081", "state": "completed", "project_id": 277, "id": 51262, "priority_0": 0.0}, {"info": {"url": "https://farm2.staticflickr.com/1657/23826873449_a97393dfef.jpg", "url_m": "https://farm2.staticflickr.com/1657/23826873449_a97393dfef_m.jpg", "link": "https://www.flickr.com/photos/115096994@N02/23826873449", "url_b": "https://farm2.staticflickr.com/1657/23826873449_a97393dfef_b.jpg", "title": "Thames_Sword0161_Thames_Sword0162_fb"}, "n_answers": 3, "quorum": 0, "calibration": 0, "created": "2016-01-05T17:53:05.858279", "state": "completed", "project_id": 277, "id": 51263, "priority_0": 0.0}, {"info": {"url": "https://farm2.staticflickr.com/1519/24086637212_6108f1d17c.jpg", "url_m": "https://farm2.staticflickr.com/1519/24086637212_6108f1d17c_m.jpg", "link": "https://www.flickr.com/photos/115096994@N02/24086637212", "url_b": "https://farm2.staticflickr.com/1519/24086637212_6108f1d17c_b.jpg", "title": "Thames_Sword0163_Thames_Sword0164_fb"}, "n_answers": 3, "quorum": 0, "calibration": 0, "created": "2016-01-05T17:53:05.889424", "state": "completed", "project_id": 277, "id": 51264, "priority_0": 0.0}, {"info": {"url": "https://farm2.staticflickr.com/1584/23567872673_1d517fa4a4.jpg", "url_m": "https://farm2.staticflickr.com/1584/23567872673_1d517fa4a4_m.jpg", "link": "https://www.flickr.com/photos/115096994@N02/23567872673", "url_b": "https://farm2.staticflickr.com/1584/23567872673_1d517fa4a4_b.jpg", "title": "Thames_Sword0165_Thames_Sword0166_fb"}, "n_answers": 3, "quorum": 0, "calibration": 0, "created": "2016-01-05T17:53:05.916436", "state": "completed", "project_id": 277, "id": 51265, "priority_0": 0.0}, {"info": {"url": "https://farm2.staticflickr.com/1584/24194665805_ca26aa92b5.jpg", "url_m": "https://farm2.staticflickr.com/1584/24194665805_ca26aa92b5_m.jpg", "link": "https://www.flickr.com/photos/115096994@N02/24194665805", "url_b": "https://farm2.staticflickr.com/1584/24194665805_ca26aa92b5_b.jpg", "title": "Thames_Sword0167_Thames_Sword0168_fb"}, "n_answers": 3, "quorum": 0, "calibration": 0, "created": "2016-01-05T17:53:05.941423", "state": "completed", "project_id": 277, "id": 51266, "priority_0": 0.0}, {"info": {"url": "https://farm2.staticflickr.com/1523/23567871603_11343a287b.jpg", "url_m": "https://farm2.staticflickr.com/1523/23567871603_11343a287b_m.jpg", "link": "https://www.flickr.com/photos/115096994@N02/23567871603", "url_b": "https://farm2.staticflickr.com/1523/23567871603_11343a287b_b.jpg", "title": "Thames_Sword0169_Thames_Sword0170_fb"}, "n_answers": 3, "quorum": 0, "calibration": 0, "created": "2016-01-05T17:53:05.966628", "state": "completed", "project_id": 277, "id": 51267, "priority_0": 0.0}, {"info": {"url": "https://farm2.staticflickr.com/1692/23826870239_f10170633c.jpg", "url_m": "https://farm2.staticflickr.com/1692/23826870239_f10170633c_m.jpg", "link": "https://www.flickr.com/photos/115096994@N02/23826870239", "url_b": "https://farm2.staticflickr.com/1692/23826870239_f10170633c_b.jpg", "title": "Thames_Sword0171_Thames_Sword0172_fb"}, "n_answers": 3, "quorum": 0, "calibration": 0, "created": "2016-01-05T17:53:05.997875", "state": "completed", "project_id": 277, "id": 51268, "priority_0": 0.0}, {"info": {"url": "https://farm2.staticflickr.com/1477/24086633912_221d5dc038.jpg", "url_m": "https://farm2.staticflickr.com/1477/24086633912_221d5dc038_m.jpg", "link": "https://www.flickr.com/photos/115096994@N02/24086633912", "url_b": "https://farm2.staticflickr.com/1477/24086633912_221d5dc038_b.jpg", "title": "Thames_Sword0173_Thames_Sword0174_fb"}, "n_answers": 3, "quorum": 0, "calibration": 0, "created": "2016-01-05T17:53:06.025468", "state": "completed", "project_id": 277, "id": 51269, "priority_0": 0.0}, {"info": {"url": "https://farm2.staticflickr.com/1563/24112069821_beec0f5821.jpg", "url_m": "https://farm2.staticflickr.com/1563/24112069821_beec0f5821_m.jpg", "link": "https://www.flickr.com/photos/115096994@N02/24112069821", "url_b": "https://farm2.staticflickr.com/1563/24112069821_beec0f5821_b.jpg", "title": "Thames_Sword0175_Thames_Sword0176_fb"}, "n_answers": 3, "quorum": 0, "calibration": 0, "created": "2016-01-05T17:53:06.254521", "state": "completed", "project_id": 277, "id": 51270, "priority_0": 0.0}, {"info": {"url": "https://farm2.staticflickr.com/1501/23567869183_bfae1bbdcf.jpg", "url_m": "https://farm2.staticflickr.com/1501/23567869183_bfae1bbdcf_m.jpg", "link": "https://www.flickr.com/photos/115096994@N02/23567869183", "url_b": "https://farm2.staticflickr.com/1501/23567869183_bfae1bbdcf_b.jpg", "title": "Thames_Sword0177_Thames_Sword0178_fb"}, "n_answers": 3, "quorum": 0, "calibration": 0, "created": "2016-01-05T17:53:06.300966", "state": "completed", "project_id": 277, "id": 51271, "priority_0": 0.0}, {"info": {"url": "https://farm2.staticflickr.com/1553/24194662655_28b25eb2e7.jpg", "url_m": "https://farm2.staticflickr.com/1553/24194662655_28b25eb2e7_m.jpg", "link": "https://www.flickr.com/photos/115096994@N02/24194662655", "url_b": "https://farm2.staticflickr.com/1553/24194662655_28b25eb2e7_b.jpg", "title": "Thames_Sword0179_Thames_Sword0180_fb"}, "n_answers": 3, "quorum": 0, "calibration": 0, "created": "2016-01-05T17:53:06.331180", "state": "completed", "project_id": 277, "id": 51272, "priority_0": 0.0}, {"info": {"url": "https://farm2.staticflickr.com/1568/23566493314_c92dd3c541.jpg", "url_m": "https://farm2.staticflickr.com/1568/23566493314_c92dd3c541_m.jpg", "link": "https://www.flickr.com/photos/115096994@N02/23566493314", "url_b": "https://farm2.staticflickr.com/1568/23566493314_c92dd3c541_b.jpg", "title": "Thames_Sword0181_Thames_Sword0182_fb"}, "n_answers": 3, "quorum": 0, "calibration": 0, "created": "2016-01-05T17:53:06.358091", "state": "completed", "project_id": 277, "id": 51273, "priority_0": 0.0}, {"info": {"url": "https://farm2.staticflickr.com/1591/23567866543_3fbe40df5a.jpg", "url_m": "https://farm2.staticflickr.com/1591/23567866543_3fbe40df5a_m.jpg", "link": "https://www.flickr.com/photos/115096994@N02/23567866543", "url_b": "https://farm2.staticflickr.com/1591/23567866543_3fbe40df5a_b.jpg", "title": "Thames_Sword0183_Thames_Sword0184_fb"}, "n_answers": 3, "quorum": 0, "calibration": 0, "created": "2016-01-05T17:53:06.383315", "state": "completed", "project_id": 277, "id": 51274, "priority_0": 0.0}, {"info": {"url": "https://farm2.staticflickr.com/1611/23899060320_d68c0bd91f.jpg", "url_m": "https://farm2.staticflickr.com/1611/23899060320_d68c0bd91f_m.jpg", "link": "https://www.flickr.com/photos/115096994@N02/23899060320", "url_b": "https://farm2.staticflickr.com/1611/23899060320_d68c0bd91f_b.jpg", "title": "Thames_Sword0185_Thames_Sword0186_fb"}, "n_answers": 3, "quorum": 0, "calibration": 0, "created": "2016-01-05T17:53:06.408236", "state": "completed", "project_id": 277, "id": 51275, "priority_0": 0.0}, {"info": {"url": "https://farm2.staticflickr.com/1605/23567866013_612ec64e19.jpg", "url_m": "https://farm2.staticflickr.com/1605/23567866013_612ec64e19_m.jpg", "link": "https://www.flickr.com/photos/115096994@N02/23567866013", "url_b": "https://farm2.staticflickr.com/1605/23567866013_612ec64e19_b.jpg", "title": "Thames_Sword0187_Thames_Sword0188_fb"}, "n_answers": 3, "quorum": 0, "calibration": 0, "created": "2016-01-05T17:53:06.439625", "state": "completed", "project_id": 277, "id": 51276, "priority_0": 0.0}]