[{"info": {"url_m": "https://farm8.staticflickr.com/7433/16263331920_e9e18a8cb9_m.jpg", "link": "https://www.flickr.com/photos/MicroPasts/16263331920", "url_b": "https://farm8.staticflickr.com/7433/16263331920_e9e18a8cb9_b.jpg"}, "n_answers": 3, "quorum": 0, "calibration": 0, "created": "2015-02-05T16:49:05.040915", "app_id": 136, "state": "completed", "id": 30249, "priority_0": 0.0}, {"info": {"url_m": "https://farm8.staticflickr.com/7433/16263060728_59d748e80d_m.jpg", "link": "https://www.flickr.com/photos/MicroPasts/16263060728", "url_b": "https://farm8.staticflickr.com/7433/16263060728_59d748e80d_b.jpg"}, "n_answers": 3, "quorum": 0, "calibration": 0, "created": "2015-02-05T16:49:08.092078", "app_id": 136, "state": "completed", "id": 30250, "priority_0": 0.0}, {"info": {"url_m": "https://farm8.staticflickr.com/7408/16263060788_28a3aa7885_m.jpg", "link": "https://www.flickr.com/photos/MicroPasts/16263060788", "url_b": "https://farm8.staticflickr.com/7408/16263060788_28a3aa7885_b.jpg"}, "n_answers": 3, "quorum": 0, "calibration": 0, "created": "2015-02-05T16:49:11.143366", "app_id": 136, "state": "completed", "id": 30251, "priority_0": 0.0}, {"info": {"url_m": "https://farm9.staticflickr.com/8661/16449801482_1714de8628_m.jpg", "link": "https://www.flickr.com/photos/MicroPasts/16449801482", "url_b": "https://farm9.staticflickr.com/8661/16449801482_1714de8628_b.jpg"}, "n_answers": 3, "quorum": 0, "calibration": 0, "created": "2015-02-05T16:49:14.202940", "app_id": 136, "state": "completed", "id": 30252, "priority_0": 0.0}, {"info": {"url_m": "https://farm9.staticflickr.com/8582/16264843797_dcafeb60b9_m.jpg", "link": "https://www.flickr.com/photos/MicroPasts/16264843797", "url_b": "https://farm9.staticflickr.com/8582/16264843797_dcafeb60b9_b.jpg"}, "n_answers": 3, "quorum": 0, "calibration": 0, "created": "2015-02-05T16:49:17.267078", "app_id": 136, "state": "completed", "id": 30253, "priority_0": 0.0}, {"info": {"url_m": "https://farm9.staticflickr.com/8676/15828226204_1f81202493_m.jpg", "link": "https://www.flickr.com/photos/MicroPasts/15828226204", "url_b": "https://farm9.staticflickr.com/8676/15828226204_1f81202493_b.jpg"}, "n_answers": 3, "quorum": 0, "calibration": 0, "created": "2015-02-05T16:49:20.455493", "app_id": 136, "state": "completed", "id": 30254, "priority_0": 0.0}, {"info": {"url_m": "https://farm8.staticflickr.com/7408/16264843847_95058d2097_m.jpg", "link": "https://www.flickr.com/photos/MicroPasts/16264843847", "url_b": "https://farm8.staticflickr.com/7408/16264843847_95058d2097_b.jpg"}, "n_answers": 3, "quorum": 0, "calibration": 0, "created": "2015-02-05T16:49:23.513451", "app_id": 136, "state": "completed", "id": 30255, "priority_0": 0.0}, {"info": {"url_m": "https://farm8.staticflickr.com/7415/15830673223_8bbc67a084_m.jpg", "link": "https://www.flickr.com/photos/MicroPasts/15830673223", "url_b": "https://farm8.staticflickr.com/7415/15830673223_8bbc67a084_b.jpg"}, "n_answers": 3, "quorum": 0, "calibration": 0, "created": "2015-02-05T16:49:26.563143", "app_id": 136, "state": "completed", "id": 30256, "priority_0": 0.0}, {"info": {"url_m": "https://farm8.staticflickr.com/7330/16424750356_539dd6ba59_m.jpg", "link": "https://www.flickr.com/photos/MicroPasts/16424750356", "url_b": "https://farm8.staticflickr.com/7330/16424750356_539dd6ba59_b.jpg"}, "n_answers": 3, "quorum": 0, "calibration": 0, "created": "2015-02-05T16:49:29.613717", "app_id": 136, "state": "completed", "id": 30257, "priority_0": 0.0}, {"info": {"url_m": "https://farm9.staticflickr.com/8647/16263061088_0a017c932f_m.jpg", "link": "https://www.flickr.com/photos/MicroPasts/16263061088", "url_b": "https://farm9.staticflickr.com/8647/16263061088_0a017c932f_b.jpg"}, "n_answers": 3, "quorum": 0, "calibration": 0, "created": "2015-02-05T16:49:32.663093", "app_id": 136, "state": "completed", "id": 30258, "priority_0": 0.0}, {"info": {"url_m": "https://farm8.staticflickr.com/7359/16450750785_40a2fdea97_m.jpg", "link": "https://www.flickr.com/photos/MicroPasts/16450750785", "url_b": "https://farm8.staticflickr.com/7359/16450750785_40a2fdea97_b.jpg"}, "n_answers": 3, "quorum": 0, "calibration": 0, "created": "2015-02-05T16:49:35.851155", "app_id": 136, "state": "completed", "id": 30259, "priority_0": 0.0}, {"info": {"url_m": "https://farm8.staticflickr.com/7407/16424750506_335cf9d6b4_m.jpg", "link": "https://www.flickr.com/photos/MicroPasts/16424750506", "url_b": "https://farm8.staticflickr.com/7407/16424750506_335cf9d6b4_b.jpg"}, "n_answers": 3, "quorum": 0, "calibration": 0, "created": "2015-02-05T16:49:38.883660", "app_id": 136, "state": "completed", "id": 30260, "priority_0": 0.0}, {"info": {"url_m": "https://farm9.staticflickr.com/8599/16264844147_588cca49eb_m.jpg", "link": "https://www.flickr.com/photos/MicroPasts/16264844147", "url_b": "https://farm9.staticflickr.com/8599/16264844147_588cca49eb_b.jpg"}, "n_answers": 3, "quorum": 0, "calibration": 0, "created": "2015-02-05T16:49:41.933169", "app_id": 136, "state": "completed", "id": 30261, "priority_0": 0.0}, {"info": {"url_m": "https://farm9.staticflickr.com/8567/16450750905_26fab99ca2_m.jpg", "link": "https://www.flickr.com/photos/MicroPasts/16450750905", "url_b": "https://farm9.staticflickr.com/8567/16450750905_26fab99ca2_b.jpg"}, "n_answers": 3, "quorum": 0, "calibration": 0, "created": "2015-02-05T16:49:44.991031", "app_id": 136, "state": "completed", "id": 30262, "priority_0": 0.0}, {"info": {"url_m": "https://farm8.staticflickr.com/7323/16448994861_ba2d25668c_m.jpg", "link": "https://www.flickr.com/photos/MicroPasts/16448994861", "url_b": "https://farm8.staticflickr.com/7323/16448994861_ba2d25668c_b.jpg"}, "n_answers": 3, "quorum": 0, "calibration": 0, "created": "2015-02-05T16:49:48.078499", "app_id": 136, "state": "completed", "id": 30263, "priority_0": 0.0}, {"info": {"url_m": "https://farm9.staticflickr.com/8676/16449801962_89972d220d_m.jpg", "link": "https://www.flickr.com/photos/MicroPasts/16449801962", "url_b": "https://farm9.staticflickr.com/8676/16449801962_89972d220d_b.jpg"}, "n_answers": 3, "quorum": 0, "calibration": 0, "created": "2015-02-05T16:49:51.164040", "app_id": 136, "state": "completed", "id": 30264, "priority_0": 0.0}, {"info": {"url_m": "https://farm8.staticflickr.com/7378/16264496959_12e05e2856_m.jpg", "link": "https://www.flickr.com/photos/MicroPasts/16264496959", "url_b": "https://farm8.staticflickr.com/7378/16264496959_12e05e2856_b.jpg"}, "n_answers": 3, "quorum": 0, "calibration": 0, "created": "2015-02-05T16:49:54.213530", "app_id": 136, "state": "completed", "id": 30265, "priority_0": 0.0}, {"info": {"url_m": "https://farm8.staticflickr.com/7290/16264844207_1c0a06e867_m.jpg", "link": "https://www.flickr.com/photos/MicroPasts/16264844207", "url_b": "https://farm8.staticflickr.com/7290/16264844207_1c0a06e867_b.jpg"}, "n_answers": 3, "quorum": 0, "calibration": 0, "created": "2015-02-05T16:49:57.282855", "app_id": 136, "state": "completed", "id": 30266, "priority_0": 0.0}, {"info": {"url_m": "https://farm8.staticflickr.com/7313/15828226634_4637bc502f_m.jpg", "link": "https://www.flickr.com/photos/MicroPasts/15828226634", "url_b": "https://farm8.staticflickr.com/7313/15828226634_4637bc502f_b.jpg"}, "n_answers": 3, "quorum": 0, "calibration": 0, "created": "2015-02-05T16:50:00.344246", "app_id": 136, "state": "completed", "id": 30267, "priority_0": 0.0}, {"info": {"url_m": "https://farm9.staticflickr.com/8561/16264497239_06e3e5b239_m.jpg", "link": "https://www.flickr.com/photos/MicroPasts/16264497239", "url_b": "https://farm9.staticflickr.com/8561/16264497239_06e3e5b239_b.jpg"}, "n_answers": 3, "quorum": 0, "calibration": 0, "created": "2015-02-05T16:50:03.387436", "app_id": 136, "state": "completed", "id": 30268, "priority_0": 0.0}, {"info": {"url_m": "https://farm8.staticflickr.com/7334/16264844377_a5238a547f_m.jpg", "link": "https://www.flickr.com/photos/MicroPasts/16264844377", "url_b": "https://farm8.staticflickr.com/7334/16264844377_a5238a547f_b.jpg"}, "n_answers": 3, "quorum": 0, "calibration": 0, "created": "2015-02-05T16:50:06.454365", "app_id": 136, "state": "completed", "id": 30269, "priority_0": 0.0}, {"info": {"url_m": "https://farm8.staticflickr.com/7336/15828226894_b0b95b2f26_m.jpg", "link": "https://www.flickr.com/photos/MicroPasts/15828226894", "url_b": "https://farm8.staticflickr.com/7336/15828226894_b0b95b2f26_b.jpg"}, "n_answers": 3, "quorum": 0, "calibration": 0, "created": "2015-02-05T16:50:09.503234", "app_id": 136, "state": "completed", "id": 30270, "priority_0": 0.0}, {"info": {"url_m": "https://farm9.staticflickr.com/8575/16263332630_c4ba15e841_m.jpg", "link": "https://www.flickr.com/photos/MicroPasts/16263332630", "url_b": "https://farm9.staticflickr.com/8575/16263332630_c4ba15e841_b.jpg"}, "n_answers": 3, "quorum": 0, "calibration": 0, "created": "2015-02-05T16:50:12.561945", "app_id": 136, "state": "completed", "id": 30271, "priority_0": 0.0}, {"info": {"url_m": "https://farm8.staticflickr.com/7402/16450751355_77f3dd6ff8_m.jpg", "link": "https://www.flickr.com/photos/MicroPasts/16450751355", "url_b": "https://farm8.staticflickr.com/7402/16450751355_77f3dd6ff8_b.jpg"}, "n_answers": 3, "quorum": 0, "calibration": 0, "created": "2015-02-05T16:50:15.610665", "app_id": 136, "state": "completed", "id": 30272, "priority_0": 0.0}, {"info": {"url_m": "https://farm8.staticflickr.com/7287/15828226994_75256a3308_m.jpg", "link": "https://www.flickr.com/photos/MicroPasts/15828226994", "url_b": "https://farm8.staticflickr.com/7287/15828226994_75256a3308_b.jpg"}, "n_answers": 3, "quorum": 0, "calibration": 0, "created": "2015-02-05T16:50:18.669267", "app_id": 136, "state": "completed", "id": 30273, "priority_0": 0.0}, {"info": {"url_m": "https://farm9.staticflickr.com/8639/16449802402_ab1d25361d_m.jpg", "link": "https://www.flickr.com/photos/MicroPasts/16449802402", "url_b": "https://farm9.staticflickr.com/8639/16449802402_ab1d25361d_b.jpg"}, "n_answers": 3, "quorum": 0, "calibration": 0, "created": "2015-02-05T16:50:21.728157", "app_id": 136, "state": "completed", "id": 30274, "priority_0": 0.0}, {"info": {"url_m": "https://farm8.staticflickr.com/7374/15830673983_b2f5caf96d_m.jpg", "link": "https://www.flickr.com/photos/MicroPasts/15830673983", "url_b": "https://farm8.staticflickr.com/7374/15830673983_b2f5caf96d_b.jpg"}, "n_answers": 3, "quorum": 0, "calibration": 0, "created": "2015-02-05T16:50:24.777411", "app_id": 136, "state": "completed", "id": 30275, "priority_0": 0.0}, {"info": {"url_m": "https://farm9.staticflickr.com/8676/16263332900_2efc613bd5_m.jpg", "link": "https://www.flickr.com/photos/MicroPasts/16263332900", "url_b": "https://farm9.staticflickr.com/8676/16263332900_2efc613bd5_b.jpg"}, "n_answers": 3, "quorum": 0, "calibration": 0, "created": "2015-02-05T16:50:27.827190", "app_id": 136, "state": "completed", "id": 30276, "priority_0": 0.0}, {"info": {"url_m": "https://farm8.staticflickr.com/7402/15828227124_17b60bf476_m.jpg", "link": "https://www.flickr.com/photos/MicroPasts/15828227124", "url_b": "https://farm8.staticflickr.com/7402/15828227124_17b60bf476_b.jpg"}, "n_answers": 3, "quorum": 0, "calibration": 0, "created": "2015-02-05T16:50:31.048293", "app_id": 136, "state": "completed", "id": 30277, "priority_0": 0.0}, {"info": {"url_m": "https://farm8.staticflickr.com/7316/16424751266_4a9e4cce52_m.jpg", "link": "https://www.flickr.com/photos/MicroPasts/16424751266", "url_b": "https://farm8.staticflickr.com/7316/16424751266_4a9e4cce52_b.jpg"}, "n_answers": 3, "quorum": 0, "calibration": 0, "created": "2015-02-05T16:50:34.110365", "app_id": 136, "state": "completed", "id": 30278, "priority_0": 0.0}, {"info": {"url_m": "https://farm9.staticflickr.com/8599/16450751665_d0eb4cddc3_m.jpg", "link": "https://www.flickr.com/photos/MicroPasts/16450751665", "url_b": "https://farm9.staticflickr.com/8599/16450751665_d0eb4cddc3_b.jpg"}, "n_answers": 3, "quorum": 0, "calibration": 0, "created": "2015-02-05T16:50:37.159981", "app_id": 136, "state": "completed", "id": 30279, "priority_0": 0.0}, {"info": {"url_m": "https://farm8.staticflickr.com/7288/16450751705_e0146eb125_m.jpg", "link": "https://www.flickr.com/photos/MicroPasts/16450751705", "url_b": "https://farm8.staticflickr.com/7288/16450751705_e0146eb125_b.jpg"}, "n_answers": 3, "quorum": 0, "calibration": 0, "created": "2015-02-05T16:50:40.210433", "app_id": 136, "state": "completed", "id": 30280, "priority_0": 0.0}, {"info": {"url_m": "https://farm8.staticflickr.com/7314/16449802692_4c0c111e55_m.jpg", "link": "https://www.flickr.com/photos/MicroPasts/16449802692", "url_b": "https://farm8.staticflickr.com/7314/16449802692_4c0c111e55_b.jpg"}, "n_answers": 3, "quorum": 0, "calibration": 0, "created": "2015-02-05T16:50:43.259609", "app_id": 136, "state": "completed", "id": 30281, "priority_0": 0.0}, {"info": {"url_m": "https://farm8.staticflickr.com/7449/16450751815_4d904945bb_m.jpg", "link": "https://www.flickr.com/photos/MicroPasts/16450751815", "url_b": "https://farm8.staticflickr.com/7449/16450751815_4d904945bb_b.jpg"}, "n_answers": 3, "quorum": 0, "calibration": 0, "created": "2015-02-05T16:50:46.317871", "app_id": 136, "state": "completed", "id": 30282, "priority_0": 0.0}, {"info": {"url_m": "https://farm8.staticflickr.com/7371/16263333140_ddd7119d66_m.jpg", "link": "https://www.flickr.com/photos/MicroPasts/16263333140", "url_b": "https://farm8.staticflickr.com/7371/16263333140_ddd7119d66_b.jpg"}, "n_answers": 3, "quorum": 0, "calibration": 0, "created": "2015-02-05T16:50:49.371406", "app_id": 136, "state": "completed", "id": 30283, "priority_0": 0.0}, {"info": {"url_m": "https://farm8.staticflickr.com/7373/16449802752_406838e8ec_m.jpg", "link": "https://www.flickr.com/photos/MicroPasts/16449802752", "url_b": "https://farm8.staticflickr.com/7373/16449802752_406838e8ec_b.jpg"}, "n_answers": 3, "quorum": 0, "calibration": 0, "created": "2015-02-05T16:50:52.438299", "app_id": 136, "state": "completed", "id": 30284, "priority_0": 0.0}, {"info": {"url_m": "https://farm9.staticflickr.com/8615/16264844877_8feff211d1_m.jpg", "link": "https://www.flickr.com/photos/MicroPasts/16264844877", "url_b": "https://farm9.staticflickr.com/8615/16264844877_8feff211d1_b.jpg"}, "n_answers": 3, "quorum": 0, "calibration": 0, "created": "2015-02-05T16:50:55.496598", "app_id": 136, "state": "completed", "id": 30285, "priority_0": 0.0}, {"info": {"url_m": "https://farm8.staticflickr.com/7360/15830674293_9d82538a37_m.jpg", "link": "https://www.flickr.com/photos/MicroPasts/15830674293", "url_b": "https://farm8.staticflickr.com/7360/15830674293_9d82538a37_b.jpg"}, "n_answers": 3, "quorum": 0, "calibration": 0, "created": "2015-02-05T16:50:58.538429", "app_id": 136, "state": "completed", "id": 30286, "priority_0": 0.0}, {"info": {"url_m": "https://farm8.staticflickr.com/7346/16264497889_fbf0c3b341_m.jpg", "link": "https://www.flickr.com/photos/MicroPasts/16264497889", "url_b": "https://farm8.staticflickr.com/7346/16264497889_fbf0c3b341_b.jpg"}, "n_answers": 3, "quorum": 0, "calibration": 0, "created": "2015-02-05T16:51:01.600446", "app_id": 136, "state": "completed", "id": 30287, "priority_0": 0.0}, {"info": {"url_m": "https://farm8.staticflickr.com/7440/16263333310_e6c81af9aa_m.jpg", "link": "https://www.flickr.com/photos/MicroPasts/16263333310", "url_b": "https://farm8.staticflickr.com/7440/16263333310_e6c81af9aa_b.jpg"}, "n_answers": 3, "quorum": 0, "calibration": 0, "created": "2015-02-05T16:51:04.650017", "app_id": 136, "state": "completed", "id": 30288, "priority_0": 0.0}, {"info": {"url_m": "https://farm8.staticflickr.com/7419/16424751636_aa3eaabf6c_m.jpg", "link": "https://www.flickr.com/photos/MicroPasts/16424751636", "url_b": "https://farm8.staticflickr.com/7419/16424751636_aa3eaabf6c_b.jpg"}, "n_answers": 3, "quorum": 0, "calibration": 0, "created": "2015-02-05T16:51:07.709946", "app_id": 136, "state": "completed", "id": 30289, "priority_0": 0.0}, {"info": {"url_m": "https://farm8.staticflickr.com/7450/16449803042_b6d7f4723c_m.jpg", "link": "https://www.flickr.com/photos/MicroPasts/16449803042", "url_b": "https://farm8.staticflickr.com/7450/16449803042_b6d7f4723c_b.jpg"}, "n_answers": 3, "quorum": 0, "calibration": 0, "created": "2015-02-05T16:51:10.758312", "app_id": 136, "state": "completed", "id": 30290, "priority_0": 0.0}, {"info": {"url_m": "https://farm9.staticflickr.com/8625/16449803062_2f0cea47c0_m.jpg", "link": "https://www.flickr.com/photos/MicroPasts/16449803062", "url_b": "https://farm9.staticflickr.com/8625/16449803062_2f0cea47c0_b.jpg"}, "n_answers": 3, "quorum": 0, "calibration": 0, "created": "2015-02-05T16:51:13.816540", "app_id": 136, "state": "completed", "id": 30291, "priority_0": 0.0}, {"info": {"url_m": "https://farm9.staticflickr.com/8596/16448995781_5e09a7bbe4_m.jpg", "link": "https://www.flickr.com/photos/MicroPasts/16448995781", "url_b": "https://farm9.staticflickr.com/8596/16448995781_5e09a7bbe4_b.jpg"}, "n_answers": 3, "quorum": 0, "calibration": 0, "created": "2015-02-05T16:51:16.866821", "app_id": 136, "state": "completed", "id": 30292, "priority_0": 0.0}, {"info": {"url_m": "https://farm8.staticflickr.com/7357/16450752295_644071ab4c_m.jpg", "link": "https://www.flickr.com/photos/MicroPasts/16450752295", "url_b": "https://farm8.staticflickr.com/7357/16450752295_644071ab4c_b.jpg"}, "n_answers": 3, "quorum": 0, "calibration": 0, "created": "2015-02-05T16:51:19.913102", "app_id": 136, "state": "completed", "id": 30293, "priority_0": 0.0}, {"info": {"url_m": "https://farm8.staticflickr.com/7370/16450752305_e90b6a1466_m.jpg", "link": "https://www.flickr.com/photos/MicroPasts/16450752305", "url_b": "https://farm8.staticflickr.com/7370/16450752305_e90b6a1466_b.jpg"}, "n_answers": 3, "quorum": 0, "calibration": 0, "created": "2015-02-05T16:51:22.965824", "app_id": 136, "state": "completed", "id": 30294, "priority_0": 0.0}, {"info": {"url_m": "https://farm8.staticflickr.com/7407/16450752325_daa7e17916_m.jpg", "link": "https://www.flickr.com/photos/MicroPasts/16450752325", "url_b": "https://farm8.staticflickr.com/7407/16450752325_daa7e17916_b.jpg"}, "n_answers": 3, "quorum": 0, "calibration": 0, "created": "2015-02-05T16:51:26.061029", "app_id": 136, "state": "completed", "id": 30295, "priority_0": 0.0}, {"info": {"url_m": "https://farm8.staticflickr.com/7451/15828227744_526304b4f7_m.jpg", "link": "https://www.flickr.com/photos/MicroPasts/15828227744", "url_b": "https://farm8.staticflickr.com/7451/15828227744_526304b4f7_b.jpg"}, "n_answers": 3, "quorum": 0, "calibration": 0, "created": "2015-02-05T16:51:29.110329", "app_id": 136, "state": "completed", "id": 30296, "priority_0": 0.0}, {"info": {"url_m": "https://farm9.staticflickr.com/8569/16449803292_8a380690c8_m.jpg", "link": "https://www.flickr.com/photos/MicroPasts/16449803292", "url_b": "https://farm9.staticflickr.com/8569/16449803292_8a380690c8_b.jpg"}, "n_answers": 3, "quorum": 0, "calibration": 0, "created": "2015-02-05T16:51:32.173735", "app_id": 136, "state": "completed", "id": 30297, "priority_0": 0.0}, {"info": {"url_m": "https://farm8.staticflickr.com/7312/16424752186_40acde6fdd_m.jpg", "link": "https://www.flickr.com/photos/MicroPasts/16424752186", "url_b": "https://farm8.staticflickr.com/7312/16424752186_40acde6fdd_b.jpg"}, "n_answers": 3, "quorum": 0, "calibration": 0, "created": "2015-02-05T16:51:35.224436", "app_id": 136, "state": "completed", "id": 30298, "priority_0": 0.0}, {"info": {"url_m": "https://farm9.staticflickr.com/8572/16263333940_a92063d9a8_m.jpg", "link": "https://www.flickr.com/photos/MicroPasts/16263333940", "url_b": "https://farm9.staticflickr.com/8572/16263333940_a92063d9a8_b.jpg"}, "n_answers": 3, "quorum": 0, "calibration": 0, "created": "2015-02-05T16:51:38.290165", "app_id": 136, "state": "completed", "id": 30299, "priority_0": 0.0}, {"info": {"url_m": "https://farm9.staticflickr.com/8682/16424752246_977ce312f2_m.jpg", "link": "https://www.flickr.com/photos/MicroPasts/16424752246", "url_b": "https://farm9.staticflickr.com/8682/16424752246_977ce312f2_b.jpg"}, "n_answers": 3, "quorum": 0, "calibration": 0, "created": "2015-02-05T16:51:41.339939", "app_id": 136, "state": "completed", "id": 30300, "priority_0": 0.0}, {"info": {"url_m": "https://farm9.staticflickr.com/8645/16263333990_aaba5ed53e_m.jpg", "link": "https://www.flickr.com/photos/MicroPasts/16263333990", "url_b": "https://farm9.staticflickr.com/8645/16263333990_aaba5ed53e_b.jpg"}, "n_answers": 3, "quorum": 0, "calibration": 0, "created": "2015-02-05T16:51:44.390196", "app_id": 136, "state": "completed", "id": 30301, "priority_0": 0.0}, {"info": {"url_m": "https://farm8.staticflickr.com/7396/16450752705_732f30142c_m.jpg", "link": "https://www.flickr.com/photos/MicroPasts/16450752705", "url_b": "https://farm8.staticflickr.com/7396/16450752705_732f30142c_b.jpg"}, "n_answers": 3, "quorum": 0, "calibration": 0, "created": "2015-02-05T16:51:47.440421", "app_id": 136, "state": "completed", "id": 30302, "priority_0": 0.0}, {"info": {"url_m": "https://farm8.staticflickr.com/7282/16264498599_caefe134d3_m.jpg", "link": "https://www.flickr.com/photos/MicroPasts/16264498599", "url_b": "https://farm8.staticflickr.com/7282/16264498599_caefe134d3_b.jpg"}, "n_answers": 3, "quorum": 0, "calibration": 0, "created": "2015-02-05T16:51:50.471628", "app_id": 136, "state": "completed", "id": 30303, "priority_0": 0.0}, {"info": {"url_m": "https://farm9.staticflickr.com/8657/16263062788_b495801002_m.jpg", "link": "https://www.flickr.com/photos/MicroPasts/16263062788", "url_b": "https://farm9.staticflickr.com/8657/16263062788_b495801002_b.jpg"}, "n_answers": 3, "quorum": 0, "calibration": 0, "created": "2015-02-05T16:51:53.531001", "app_id": 136, "state": "completed", "id": 30304, "priority_0": 0.0}, {"info": {"url_m": "https://farm9.staticflickr.com/8571/16424752416_91d4a8d52d_m.jpg", "link": "https://www.flickr.com/photos/MicroPasts/16424752416", "url_b": "https://farm9.staticflickr.com/8571/16424752416_91d4a8d52d_b.jpg"}, "n_answers": 3, "quorum": 0, "calibration": 0, "created": "2015-02-05T16:51:56.589835", "app_id": 136, "state": "completed", "id": 30305, "priority_0": 0.0}, {"info": {"url_m": "https://farm9.staticflickr.com/8615/16263062828_ca0f812f6b_m.jpg", "link": "https://www.flickr.com/photos/MicroPasts/16263062828", "url_b": "https://farm9.staticflickr.com/8615/16263062828_ca0f812f6b_b.jpg"}, "n_answers": 3, "quorum": 0, "calibration": 0, "created": "2015-02-05T16:51:59.640717", "app_id": 136, "state": "completed", "id": 30306, "priority_0": 0.0}, {"info": {"url_m": "https://farm9.staticflickr.com/8605/16263334190_b6c1c8a6e0_m.jpg", "link": "https://www.flickr.com/photos/MicroPasts/16263334190", "url_b": "https://farm9.staticflickr.com/8605/16263334190_b6c1c8a6e0_b.jpg"}, "n_answers": 3, "quorum": 0, "calibration": 0, "created": "2015-02-05T16:52:02.708243", "app_id": 136, "state": "completed", "id": 30307, "priority_0": 0.0}, {"info": {"url_m": "https://farm9.staticflickr.com/8599/16263062908_c9d5790465_m.jpg", "link": "https://www.flickr.com/photos/MicroPasts/16263062908", "url_b": "https://farm9.staticflickr.com/8599/16263062908_c9d5790465_b.jpg"}, "n_answers": 3, "quorum": 0, "calibration": 0, "created": "2015-02-05T16:52:05.772182", "app_id": 136, "state": "completed", "id": 30308, "priority_0": 0.0}, {"info": {"url_m": "https://farm9.staticflickr.com/8584/16424752616_9032812193_m.jpg", "link": "https://www.flickr.com/photos/MicroPasts/16424752616", "url_b": "https://farm9.staticflickr.com/8584/16424752616_9032812193_b.jpg"}, "n_answers": 3, "quorum": 0, "calibration": 0, "created": "2015-02-05T16:52:08.912438", "app_id": 136, "state": "completed", "id": 30309, "priority_0": 0.0}, {"info": {"url_m": "https://farm8.staticflickr.com/7379/16264498899_5a465c6e54_m.jpg", "link": "https://www.flickr.com/photos/MicroPasts/16264498899", "url_b": "https://farm8.staticflickr.com/7379/16264498899_5a465c6e54_b.jpg"}, "n_answers": 3, "quorum": 0, "calibration": 0, "created": "2015-02-05T16:52:11.973895", "app_id": 136, "state": "completed", "id": 30310, "priority_0": 0.0}, {"info": {"url_m": "https://farm8.staticflickr.com/7433/16264498919_bcabd7fb8e_m.jpg", "link": "https://www.flickr.com/photos/MicroPasts/16264498919", "url_b": "https://farm8.staticflickr.com/7433/16264498919_bcabd7fb8e_b.jpg"}, "n_answers": 3, "quorum": 0, "calibration": 0, "created": "2015-02-05T16:52:15.026303", "app_id": 136, "state": "completed", "id": 30311, "priority_0": 0.0}, {"info": {"url_m": "https://farm8.staticflickr.com/7325/16424752676_5f4fc749ec_m.jpg", "link": "https://www.flickr.com/photos/MicroPasts/16424752676", "url_b": "https://farm8.staticflickr.com/7325/16424752676_5f4fc749ec_b.jpg"}, "n_answers": 3, "quorum": 0, "calibration": 0, "created": "2015-02-05T16:52:18.079884", "app_id": 136, "state": "completed", "id": 30312, "priority_0": 0.0}, {"info": {"url_m": "https://farm9.staticflickr.com/8621/16449804042_9469aff1ac_m.jpg", "link": "https://www.flickr.com/photos/MicroPasts/16449804042", "url_b": "https://farm9.staticflickr.com/8621/16449804042_9469aff1ac_b.jpg"}, "n_answers": 3, "quorum": 0, "calibration": 0, "created": "2015-02-05T16:52:21.130541", "app_id": 136, "state": "completed", "id": 30313, "priority_0": 0.0}, {"info": {"url_m": "https://farm8.staticflickr.com/7416/16263334580_acdeb91226_m.jpg", "link": "https://www.flickr.com/photos/MicroPasts/16263334580", "url_b": "https://farm8.staticflickr.com/7416/16263334580_acdeb91226_b.jpg"}, "n_answers": 3, "quorum": 0, "calibration": 0, "created": "2015-02-05T16:52:24.248917", "app_id": 136, "state": "completed", "id": 30314, "priority_0": 0.0}, {"info": {"url_m": "https://farm9.staticflickr.com/8654/16449804162_3e0cc2a10b_m.jpg", "link": "https://www.flickr.com/photos/MicroPasts/16449804162", "url_b": "https://farm9.staticflickr.com/8654/16449804162_3e0cc2a10b_b.jpg"}, "n_answers": 3, "quorum": 0, "calibration": 0, "created": "2015-02-05T16:52:27.299459", "app_id": 136, "state": "completed", "id": 30315, "priority_0": 0.0}, {"info": {"url_m": "https://farm8.staticflickr.com/7343/15828228474_6839611409_m.jpg", "link": "https://www.flickr.com/photos/MicroPasts/15828228474", "url_b": "https://farm8.staticflickr.com/7343/15828228474_6839611409_b.jpg"}, "n_answers": 3, "quorum": 0, "calibration": 0, "created": "2015-02-05T16:52:30.349780", "app_id": 136, "state": "completed", "id": 30316, "priority_0": 0.0}, {"info": {"url_m": "https://farm8.staticflickr.com/7314/16264499229_9a11d638cb_m.jpg", "link": "https://www.flickr.com/photos/MicroPasts/16264499229", "url_b": "https://farm8.staticflickr.com/7314/16264499229_9a11d638cb_b.jpg"}, "n_answers": 3, "quorum": 0, "calibration": 0, "created": "2015-02-05T16:52:33.407487", "app_id": 136, "state": "completed", "id": 30317, "priority_0": 0.0}, {"info": {"url_m": "https://farm8.staticflickr.com/7433/16450753435_6f1a72fc82_m.jpg", "link": "https://www.flickr.com/photos/MicroPasts/16450753435", "url_b": "https://farm8.staticflickr.com/7433/16450753435_6f1a72fc82_b.jpg"}, "n_answers": 3, "quorum": 0, "calibration": 0, "created": "2015-02-05T16:52:36.470815", "app_id": 136, "state": "completed", "id": 30318, "priority_0": 0.0}, {"info": {"url_m": "https://farm9.staticflickr.com/8612/15828228574_e9092ecdc9_m.jpg", "link": "https://www.flickr.com/photos/MicroPasts/15828228574", "url_b": "https://farm9.staticflickr.com/8612/15828228574_e9092ecdc9_b.jpg"}, "n_answers": 3, "quorum": 0, "calibration": 0, "created": "2015-02-05T16:52:39.522246", "app_id": 136, "state": "completed", "id": 30319, "priority_0": 0.0}, {"info": {"url_m": "https://farm8.staticflickr.com/7372/16264499269_2494012538_m.jpg", "link": "https://www.flickr.com/photos/MicroPasts/16264499269", "url_b": "https://farm8.staticflickr.com/7372/16264499269_2494012538_b.jpg"}, "n_answers": 3, "quorum": 0, "calibration": 0, "created": "2015-02-05T16:52:42.588479", "app_id": 136, "state": "completed", "id": 30320, "priority_0": 0.0}, {"info": {"url_m": "https://farm8.staticflickr.com/7400/16264846437_5bae5d0c6d_m.jpg", "link": "https://www.flickr.com/photos/MicroPasts/16264846437", "url_b": "https://farm8.staticflickr.com/7400/16264846437_5bae5d0c6d_b.jpg"}, "n_answers": 3, "quorum": 0, "calibration": 0, "created": "2015-02-05T16:52:45.806864", "app_id": 136, "state": "completed", "id": 30321, "priority_0": 0.0}, {"info": {"url_m": "https://farm9.staticflickr.com/8661/15830675593_e877c31866_m.jpg", "link": "https://www.flickr.com/photos/MicroPasts/15830675593", "url_b": "https://farm9.staticflickr.com/8661/15830675593_e877c31866_b.jpg"}, "n_answers": 3, "quorum": 0, "calibration": 0, "created": "2015-02-05T16:52:48.856939", "app_id": 136, "state": "completed", "id": 30322, "priority_0": 0.0}, {"info": {"url_m": "https://farm8.staticflickr.com/7433/16264846527_ee34ef3858_m.jpg", "link": "https://www.flickr.com/photos/MicroPasts/16264846527", "url_b": "https://farm8.staticflickr.com/7433/16264846527_ee34ef3858_b.jpg"}, "n_answers": 3, "quorum": 0, "calibration": 0, "created": "2015-02-05T16:52:51.925251", "app_id": 136, "state": "completed", "id": 30323, "priority_0": 0.0}, {"info": {"url_m": "https://farm8.staticflickr.com/7351/16263334880_12d1742f96_m.jpg", "link": "https://www.flickr.com/photos/MicroPasts/16263334880", "url_b": "https://farm8.staticflickr.com/7351/16263334880_12d1742f96_b.jpg"}, "n_answers": 3, "quorum": 0, "calibration": 0, "created": "2015-02-05T16:52:55.078177", "app_id": 136, "state": "completed", "id": 30324, "priority_0": 0.0}, {"info": {"url_m": "https://farm8.staticflickr.com/7303/16263063608_2901848ba7_m.jpg", "link": "https://www.flickr.com/photos/MicroPasts/16263063608", "url_b": "https://farm8.staticflickr.com/7303/16263063608_2901848ba7_b.jpg"}, "n_answers": 3, "quorum": 0, "calibration": 0, "created": "2015-02-05T16:52:58.127486", "app_id": 136, "state": "completed", "id": 30325, "priority_0": 0.0}, {"info": {"url_m": "https://farm8.staticflickr.com/7397/15828228794_59bfc20a6e_m.jpg", "link": "https://www.flickr.com/photos/MicroPasts/15828228794", "url_b": "https://farm8.staticflickr.com/7397/15828228794_59bfc20a6e_b.jpg"}, "n_answers": 3, "quorum": 0, "calibration": 0, "created": "2015-02-05T16:53:01.179107", "app_id": 136, "state": "completed", "id": 30326, "priority_0": 0.0}, {"info": {"url_m": "https://farm8.staticflickr.com/7399/16424753256_7e4a36641a_m.jpg", "link": "https://www.flickr.com/photos/MicroPasts/16424753256", "url_b": "https://farm8.staticflickr.com/7399/16424753256_7e4a36641a_b.jpg"}, "n_answers": 3, "quorum": 0, "calibration": 0, "created": "2015-02-05T16:53:04.231650", "app_id": 136, "state": "completed", "id": 30327, "priority_0": 0.0}, {"info": {"url_m": "https://farm8.staticflickr.com/7441/16424753396_4bf58ccb81_m.jpg", "link": "https://www.flickr.com/photos/MicroPasts/16424753396", "url_b": "https://farm8.staticflickr.com/7441/16424753396_4bf58ccb81_b.jpg"}, "n_answers": 3, "quorum": 0, "calibration": 0, "created": "2015-02-05T16:53:07.295147", "app_id": 136, "state": "completed", "id": 30328, "priority_0": 0.0}, {"info": {"url_m": "https://farm8.staticflickr.com/7351/16264846807_e4b8b17bfc_m.jpg", "link": "https://www.flickr.com/photos/MicroPasts/16264846807", "url_b": "https://farm8.staticflickr.com/7351/16264846807_e4b8b17bfc_b.jpg"}, "n_answers": 3, "quorum": 0, "calibration": 0, "created": "2015-02-05T16:53:10.347858", "app_id": 136, "state": "completed", "id": 30329, "priority_0": 0.0}, {"info": {"url_m": "https://farm9.staticflickr.com/8672/16448997481_123f740b73_m.jpg", "link": "https://www.flickr.com/photos/MicroPasts/16448997481", "url_b": "https://farm9.staticflickr.com/8672/16448997481_123f740b73_b.jpg"}, "n_answers": 3, "quorum": 0, "calibration": 0, "created": "2015-02-05T16:53:13.411843", "app_id": 136, "state": "completed", "id": 30330, "priority_0": 0.0}, {"info": {"url_m": "https://farm8.staticflickr.com/7385/15828228914_200a22f3d0_m.jpg", "link": "https://www.flickr.com/photos/MicroPasts/15828228914", "url_b": "https://farm8.staticflickr.com/7385/15828228914_200a22f3d0_b.jpg"}, "n_answers": 3, "quorum": 0, "calibration": 0, "created": "2015-02-05T16:53:16.477585", "app_id": 136, "state": "completed", "id": 30331, "priority_0": 0.0}, {"info": {"url_m": "https://farm8.staticflickr.com/7368/16263335110_dbaceacf34_m.jpg", "link": "https://www.flickr.com/photos/MicroPasts/16263335110", "url_b": "https://farm8.staticflickr.com/7368/16263335110_dbaceacf34_b.jpg"}, "n_answers": 3, "quorum": 0, "calibration": 0, "created": "2015-02-05T16:53:19.523120", "app_id": 136, "state": "completed", "id": 30332, "priority_0": 0.0}, {"info": {"url_m": "https://farm8.staticflickr.com/7318/16264499689_5871d5a139_m.jpg", "link": "https://www.flickr.com/photos/MicroPasts/16264499689", "url_b": "https://farm8.staticflickr.com/7318/16264499689_5871d5a139_b.jpg"}, "n_answers": 3, "quorum": 0, "calibration": 0, "created": "2015-02-05T16:53:22.571760", "app_id": 136, "state": "completed", "id": 30333, "priority_0": 0.0}, {"info": {"url_m": "https://farm8.staticflickr.com/7401/16263335150_ea1aeee6e4_m.jpg", "link": "https://www.flickr.com/photos/MicroPasts/16263335150", "url_b": "https://farm8.staticflickr.com/7401/16263335150_ea1aeee6e4_b.jpg"}, "n_answers": 3, "quorum": 0, "calibration": 0, "created": "2015-02-05T16:53:25.621616", "app_id": 136, "state": "completed", "id": 30334, "priority_0": 0.0}, {"info": {"url_m": "https://farm8.staticflickr.com/7294/16263063878_ec78c9aaa7_m.jpg", "link": "https://www.flickr.com/photos/MicroPasts/16263063878", "url_b": "https://farm8.staticflickr.com/7294/16263063878_ec78c9aaa7_b.jpg"}, "n_answers": 3, "quorum": 0, "calibration": 0, "created": "2015-02-05T16:53:28.680662", "app_id": 136, "state": "completed", "id": 30335, "priority_0": 0.0}, {"info": {"url_m": "https://farm8.staticflickr.com/7385/16448997641_a31ec96618_m.jpg", "link": "https://www.flickr.com/photos/MicroPasts/16448997641", "url_b": "https://farm8.staticflickr.com/7385/16448997641_a31ec96618_b.jpg"}, "n_answers": 3, "quorum": 0, "calibration": 0, "created": "2015-02-05T16:53:31.846825", "app_id": 136, "state": "completed", "id": 30336, "priority_0": 0.0}, {"info": {"url_m": "https://farm8.staticflickr.com/7432/16424753606_4ffaf127f1_m.jpg", "link": "https://www.flickr.com/photos/MicroPasts/16424753606", "url_b": "https://farm8.staticflickr.com/7432/16424753606_4ffaf127f1_b.jpg"}, "n_answers": 3, "quorum": 0, "calibration": 0, "created": "2015-02-05T16:53:34.896303", "app_id": 136, "state": "completed", "id": 30337, "priority_0": 0.0}, {"info": {"url_m": "https://farm8.staticflickr.com/7424/16264499869_1ef3c6340c_m.jpg", "link": "https://www.flickr.com/photos/MicroPasts/16264499869", "url_b": "https://farm8.staticflickr.com/7424/16264499869_1ef3c6340c_b.jpg"}, "n_answers": 3, "quorum": 0, "calibration": 0, "created": "2015-02-05T16:53:37.947066", "app_id": 136, "state": "completed", "id": 30338, "priority_0": 0.0}, {"info": {"url_m": "https://farm8.staticflickr.com/7314/16264847317_e75c67409f_m.jpg", "link": "https://www.flickr.com/photos/MicroPasts/16264847317", "url_b": "https://farm8.staticflickr.com/7314/16264847317_e75c67409f_b.jpg"}, "n_answers": 3, "quorum": 0, "calibration": 0, "created": "2015-02-05T16:53:41.005729", "app_id": 136, "state": "completed", "id": 30339, "priority_0": 0.0}, {"info": {"url_m": "https://farm8.staticflickr.com/7357/16448997831_c6de32ff37_m.jpg", "link": "https://www.flickr.com/photos/MicroPasts/16448997831", "url_b": "https://farm8.staticflickr.com/7357/16448997831_c6de32ff37_b.jpg"}, "n_answers": 3, "quorum": 0, "calibration": 0, "created": "2015-02-05T16:53:44.054358", "app_id": 136, "state": "completed", "id": 30340, "priority_0": 0.0}, {"info": {"url_m": "https://farm8.staticflickr.com/7449/16424753766_3edf3e16e9_m.jpg", "link": "https://www.flickr.com/photos/MicroPasts/16424753766", "url_b": "https://farm8.staticflickr.com/7449/16424753766_3edf3e16e9_b.jpg"}, "n_answers": 3, "quorum": 0, "calibration": 0, "created": "2015-02-05T16:53:47.113196", "app_id": 136, "state": "completed", "id": 30341, "priority_0": 0.0}, {"info": {"url_m": "https://farm9.staticflickr.com/8645/15830676253_0d8826b452_m.jpg", "link": "https://www.flickr.com/photos/MicroPasts/15830676253", "url_b": "https://farm9.staticflickr.com/8645/15830676253_0d8826b452_b.jpg"}, "n_answers": 3, "quorum": 0, "calibration": 0, "created": "2015-02-05T16:53:50.162505", "app_id": 136, "state": "completed", "id": 30342, "priority_0": 0.0}, {"info": {"url_m": "https://farm9.staticflickr.com/8683/16448997891_816da9fd3a_m.jpg", "link": "https://www.flickr.com/photos/MicroPasts/16448997891", "url_b": "https://farm9.staticflickr.com/8683/16448997891_816da9fd3a_b.jpg"}, "n_answers": 3, "quorum": 0, "calibration": 0, "created": "2015-02-05T16:53:53.316872", "app_id": 136, "state": "completed", "id": 30343, "priority_0": 0.0}, {"info": {"url_m": "https://farm9.staticflickr.com/8639/16263335470_51f2171745_m.jpg", "link": "https://www.flickr.com/photos/MicroPasts/16263335470", "url_b": "https://farm9.staticflickr.com/8639/16263335470_51f2171745_b.jpg"}, "n_answers": 3, "quorum": 0, "calibration": 0, "created": "2015-02-05T16:53:56.437773", "app_id": 136, "state": "completed", "id": 30344, "priority_0": 0.0}, {"info": {"url_m": "https://farm8.staticflickr.com/7288/16424753946_f5df84d687_m.jpg", "link": "https://www.flickr.com/photos/MicroPasts/16424753946", "url_b": "https://farm8.staticflickr.com/7288/16424753946_f5df84d687_b.jpg"}, "n_answers": 3, "quorum": 0, "calibration": 0, "created": "2015-02-05T16:53:59.495444", "app_id": 136, "state": "completed", "id": 30345, "priority_0": 0.0}, {"info": {"url_m": "https://farm9.staticflickr.com/8601/15828229574_3722f7d00d_m.jpg", "link": "https://www.flickr.com/photos/MicroPasts/15828229574", "url_b": "https://farm9.staticflickr.com/8601/15828229574_3722f7d00d_b.jpg"}, "n_answers": 3, "quorum": 0, "calibration": 0, "created": "2015-02-05T16:54:02.552851", "app_id": 136, "state": "completed", "id": 30346, "priority_0": 0.0}, {"info": {"url_m": "https://farm8.staticflickr.com/7316/16264847577_e3f96d3ed2_m.jpg", "link": "https://www.flickr.com/photos/MicroPasts/16264847577", "url_b": "https://farm8.staticflickr.com/7316/16264847577_e3f96d3ed2_b.jpg"}, "n_answers": 3, "quorum": 0, "calibration": 0, "created": "2015-02-05T16:54:05.602757", "app_id": 136, "state": "completed", "id": 30347, "priority_0": 0.0}, {"info": {"url_m": "https://farm9.staticflickr.com/8567/15830676503_e45b43de8a_m.jpg", "link": "https://www.flickr.com/photos/MicroPasts/15830676503", "url_b": "https://farm9.staticflickr.com/8567/15830676503_e45b43de8a_b.jpg"}, "n_answers": 3, "quorum": 0, "calibration": 0, "created": "2015-02-05T16:54:08.771932", "app_id": 136, "state": "completed", "id": 30348, "priority_0": 0.0}, {"info": {"url_m": "https://farm9.staticflickr.com/8672/16450754465_61a3ca819b_m.jpg", "link": "https://www.flickr.com/photos/MicroPasts/16450754465", "url_b": "https://farm9.staticflickr.com/8672/16450754465_61a3ca819b_b.jpg"}, "n_answers": 3, "quorum": 0, "calibration": 0, "created": "2015-02-05T16:54:11.827428", "app_id": 136, "state": "completed", "id": 30349, "priority_0": 0.0}, {"info": {"url_m": "https://farm9.staticflickr.com/8678/15830676573_5376a9308c_m.jpg", "link": "https://www.flickr.com/photos/MicroPasts/15830676573", "url_b": "https://farm9.staticflickr.com/8678/15830676573_5376a9308c_b.jpg"}, "n_answers": 3, "quorum": 0, "calibration": 0, "created": "2015-02-05T16:54:14.877974", "app_id": 136, "state": "completed", "id": 30350, "priority_0": 0.0}, {"info": {"url_m": "https://farm8.staticflickr.com/7401/15828229714_5523778090_m.jpg", "link": "https://www.flickr.com/photos/MicroPasts/15828229714", "url_b": "https://farm8.staticflickr.com/7401/15828229714_5523778090_b.jpg"}, "n_answers": 3, "quorum": 0, "calibration": 0, "created": "2015-02-05T16:54:17.986772", "app_id": 136, "state": "completed", "id": 30351, "priority_0": 0.0}, {"info": {"url_m": "https://farm9.staticflickr.com/8621/15828229734_1ed5415531_m.jpg", "link": "https://www.flickr.com/photos/MicroPasts/15828229734", "url_b": "https://farm9.staticflickr.com/8621/15828229734_1ed5415531_b.jpg"}, "n_answers": 3, "quorum": 0, "calibration": 0, "created": "2015-02-05T16:54:21.036456", "app_id": 136, "state": "completed", "id": 30352, "priority_0": 0.0}, {"info": {"url_m": "https://farm8.staticflickr.com/7456/16449805502_b0bb9efd60_m.jpg", "link": "https://www.flickr.com/photos/MicroPasts/16449805502", "url_b": "https://farm8.staticflickr.com/7456/16449805502_b0bb9efd60_b.jpg"}, "n_answers": 3, "quorum": 0, "calibration": 0, "created": "2015-02-05T16:54:24.093374", "app_id": 136, "state": "completed", "id": 30353, "priority_0": 0.0}, {"info": {"url_m": "https://farm8.staticflickr.com/7313/15830676803_bacaaf2559_m.jpg", "link": "https://www.flickr.com/photos/MicroPasts/15830676803", "url_b": "https://farm8.staticflickr.com/7313/15830676803_bacaaf2559_b.jpg"}, "n_answers": 3, "quorum": 0, "calibration": 0, "created": "2015-02-05T16:54:27.144903", "app_id": 136, "state": "completed", "id": 30354, "priority_0": 0.0}, {"info": {"url_m": "https://farm8.staticflickr.com/7414/15830676863_a10e3b07a0_m.jpg", "link": "https://www.flickr.com/photos/MicroPasts/15830676863", "url_b": "https://farm8.staticflickr.com/7414/15830676863_a10e3b07a0_b.jpg"}, "n_answers": 3, "quorum": 0, "calibration": 0, "created": "2015-02-05T16:54:30.201446", "app_id": 136, "state": "completed", "id": 30355, "priority_0": 0.0}, {"info": {"url_m": "https://farm9.staticflickr.com/8579/16264500859_966e1649ec_m.jpg", "link": "https://www.flickr.com/photos/MicroPasts/16264500859", "url_b": "https://farm9.staticflickr.com/8579/16264500859_966e1649ec_b.jpg"}, "n_answers": 3, "quorum": 0, "calibration": 0, "created": "2015-02-05T16:54:33.260214", "app_id": 136, "state": "completed", "id": 30356, "priority_0": 0.0}, {"info": {"url_m": "https://farm8.staticflickr.com/7350/16264847977_4a711e623f_m.jpg", "link": "https://www.flickr.com/photos/MicroPasts/16264847977", "url_b": "https://farm8.staticflickr.com/7350/16264847977_4a711e623f_b.jpg"}, "n_answers": 3, "quorum": 0, "calibration": 0, "created": "2015-02-05T16:54:36.319167", "app_id": 136, "state": "completed", "id": 30357, "priority_0": 0.0}, {"info": {"url_m": "https://farm8.staticflickr.com/7338/16263064978_aa733f8cf7_m.jpg", "link": "https://www.flickr.com/photos/MicroPasts/16263064978", "url_b": "https://farm8.staticflickr.com/7338/16263064978_aa733f8cf7_b.jpg"}, "n_answers": 3, "quorum": 0, "calibration": 0, "created": "2015-02-05T16:54:39.393420", "app_id": 136, "state": "completed", "id": 30358, "priority_0": 0.0}, {"info": {"url_m": "https://farm8.staticflickr.com/7375/16264848047_d70b884d50_m.jpg", "link": "https://www.flickr.com/photos/MicroPasts/16264848047", "url_b": "https://farm8.staticflickr.com/7375/16264848047_d70b884d50_b.jpg"}, "n_answers": 3, "quorum": 0, "calibration": 0, "created": "2015-02-05T16:54:42.450950", "app_id": 136, "state": "completed", "id": 30359, "priority_0": 0.0}, {"info": {"url_m": "https://farm8.staticflickr.com/7352/16449805732_7e95d4ecc6_m.jpg", "link": "https://www.flickr.com/photos/MicroPasts/16449805732", "url_b": "https://farm8.staticflickr.com/7352/16449805732_7e95d4ecc6_b.jpg"}, "n_answers": 3, "quorum": 0, "calibration": 0, "created": "2015-02-05T16:54:45.492205", "app_id": 136, "state": "completed", "id": 30360, "priority_0": 0.0}, {"info": {"url_m": "https://farm8.staticflickr.com/7293/16264501249_a40fbb9ccf_m.jpg", "link": "https://www.flickr.com/photos/MicroPasts/16264501249", "url_b": "https://farm8.staticflickr.com/7293/16264501249_a40fbb9ccf_b.jpg"}, "n_answers": 3, "quorum": 0, "calibration": 0, "created": "2015-02-05T16:54:48.563081", "app_id": 136, "state": "completed", "id": 30361, "priority_0": 0.0}, {"info": {"url_m": "https://farm8.staticflickr.com/7391/16264501279_3855b45c01_m.jpg", "link": "https://www.flickr.com/photos/MicroPasts/16264501279", "url_b": "https://farm8.staticflickr.com/7391/16264501279_3855b45c01_b.jpg"}, "n_answers": 3, "quorum": 0, "calibration": 0, "created": "2015-02-05T16:54:51.618067", "app_id": 136, "state": "completed", "id": 30362, "priority_0": 0.0}, {"info": {"url_m": "https://farm9.staticflickr.com/8562/16450755305_c7256463f0_m.jpg", "link": "https://www.flickr.com/photos/MicroPasts/16450755305", "url_b": "https://farm9.staticflickr.com/8562/16450755305_c7256463f0_b.jpg"}, "n_answers": 3, "quorum": 0, "calibration": 0, "created": "2015-02-05T16:54:54.675020", "app_id": 136, "state": "completed", "id": 30363, "priority_0": 0.0}, {"info": {"url_m": "https://farm8.staticflickr.com/7404/16264848297_e51951766b_m.jpg", "link": "https://www.flickr.com/photos/MicroPasts/16264848297", "url_b": "https://farm8.staticflickr.com/7404/16264848297_e51951766b_b.jpg"}, "n_answers": 3, "quorum": 0, "calibration": 0, "created": "2015-02-05T16:54:57.727462", "app_id": 136, "state": "completed", "id": 30364, "priority_0": 0.0}, {"info": {"url_m": "https://farm8.staticflickr.com/7309/16263336560_859aca2643_m.jpg", "link": "https://www.flickr.com/photos/MicroPasts/16263336560", "url_b": "https://farm8.staticflickr.com/7309/16263336560_859aca2643_b.jpg"}, "n_answers": 3, "quorum": 0, "calibration": 0, "created": "2015-02-05T16:55:00.880381", "app_id": 136, "state": "completed", "id": 30365, "priority_0": 0.0}, {"info": {"url_m": "https://farm8.staticflickr.com/7437/16264501399_447a53e816_m.jpg", "link": "https://www.flickr.com/photos/MicroPasts/16264501399", "url_b": "https://farm8.staticflickr.com/7437/16264501399_447a53e816_b.jpg"}, "n_answers": 3, "quorum": 0, "calibration": 0, "created": "2015-02-05T16:55:03.965481", "app_id": 136, "state": "completed", "id": 30366, "priority_0": 0.0}, {"info": {"url_m": "https://farm8.staticflickr.com/7302/16263336690_b92eb36c38_m.jpg", "link": "https://www.flickr.com/photos/MicroPasts/16263336690", "url_b": "https://farm8.staticflickr.com/7302/16263336690_b92eb36c38_b.jpg"}, "n_answers": 3, "quorum": 0, "calibration": 0, "created": "2015-02-05T16:55:07.030746", "app_id": 136, "state": "completed", "id": 30367, "priority_0": 0.0}, {"info": {"url_m": "https://farm8.staticflickr.com/7355/16424754946_f724966438_m.jpg", "link": "https://www.flickr.com/photos/MicroPasts/16424754946", "url_b": "https://farm8.staticflickr.com/7355/16424754946_f724966438_b.jpg"}, "n_answers": 3, "quorum": 0, "calibration": 0, "created": "2015-02-05T16:55:10.093007", "app_id": 136, "state": "completed", "id": 30368, "priority_0": 0.0}, {"info": {"url_m": "https://farm8.staticflickr.com/7312/16263065648_790e4b8fc8_m.jpg", "link": "https://www.flickr.com/photos/MicroPasts/16263065648", "url_b": "https://farm8.staticflickr.com/7312/16263065648_790e4b8fc8_b.jpg"}, "n_answers": 3, "quorum": 0, "calibration": 0, "created": "2015-02-05T16:55:13.151236", "app_id": 136, "state": "completed", "id": 30369, "priority_0": 0.0}, {"info": {"url_m": "https://farm8.staticflickr.com/7324/15830677693_15e098da06_m.jpg", "link": "https://www.flickr.com/photos/MicroPasts/15830677693", "url_b": "https://farm8.staticflickr.com/7324/15830677693_15e098da06_b.jpg"}, "n_answers": 3, "quorum": 0, "calibration": 0, "created": "2015-02-05T16:55:16.200798", "app_id": 136, "state": "completed", "id": 30370, "priority_0": 0.0}, {"info": {"url_m": "https://farm8.staticflickr.com/7369/16263065688_b76d4cfff7_m.jpg", "link": "https://www.flickr.com/photos/MicroPasts/16263065688", "url_b": "https://farm8.staticflickr.com/7369/16263065688_b76d4cfff7_b.jpg"}, "n_answers": 3, "quorum": 0, "calibration": 0, "created": "2015-02-05T16:55:19.691883", "app_id": 136, "state": "completed", "id": 30371, "priority_0": 0.0}, {"info": {"url_m": "https://farm8.staticflickr.com/7291/16450755775_7eafcdc8c7_m.jpg", "link": "https://www.flickr.com/photos/MicroPasts/16450755775", "url_b": "https://farm8.staticflickr.com/7291/16450755775_7eafcdc8c7_b.jpg"}, "n_answers": 3, "quorum": 0, "calibration": 0, "created": "2015-02-05T16:55:22.741645", "app_id": 136, "state": "completed", "id": 30372, "priority_0": 0.0}, {"info": {"url_m": "https://farm8.staticflickr.com/7449/15828230694_91704dce58_m.jpg", "link": "https://www.flickr.com/photos/MicroPasts/15828230694", "url_b": "https://farm8.staticflickr.com/7449/15828230694_91704dce58_b.jpg"}, "n_answers": 3, "quorum": 0, "calibration": 0, "created": "2015-02-05T16:55:25.792414", "app_id": 136, "state": "completed", "id": 30373, "priority_0": 0.0}, {"info": {"url_m": "https://farm8.staticflickr.com/7290/16450755825_58d6da1293_m.jpg", "link": "https://www.flickr.com/photos/MicroPasts/16450755825", "url_b": "https://farm8.staticflickr.com/7290/16450755825_58d6da1293_b.jpg"}, "n_answers": 3, "quorum": 0, "calibration": 0, "created": "2015-02-05T16:55:28.841417", "app_id": 136, "state": "completed", "id": 30374, "priority_0": 0.0}, {"info": {"url_m": "https://farm8.staticflickr.com/7445/16263065848_4dcccec008_m.jpg", "link": "https://www.flickr.com/photos/MicroPasts/16263065848", "url_b": "https://farm8.staticflickr.com/7445/16263065848_4dcccec008_b.jpg"}, "n_answers": 3, "quorum": 0, "calibration": 0, "created": "2015-02-05T16:55:31.907223", "app_id": 136, "state": "completed", "id": 30375, "priority_0": 0.0}, {"info": {"url_m": "https://farm9.staticflickr.com/8562/16263337290_28842733ef_m.jpg", "link": "https://www.flickr.com/photos/MicroPasts/16263337290", "url_b": "https://farm9.staticflickr.com/8562/16263337290_28842733ef_b.jpg"}, "n_answers": 3, "quorum": 0, "calibration": 0, "created": "2015-02-05T16:55:34.966589", "app_id": 136, "state": "completed", "id": 30376, "priority_0": 0.0}, {"info": {"url_m": "https://farm9.staticflickr.com/8586/16263337310_6fc174848f_m.jpg", "link": "https://www.flickr.com/photos/MicroPasts/16263337310", "url_b": "https://farm9.staticflickr.com/8586/16263337310_6fc174848f_b.jpg"}, "n_answers": 3, "quorum": 0, "calibration": 0, "created": "2015-02-05T16:55:38.024191", "app_id": 136, "state": "completed", "id": 30377, "priority_0": 0.0}, {"info": {"url_m": "https://farm8.staticflickr.com/7372/16450755935_4dcff28fe9_m.jpg", "link": "https://www.flickr.com/photos/MicroPasts/16450755935", "url_b": "https://farm8.staticflickr.com/7372/16450755935_4dcff28fe9_b.jpg"}, "n_answers": 3, "quorum": 0, "calibration": 0, "created": "2015-02-05T16:55:41.073247", "app_id": 136, "state": "completed", "id": 30378, "priority_0": 0.0}, {"info": {"url_m": "https://farm8.staticflickr.com/7426/16263337390_b16990a7fa_m.jpg", "link": "https://www.flickr.com/photos/MicroPasts/16263337390", "url_b": "https://farm8.staticflickr.com/7426/16263337390_b16990a7fa_b.jpg"}, "n_answers": 3, "quorum": 0, "calibration": 0, "created": "2015-02-05T16:55:44.133494", "app_id": 136, "state": "completed", "id": 30379, "priority_0": 0.0}, {"info": {"url_m": "https://farm8.staticflickr.com/7283/16263065978_0e248ba599_m.jpg", "link": "https://www.flickr.com/photos/MicroPasts/16263065978", "url_b": "https://farm8.staticflickr.com/7283/16263065978_0e248ba599_b.jpg"}, "n_answers": 3, "quorum": 0, "calibration": 0, "created": "2015-02-05T16:55:47.181925", "app_id": 136, "state": "completed", "id": 30380, "priority_0": 0.0}, {"info": {"url_m": "https://farm8.staticflickr.com/7414/16263066018_cdcb6522e4_m.jpg", "link": "https://www.flickr.com/photos/MicroPasts/16263066018", "url_b": "https://farm8.staticflickr.com/7414/16263066018_cdcb6522e4_b.jpg"}, "n_answers": 3, "quorum": 0, "calibration": 0, "created": "2015-02-05T16:55:50.240259", "app_id": 136, "state": "completed", "id": 30381, "priority_0": 0.0}, {"info": {"url_m": "https://farm8.staticflickr.com/7376/16449806812_91ee2852f5_m.jpg", "link": "https://www.flickr.com/photos/MicroPasts/16449806812", "url_b": "https://farm8.staticflickr.com/7376/16449806812_91ee2852f5_b.jpg"}, "n_answers": 3, "quorum": 0, "calibration": 0, "created": "2015-02-05T16:55:53.297453", "app_id": 136, "state": "completed", "id": 30382, "priority_0": 0.0}, {"info": {"url_m": "https://farm8.staticflickr.com/7296/16424755536_6d101cb8a6_m.jpg", "link": "https://www.flickr.com/photos/MicroPasts/16424755536", "url_b": "https://farm8.staticflickr.com/7296/16424755536_6d101cb8a6_b.jpg"}, "n_answers": 3, "quorum": 0, "calibration": 0, "created": "2015-02-05T16:55:56.348374", "app_id": 136, "state": "completed", "id": 30383, "priority_0": 0.0}, {"info": {"url_m": "https://farm8.staticflickr.com/7365/16448999741_d8478b7bcb_m.jpg", "link": "https://www.flickr.com/photos/MicroPasts/16448999741", "url_b": "https://farm8.staticflickr.com/7365/16448999741_d8478b7bcb_b.jpg"}, "n_answers": 3, "quorum": 0, "calibration": 0, "created": "2015-02-05T16:55:59.386352", "app_id": 136, "state": "completed", "id": 30384, "priority_0": 0.0}, {"info": {"url_m": "https://farm8.staticflickr.com/7318/16263337560_7d95062e17_m.jpg", "link": "https://www.flickr.com/photos/MicroPasts/16263337560", "url_b": "https://farm8.staticflickr.com/7318/16263337560_7d95062e17_b.jpg"}, "n_answers": 3, "quorum": 0, "calibration": 0, "created": "2015-02-05T16:56:02.439692", "app_id": 136, "state": "completed", "id": 30385, "priority_0": 0.0}, {"info": {"url_m": "https://farm9.staticflickr.com/8674/15830678263_a9345f04db_m.jpg", "link": "https://www.flickr.com/photos/MicroPasts/15830678263", "url_b": "https://farm9.staticflickr.com/8674/15830678263_a9345f04db_b.jpg"}, "n_answers": 3, "quorum": 0, "calibration": 0, "created": "2015-02-05T16:56:05.495657", "app_id": 136, "state": "completed", "id": 30386, "priority_0": 0.0}, {"info": {"url_m": "https://farm9.staticflickr.com/8608/16450756185_06a2307493_m.jpg", "link": "https://www.flickr.com/photos/MicroPasts/16450756185", "url_b": "https://farm9.staticflickr.com/8608/16450756185_06a2307493_b.jpg"}, "n_answers": 3, "quorum": 0, "calibration": 0, "created": "2015-02-05T16:56:08.624072", "app_id": 136, "state": "completed", "id": 30387, "priority_0": 0.0}, {"info": {"url_m": "https://farm8.staticflickr.com/7372/15828231494_3074cbc700_m.jpg", "link": "https://www.flickr.com/photos/MicroPasts/15828231494", "url_b": "https://farm8.staticflickr.com/7372/15828231494_3074cbc700_b.jpg"}, "n_answers": 3, "quorum": 0, "calibration": 0, "created": "2015-02-05T16:56:11.683300", "app_id": 136, "state": "completed", "id": 30388, "priority_0": 0.0}, {"info": {"url_m": "https://farm8.staticflickr.com/7435/16264502809_eaf8c905b2_m.jpg", "link": "https://www.flickr.com/photos/MicroPasts/16264502809", "url_b": "https://farm8.staticflickr.com/7435/16264502809_eaf8c905b2_b.jpg"}, "n_answers": 3, "quorum": 0, "calibration": 0, "created": "2015-02-05T16:56:15.533108", "app_id": 136, "state": "completed", "id": 30389, "priority_0": 0.0}, {"info": {"url_m": "https://farm9.staticflickr.com/8622/15828231534_4611a25441_m.jpg", "link": "https://www.flickr.com/photos/MicroPasts/15828231534", "url_b": "https://farm9.staticflickr.com/8622/15828231534_4611a25441_b.jpg"}, "n_answers": 3, "quorum": 0, "calibration": 0, "created": "2015-02-05T16:56:18.590832", "app_id": 136, "state": "completed", "id": 30390, "priority_0": 0.0}]