[{"info": {"weight": "", "patina": "", "site": "BUCKINGHAMSHIRE[;]IVINGHOE[;]IVINGHOE ASTON[;]'SIX ACRES'[;]Circumstances: found July/Aug 1976 by Mr. Reynolds in topsoil removed to make the front drive of 'Six Acres' bungalow - adjacent to Beacon Farm;", "surface": "", "toSearch": "2 Ashbys Villas, Ivinghoe Aston, Leighton Buzzard, Buckinghamshire LU7 9DH, UK", "remarks": "Metallurgy Analyst: Craddock - B.M. Res. Lab.[;]Sub. Inf. Mike Farley, Bucks Co. Mus. 20.10.78", "dateDiscoveryMonth": "None", "objectType": "PALSTAVE - CHISEL", "gridRef": "SP 9535 1805", "lon": "-0.6166860263672334", "geojson": {"geometry": {"type": "Point", "coordinates": ["-0.6166860263672334", "51.85277182785752"]}, "crs": {"type": "name", "properties": {"name": "urn:ogc:def:crs:OGC:1.3:CRS84"}}, "type": "Feature", "properties": {}}, "thickness": "", "width": "", "other": "Modern card, fields do not match data entry template.\r\n", "composition": "Cu 86, Pb 0.3, Su 12.4, Ag 0.025, Fe 0.04, Sb 0.005, Ni 0.18, As 0.2, Bi 0.01, Co 0.01, Au, Cd, Mr, Zn - nd.", "associations": "Context: 8. SINGLE", "description": "", "collection": "REYNOLDS, Mr. - private[;]'Six Acres', Ivinghoe Aston, Bucks", "dateDiscoveryDay": "None", "lat": "51.85277182785752", "dateDiscoveryYear": "1976", "rightCorner": "A3", "length": "", "edge": "", "publications": "Bibliog: Farley, 1978, 675 fig. 1 left"}, "user_id": 64, "task_id": 11040, "created": "2014-08-29T14:58:46.916970", "finish_time": "2014-08-29T14:58:46.916991", "calibration": null, "app_id": 52, "user_ip": null, "timeout": null, "id": 14939}, {"info": {"weight": "140", "patina": "black", "site": "CAMBRIDGESHIRE,[;]Burwell Fen", "surface": "Rough. Incrusted.", "toSearch": "Reach Road, Cambridge, Cambridgeshire CB25 0GH, UK", "remarks": "", "dateDiscoveryMonth": "None", "objectType": "Bronze Palstave Chicel[;]Axe-like", "gridRef": "TL 58 66", "lon": "0.3144065495605446", "geojson": {"geometry": {"type": "Point", "coordinates": ["0.3144065495605446", "52.26946803252533"]}, "crs": {"type": "name", "properties": {"name": "urn:ogc:def:crs:OGC:1.3:CRS84"}}, "type": "Feature", "properties": {}}, "thickness": "19", "width": "Butt 20, Blade 32", "other": "", "composition": "Bronze", "associations": "", "description": "much corroded. butt, blade & one side much broken", "collection": "British Museum 65.4-18.3", "dateDiscoveryDay": "None", "lat": "52.26946803252533", "dateDiscoveryYear": "None", "rightCorner": "A3", "length": "122", "edge": "", "publications": ""}, "user_id": 64, "task_id": 11041, "created": "2014-08-29T15:04:48.396137", "finish_time": "2014-08-29T15:04:48.396156", "calibration": null, "app_id": 52, "user_ip": null, "timeout": null, "id": 14944}, {"info": {"weight": "", "patina": "", "site": "Buckinghamshire[;]Ivinghoe[;]Ivinghoe Aston[;]'Six Acres'", "surface": "", "toSearch": "Ivinghoe, Buckinghamshire, UK", "remarks": "Found July/August 1976 by Mr Reynolds in topsoil removed to make the front drive of 'Six Acres' bungalow - adjacent to Beacon Farm;", "dateDiscoveryMonth": "8", "objectType": "Palstave-Chisel", "gridRef": "SP95351805", "lon": "-0.6151554000000488", "geojson": {"geometry": {"type": "Point", "coordinates": ["-0.6151554000000488", "51.8453859"]}, "crs": {"type": "name", "properties": {"name": "urn:ogc:def:crs:OGC:1.3:CRS84"}}, "type": "Feature", "properties": {}}, "thickness": "", "width": "", "other": "Context: '8. Single'\r\nRec.: '??. 26 Oct 78'\r\nSub.Inf.: Mike Farley, Bucks Co. Mus 20.10.78\r\nDF: S\r\nSI: tick\r\nCI: tick\r\nSource: Sb.1.\r\nMetallurgy: Craddock - B.M. Res.Lab.", "composition": "Cu 86, Pb 0.3, Sn 12.4, Ag 0.025, Fe 0.04, Sb 0.005, Ni 0.18, AS 0.2, Bi 0.01, Co. 0.01, Au , Cd, Mr, Zn - nd.", "associations": "", "description": "", "collection": "Reynolds, Mr. ~private[;]'Six Acres',Ivinghoe Aston. Bucks", "dateDiscoveryDay": "None", "lat": "51.8453859", "dateDiscoveryYear": "1976", "rightCorner": "A3", "length": "", "edge": "", "publications": "Farley, 1978, 675 fig.1 left"}, "user_id": 6, "task_id": 11040, "created": "2014-08-29T18:34:12.553536", "finish_time": "2014-08-29T18:34:12.553557", "calibration": null, "app_id": 52, "user_ip": null, "timeout": null, "id": 15017}, {"info": {"weight": "140", "patina": "Black", "site": "Cambridgeshire,, Burwell Fen", "surface": "Rough, incrusted", "toSearch": "burwell cambridge", "remarks": "", "dateDiscoveryMonth": "None", "objectType": "Bronze Palstave Chisel Axe-like", "gridRef": "TL58 66", "lon": "", "thickness": "19", "width": "Butt 20 ; blade 32", "other": "", "composition": "", "associations": "", "description": "Much corroded, butt, blade and one side much broken", "collection": "British Museum 65 4-18 8", "dateDiscoveryDay": "None", "lat": "", "dateDiscoveryYear": "None", "rightCorner": "A3", "length": "122", "edge": "", "publications": ""}, "user_id": 528, "task_id": 11041, "created": "2014-08-30T07:45:42.869242", "finish_time": "2014-08-30T07:45:42.869264", "calibration": null, "app_id": 52, "user_ip": null, "timeout": null, "id": 15089}, {"info": {"weight": "172.480", "patina": "Iron brown", "site": "England, Cambridge, Burwell, Burwell Fen", "surface": "", "toSearch": "burwell cambridge", "remarks": "", "dateDiscoveryMonth": "None", "objectType": "Palsave Chisel axe-like", "gridRef": "", "lon": "", "thickness": "centre 7.20", "width": "edge 34, centre 19, butt 18", "other": "", "composition": "", "associations": "", "description": "Shield on faces.  Slight transverse ridge on sides well below stop ridge.  The flanges at the sides of the recess have some notches running diagonally into them so as to form a kind of barb, such as would prevent the blade from being drawn away from the handle when bound to it by a cord.  (Evans, p. 83)\r\n[In pencil] These are omitted in drawing made for this index.", "collection": "Ashmolean Museum, Oxford, Evans Collection, 1927.2381", "dateDiscoveryDay": "None", "lat": "", "dateDiscoveryYear": "1871", "rightCorner": "A3", "length": "144", "edge": "", "publications": "Evans, Anc. Br. Imps. p. 83, fig. 67"}, "user_id": 528, "task_id": 11042, "created": "2014-08-30T07:53:06.792217", "finish_time": "2014-08-30T07:53:06.792239", "calibration": null, "app_id": 52, "user_ip": null, "timeout": null, "id": 15090}, {"info": {"weight": "168", "patina": "", "site": "England, Cambridgeshire, Cambridge Fens", "surface": "Very rough and corroded, a few patches not corroded, shows bright golden yellow, otherwise dark green, dark brown", "toSearch": "Cambridge, Cambridge, UK", "remarks": "", "dateDiscoveryMonth": "None", "objectType": "Palstave chisel Axe like", "gridRef": "", "lon": "0.12181699999996454", "geojson": {"geometry": {"type": "Point", "coordinates": ["0.12181699999996454", "52.205337"]}, "crs": {"type": "name", "properties": {"name": "urn:ogc:def:crs:OGC:1.3:CRS84"}}, "type": "Feature", "properties": {}}, "thickness": "17 ; 6", "width": "Edge 32, middle 20, butt 19", "other": "Georeferenced to Cambridge", "composition": "", "associations": "", "description": "A very narrow palstave with semi-elliptical ornament below the stop ridge.  ", "collection": "Museum of Archaeology, Cambridge", "dateDiscoveryDay": "None", "lat": "52.205337", "dateDiscoveryYear": "None", "rightCorner": "A3", "length": "137", "edge": "", "publications": "Mentioned by Evans, ?page 83"}, "user_id": 528, "task_id": 11043, "created": "2014-08-30T07:58:48.567037", "finish_time": "2014-08-30T07:58:48.567059", "calibration": null, "app_id": 52, "user_ip": null, "timeout": null, "id": 15091}, {"info": {"weight": "112", "patina": "Brown", "site": "England, Cambridge, Quy Fen", "surface": "Broken and corroded", "toSearch": "quy ", "remarks": "", "dateDiscoveryMonth": "None", "objectType": "Bronze Palatave Chisel", "gridRef": "", "lon": "0.12181699999996454", "geojson": {"geometry": {"type": "Point", "coordinates": ["0.12181699999996454", "52.205337"]}, "crs": {"type": "name", "properties": {"name": "urn:ogc:def:crs:OGC:1.3:CRS84"}}, "type": "Feature", "properties": {}}, "thickness": "14", "width": "Butt 22 ; blade 31", "other": "", "composition": "Bronze", "associations": "", "description": "Broken in half. Slight stop ridges.  Broad side flanges.  Loop rib below stop ridges.  Marks of casting", "collection": "British Museum WG 1982", "dateDiscoveryDay": "None", "lat": "52.205337", "dateDiscoveryYear": "None", "rightCorner": "A3 \r\nIV 3 G", "length": "102", "edge": "", "publications": ""}, "user_id": 528, "task_id": 11044, "created": "2014-08-30T08:03:21.901347", "finish_time": "2014-08-30T08:03:21.901368", "calibration": null, "app_id": 52, "user_ip": null, "timeout": null, "id": 15092}, {"info": {"weight": "", "patina": "Dark chocolate brown p.; v. little speckling to darker colour; some yellow to orange staining.", "site": "Greater London, River Thames, Kingston", "surface": "Attached material v. small specks of concretion", "toSearch": "kingston upo", "remarks": "Labels/Marking: white ink inscr. 'B.18' ; loose hand-printed label; loose tag label - Roots orig.", "dateDiscoveryMonth": "None", "objectType": "Palstave Chisel", "gridRef": "c. TQ 17 68", "lon": "0.12181699999996454", "geojson": {"geometry": {"type": "Point", "coordinates": ["0.12181699999996454", "52.205337"]}, "crs": {"type": "name", "properties": {"name": "urn:ogc:def:crs:OGC:1.3:CRS84"}}, "type": "Feature", "properties": {}}, "thickness": "Max T sep. 3.7", "width": "We 31.5 ; Wbt 19.0, Max B. fg., 19.5; min B. st. 14.5", "other": "", "composition": "", "associations": "7b Group", "description": "Butt notch prob. orig. feature; arched shoulder on one side of bl./fg.junction - just hump on other side; stops dip from flanges - asym. and irreg. ; flattened fg. bases provide beginning of \"V\" enclosed depression on one face - virt. none on rev.; fairly crisp sep. angles; thin rounded/flattened fg. crests; fgs. skew to body e.g. fls. remains as cracks - one v. off central; deliberately dimpled bl. tips; some prob. hmks on sides; moulding irregularities on one sep. - prob. e.g. flaw; v. sl. flattening of top of fgs. - tending to tipping; 'hollow ground' e. bev. with suggestion of lesser bevel above; sl. bent and twisted along line of body - pres. dam.; edge intact and sharp.", "collection": "Soceity of Antiquaries Collection B 18\r\n(Presented 1860 by Sudlow Roots, Esq., from the collection of his father, William Roots - no. 6", "dateDiscoveryDay": "None", "lat": "52.205337", "dateDiscoveryYear": "None", "rightCorner": "A3", "length": "120.7", "edge": "", "publications": "a) PSA, I, 1843-9, 21\r\nb) Arc. XXX, 1844, 491\r\nc) PSA 2, I, 1859-61, no. 6"}, "user_id": 528, "task_id": 11045, "created": "2014-08-30T08:22:44.304202", "finish_time": "2014-08-30T08:22:44.304223", "calibration": null, "app_id": 52, "user_ip": null, "timeout": null, "id": 15093}, {"info": {"weight": "155.92", "patina": "Very slight patina, rust colour inside sockets and remains of whitish earth ", "site": "England, Greater London, Kingston, Several feet under gravel and resting nearly 2 feet in blue clay", "surface": "Smooth dark brown bronze colour", "toSearch": "kingston upon", "remarks": "", "dateDiscoveryMonth": "None", "objectType": "Palstave Chisel Axe-like", "gridRef": "", "lon": "0.12181699999996454", "geojson": {"geometry": {"type": "Point", "coordinates": ["0.12181699999996454", "52.205337"]}, "crs": {"type": "name", "properties": {"name": "urn:ogc:def:crs:OGC:1.3:CRS84"}}, "type": "Feature", "properties": {}}, "thickness": "19.5; 3.5", "width": "Edge 31, centre 21.5, butt 19", "other": "", "composition": "", "associations": "Close to spot where other implements were found", "description": "Well preserved and a sharp edge", "collection": "Society of Antiquaries, Burlington House, W. Dr. Roots Collection, No. 6", "dateDiscoveryDay": "None", "lat": "52.205337", "dateDiscoveryYear": "None", "rightCorner": "None", "length": "121", "edge": "", "publications": ""}, "user_id": 528, "task_id": 11046, "created": "2014-08-30T08:30:42.938153", "finish_time": "2014-08-30T08:30:42.938174", "calibration": null, "app_id": 52, "user_ip": null, "timeout": null, "id": 15094}, {"info": {"weight": "212.61", "patina": "", "site": "England, Huntingdonshire, Ramsey Fen, ", "surface": "Rough dark green and light brass in patches", "toSearch": "peterborough", "remarks": "", "dateDiscoveryMonth": "None", "objectType": "Palstave Chisel", "gridRef": "", "lon": "0.12181699999996454", "geojson": {"geometry": {"type": "Point", "coordinates": ["0.12181699999996454", "52.205337"]}, "crs": {"type": "name", "properties": {"name": "urn:ogc:def:crs:OGC:1.3:CRS84"}}, "type": "Feature", "properties": {}}, "thickness": "15.5 ; 3 ; 18", "width": "Edge 17.5 ; middle 20.5, butt 18", "other": "Georeference does not bring up either Ramsey or Ramsey in Huntingdon, Cambridgeshire.  I have therefore georeferenced Peterborough, the nearest large town, which it does show", "composition": "", "associations": "", "description": "", "collection": "Wisbech Museum", "dateDiscoveryDay": "None", "lat": "52.205337", "dateDiscoveryYear": "None", "rightCorner": "A3", "length": "168", "edge": "", "publications": ""}, "user_id": 528, "task_id": 11047, "created": "2014-08-30T08:43:46.171348", "finish_time": "2014-08-30T08:43:46.171369", "calibration": null, "app_id": 52, "user_ip": null, "timeout": null, "id": 15095}, {"info": {"weight": "", "patina": "", "site": "Lancashire , (Yorkshire West Riding), Barnoldswick, Causeway Carr", "surface": "", "toSearch": "Barnoldswick, Barnoldswick, Lancashire BB18, UK", "remarks": "Found Jan. 1980 in a field known as Causeway Carr by Mr. Hirst, 3, Sackville Street, Barnoldswick, just below the surface of the field, using a metal detector (DF)", "dateDiscoveryMonth": "None", "objectType": "Flanged Chisel", "gridRef": "SD 8721 4605", "lon": "-2.1869179999999915", "geojson": {"geometry": {"type": "Point", "coordinates": ["-2.1869179999999915", "53.91301499999999"]}, "crs": {"type": "name", "properties": {"name": "urn:ogc:def:crs:OGC:1.3:CRS84"}}, "type": "Feature", "properties": {}}, "thickness": "", "width": "", "other": "", "composition": "", "associations": "8a Single Find", "description": "", "collection": "Skipton, The Craven Museum", "dateDiscoveryDay": "None", "lat": "53.91301499999999", "dateDiscoveryYear": "None", "rightCorner": "A3", "length": "", "edge": "", "publications": ""}, "user_id": 528, "task_id": 11048, "created": "2014-08-30T08:49:21.815020", "finish_time": "2014-08-30T08:49:21.815042", "calibration": null, "app_id": 52, "user_ip": null, "timeout": null, "id": 15096}, {"info": {"weight": "", "patina": "", "site": "Norfolk, Barton Bendish, ", "surface": "Hammering extensive on two sides as far down as the incurve", "toSearch": "barton bendish norfo", "remarks": "", "dateDiscoveryMonth": "None", "objectType": "Haft flanged chisel", "gridRef": "", "lon": "0.40017390000002706", "geojson": {"geometry": {"type": "Point", "coordinates": ["0.40017390000002706", "52.75649"]}, "crs": {"type": "name", "properties": {"name": "urn:ogc:def:crs:OGC:1.3:CRS84"}}, "type": "Feature", "properties": {}}, "thickness": "", "width": "31", "other": "", "composition": "", "associations": "", "description": "", "collection": "London, British Museum 52. 4-3. 5", "dateDiscoveryDay": "None", "lat": "52.75649", "dateDiscoveryYear": "None", "rightCorner": "A3", "length": "105", "edge": "", "publications": ""}, "user_id": 528, "task_id": 11049, "created": "2014-08-30T08:52:53.644771", "finish_time": "2014-08-30T08:52:53.644791", "calibration": null, "app_id": 52, "user_ip": null, "timeout": null, "id": 15097}, {"info": {"weight": "156.85", "patina": "Light brown green", "site": "England, Oxford, Dorchester, near", "surface": "", "toSearch": "21 Longwall Street, University of Oxford, Oxford, Oxfordshire OX1 3SX, UK", "remarks": "", "dateDiscoveryMonth": "None", "objectType": "Palstave of chisel-like form", "gridRef": "", "lon": "-1.247775318749973", "geojson": {"geometry": {"type": "Point", "coordinates": ["-1.247775318749973", "51.7544924727255"]}, "crs": {"type": "name", "properties": {"name": "urn:ogc:def:crs:OGC:1.3:CRS84"}}, "type": "Feature", "properties": {}}, "thickness": "Centre 7 ; 19", "width": "Edge 24, centre 21, butt 19", "other": "", "composition": "", "associations": "", "description": "Narrow chisel-like form", "collection": "Ashmolean Museum, Oxford, Evans Collection, 1927.2687", "dateDiscoveryDay": "None", "lat": "51.7544924727255", "dateDiscoveryYear": "1873", "rightCorner": "A3", "length": "129", "edge": "", "publications": "Evans, Anc. Br. Imps. pps. 83-4"}, "user_id": 528, "task_id": 11050, "created": "2014-08-30T08:56:27.479918", "finish_time": "2014-08-30T08:56:27.479939", "calibration": null, "app_id": 52, "user_ip": null, "timeout": null, "id": 15098}, {"info": {"weight": "", "patina": "", "site": "River Thames", "surface": "", "toSearch": "river thames", "remarks": "MJR redraw", "dateDiscoveryMonth": "None", "objectType": "Palstave (chisel?)", "gridRef": "", "lon": "-1.247775318749973", "geojson": {"geometry": {"type": "Point", "coordinates": ["-1.247775318749973", "51.74088863881228"]}, "crs": {"type": "name", "properties": {"name": "urn:ogc:def:crs:OGC:1.3:CRS84"}}, "type": "Feature", "properties": {}}, "thickness": "", "width": "22", "other": "Object could not be Georeferenced due to unkown find site", "composition": "", "associations": "", "description": "Faint pointed shield design below stop", "collection": "London Museum O.1186", "dateDiscoveryDay": "None", "lat": "51.74088863881228", "dateDiscoveryYear": "None", "rightCorner": "A3", "length": "94", "edge": "", "publications": ""}, "user_id": 528, "task_id": 11051, "created": "2014-08-30T09:00:55.254249", "finish_time": "2014-08-30T09:00:55.254267", "calibration": null, "app_id": 52, "user_ip": null, "timeout": null, "id": 15099}, {"info": {"weight": "176", "patina": "Greenish", "site": "England, Suffolk, Felixstowe", "surface": "", "toSearch": "felixstowe", "remarks": "", "dateDiscoveryMonth": "None", "objectType": "Palstave Chisel Axe-Like", "gridRef": "", "lon": "1.619656321875027", "geojson": {"geometry": {"type": "Point", "coordinates": ["1.619656321875027", "52.00542496440845"]}, "crs": {"type": "name", "properties": {"name": "urn:ogc:def:crs:OGC:1.3:CRS84"}}, "type": "Feature", "properties": {}}, "thickness": "6 ; 18", "width": "edge 27, middle 20, butt 19", "other": "", "composition": "", "associations": "", "description": "Semi-elliptical ornament below stop ridge", "collection": "[crossed out] Norwich Castle Museum\r\nFitch Collection, 757.76.94\r\nCatalogue of Antiquities no. 240\r\nTransferred to Ipswich Museum, Oct. 1962\r\nCat. No. preserved", "dateDiscoveryDay": "None", "lat": "52.00542496440845", "dateDiscoveryYear": "None", "rightCorner": "", "length": "138", "edge": "", "publications": ""}, "user_id": 528, "task_id": 11052, "created": "2014-08-30T09:15:02.078492", "finish_time": "2014-08-30T09:15:02.078511", "calibration": null, "app_id": 52, "user_ip": null, "timeout": null, "id": 15100}, {"info": {"weight": "42.535", "patina": "Dull green", "site": "Locality unknown", "surface": "Corroded in places", "toSearch": "england", "remarks": "", "dateDiscoveryMonth": "None", "objectType": "Flanged Chisel Winged Celt", "gridRef": "", "lon": "1.471340892187527", "geojson": {"geometry": {"type": "Point", "coordinates": ["1.471340892187527", "51.934356704924674"]}, "crs": {"type": "name", "properties": {"name": "urn:ogc:def:crs:OGC:1.3:CRS84"}}, "type": "Feature", "properties": {}}, "thickness": "5; 13", "width": "edge 19; middle 14; butt 12", "other": "", "composition": "", "associations": "", "description": "Edge sharp but damaged", "collection": "Municipal Museum, Hull", "dateDiscoveryDay": "None", "lat": "51.934356704924674", "dateDiscoveryYear": "None", "rightCorner": "A3", "length": "74", "edge": "", "publications": ""}, "user_id": 528, "task_id": 11053, "created": "2014-08-30T09:18:15.140159", "finish_time": "2014-08-30T09:18:15.140177", "calibration": null, "app_id": 52, "user_ip": null, "timeout": null, "id": 15101}, {"info": {"weight": "", "patina": "Green and brown", "site": "?England", "surface": "Rough and corroded", "toSearch": "england UK", "remarks": "10 in white paint on blade", "dateDiscoveryMonth": "None", "objectType": "Palstave Chisel", "gridRef": "", "lon": "1.471340892187527", "geojson": {"geometry": {"type": "Point", "coordinates": ["1.471340892187527", "51.934356704924674"]}, "crs": {"type": "name", "properties": {"name": "urn:ogc:def:crs:OGC:1.3:CRS84"}}, "type": "Feature", "properties": {}}, "thickness": "20", "width": "blade 22", "other": "", "composition": "", "associations": "", "description": "Very bad condition; irregular casting. Triangular depression below stop ridge on each face. Edge quite blunt", "collection": "Collection of Dr. A. Ralph, sold at Sotheby's June 9, 1936", "dateDiscoveryDay": "None", "lat": "51.934356704924674", "dateDiscoveryYear": "None", "rightCorner": "A3", "length": "103", "edge": "", "publications": ""}, "user_id": 528, "task_id": 11054, "created": "2014-08-30T09:21:22.484561", "finish_time": "2014-08-30T09:21:22.484582", "calibration": null, "app_id": 52, "user_ip": null, "timeout": null, "id": 15102}, {"info": {"weight": "", "patina": "Dark green", "site": "England, Wiltshire, Bulford (near), Beacon Hill", "surface": "", "toSearch": "bulford wiltshire", "remarks": "", "dateDiscoveryMonth": "None", "objectType": "Flanged Chisel", "gridRef": "", "lon": "1.471340892187527", "geojson": {"geometry": {"type": "Point", "coordinates": ["1.471340892187527", "51.934356704924674"]}, "crs": {"type": "name", "properties": {"name": "urn:ogc:def:crs:OGC:1.3:CRS84"}}, "type": "Feature", "properties": {}}, "thickness": "", "width": "", "other": "Georeference pointer unable to show Bulford Wiltshire", "composition": "", "associations": "", "description": "", "collection": "Salisbury, S. Wilts and Blackmore Museum, Salisbury\r\nGoddard [?collection] 112", "dateDiscoveryDay": "None", "lat": "51.934356704924674", "dateDiscoveryYear": "1878", "rightCorner": "A3", "length": "80", "edge": "edge 20 ; middle 21 ; butt 14", "publications": ""}, "user_id": 528, "task_id": 11055, "created": "2014-08-30T09:29:37.676497", "finish_time": "2014-08-30T09:29:37.676519", "calibration": null, "app_id": 52, "user_ip": null, "timeout": null, "id": 15103}, {"info": {"weight": "186", "patina": "Yellow", "site": "England, Sussex, Bignor, Westburton Hill", "surface": "Slightly pitted", "toSearch": "bignor s", "remarks": "Perhaps influenced by narrow type of Nordic Palstave.\r\nNew drawing available", "dateDiscoveryMonth": "None", "objectType": "Bronze Palatave Chisel Axe-Like", "gridRef": "", "lon": "1.471340892187527", "geojson": {"geometry": {"type": "Point", "coordinates": ["1.471340892187527", "51.934356704924674"]}, "crs": {"type": "name", "properties": {"name": "urn:ogc:def:crs:OGC:1.3:CRS84"}}, "type": "Feature", "properties": {}}, "thickness": "20", "width": "Butt 16; blade 28", "other": "Georeference pointer does not work for find site.  \r\nSignature on card J. Beck", "composition": "Bronze", "associations": "", "description": "Surface worn, 'V' shape indentation with centre rib below stop ridge, slight vertical rib on butt", "collection": "British Museum 83.8-2. 10", "dateDiscoveryDay": "None", "lat": "51.934356704924674", "dateDiscoveryYear": "1846", "rightCorner": "A3", "length": "158", "edge": "", "publications": "Proc. Soc. Antiq. 2nd series,Vol. IV p. 442"}, "user_id": 528, "task_id": 11056, "created": "2014-08-30T09:36:05.867287", "finish_time": "2014-08-30T09:36:05.867308", "calibration": null, "app_id": 52, "user_ip": null, "timeout": null, "id": 15104}, {"info": {"weight": "", "patina": "Dull green", "site": "England, Sussex, Pyecombe, Wolstonbury Hill, ", "surface": "", "toSearch": "pyecombe, suss", "remarks": "", "dateDiscoveryMonth": "None", "objectType": "Palstave Chisel Axe Like", "gridRef": "", "lon": "1.471340892187527", "geojson": {"geometry": {"type": "Point", "coordinates": ["1.471340892187527", "51.934356704924674"]}, "crs": {"type": "name", "properties": {"name": "urn:ogc:def:crs:OGC:1.3:CRS84"}}, "type": "Feature", "properties": {}}, "thickness": "", "width": "", "other": "Georeference pointer unable to show Pyecombe, Sussex, or Wolstonbury Hill", "composition": "", "associations": "", "description": "", "collection": "Lewes Museum\r\nPresented to Sussex Arch. Soc. 1929\r\n(From Weekes Collection, c. 1840)", "dateDiscoveryDay": "None", "lat": "51.934356704924674", "dateDiscoveryYear": "None", "rightCorner": "A3", "length": "", "edge": "", "publications": "Evans, Anc. Br. Imps, p. 84\r\nProc. Soc. Antiq. XXXI, 116, fig. 7 centre\r\nSussex Arch. Coll. VIII, 284/4"}, "user_id": 528, "task_id": 11057, "created": "2014-08-30T09:41:53.324537", "finish_time": "2014-08-30T09:41:53.324560", "calibration": null, "app_id": 52, "user_ip": null, "timeout": null, "id": 15105}, {"info": {"weight": "139.65", "patina": "Brown", "site": "Berkshire, Clewer Without, St. Leonard's Hill, (Locality unknown)", "surface": "Rather flaked especially towards  edge", "toSearch": "clewer without berkshire", "remarks": "", "dateDiscoveryMonth": "None", "objectType": "Palstave - chisel", "gridRef": "c. SU 93 75", "lon": "1.471340892187527", "geojson": {"geometry": {"type": "Point", "coordinates": ["1.471340892187527", "51.934356704924674"]}, "crs": {"type": "name", "properties": {"name": "urn:ogc:def:crs:OGC:1.3:CRS84"}}, "type": "Feature", "properties": {}}, "thickness": "5 ; 18", "width": "edge 22; middle 17; butt 15", "other": "Georeference pointer unable to show find site", "composition": "", "associations": "1a. Hoard", "description": "Shield decoration below stop", "collection": "British Museum, no number\r\n(missing 1980)\r\nPresumably Sloane Collection as other St. Leonard's Hill, 'Windsor' bronzes", "dateDiscoveryDay": "None", "lat": "51.934356704924674", "dateDiscoveryYear": "None", "rightCorner": "A3", "length": "138", "edge": "", "publications": "Soc. of Ants., MS 265, f. 12\r\nStukeley 1776, 96.2d\r\nPossibly Du Noyer, 1847, 4, fig. D\r\nLort 1979, pl, VIII, no. 3"}, "user_id": 528, "task_id": 11058, "created": "2014-08-30T09:47:43.785739", "finish_time": "2014-08-30T09:47:43.785760", "calibration": null, "app_id": 52, "user_ip": null, "timeout": null, "id": 15107}, {"info": {"weight": "", "patina": "", "site": "Bucks, Between High Wycombe and West Wycombe", "surface": "Corroded", "toSearch": "Brook Street, High Wycombe, Buckinghamshire HP11, UK", "remarks": "See new index", "dateDiscoveryMonth": "None", "objectType": "Palstave chisel", "gridRef": "c. SU 8546 9394", "lon": "-0.7588837171874729", "geojson": {"geometry": {"type": "Point", "coordinates": ["-0.7588837171874729", "51.631910432655985"]}, "crs": {"type": "name", "properties": {"name": "urn:ogc:def:crs:OGC:1.3:CRS84"}}, "type": "Feature", "properties": {}}, "thickness": "", "width": "", "other": "", "composition": "", "associations": "", "description": "", "collection": "Aylesbury, Bucks. Co. Museum, 86.24", "dateDiscoveryDay": "None", "lat": "51.631910432655985", "dateDiscoveryYear": "None", "rightCorner": "A3", "length": "", "edge": "", "publications": "Farley, 1978, 675-6, fig. 1 right"}, "user_id": 528, "task_id": 11059, "created": "2014-08-30T09:50:27.237914", "finish_time": "2014-08-30T09:50:27.237933", "calibration": null, "app_id": 52, "user_ip": null, "timeout": null, "id": 15108}, {"info": {"weight": "172.48", "patina": "Iron brown", "site": "England[;]Cambs.[;]Burwell[;]Burwell Fen[;]1871", "surface": "", "toSearch": "", "remarks": "", "dateDiscoveryMonth": "None", "objectType": "Palstave Chisel[;]Axe-like", "gridRef": "", "lon": "", "thickness": "centre 7-20", "width": "centre 19[;] butt 18", "other": "Georef not working for me. Publications - full title is \"The Ancient Stone Implements, Weapons and Ornaments of Great Britain (1872)\".", "composition": "", "associations": "", "description": "Shield on faces. Slight transverse ridge on sides well below stop-ridge. \"The flanges at the sides of the recess have some notches running diagonally into them, so as to form a kind of barb such as would prevent the blade from being drawn away from the handle when bound to it by a cord.\" (Evans, p83). These are omitted from drawing made for this index", "collection": "Ashmolean Museum, Oxford.[;]Evans Coll\u2019n 1927-2381", "dateDiscoveryDay": "None", "lat": "", "dateDiscoveryYear": "1871", "rightCorner": "A3", "length": "144", "edge": "34", "publications": "Evans, Anc. Br. Imps., p.83, fig. 67."}, "user_id": 543, "task_id": 11042, "created": "2014-08-31T09:30:04.185714", "finish_time": "2014-08-31T09:30:04.185736", "calibration": null, "app_id": 52, "user_ip": null, "timeout": null, "id": 15440}, {"info": {"weight": "168", "patina": "", "site": "England[;]Cambridgeshire[;]Cambridge Fens", "surface": "very rough & corroded, a few patches not corroded show bright golden yellow, otherwise dark green, dark brown.", "toSearch": "", "remarks": "", "dateDiscoveryMonth": "None", "objectType": "Palstave Chisel[;]Axe-like", "gridRef": "", "lon": "", "thickness": "17[;]6", "width": "middle 20[;]butt 19", "other": "Georef not working for me. Publications - previous cards referred to a specific work by Evans, also p.83 I think - the full title was \"The Ancient Stone Implements, Weapons and Ornaments of Great Britain (1872)\". ", "composition": "", "associations": "", "description": "A very narrow palstave with semi-elliptical ornament below the stop ridge", "collection": "Museum of Archaeology, Cambridge", "dateDiscoveryDay": "None", "lat": "", "dateDiscoveryYear": "None", "rightCorner": "A3", "length": "137", "edge": "32", "publications": "Mentioned by Evans ? page 83"}, "user_id": 543, "task_id": 11043, "created": "2014-08-31T09:38:29.760330", "finish_time": "2014-08-31T09:38:29.760349", "calibration": null, "app_id": 52, "user_ip": null, "timeout": null, "id": 15444}, {"info": {"weight": "112", "patina": "brown", "site": "England[;]Cambridgeshire];]Quy Fen", "surface": "broken and corroded", "toSearch": "", "remarks": "", "dateDiscoveryMonth": "None", "objectType": "Bronze Palstave Chisel", "gridRef": "", "lon": "", "thickness": "14", "width": "butt 22", "other": "Georef - not working for me. Collection: Can\u2019t format this as per the card. Description - not certain it says \"broad\" side flanges. Says \"C1\" at bottom right", "composition": "Bronze", "associations": "", "description": "Broken in half, slight stop ridges, broad side flanges.  loop rib below stop ridges. marks of casting", "collection": "British Museum, W.G. 1882", "dateDiscoveryDay": "None", "lat": "", "dateDiscoveryYear": "None", "rightCorner": "A3[;]IV3G", "length": "102", "edge": "31", "publications": ""}, "user_id": 543, "task_id": 11044, "created": "2014-08-31T09:53:02.787902", "finish_time": "2014-08-31T09:53:02.787925", "calibration": null, "app_id": 52, "user_ip": null, "timeout": null, "id": 15446}, {"info": {"weight": "", "patina": "dark chocolate brown;  v. little speckling to darker colour; some yellow to orange staining", "site": "England[;]Greater London[;]River Thames[;]Kingston", "surface": "attached material: v. small spots of concretion", "toSearch": "", "remarks": "Labels/Markings: white ink inscr: 'B18'; loose hand-printed label;loose tag label - roots orig.", "dateDiscoveryMonth": "None", "objectType": "PALSTAVE-CHISEL", "gridRef": "", "lon": "", "thickness": "max. B. fg. 19.5[;]max. T sep. 3.7[;]min. B. st. 14.5", "width": "butt 19", "other": "Top left corner (in box labelled NGR) says \u201cc. TQ 17\u201d and on the next line, \u201c 68\u201d (aligned under the \u201c17\u201d). Is this a grid ref?  Bottom right of card: Rec. \u201cSN Feb\u201979\u201d; DF \u201cc\u201d; Source \u201cMV\u201d; old cards \u201c1\u201d and ticks in boxes labelled PIF, AFI, SI & CI", "composition": "", "associations": "7b Group", "description": "Typology\" butt notch prob. orig. feature;arched shoulder on one side of bl/fg. =  just hump on other side; stops dip from flanges - asym. & irreg.; flattened Fg. bases provide beginning of\"v\" enclosed depression on one face - virt. none on rev.; fairly crisp sep. angles, thin rounded/flattened fg. crests; fgs. skew to body[;]Manufacture: cg. fls. remain as cracks - one v. off central; Deliberately dimpled bl. tips; some prob. hmks. on sides; moulding irregularities in one sep. - prob. cg.flaw; v. sl. flattening of top of fgs. - tending to tipping; hollow ground e. bev. with suggestion of lesser bevel above[;]Condition: sl. bent & twisted along line of body - pres. dam.; edge intact & sharp", "collection": "Society of Antiquities Collection, B.18[;]presented 1860 by Sudlow Roots, esq. from the collection of his father William Roots - no.6", "dateDiscoveryDay": "None", "lat": "", "dateDiscoveryYear": "None", "rightCorner": "A3[;]A3", "length": "120.7", "edge": "31.5", "publications": "a) P.S.A.1 I, 1843-9, 21[;]Arch XXX, 1844, 491[;]c)P.S.A.2 I, 1859-61, 83 no. 6"}, "user_id": 543, "task_id": 11045, "created": "2014-08-31T11:19:47.737766", "finish_time": "2014-08-31T11:19:47.737784", "calibration": null, "app_id": 52, "user_ip": null, "timeout": null, "id": 15469}, {"info": {"weight": "156", "patina": "Very slt patina, rust colour inside sockets + remains of whitish earth.", "site": "England[;]Greater London[;]Kingston[;]several feet under gravel + resting nearly 2 ft in blue clay.", "surface": "Smooth dark brown bronze colour", "toSearch": "Kingston upon Thames, Greater London, UK", "remarks": "Width: edge 31mm; centre 21.5mm; butt 19mm[;]Thickness: 19.5mm; 3.5mm[;]Weight: 155.92 gms", "dateDiscoveryMonth": "None", "objectType": "Palstave Chisel Axe-Like", "gridRef": "", "lon": "-0.30068900000003396", "geojson": {"geometry": {"type": "Point", "coordinates": ["-0.30068900000003396", "51.41233"]}, "crs": {"type": "name", "properties": {"name": "urn:ogc:def:crs:OGC:1.3:CRS84"}}, "type": "Feature", "properties": {}}, "thickness": "20", "width": "22", "other": "Width: edge 31mm; centre 21.5mm; butt 19mm[;]Thickness: 19.5mm; 3.5mm[;]Weight: 155.92 gms", "composition": "", "associations": "Close to spot where other implements were found.", "description": "Well preserved + a sharp edge.", "collection": "Society of antiquaries[;](No. 6)[;]Burlington House W.[;]Dr. Roots Collection", "dateDiscoveryDay": "None", "lat": "51.41233", "dateDiscoveryYear": "None", "rightCorner": "", "length": "121", "edge": "31", "publications": ""}, "user_id": 433, "task_id": 11046, "created": "2014-08-31T17:00:16.866264", "finish_time": "2014-08-31T17:00:16.866289", "calibration": null, "app_id": 52, "user_ip": null, "timeout": null, "id": 15639}, {"info": {"weight": "213", "patina": "No patina", "site": "England[;]Huntingdonshire (Cambridgeshire)[;]Ramsey Fen", "surface": "Rough dark green + light brass in patches.", "toSearch": "Ramsey, Cambridgeshire, UK", "remarks": "", "dateDiscoveryMonth": "None", "objectType": "Palstave Chisel", "gridRef": "", "lon": "-0.10846549999996569", "geojson": {"geometry": {"type": "Point", "coordinates": ["-0.10846549999996569", "52.4503619"]}, "crs": {"type": "name", "properties": {"name": "urn:ogc:def:crs:OGC:1.3:CRS84"}}, "type": "Feature", "properties": {}}, "thickness": "16", "width": "18", "other": "Width: edge 17.5mm; middle 20.5mm; butt 18mm[;]Thickness: 15.5mm; 3mm; 18mm[;]Weight: 212.61 gms", "composition": "", "associations": "", "description": "", "collection": "Wisbech Museum", "dateDiscoveryDay": "None", "lat": "52.4503619", "dateDiscoveryYear": "None", "rightCorner": "A3", "length": "168", "edge": "18", "publications": ""}, "user_id": 433, "task_id": 11047, "created": "2014-08-31T17:06:57.914589", "finish_time": "2014-08-31T17:06:57.914608", "calibration": null, "app_id": 52, "user_ip": null, "timeout": null, "id": 15644}, {"info": {"weight": "", "patina": "", "site": "England[;]Lancashire[;](Yorkshire West Riding)[;]Barnoldswick[;]Causeway Carr[;]Found Jan. 1980 in a field known as Causeway Carr, by Mr. Hirst, 3 Sackville Street, Barnoldswick, just below the surface of the field, using a metal detector (DF).", "surface": "", "toSearch": "Barnoldswick, Barnoldswick, Lancashire BB18, UK", "remarks": "PRBAF: DF (S); SI[;]Ext. CI[;]Rec.: SN March 80[;]Source: SB. I[;]Sub. Inf. David Williams, Craven Museum 28/2/80", "dateDiscoveryMonth": "1", "objectType": "Flanged Chisel", "gridRef": "SD 8721 4605", "lon": "-2.1869179999999915", "geojson": {"geometry": {"type": "Point", "coordinates": ["-2.1869179999999915", "53.91301499999999"]}, "crs": {"type": "name", "properties": {"name": "urn:ogc:def:crs:OGC:1.3:CRS84"}}, "type": "Feature", "properties": {}}, "thickness": "", "width": "", "other": "", "composition": "", "associations": "8a. Single Find", "description": "", "collection": "Skipton, The Craven Museum", "dateDiscoveryDay": "None", "lat": "53.91301499999999", "dateDiscoveryYear": "1980", "rightCorner": "A3", "length": "", "edge": "", "publications": ""}, "user_id": 433, "task_id": 11048, "created": "2014-08-31T17:11:36.112047", "finish_time": "2014-08-31T17:11:36.112069", "calibration": null, "app_id": 52, "user_ip": null, "timeout": null, "id": 15650}, {"info": {"weight": "", "patina": "", "site": "England[;]Norfolk[;]Barton Bendish", "surface": "Hammering extensive on two sides as far down as the incurve.", "toSearch": "Barton Bendish, King's Lynn, Norfolk PE33, UK", "remarks": "MJR", "dateDiscoveryMonth": "None", "objectType": "Haft-Flanged Chisel", "gridRef": "", "lon": "0.5285169999999653", "geojson": {"geometry": {"type": "Point", "coordinates": ["0.5285169999999653", "52.6214299"]}, "crs": {"type": "name", "properties": {"name": "urn:ogc:def:crs:OGC:1.3:CRS84"}}, "type": "Feature", "properties": {}}, "thickness": "", "width": "31", "other": "", "composition": "", "associations": "", "description": "", "collection": "London, British Museum, 52.4-3.5", "dateDiscoveryDay": "None", "lat": "52.6214299", "dateDiscoveryYear": "None", "rightCorner": "A3", "length": "105", "edge": "", "publications": ""}, "user_id": 433, "task_id": 11049, "created": "2014-08-31T17:13:22.479432", "finish_time": "2014-08-31T17:13:22.479452", "calibration": null, "app_id": 52, "user_ip": null, "timeout": null, "id": 15653}, {"info": {"weight": "157", "patina": "Light brown-green patina", "site": "England[;]Oxon[;]Dorchester, near[;]1873", "surface": "", "toSearch": "Dorchester, Dorchester, Dorset, UK", "remarks": "", "dateDiscoveryMonth": "None", "objectType": "Palstave of Chisel-like Form; Palstave Chisel Axe-Like", "gridRef": "", "lon": "-2.4411810000000287", "geojson": {"geometry": {"type": "Point", "coordinates": ["-2.4411810000000287", "50.7111639"]}, "crs": {"type": "name", "properties": {"name": "urn:ogc:def:crs:OGC:1.3:CRS84"}}, "type": "Feature", "properties": {}}, "thickness": "7", "width": "19", "other": "Width: edge 24mm; centre 21mm; butt 19mm[;]Thickness: centre 7mm, 19mm[;]Weight: 156.85 gms", "composition": "", "associations": "", "description": "Narrow chisel-like form.", "collection": "Ashmolean Museum, Oxford[;]Evans Collection, 1927-2687", "dateDiscoveryDay": "None", "lat": "50.7111639", "dateDiscoveryYear": "1873", "rightCorner": "A3", "length": "129", "edge": "24", "publications": "Evans, Anc. Br. Imps., pp. 83-4."}, "user_id": 433, "task_id": 11050, "created": "2014-08-31T17:16:49.846608", "finish_time": "2014-08-31T17:16:49.846627", "calibration": null, "app_id": 52, "user_ip": null, "timeout": null, "id": 15656}, {"info": {"weight": "", "patina": "", "site": "England[;]River Thames", "surface": "", "toSearch": "River Thames, United Kingdom", "remarks": "MJR", "dateDiscoveryMonth": "None", "objectType": "Palstave (Chisel?)", "gridRef": "", "lon": "0.7321755000000394", "geojson": {"geometry": {"type": "Point", "coordinates": ["0.7321755000000394", "51.4917059"]}, "crs": {"type": "name", "properties": {"name": "urn:ogc:def:crs:OGC:1.3:CRS84"}}, "type": "Feature", "properties": {}}, "thickness": "", "width": "22", "other": "", "composition": "", "associations": "", "description": "Faint pointed shield design below stop.", "collection": "London, Museum O.1186", "dateDiscoveryDay": "None", "lat": "51.4917059", "dateDiscoveryYear": "None", "rightCorner": "", "length": "98", "edge": "", "publications": ""}, "user_id": 433, "task_id": 11051, "created": "2014-08-31T17:18:58.202533", "finish_time": "2014-08-31T17:18:58.202554", "calibration": null, "app_id": 52, "user_ip": null, "timeout": null, "id": 15657}, {"info": {"weight": "176", "patina": "Greenish patina", "site": "England[;]Suffolk[;]Felixstowe", "surface": "", "toSearch": "Felixstowe, Suffolk, UK", "remarks": "", "dateDiscoveryMonth": "None", "objectType": "Palstave Chisel Axe-Like", "gridRef": "", "lon": "1.3512550000000374", "geojson": {"geometry": {"type": "Point", "coordinates": ["1.3512550000000374", "51.961726"]}, "crs": {"type": "name", "properties": {"name": "urn:ogc:def:crs:OGC:1.3:CRS84"}}, "type": "Feature", "properties": {}}, "thickness": "6", "width": "19", "other": "Width: edge 27mm; middle 20mm; butt 19mm[;]Thickness: 6mm; 18mm", "composition": "", "associations": "", "description": "Semi-elliptical ornament below stop ridge.", "collection": "Fitz Collection 757.76.94[;]Catalogue of Antiquities, No. 240[;]Transferred to Ipswich Museum, Oct. 1962[;]Cat. No. preserved", "dateDiscoveryDay": "None", "lat": "51.961726", "dateDiscoveryYear": "None", "rightCorner": "A3", "length": "138", "edge": "27", "publications": ""}, "user_id": 433, "task_id": 11052, "created": "2014-08-31T17:22:20.689955", "finish_time": "2014-08-31T17:22:20.689977", "calibration": null, "app_id": 52, "user_ip": null, "timeout": null, "id": 15659}, {"info": {"weight": "43", "patina": "Dull green", "site": "locality unknown", "surface": "Corroded in places.", "toSearch": "", "remarks": "", "dateDiscoveryMonth": "None", "objectType": "Flanged Chisel", "gridRef": "", "lon": "1.3512550000000374", "geojson": {"geometry": {"type": "Point", "coordinates": ["1.3512550000000374", "51.961726"]}, "crs": {"type": "name", "properties": {"name": "urn:ogc:def:crs:OGC:1.3:CRS84"}}, "type": "Feature", "properties": {}}, "thickness": "5", "width": "12", "other": "Width: edge 19mm; middle 14mm; butt 12mm[;]Thickness: 5mm; 13mm[;]Weight: 42.525 gms", "composition": "", "associations": "", "description": "Edge sharp but damaged.", "collection": "Municipal Museum, Hull", "dateDiscoveryDay": "None", "lat": "51.961726", "dateDiscoveryYear": "None", "rightCorner": "A3", "length": "74", "edge": "19", "publications": ""}, "user_id": 433, "task_id": 11053, "created": "2014-08-31T17:24:08.521842", "finish_time": "2014-08-31T17:24:08.521864", "calibration": null, "app_id": 52, "user_ip": null, "timeout": null, "id": 15662}, {"info": {"weight": "", "patina": "Green and brown patina.", "site": "?England", "surface": "Rough and corroded.", "toSearch": "England, UK", "remarks": "10 in white paint on blade.", "dateDiscoveryMonth": "None", "objectType": "Palstave Chisel", "gridRef": "", "lon": "-1.1743197000000691", "geojson": {"geometry": {"type": "Point", "coordinates": ["-1.1743197000000691", "52.3555177"]}, "crs": {"type": "name", "properties": {"name": "urn:ogc:def:crs:OGC:1.3:CRS84"}}, "type": "Feature", "properties": {}}, "thickness": "20", "width": "", "other": "", "composition": "", "associations": "", "description": "Very bad condition, irregular casting. Triangular depression below stop-ridge on each face. Edge quite blunt.", "collection": "Collection of Dr. A. Relph[;]Sold at Sotheby's June 7,1936", "dateDiscoveryDay": "None", "lat": "52.3555177", "dateDiscoveryYear": "None", "rightCorner": "A3", "length": "103", "edge": "22", "publications": ""}, "user_id": 433, "task_id": 11054, "created": "2014-08-31T17:26:31.852278", "finish_time": "2014-08-31T17:26:31.852300", "calibration": null, "app_id": 52, "user_ip": null, "timeout": null, "id": 15664}, {"info": {"weight": "47", "patina": "Dark green", "site": "England[;]Wilts[;]Bulford (near)[;]Beacon Hill[;]1878", "surface": "", "toSearch": "Beacon Hill, Salisbury, Wiltshire SP4, UK", "remarks": "", "dateDiscoveryMonth": "None", "objectType": "Flanged Chisel", "gridRef": "", "lon": "-1.7166667000000189", "geojson": {"geometry": {"type": "Point", "coordinates": ["-1.7166667000000189", "51.1833333"]}, "crs": {"type": "name", "properties": {"name": "urn:ogc:def:crs:OGC:1.3:CRS84"}}, "type": "Feature", "properties": {}}, "thickness": "4", "width": "14", "other": "Width: edge 20mm; middle 21mm; butt 14mm[;]Thickness: 4mm; 12mm[;]Weight: 47.45 gms", "composition": "", "associations": "", "description": "", "collection": "Salisbury, S. Wilts. and Blackmore Museum, Salisbury[;]112 Goddard", "dateDiscoveryDay": "None", "lat": "51.1833333", "dateDiscoveryYear": "1878", "rightCorner": "A3", "length": "80", "edge": "20", "publications": ""}, "user_id": 433, "task_id": 11055, "created": "2014-08-31T17:29:19.050843", "finish_time": "2014-08-31T17:29:19.050861", "calibration": null, "app_id": 52, "user_ip": null, "timeout": null, "id": 15668}, {"info": {"weight": "186", "patina": "Yellow", "site": "England[;]Sussex[;]Bignor[;]Westburton Hill[;]1846", "surface": "Slightly pitted.", "toSearch": "Bignor, Pulborough, West Sussex RH20, UK", "remarks": "New drawing available.", "dateDiscoveryMonth": "None", "objectType": "Bronze Palstave Chisel Axe-Like", "gridRef": "SU 98 14", "lon": "-0.6041400000000294", "geojson": {"geometry": {"type": "Point", "coordinates": ["-0.6041400000000294", "50.920029"]}, "crs": {"type": "name", "properties": {"name": "urn:ogc:def:crs:OGC:1.3:CRS84"}}, "type": "Feature", "properties": {}}, "thickness": "20", "width": "16", "other": "Width: butt 16mm; blade 28mm", "composition": "Bronze", "associations": "Perhaps influenced by Narrow type of Nordic Palstave.", "description": "Surface worn, \"V\" shape indentation with centre rib below stop ridge. Slight vertical rib on butt.[;]Rib castin sock on both sides. Warbutron Down near Bigmor, Sussec, 1846 while digging. Rev. J. Beck.", "collection": "British Museum, 83.8-2.10", "dateDiscoveryDay": "None", "lat": "50.920029", "dateDiscoveryYear": "1846", "rightCorner": "A3", "length": "158", "edge": "28", "publications": "Proc. Soc. Antiq. 2nd Series, Vol. IV, p. 442.158"}, "user_id": 433, "task_id": 11056, "created": "2014-08-31T17:34:40.083523", "finish_time": "2014-08-31T17:34:40.083545", "calibration": null, "app_id": 52, "user_ip": null, "timeout": null, "id": 15672}, {"info": {"weight": "", "patina": "Dull green", "site": "England[;]Sussex[;]Pyecombe[;]Wolstonbury Hill", "surface": "", "toSearch": "Pyecombe, Brighton, West Sussex BN45, UK", "remarks": "", "dateDiscoveryMonth": "None", "objectType": "Palstave Chisel Axe-Like", "gridRef": "", "lon": "-0.17474429999992935", "geojson": {"geometry": {"type": "Point", "coordinates": ["-0.17474429999992935", "50.9010609"]}, "crs": {"type": "name", "properties": {"name": "urn:ogc:def:crs:OGC:1.3:CRS84"}}, "type": "Feature", "properties": {}}, "thickness": "", "width": "", "other": "", "composition": "", "associations": "", "description": "", "collection": "Lewes Museum[;]Presented to Sussex Arch. Soc. 1929[;](From Weekes Collection, c. 1840)", "dateDiscoveryDay": "None", "lat": "50.9010609", "dateDiscoveryYear": "None", "rightCorner": "A3", "length": "", "edge": "", "publications": "Evans, Anc. Br. Imps, p. 84[;]Proc. Soc. Antiq. XXXI, 116, fig. 7 centre[;]Sussex Arch. Coll. VIII, 284/4"}, "user_id": 433, "task_id": 11057, "created": "2014-08-31T17:38:10.119746", "finish_time": "2014-08-31T17:38:10.119767", "calibration": null, "app_id": 52, "user_ip": null, "timeout": null, "id": 15673}, {"info": {"weight": "140", "patina": "Brown", "site": "England[;]Berkshire[;]Clewer Without[;]St. Leonard's Hill", "surface": "Rather flaked especially towards edge.", "toSearch": "Clewer, Windsor, Windsor and Maidenhead SL4, UK", "remarks": "AFI; SI; CI", "dateDiscoveryMonth": "None", "objectType": "Palstave Chisel", "gridRef": "c. SU 93 75", "lon": "-0.6269999999999527", "geojson": {"geometry": {"type": "Point", "coordinates": ["-0.6269999999999527", "51.485"]}, "crs": {"type": "name", "properties": {"name": "urn:ogc:def:crs:OGC:1.3:CRS84"}}, "type": "Feature", "properties": {}}, "thickness": "5", "width": "15", "other": "Width: edge 22mm; middle 17mm; butt 15mm[;]Thickness: 5mm; 18mm[;]Weight: 139.65 gms", "composition": "", "associations": "1a. Hoard", "description": "Shield decoration below stop.", "collection": "British Museum, No No.[;](missing 1980)[;]presumably Sloane Collection as other St. Leonard's Hill, 'Windsor' bronzes", "dateDiscoveryDay": "None", "lat": "51.485", "dateDiscoveryYear": "None", "rightCorner": "A3", "length": "138", "edge": "22", "publications": "Soc. of ants. MS 265, f. 12[;]Shikeley 1776, 96, 2d[;]possibly Du Noyer, 1847, 4 fig. D[;]Lost 1979, pl CIII, no. 13.[;]Soc. of Ants. MS 700 (way MSS) f. 9113"}, "user_id": 433, "task_id": 11058, "created": "2014-08-31T17:44:23.382192", "finish_time": "2014-08-31T17:44:23.382210", "calibration": null, "app_id": 52, "user_ip": null, "timeout": null, "id": 15676}, {"info": {"weight": "", "patina": "", "site": "England[;]Buckinhamshire[;]between High Wycombe and West Wycombe", "surface": "Corroded", "toSearch": "3 Fryers Lane, High Wycombe, Buckinghamshire HP12 3AN, UK", "remarks": "See new index", "dateDiscoveryMonth": "None", "objectType": "Palstave Chisel", "gridRef": "c. SU 8546 9394", "lon": "-0.7751798361816782", "geojson": {"geometry": {"type": "Point", "coordinates": ["-0.7751798361816782", "51.63777422509215"]}, "crs": {"type": "name", "properties": {"name": "urn:ogc:def:crs:OGC:1.3:CRS84"}}, "type": "Feature", "properties": {}}, "thickness": "", "width": "", "other": "", "composition": "", "associations": "", "description": "", "collection": "Aylesbury, Bucks Co. Museum, 86.24", "dateDiscoveryDay": "None", "lat": "51.63777422509215", "dateDiscoveryYear": "None", "rightCorner": "A3", "length": "", "edge": "", "publications": "Farley 1978, 675-6, fig. 1 right"}, "user_id": 433, "task_id": 11059, "created": "2014-08-31T17:46:33.775835", "finish_time": "2014-08-31T17:46:33.775857", "calibration": null, "app_id": 52, "user_ip": null, "timeout": null, "id": 15677}]