[{"info": {"url": "https://farm2.staticflickr.com/1489/25071106045_d406c29c1a.jpg", "url_m": "https://farm2.staticflickr.com/1489/25071106045_d406c29c1a_m.jpg", "link": "https://www.flickr.com/photos/115096994@N02/25071106045", "url_b": "https://farm2.staticflickr.com/1489/25071106045_d406c29c1a_b.jpg", "title": "DrawerA20_UnidentifiedCard0147_DrawerA20_UnidentifiedCard0148_fb"}, "n_answers": 3, "quorum": 0, "calibration": 0, "created": "2016-02-17T14:39:17.219365", "state": "completed", "project_id": 294, "id": 59100, "priority_0": 0.0}, {"info": {"url": "https://farm2.staticflickr.com/1514/24952977232_2fd6a66d75.jpg", "url_m": "https://farm2.staticflickr.com/1514/24952977232_2fd6a66d75_m.jpg", "link": "https://www.flickr.com/photos/115096994@N02/24952977232", "url_b": "https://farm2.staticflickr.com/1514/24952977232_2fd6a66d75_b.jpg", "title": "DrawerA20_UnidentifiedCard0149_DrawerA20_UnidentifiedCard0150_fb"}, "n_answers": 3, "quorum": 0, "calibration": 0, "created": "2016-02-17T14:39:17.277471", "state": "completed", "project_id": 294, "id": 59101, "priority_0": 0.0}, {"info": {"url": "https://farm2.staticflickr.com/1504/25044762296_64e152e740.jpg", "url_m": "https://farm2.staticflickr.com/1504/25044762296_64e152e740_m.jpg", "link": "https://www.flickr.com/photos/115096994@N02/25044762296", "url_b": "https://farm2.staticflickr.com/1504/25044762296_64e152e740_b.jpg", "title": "DrawerA20_UnidentifiedCard0151_DrawerA20_UnidentifiedCard0152_fb"}, "n_answers": 3, "quorum": 0, "calibration": 0, "created": "2016-02-17T14:39:17.309781", "state": "completed", "project_id": 294, "id": 59102, "priority_0": 0.0}, {"info": {"url": "https://farm2.staticflickr.com/1588/25044762206_28ca65363f.jpg", "url_m": "https://farm2.staticflickr.com/1588/25044762206_28ca65363f_m.jpg", "link": "https://www.flickr.com/photos/115096994@N02/25044762206", "url_b": "https://farm2.staticflickr.com/1588/25044762206_28ca65363f_b.jpg", "title": "DrawerA20_UnidentifiedCard0153_DrawerA20_UnidentifiedCard0154_fb"}, "n_answers": 3, "quorum": 0, "calibration": 0, "created": "2016-02-17T14:39:17.343593", "state": "completed", "project_id": 294, "id": 59103, "priority_0": 0.0}, {"info": {"url": "https://farm2.staticflickr.com/1710/25071105465_bb9f19b9ce.jpg", "url_m": "https://farm2.staticflickr.com/1710/25071105465_bb9f19b9ce_m.jpg", "link": "https://www.flickr.com/photos/115096994@N02/25071105465", "url_b": "https://farm2.staticflickr.com/1710/25071105465_bb9f19b9ce_b.jpg", "title": "DrawerA20_UnidentifiedCard0155_DrawerA20_UnidentifiedCard0156_fb"}, "n_answers": 3, "quorum": 0, "calibration": 0, "created": "2016-02-17T14:39:17.378809", "state": "completed", "project_id": 294, "id": 59104, "priority_0": 0.0}, {"info": {"url": "https://farm2.staticflickr.com/1570/24952976752_6bf8b78650.jpg", "url_m": "https://farm2.staticflickr.com/1570/24952976752_6bf8b78650_m.jpg", "link": "https://www.flickr.com/photos/115096994@N02/24952976752", "url_b": "https://farm2.staticflickr.com/1570/24952976752_6bf8b78650_b.jpg", "title": "DrawerA20_UnidentifiedCard0157_DrawerA20_UnidentifiedCard0158_fb"}, "n_answers": 3, "quorum": 0, "calibration": 0, "created": "2016-02-17T14:39:17.412669", "state": "completed", "project_id": 294, "id": 59105, "priority_0": 0.0}, {"info": {"url": "https://farm2.staticflickr.com/1712/24775496250_94a20e1003.jpg", "url_m": "https://farm2.staticflickr.com/1712/24775496250_94a20e1003_m.jpg", "link": "https://www.flickr.com/photos/115096994@N02/24775496250", "url_b": "https://farm2.staticflickr.com/1712/24775496250_94a20e1003_b.jpg", "title": "DrawerA20_UnidentifiedCard0159_DrawerA20_UnidentifiedCard0160_fb"}, "n_answers": 3, "quorum": 0, "calibration": 0, "created": "2016-02-17T14:39:17.445363", "state": "completed", "project_id": 294, "id": 59106, "priority_0": 0.0}, {"info": {"url": "https://farm2.staticflickr.com/1643/24703461159_45773cb522.jpg", "url_m": "https://farm2.staticflickr.com/1643/24703461159_45773cb522_m.jpg", "link": "https://www.flickr.com/photos/115096994@N02/24703461159", "url_b": "https://farm2.staticflickr.com/1643/24703461159_45773cb522_b.jpg", "title": "DrawerA20_UnidentifiedCard0161_DrawerA20_UnidentifiedCard0162_fb"}, "n_answers": 3, "quorum": 0, "calibration": 0, "created": "2016-02-17T14:39:17.478845", "state": "completed", "project_id": 294, "id": 59107, "priority_0": 0.0}, {"info": {"url": "https://farm2.staticflickr.com/1528/25044761336_36accfb24d.jpg", "url_m": "https://farm2.staticflickr.com/1528/25044761336_36accfb24d_m.jpg", "link": "https://www.flickr.com/photos/115096994@N02/25044761336", "url_b": "https://farm2.staticflickr.com/1528/25044761336_36accfb24d_b.jpg", "title": "DrawerA20_UnidentifiedCard0163_DrawerA20_UnidentifiedCard0164_fb"}, "n_answers": 3, "quorum": 0, "calibration": 0, "created": "2016-02-17T14:39:17.513783", "state": "completed", "project_id": 294, "id": 59108, "priority_0": 0.0}, {"info": {"url": "https://farm2.staticflickr.com/1533/24952976052_72fdda2263.jpg", "url_m": "https://farm2.staticflickr.com/1533/24952976052_72fdda2263_m.jpg", "link": "https://www.flickr.com/photos/115096994@N02/24952976052", "url_b": "https://farm2.staticflickr.com/1533/24952976052_72fdda2263_b.jpg", "title": "DrawerA20_UnidentifiedCard0165_DrawerA20_UnidentifiedCard0166_fb"}, "n_answers": 3, "quorum": 0, "calibration": 0, "created": "2016-02-17T14:39:17.546307", "state": "completed", "project_id": 294, "id": 59109, "priority_0": 0.0}, {"info": {"url": "https://farm2.staticflickr.com/1546/25044760996_35d7e800b8.jpg", "url_m": "https://farm2.staticflickr.com/1546/25044760996_35d7e800b8_m.jpg", "link": "https://www.flickr.com/photos/115096994@N02/25044760996", "url_b": "https://farm2.staticflickr.com/1546/25044760996_35d7e800b8_b.jpg", "title": "DrawerA20_UnidentifiedCard0167_DrawerA20_UnidentifiedCard0168_fb"}, "n_answers": 3, "quorum": 0, "calibration": 0, "created": "2016-02-17T14:39:17.579278", "state": "completed", "project_id": 294, "id": 59110, "priority_0": 0.0}, {"info": {"url": "https://farm2.staticflickr.com/1617/24952975652_2bb016c718.jpg", "url_m": "https://farm2.staticflickr.com/1617/24952975652_2bb016c718_m.jpg", "link": "https://www.flickr.com/photos/115096994@N02/24952975652", "url_b": "https://farm2.staticflickr.com/1617/24952975652_2bb016c718_b.jpg", "title": "DrawerA20_UnidentifiedCard0169_DrawerA20_UnidentifiedCard0170_fb"}, "n_answers": 3, "quorum": 0, "calibration": 0, "created": "2016-02-17T14:39:17.612249", "state": "completed", "project_id": 294, "id": 59111, "priority_0": 0.0}, {"info": {"url": "https://farm2.staticflickr.com/1603/25044760546_fc808cfaf9.jpg", "url_m": "https://farm2.staticflickr.com/1603/25044760546_fc808cfaf9_m.jpg", "link": "https://www.flickr.com/photos/115096994@N02/25044760546", "url_b": "https://farm2.staticflickr.com/1603/25044760546_fc808cfaf9_b.jpg", "title": "DrawerA20_UnidentifiedCard0171_DrawerA20_UnidentifiedCard0172_fb"}, "n_answers": 3, "quorum": 0, "calibration": 0, "created": "2016-02-17T14:39:17.646287", "state": "completed", "project_id": 294, "id": 59112, "priority_0": 0.0}, {"info": {"url": "https://farm2.staticflickr.com/1710/24440449494_2529ca2b0a.jpg", "url_m": "https://farm2.staticflickr.com/1710/24440449494_2529ca2b0a_m.jpg", "link": "https://www.flickr.com/photos/115096994@N02/24440449494", "url_b": "https://farm2.staticflickr.com/1710/24440449494_2529ca2b0a_b.jpg", "title": "DrawerA20_UnidentifiedCard0173_DrawerA20_UnidentifiedCard0174_fb"}, "n_answers": 3, "quorum": 0, "calibration": 0, "created": "2016-02-17T14:39:17.678732", "state": "completed", "project_id": 294, "id": 59113, "priority_0": 0.0}, {"info": {"url": "https://farm2.staticflickr.com/1709/25071103615_06f6e8070a.jpg", "url_m": "https://farm2.staticflickr.com/1709/25071103615_06f6e8070a_m.jpg", "link": "https://www.flickr.com/photos/115096994@N02/25071103615", "url_b": "https://farm2.staticflickr.com/1709/25071103615_06f6e8070a_b.jpg", "title": "DrawerA20_UnidentifiedCard0175_DrawerA20_UnidentifiedCard0176_fb"}, "n_answers": 3, "quorum": 0, "calibration": 0, "created": "2016-02-17T14:39:17.712322", "state": "completed", "project_id": 294, "id": 59114, "priority_0": 0.0}, {"info": {"url": "https://farm2.staticflickr.com/1688/24703459769_fae7161289.jpg", "url_m": "https://farm2.staticflickr.com/1688/24703459769_fae7161289_m.jpg", "link": "https://www.flickr.com/photos/115096994@N02/24703459769", "url_b": "https://farm2.staticflickr.com/1688/24703459769_fae7161289_b.jpg", "title": "DrawerA20_UnidentifiedCard0177_DrawerA20_UnidentifiedCard0178_fb"}, "n_answers": 3, "quorum": 0, "calibration": 0, "created": "2016-02-17T14:39:17.746014", "state": "completed", "project_id": 294, "id": 59115, "priority_0": 0.0}, {"info": {"url": "https://farm2.staticflickr.com/1705/24444231873_8b5b78c50d.jpg", "url_m": "https://farm2.staticflickr.com/1705/24444231873_8b5b78c50d_m.jpg", "link": "https://www.flickr.com/photos/115096994@N02/24444231873", "url_b": "https://farm2.staticflickr.com/1705/24444231873_8b5b78c50d_b.jpg", "title": "DrawerA20_UnidentifiedCard0179_DrawerA20_UnidentifiedCard0180_fb"}, "n_answers": 3, "quorum": 0, "calibration": 0, "created": "2016-02-17T14:39:17.779780", "state": "completed", "project_id": 294, "id": 59116, "priority_0": 0.0}, {"info": {"url": "https://farm2.staticflickr.com/1586/24440448884_65e3fdbbc5.jpg", "url_m": "https://farm2.staticflickr.com/1586/24440448884_65e3fdbbc5_m.jpg", "link": "https://www.flickr.com/photos/115096994@N02/24440448884", "url_b": "https://farm2.staticflickr.com/1586/24440448884_65e3fdbbc5_b.jpg", "title": "DrawerA20_UnidentifiedCard0181_DrawerA20_UnidentifiedCard0182_fb"}, "n_answers": 3, "quorum": 0, "calibration": 0, "created": "2016-02-17T14:39:17.812727", "state": "completed", "project_id": 294, "id": 59117, "priority_0": 0.0}, {"info": {"url": "https://farm2.staticflickr.com/1589/24952974402_f29c15303d.jpg", "url_m": "https://farm2.staticflickr.com/1589/24952974402_f29c15303d_m.jpg", "link": "https://www.flickr.com/photos/115096994@N02/24952974402", "url_b": "https://farm2.staticflickr.com/1589/24952974402_f29c15303d_b.jpg", "title": "DrawerA20_UnidentifiedCard0183_DrawerA20_UnidentifiedCard0184_fb"}, "n_answers": 3, "quorum": 0, "calibration": 0, "created": "2016-02-17T14:39:17.845687", "state": "completed", "project_id": 294, "id": 59118, "priority_0": 0.0}, {"info": {"url": "https://farm2.staticflickr.com/1511/25071103005_6c5f55f643.jpg", "url_m": "https://farm2.staticflickr.com/1511/25071103005_6c5f55f643_m.jpg", "link": "https://www.flickr.com/photos/115096994@N02/25071103005", "url_b": "https://farm2.staticflickr.com/1511/25071103005_6c5f55f643_b.jpg", "title": "DrawerA20_UnidentifiedCard0185_DrawerA20_UnidentifiedCard0186_fb"}, "n_answers": 3, "quorum": 0, "calibration": 0, "created": "2016-02-17T14:39:17.879311", "state": "completed", "project_id": 294, "id": 59119, "priority_0": 0.0}, {"info": {"url": "https://farm2.staticflickr.com/1669/24775494100_3e40f98585.jpg", "url_m": "https://farm2.staticflickr.com/1669/24775494100_3e40f98585_m.jpg", "link": "https://www.flickr.com/photos/115096994@N02/24775494100", "url_b": "https://farm2.staticflickr.com/1669/24775494100_3e40f98585_b.jpg", "title": "DrawerA20_UnidentifiedCard0187_DrawerA20_UnidentifiedCard0188_fb"}, "n_answers": 3, "quorum": 0, "calibration": 0, "created": "2016-02-17T14:39:17.913316", "state": "completed", "project_id": 294, "id": 59120, "priority_0": 0.0}, {"info": {"url": "https://farm2.staticflickr.com/1701/24952974062_91e91f5fbf.jpg", "url_m": "https://farm2.staticflickr.com/1701/24952974062_91e91f5fbf_m.jpg", "link": "https://www.flickr.com/photos/115096994@N02/24952974062", "url_b": "https://farm2.staticflickr.com/1701/24952974062_91e91f5fbf_b.jpg", "title": "DrawerA20_UnidentifiedCard0189_DrawerA20_UnidentifiedCard0190_fb"}, "n_answers": 3, "quorum": 0, "calibration": 0, "created": "2016-02-17T14:39:17.945699", "state": "completed", "project_id": 294, "id": 59121, "priority_0": 0.0}, {"info": {"url": "https://farm2.staticflickr.com/1608/24703458669_e64780d696.jpg", "url_m": "https://farm2.staticflickr.com/1608/24703458669_e64780d696_m.jpg", "link": "https://www.flickr.com/photos/115096994@N02/24703458669", "url_b": "https://farm2.staticflickr.com/1608/24703458669_e64780d696_b.jpg", "title": "DrawerA20_UnidentifiedCard0191_DrawerA20_UnidentifiedCard0192_fb"}, "n_answers": 3, "quorum": 0, "calibration": 0, "created": "2016-02-17T14:39:17.978350", "state": "completed", "project_id": 294, "id": 59122, "priority_0": 0.0}, {"info": {"url": "https://farm2.staticflickr.com/1549/24977787031_2efa67ae2b.jpg", "url_m": "https://farm2.staticflickr.com/1549/24977787031_2efa67ae2b_m.jpg", "link": "https://www.flickr.com/photos/115096994@N02/24977787031", "url_b": "https://farm2.staticflickr.com/1549/24977787031_2efa67ae2b_b.jpg", "title": "DrawerA20_UnidentifiedCard0193_DrawerA20_UnidentifiedCard0194_fb"}, "n_answers": 3, "quorum": 0, "calibration": 0, "created": "2016-02-17T14:39:18.012995", "state": "completed", "project_id": 294, "id": 59123, "priority_0": 0.0}, {"info": {"url": "https://farm2.staticflickr.com/1665/24444230893_ea96f015f2.jpg", "url_m": "https://farm2.staticflickr.com/1665/24444230893_ea96f015f2_m.jpg", "link": "https://www.flickr.com/photos/115096994@N02/24444230893", "url_b": "https://farm2.staticflickr.com/1665/24444230893_ea96f015f2_b.jpg", "title": "DrawerA20_UnidentifiedCard0195_DrawerA20_UnidentifiedCard0196_fb"}, "n_answers": 3, "quorum": 0, "calibration": 0, "created": "2016-02-17T14:39:18.045753", "state": "completed", "project_id": 294, "id": 59124, "priority_0": 0.0}, {"info": {"url": "https://farm2.staticflickr.com/1544/24775493550_e28242326b.jpg", "url_m": "https://farm2.staticflickr.com/1544/24775493550_e28242326b_m.jpg", "link": "https://www.flickr.com/photos/115096994@N02/24775493550", "url_b": "https://farm2.staticflickr.com/1544/24775493550_e28242326b_b.jpg", "title": "DrawerA20_UnidentifiedCard0197_DrawerA20_UnidentifiedCard0198_fb"}, "n_answers": 3, "quorum": 0, "calibration": 0, "created": "2016-02-17T14:39:18.079265", "state": "completed", "project_id": 294, "id": 59125, "priority_0": 0.0}, {"info": {"url": "https://farm2.staticflickr.com/1488/25044758666_fc636c4d2a.jpg", "url_m": "https://farm2.staticflickr.com/1488/25044758666_fc636c4d2a_m.jpg", "link": "https://www.flickr.com/photos/115096994@N02/25044758666", "url_b": "https://farm2.staticflickr.com/1488/25044758666_fc636c4d2a_b.jpg", "title": "DrawerA20_UnidentifiedCard0199_DrawerA20_UnidentifiedCard0200_fb"}, "n_answers": 3, "quorum": 0, "calibration": 0, "created": "2016-02-17T14:39:18.112302", "state": "completed", "project_id": 294, "id": 59126, "priority_0": 0.0}, {"info": {"url": "https://farm2.staticflickr.com/1466/25044758556_1960c51589.jpg", "url_m": "https://farm2.staticflickr.com/1466/25044758556_1960c51589_m.jpg", "link": "https://www.flickr.com/photos/115096994@N02/25044758556", "url_b": "https://farm2.staticflickr.com/1466/25044758556_1960c51589_b.jpg", "title": "DrawerA20_UnidentifiedCard0201_DrawerA20_UnidentifiedCard0202_fb"}, "n_answers": 3, "quorum": 0, "calibration": 0, "created": "2016-02-17T14:39:18.146297", "state": "completed", "project_id": 294, "id": 59127, "priority_0": 0.0}, {"info": {"url": "https://farm2.staticflickr.com/1682/24775493190_60eb676d69.jpg", "url_m": "https://farm2.staticflickr.com/1682/24775493190_60eb676d69_m.jpg", "link": "https://www.flickr.com/photos/115096994@N02/24775493190", "url_b": "https://farm2.staticflickr.com/1682/24775493190_60eb676d69_b.jpg", "title": "DrawerA20_UnidentifiedCard0203_DrawerA20_UnidentifiedCard0204_fb"}, "n_answers": 3, "quorum": 0, "calibration": 0, "created": "2016-02-17T14:39:18.178997", "state": "completed", "project_id": 294, "id": 59128, "priority_0": 0.0}, {"info": {"url": "https://farm2.staticflickr.com/1491/24444230403_12e586f76e.jpg", "url_m": "https://farm2.staticflickr.com/1491/24444230403_12e586f76e_m.jpg", "link": "https://www.flickr.com/photos/115096994@N02/24444230403", "url_b": "https://farm2.staticflickr.com/1491/24444230403_12e586f76e_b.jpg", "title": "DrawerA20_UnidentifiedCard0205_DrawerA20_UnidentifiedCard0206_fb"}, "n_answers": 3, "quorum": 0, "calibration": 0, "created": "2016-02-17T14:39:18.212953", "state": "completed", "project_id": 294, "id": 59129, "priority_0": 0.0}, {"info": {"url": "https://farm2.staticflickr.com/1696/24440447464_dac9509be9.jpg", "url_m": "https://farm2.staticflickr.com/1696/24440447464_dac9509be9_m.jpg", "link": "https://www.flickr.com/photos/115096994@N02/24440447464", "url_b": "https://farm2.staticflickr.com/1696/24440447464_dac9509be9_b.jpg", "title": "DrawerA20_UnidentifiedCard0207_DrawerA20_UnidentifiedCard0208_fb"}, "n_answers": 3, "quorum": 0, "calibration": 0, "created": "2016-02-17T14:39:18.246797", "state": "completed", "project_id": 294, "id": 59130, "priority_0": 0.0}, {"info": {"url": "https://farm2.staticflickr.com/1569/24977786231_86e0b3bfeb.jpg", "url_m": "https://farm2.staticflickr.com/1569/24977786231_86e0b3bfeb_m.jpg", "link": "https://www.flickr.com/photos/115096994@N02/24977786231", "url_b": "https://farm2.staticflickr.com/1569/24977786231_86e0b3bfeb_b.jpg", "title": "DrawerA20_UnidentifiedCard0209_DrawerA20_UnidentifiedCard0210_fb"}, "n_answers": 3, "quorum": 0, "calibration": 0, "created": "2016-02-17T14:39:18.279387", "state": "completed", "project_id": 294, "id": 59131, "priority_0": 0.0}, {"info": {"url": "https://farm2.staticflickr.com/1599/25071101675_01a155f2c2.jpg", "url_m": "https://farm2.staticflickr.com/1599/25071101675_01a155f2c2_m.jpg", "link": "https://www.flickr.com/photos/115096994@N02/25071101675", "url_b": "https://farm2.staticflickr.com/1599/25071101675_01a155f2c2_b.jpg", "title": "DrawerA20_UnidentifiedCard0211_DrawerA20_UnidentifiedCard0212_fb"}, "n_answers": 3, "quorum": 0, "calibration": 0, "created": "2016-02-17T14:39:18.312393", "state": "completed", "project_id": 294, "id": 59132, "priority_0": 0.0}, {"info": {"url": "https://farm2.staticflickr.com/1590/24440446994_067ed0778e.jpg", "url_m": "https://farm2.staticflickr.com/1590/24440446994_067ed0778e_m.jpg", "link": "https://www.flickr.com/photos/115096994@N02/24440446994", "url_b": "https://farm2.staticflickr.com/1590/24440446994_067ed0778e_b.jpg", "title": "DrawerA20_UnidentifiedCard0213_DrawerA20_UnidentifiedCard0214_fb"}, "n_answers": 3, "quorum": 0, "calibration": 0, "created": "2016-02-17T14:39:18.346210", "state": "completed", "project_id": 294, "id": 59133, "priority_0": 0.0}, {"info": {"url": "https://farm2.staticflickr.com/1589/24703457279_fb4273c8c4.jpg", "url_m": "https://farm2.staticflickr.com/1589/24703457279_fb4273c8c4_m.jpg", "link": "https://www.flickr.com/photos/115096994@N02/24703457279", "url_b": "https://farm2.staticflickr.com/1589/24703457279_fb4273c8c4_b.jpg", "title": "DrawerA20_UnidentifiedCard0215_DrawerA20_UnidentifiedCard0216_fb"}, "n_answers": 3, "quorum": 0, "calibration": 0, "created": "2016-02-17T14:39:18.379276", "state": "completed", "project_id": 294, "id": 59134, "priority_0": 0.0}, {"info": {"url": "https://farm2.staticflickr.com/1562/24703457169_5ac114f636.jpg", "url_m": "https://farm2.staticflickr.com/1562/24703457169_5ac114f636_m.jpg", "link": "https://www.flickr.com/photos/115096994@N02/24703457169", "url_b": "https://farm2.staticflickr.com/1562/24703457169_5ac114f636_b.jpg", "title": "DrawerA20_UnidentifiedCard0217_DrawerA20_UnidentifiedCard0218_fb"}, "n_answers": 3, "quorum": 0, "calibration": 0, "created": "2016-02-17T14:39:18.412727", "state": "completed", "project_id": 294, "id": 59135, "priority_0": 0.0}, {"info": {"url": "https://farm2.staticflickr.com/1718/24952972102_81c1491669.jpg", "url_m": "https://farm2.staticflickr.com/1718/24952972102_81c1491669_m.jpg", "link": "https://www.flickr.com/photos/115096994@N02/24952972102", "url_b": "https://farm2.staticflickr.com/1718/24952972102_81c1491669_b.jpg", "title": "DrawerA20_UnidentifiedCard0219_DrawerA20_UnidentifiedCard0220_fb"}, "n_answers": 3, "quorum": 0, "calibration": 0, "created": "2016-02-17T14:39:18.446131", "state": "completed", "project_id": 294, "id": 59136, "priority_0": 0.0}, {"info": {"url": "https://farm2.staticflickr.com/1709/24444229193_da75f7fbe2.jpg", "url_m": "https://farm2.staticflickr.com/1709/24444229193_da75f7fbe2_m.jpg", "link": "https://www.flickr.com/photos/115096994@N02/24444229193", "url_b": "https://farm2.staticflickr.com/1709/24444229193_da75f7fbe2_b.jpg", "title": "DrawerA20_UnidentifiedCard0221_DrawerA20_UnidentifiedCard0222_fb"}, "n_answers": 3, "quorum": 0, "calibration": 0, "created": "2016-02-17T14:39:18.479406", "state": "completed", "project_id": 294, "id": 59137, "priority_0": 0.0}, {"info": {"url": "https://farm2.staticflickr.com/1621/24440446334_b08abe4f87.jpg", "url_m": "https://farm2.staticflickr.com/1621/24440446334_b08abe4f87_m.jpg", "link": "https://www.flickr.com/photos/115096994@N02/24440446334", "url_b": "https://farm2.staticflickr.com/1621/24440446334_b08abe4f87_b.jpg", "title": "DrawerA20_UnidentifiedCard0223_DrawerA20_UnidentifiedCard0224_fb"}, "n_answers": 3, "quorum": 0, "calibration": 0, "created": "2016-02-17T14:39:18.513705", "state": "completed", "project_id": 294, "id": 59138, "priority_0": 0.0}, {"info": {"url": "https://farm2.staticflickr.com/1444/25044757116_22a5aa8b3e.jpg", "url_m": "https://farm2.staticflickr.com/1444/25044757116_22a5aa8b3e_m.jpg", "link": "https://www.flickr.com/photos/115096994@N02/25044757116", "url_b": "https://farm2.staticflickr.com/1444/25044757116_22a5aa8b3e_b.jpg", "title": "DrawerA20_UnidentifiedCard0225_DrawerA20_UnidentifiedCard0226_fb"}, "n_answers": 3, "quorum": 0, "calibration": 0, "created": "2016-02-17T14:39:18.546238", "state": "completed", "project_id": 294, "id": 59139, "priority_0": 0.0}, {"info": {"url": "https://farm2.staticflickr.com/1614/25044756966_e49f7c430c.jpg", "url_m": "https://farm2.staticflickr.com/1614/25044756966_e49f7c430c_m.jpg", "link": "https://www.flickr.com/photos/115096994@N02/25044756966", "url_b": "https://farm2.staticflickr.com/1614/25044756966_e49f7c430c_b.jpg", "title": "DrawerA20_UnidentifiedCard0227_DrawerA20_UnidentifiedCard0228_fb"}, "n_answers": 3, "quorum": 0, "calibration": 0, "created": "2016-02-17T14:39:18.580887", "state": "completed", "project_id": 294, "id": 59140, "priority_0": 0.0}, {"info": {"url": "https://farm2.staticflickr.com/1461/25044756766_1423fb85a0.jpg", "url_m": "https://farm2.staticflickr.com/1461/25044756766_1423fb85a0_m.jpg", "link": "https://www.flickr.com/photos/115096994@N02/25044756766", "url_b": "https://farm2.staticflickr.com/1461/25044756766_1423fb85a0_b.jpg", "title": "DrawerA20_UnidentifiedCard0229_DrawerA20_UnidentifiedCard0230_fb"}, "n_answers": 3, "quorum": 0, "calibration": 0, "created": "2016-02-17T14:39:18.614290", "state": "completed", "project_id": 294, "id": 59141, "priority_0": 0.0}, {"info": {"url": "https://farm2.staticflickr.com/1588/24775491270_56027ccf0d.jpg", "url_m": "https://farm2.staticflickr.com/1588/24775491270_56027ccf0d_m.jpg", "link": "https://www.flickr.com/photos/115096994@N02/24775491270", "url_b": "https://farm2.staticflickr.com/1588/24775491270_56027ccf0d_b.jpg", "title": "DrawerA20_UnidentifiedCard0231_DrawerA20_UnidentifiedCard0232_fb"}, "n_answers": 3, "quorum": 0, "calibration": 0, "created": "2016-02-17T14:39:18.647526", "state": "completed", "project_id": 294, "id": 59142, "priority_0": 0.0}, {"info": {"url": "https://farm2.staticflickr.com/1602/24703455919_4e68670ee3.jpg", "url_m": "https://farm2.staticflickr.com/1602/24703455919_4e68670ee3_m.jpg", "link": "https://www.flickr.com/photos/115096994@N02/24703455919", "url_b": "https://farm2.staticflickr.com/1602/24703455919_4e68670ee3_b.jpg", "title": "DrawerA20_UnidentifiedCard0233_DrawerA20_UnidentifiedCard0234_fb"}, "n_answers": 3, "quorum": 0, "calibration": 0, "created": "2016-02-17T14:39:18.680531", "state": "completed", "project_id": 294, "id": 59143, "priority_0": 0.0}, {"info": {"url": "https://farm2.staticflickr.com/1489/24444228183_0695301413.jpg", "url_m": "https://farm2.staticflickr.com/1489/24444228183_0695301413_m.jpg", "link": "https://www.flickr.com/photos/115096994@N02/24444228183", "url_b": "https://farm2.staticflickr.com/1489/24444228183_0695301413_b.jpg", "title": "DrawerA20_UnidentifiedCard0235_DrawerA20_UnidentifiedCard0236_fb"}, "n_answers": 3, "quorum": 0, "calibration": 0, "created": "2016-02-17T14:39:18.714971", "state": "completed", "project_id": 294, "id": 59144, "priority_0": 0.0}, {"info": {"url": "https://farm2.staticflickr.com/1568/24952970642_33e05fe9c7.jpg", "url_m": "https://farm2.staticflickr.com/1568/24952970642_33e05fe9c7_m.jpg", "link": "https://www.flickr.com/photos/115096994@N02/24952970642", "url_b": "https://farm2.staticflickr.com/1568/24952970642_33e05fe9c7_b.jpg", "title": "DrawerA20_UnidentifiedCard0237_DrawerA20_UnidentifiedCard0238_fb"}, "n_answers": 3, "quorum": 0, "calibration": 0, "created": "2016-02-17T14:39:18.748450", "state": "completed", "project_id": 294, "id": 59145, "priority_0": 0.0}, {"info": {"url": "https://farm2.staticflickr.com/1451/24703455189_e726e737e7.jpg", "url_m": "https://farm2.staticflickr.com/1451/24703455189_e726e737e7_m.jpg", "link": "https://www.flickr.com/photos/115096994@N02/24703455189", "url_b": "https://farm2.staticflickr.com/1451/24703455189_e726e737e7_b.jpg", "title": "DrawerA20_UnidentifiedCard0239_DrawerA20_UnidentifiedCard0240_fb"}, "n_answers": 3, "quorum": 0, "calibration": 0, "created": "2016-02-17T14:39:18.781216", "state": "completed", "project_id": 294, "id": 59146, "priority_0": 0.0}, {"info": {"url": "https://farm2.staticflickr.com/1523/24703455019_5861fe8ef9.jpg", "url_m": "https://farm2.staticflickr.com/1523/24703455019_5861fe8ef9_m.jpg", "link": "https://www.flickr.com/photos/115096994@N02/24703455019", "url_b": "https://farm2.staticflickr.com/1523/24703455019_5861fe8ef9_b.jpg", "title": "DrawerA20_UnidentifiedCard0241_DrawerA20_UnidentifiedCard0242_fb"}, "n_answers": 3, "quorum": 0, "calibration": 0, "created": "2016-02-17T14:39:18.813950", "state": "completed", "project_id": 294, "id": 59147, "priority_0": 0.0}, {"info": {"url": "https://farm2.staticflickr.com/1523/25071099295_4d35fb99bb.jpg", "url_m": "https://farm2.staticflickr.com/1523/25071099295_4d35fb99bb_m.jpg", "link": "https://www.flickr.com/photos/115096994@N02/25071099295", "url_b": "https://farm2.staticflickr.com/1523/25071099295_4d35fb99bb_b.jpg", "title": "DrawerA20_UnidentifiedCard0243_DrawerA20_UnidentifiedCard0244_fb"}, "n_answers": 3, "quorum": 0, "calibration": 0, "created": "2016-02-17T14:39:18.847419", "state": "completed", "project_id": 294, "id": 59148, "priority_0": 0.0}, {"info": {"url": "https://farm2.staticflickr.com/1470/24977783691_4ed8106fef.jpg", "url_m": "https://farm2.staticflickr.com/1470/24977783691_4ed8106fef_m.jpg", "link": "https://www.flickr.com/photos/115096994@N02/24977783691", "url_b": "https://farm2.staticflickr.com/1470/24977783691_4ed8106fef_b.jpg", "title": "DrawerA20_UnidentifiedCard0245_DrawerA20_UnidentifiedCard0246_fb"}, "n_answers": 3, "quorum": 0, "calibration": 0, "created": "2016-02-17T14:39:18.881542", "state": "completed", "project_id": 294, "id": 59149, "priority_0": 0.0}, {"info": {"url": "https://farm2.staticflickr.com/1693/25071099045_4da7df5abf.jpg", "url_m": "https://farm2.staticflickr.com/1693/25071099045_4da7df5abf_m.jpg", "link": "https://www.flickr.com/photos/115096994@N02/25071099045", "url_b": "https://farm2.staticflickr.com/1693/25071099045_4da7df5abf_b.jpg", "title": "DrawerA20_UnidentifiedCard0247_DrawerA20_UnidentifiedCard0248_fb"}, "n_answers": 3, "quorum": 0, "calibration": 0, "created": "2016-02-17T14:39:18.914667", "state": "completed", "project_id": 294, "id": 59150, "priority_0": 0.0}, {"info": {"url": "https://farm2.staticflickr.com/1461/24703454529_d4172fbfe1.jpg", "url_m": "https://farm2.staticflickr.com/1461/24703454529_d4172fbfe1_m.jpg", "link": "https://www.flickr.com/photos/115096994@N02/24703454529", "url_b": "https://farm2.staticflickr.com/1461/24703454529_d4172fbfe1_b.jpg", "title": "DrawerA20_UnidentifiedCard0249_DrawerA20_UnidentifiedCard0250_fb"}, "n_answers": 3, "quorum": 0, "calibration": 0, "created": "2016-02-17T14:39:18.947900", "state": "completed", "project_id": 294, "id": 59151, "priority_0": 0.0}, {"info": {"url": "https://farm2.staticflickr.com/1697/24977783381_4bd8542853.jpg", "url_m": "https://farm2.staticflickr.com/1697/24977783381_4bd8542853_m.jpg", "link": "https://www.flickr.com/photos/115096994@N02/24977783381", "url_b": "https://farm2.staticflickr.com/1697/24977783381_4bd8542853_b.jpg", "title": "DrawerA20_UnidentifiedCard0251_DrawerA20_UnidentifiedCard0252_fb"}, "n_answers": 3, "quorum": 0, "calibration": 0, "created": "2016-02-17T14:39:18.981056", "state": "completed", "project_id": 294, "id": 59152, "priority_0": 0.0}, {"info": {"url": "https://farm2.staticflickr.com/1674/25044754846_563b650a2b.jpg", "url_m": "https://farm2.staticflickr.com/1674/25044754846_563b650a2b_m.jpg", "link": "https://www.flickr.com/photos/115096994@N02/25044754846", "url_b": "https://farm2.staticflickr.com/1674/25044754846_563b650a2b_b.jpg", "title": "DrawerA20_UnidentifiedCard0253_DrawerA20_UnidentifiedCard0254_fb"}, "n_answers": 3, "quorum": 0, "calibration": 0, "created": "2016-02-17T14:39:19.014778", "state": "completed", "project_id": 294, "id": 59153, "priority_0": 0.0}, {"info": {"url": "https://farm2.staticflickr.com/1647/24775489380_cd4de21d57.jpg", "url_m": "https://farm2.staticflickr.com/1647/24775489380_cd4de21d57_m.jpg", "link": "https://www.flickr.com/photos/115096994@N02/24775489380", "url_b": "https://farm2.staticflickr.com/1647/24775489380_cd4de21d57_b.jpg", "title": "DrawerA20_UnidentifiedCard0255_DrawerA20_UnidentifiedCard0256_fb"}, "n_answers": 3, "quorum": 0, "calibration": 0, "created": "2016-02-17T14:39:19.047871", "state": "completed", "project_id": 294, "id": 59154, "priority_0": 0.0}, {"info": {"url": "https://farm2.staticflickr.com/1481/25071098365_54ce8bb1aa.jpg", "url_m": "https://farm2.staticflickr.com/1481/25071098365_54ce8bb1aa_m.jpg", "link": "https://www.flickr.com/photos/115096994@N02/25071098365", "url_b": "https://farm2.staticflickr.com/1481/25071098365_54ce8bb1aa_b.jpg", "title": "DrawerA20_UnidentifiedCard0257_DrawerA20_UnidentifiedCard0258_fb"}, "n_answers": 3, "quorum": 0, "calibration": 0, "created": "2016-02-17T14:39:19.082025", "state": "completed", "project_id": 294, "id": 59155, "priority_0": 0.0}, {"info": {"url": "https://farm2.staticflickr.com/1560/24775489170_9b91ee9ca2.jpg", "url_m": "https://farm2.staticflickr.com/1560/24775489170_9b91ee9ca2_m.jpg", "link": "https://www.flickr.com/photos/115096994@N02/24775489170", "url_b": "https://farm2.staticflickr.com/1560/24775489170_9b91ee9ca2_b.jpg", "title": "DrawerA20_UnidentifiedCard0259_DrawerA20_UnidentifiedCard0260_fb"}, "n_answers": 3, "quorum": 0, "calibration": 0, "created": "2016-02-17T14:39:19.114748", "state": "completed", "project_id": 294, "id": 59156, "priority_0": 0.0}, {"info": {"url": "https://farm2.staticflickr.com/1566/24440443424_f06c4cfef8.jpg", "url_m": "https://farm2.staticflickr.com/1566/24440443424_f06c4cfef8_m.jpg", "link": "https://www.flickr.com/photos/115096994@N02/24440443424", "url_b": "https://farm2.staticflickr.com/1566/24440443424_f06c4cfef8_b.jpg", "title": "DrawerA20_UnidentifiedCard0261_DrawerA20_UnidentifiedCard0262_fb"}, "n_answers": 3, "quorum": 0, "calibration": 0, "created": "2016-02-17T14:39:19.147924", "state": "completed", "project_id": 294, "id": 59157, "priority_0": 0.0}, {"info": {"url": "https://farm2.staticflickr.com/1671/25071097975_71cf140534.jpg", "url_m": "https://farm2.staticflickr.com/1671/25071097975_71cf140534_m.jpg", "link": "https://www.flickr.com/photos/115096994@N02/25071097975", "url_b": "https://farm2.staticflickr.com/1671/25071097975_71cf140534_b.jpg", "title": "DrawerA20_UnidentifiedCard0263_DrawerA20_UnidentifiedCard0264_fb"}, "n_answers": 3, "quorum": 0, "calibration": 0, "created": "2016-02-17T14:39:19.181134", "state": "completed", "project_id": 294, "id": 59158, "priority_0": 0.0}, {"info": {"url": "https://farm2.staticflickr.com/1475/24444226063_551452877f.jpg", "url_m": "https://farm2.staticflickr.com/1475/24444226063_551452877f_m.jpg", "link": "https://www.flickr.com/photos/115096994@N02/24444226063", "url_b": "https://farm2.staticflickr.com/1475/24444226063_551452877f_b.jpg", "title": "DrawerA20_UnidentifiedCard0265_DrawerA20_UnidentifiedCard0266_fb"}, "n_answers": 3, "quorum": 0, "calibration": 0, "created": "2016-02-17T14:39:19.214812", "state": "completed", "project_id": 294, "id": 59159, "priority_0": 0.0}, {"info": {"url": "https://farm2.staticflickr.com/1519/25044753806_e8a02e2c41.jpg", "url_m": "https://farm2.staticflickr.com/1519/25044753806_e8a02e2c41_m.jpg", "link": "https://www.flickr.com/photos/115096994@N02/25044753806", "url_b": "https://farm2.staticflickr.com/1519/25044753806_e8a02e2c41_b.jpg", "title": "DrawerA20_UnidentifiedCard0267_DrawerA20_UnidentifiedCard0268_fb"}, "n_answers": 3, "quorum": 0, "calibration": 0, "created": "2016-02-17T14:39:19.249425", "state": "completed", "project_id": 294, "id": 59160, "priority_0": 0.0}, {"info": {"url": "https://farm2.staticflickr.com/1583/24977782221_905700de5c.jpg", "url_m": "https://farm2.staticflickr.com/1583/24977782221_905700de5c_m.jpg", "link": "https://www.flickr.com/photos/115096994@N02/24977782221", "url_b": "https://farm2.staticflickr.com/1583/24977782221_905700de5c_b.jpg", "title": "DrawerA20_UnidentifiedCard0269_DrawerA20_UnidentifiedCard0270_fb"}, "n_answers": 3, "quorum": 0, "calibration": 0, "created": "2016-02-17T14:39:19.281258", "state": "completed", "project_id": 294, "id": 59161, "priority_0": 0.0}, {"info": {"url": "https://farm2.staticflickr.com/1486/24977782101_bfda8cd2e0.jpg", "url_m": "https://farm2.staticflickr.com/1486/24977782101_bfda8cd2e0_m.jpg", "link": "https://www.flickr.com/photos/115096994@N02/24977782101", "url_b": "https://farm2.staticflickr.com/1486/24977782101_bfda8cd2e0_b.jpg", "title": "DrawerA20_UnidentifiedCard0271_DrawerA20_UnidentifiedCard0272_fb"}, "n_answers": 3, "quorum": 0, "calibration": 0, "created": "2016-02-17T14:39:19.314525", "state": "completed", "project_id": 294, "id": 59162, "priority_0": 0.0}, {"info": {"url": "https://farm2.staticflickr.com/1530/24775488220_ab0867d320.jpg", "url_m": "https://farm2.staticflickr.com/1530/24775488220_ab0867d320_m.jpg", "link": "https://www.flickr.com/photos/115096994@N02/24775488220", "url_b": "https://farm2.staticflickr.com/1530/24775488220_ab0867d320_b.jpg", "title": "DrawerA20_UnidentifiedCard0273_DrawerA20_UnidentifiedCard0274_fb"}, "n_answers": 3, "quorum": 0, "calibration": 0, "created": "2016-02-17T14:39:19.347689", "state": "completed", "project_id": 294, "id": 59163, "priority_0": 0.0}, {"info": {"url": "https://farm2.staticflickr.com/1655/24440442284_f74c8075dc.jpg", "url_m": "https://farm2.staticflickr.com/1655/24440442284_f74c8075dc_m.jpg", "link": "https://www.flickr.com/photos/115096994@N02/24440442284", "url_b": "https://farm2.staticflickr.com/1655/24440442284_f74c8075dc_b.jpg", "title": "DrawerA20_UnidentifiedCard0275_DrawerA20_UnidentifiedCard0276_fb"}, "n_answers": 3, "quorum": 0, "calibration": 0, "created": "2016-02-17T14:39:19.381629", "state": "completed", "project_id": 294, "id": 59164, "priority_0": 0.0}, {"info": {"url": "https://farm2.staticflickr.com/1559/24703452599_a1b5cf6d59.jpg", "url_m": "https://farm2.staticflickr.com/1559/24703452599_a1b5cf6d59_m.jpg", "link": "https://www.flickr.com/photos/115096994@N02/24703452599", "url_b": "https://farm2.staticflickr.com/1559/24703452599_a1b5cf6d59_b.jpg", "title": "DrawerA20_UnidentifiedCard0277_DrawerA20_UnidentifiedCard0278_fb"}, "n_answers": 3, "quorum": 0, "calibration": 0, "created": "2016-02-17T14:39:19.414807", "state": "completed", "project_id": 294, "id": 59165, "priority_0": 0.0}, {"info": {"url": "https://farm2.staticflickr.com/1464/24444224933_b0ef53e4c1.jpg", "url_m": "https://farm2.staticflickr.com/1464/24444224933_b0ef53e4c1_m.jpg", "link": "https://www.flickr.com/photos/115096994@N02/24444224933", "url_b": "https://farm2.staticflickr.com/1464/24444224933_b0ef53e4c1_b.jpg", "title": "DrawerA20_UnidentifiedCard0279_DrawerA20_UnidentifiedCard0280_fb"}, "n_answers": 3, "quorum": 0, "calibration": 0, "created": "2016-02-17T14:39:19.448223", "state": "completed", "project_id": 294, "id": 59166, "priority_0": 0.0}, {"info": {"url": "https://farm2.staticflickr.com/1593/24703452319_b980f8b758.jpg", "url_m": "https://farm2.staticflickr.com/1593/24703452319_b980f8b758_m.jpg", "link": "https://www.flickr.com/photos/115096994@N02/24703452319", "url_b": "https://farm2.staticflickr.com/1593/24703452319_b980f8b758_b.jpg", "title": "DrawerA20_UnidentifiedCard0281_DrawerA20_UnidentifiedCard0282_fb"}, "n_answers": 3, "quorum": 0, "calibration": 0, "created": "2016-02-17T14:39:19.481163", "state": "completed", "project_id": 294, "id": 59167, "priority_0": 0.0}, {"info": {"url": "https://farm2.staticflickr.com/1480/25044752746_a10f60c7e6.jpg", "url_m": "https://farm2.staticflickr.com/1480/25044752746_a10f60c7e6_m.jpg", "link": "https://www.flickr.com/photos/115096994@N02/25044752746", "url_b": "https://farm2.staticflickr.com/1480/25044752746_a10f60c7e6_b.jpg", "title": "DrawerA20_UnidentifiedCard0283_DrawerA20_UnidentifiedCard0284_fb"}, "n_answers": 3, "quorum": 0, "calibration": 0, "created": "2016-02-17T14:39:19.514586", "state": "completed", "project_id": 294, "id": 59168, "priority_0": 0.0}, {"info": {"url": "https://farm2.staticflickr.com/1514/24952966902_2e27c0f98d.jpg", "url_m": "https://farm2.staticflickr.com/1514/24952966902_2e27c0f98d_m.jpg", "link": "https://www.flickr.com/photos/115096994@N02/24952966902", "url_b": "https://farm2.staticflickr.com/1514/24952966902_2e27c0f98d_b.jpg", "title": "DrawerA20_UnidentifiedCard0285_DrawerA20_UnidentifiedCard0286_fb"}, "n_answers": 3, "quorum": 0, "calibration": 0, "created": "2016-02-17T14:39:19.548168", "state": "completed", "project_id": 294, "id": 59169, "priority_0": 0.0}, {"info": {"url": "https://farm2.staticflickr.com/1527/25071095615_aac491c3be.jpg", "url_m": "https://farm2.staticflickr.com/1527/25071095615_aac491c3be_m.jpg", "link": "https://www.flickr.com/photos/115096994@N02/25071095615", "url_b": "https://farm2.staticflickr.com/1527/25071095615_aac491c3be_b.jpg", "title": "DrawerA20_UnidentifiedCard0287_DrawerA20_UnidentifiedCard0288_fb"}, "n_answers": 3, "quorum": 0, "calibration": 0, "created": "2016-02-17T14:39:19.581602", "state": "completed", "project_id": 294, "id": 59170, "priority_0": 0.0}, {"info": {"url": "https://farm2.staticflickr.com/1524/24703451179_6a8d186c3d.jpg", "url_m": "https://farm2.staticflickr.com/1524/24703451179_6a8d186c3d_m.jpg", "link": "https://www.flickr.com/photos/115096994@N02/24703451179", "url_b": "https://farm2.staticflickr.com/1524/24703451179_6a8d186c3d_b.jpg", "title": "DrawerA20_UnidentifiedCard0289_DrawerA20_UnidentifiedCard0290_fb"}, "n_answers": 3, "quorum": 0, "calibration": 0, "created": "2016-02-17T14:39:19.615180", "state": "completed", "project_id": 294, "id": 59171, "priority_0": 0.0}, {"info": {"url": "https://farm2.staticflickr.com/1451/25071095215_0649c5ac41.jpg", "url_m": "https://farm2.staticflickr.com/1451/25071095215_0649c5ac41_m.jpg", "link": "https://www.flickr.com/photos/115096994@N02/25071095215", "url_b": "https://farm2.staticflickr.com/1451/25071095215_0649c5ac41_b.jpg", "title": "DrawerA20_UnidentifiedCard0291_DrawerA20_UnidentifiedCard0292_fb"}, "n_answers": 3, "quorum": 0, "calibration": 0, "created": "2016-02-17T14:39:19.647915", "state": "completed", "project_id": 294, "id": 59172, "priority_0": 0.0}, {"info": {"url": "https://farm2.staticflickr.com/1666/25071094975_e5d25ae0b6.jpg", "url_m": "https://farm2.staticflickr.com/1666/25071094975_e5d25ae0b6_m.jpg", "link": "https://www.flickr.com/photos/115096994@N02/25071094975", "url_b": "https://farm2.staticflickr.com/1666/25071094975_e5d25ae0b6_b.jpg", "title": "DrawerA20_UnidentifiedCard0293_DrawerA20_UnidentifiedCard0294_fb"}, "n_answers": 3, "quorum": 0, "calibration": 0, "created": "2016-02-17T14:39:19.681540", "state": "completed", "project_id": 294, "id": 59173, "priority_0": 0.0}, {"info": {"url": "https://farm2.staticflickr.com/1445/24444223003_32f13566c3.jpg", "url_m": "https://farm2.staticflickr.com/1445/24444223003_32f13566c3_m.jpg", "link": "https://www.flickr.com/photos/115096994@N02/24444223003", "url_b": "https://farm2.staticflickr.com/1445/24444223003_32f13566c3_b.jpg", "title": "DrawerA20_UnidentifiedCard0295_DrawerA20_UnidentifiedCard0296_fb"}, "n_answers": 3, "quorum": 0, "calibration": 0, "created": "2016-02-17T14:39:19.715230", "state": "completed", "project_id": 294, "id": 59174, "priority_0": 0.0}, {"info": {"url": "https://farm2.staticflickr.com/1472/24977779561_dcfdab5609.jpg", "url_m": "https://farm2.staticflickr.com/1472/24977779561_dcfdab5609_m.jpg", "link": "https://www.flickr.com/photos/115096994@N02/24977779561", "url_b": "https://farm2.staticflickr.com/1472/24977779561_dcfdab5609_b.jpg", "title": "DrawerA20_UnidentifiedCard0297_DrawerA20_UnidentifiedCard0298_fb"}, "n_answers": 3, "quorum": 0, "calibration": 0, "created": "2016-02-17T14:39:19.749178", "state": "completed", "project_id": 294, "id": 59175, "priority_0": 0.0}, {"info": {"url": "https://farm2.staticflickr.com/1688/24775485660_25e03c91ac.jpg", "url_m": "https://farm2.staticflickr.com/1688/24775485660_25e03c91ac_m.jpg", "link": "https://www.flickr.com/photos/115096994@N02/24775485660", "url_b": "https://farm2.staticflickr.com/1688/24775485660_25e03c91ac_b.jpg", "title": "DrawerA20_UnidentifiedCard0299_DrawerA20_UnidentifiedCard0300_fb"}, "n_answers": 3, "quorum": 0, "calibration": 0, "created": "2016-02-17T14:39:19.781750", "state": "completed", "project_id": 294, "id": 59176, "priority_0": 0.0}, {"info": {"url": "https://farm2.staticflickr.com/1501/24440439754_93d148d7e4.jpg", "url_m": "https://farm2.staticflickr.com/1501/24440439754_93d148d7e4_m.jpg", "link": "https://www.flickr.com/photos/115096994@N02/24440439754", "url_b": "https://farm2.staticflickr.com/1501/24440439754_93d148d7e4_b.jpg", "title": "DrawerA20_UnidentifiedCard0301_DrawerA20_UnidentifiedCard0302_fb"}, "n_answers": 3, "quorum": 0, "calibration": 0, "created": "2016-02-17T14:39:19.814723", "state": "completed", "project_id": 294, "id": 59177, "priority_0": 0.0}, {"info": {"url": "https://farm2.staticflickr.com/1663/24952965062_b1a58097a7.jpg", "url_m": "https://farm2.staticflickr.com/1663/24952965062_b1a58097a7_m.jpg", "link": "https://www.flickr.com/photos/115096994@N02/24952965062", "url_b": "https://farm2.staticflickr.com/1663/24952965062_b1a58097a7_b.jpg", "title": "DrawerA20_UnidentifiedCard0303_DrawerA20_UnidentifiedCard0304_fb"}, "n_answers": 3, "quorum": 0, "calibration": 0, "created": "2016-02-17T14:39:19.848166", "state": "completed", "project_id": 294, "id": 59178, "priority_0": 0.0}, {"info": {"url": "https://farm2.staticflickr.com/1444/24703449909_fa6efcf485.jpg", "url_m": "https://farm2.staticflickr.com/1444/24703449909_fa6efcf485_m.jpg", "link": "https://www.flickr.com/photos/115096994@N02/24703449909", "url_b": "https://farm2.staticflickr.com/1444/24703449909_fa6efcf485_b.jpg", "title": "DrawerA20_UnidentifiedCard0305_DrawerA20_UnidentifiedCard0306_fb"}, "n_answers": 3, "quorum": 0, "calibration": 0, "created": "2016-02-17T14:39:19.881669", "state": "completed", "project_id": 294, "id": 59179, "priority_0": 0.0}, {"info": {"url": "https://farm2.staticflickr.com/1560/24775485150_2ea581debb.jpg", "url_m": "https://farm2.staticflickr.com/1560/24775485150_2ea581debb_m.jpg", "link": "https://www.flickr.com/photos/115096994@N02/24775485150", "url_b": "https://farm2.staticflickr.com/1560/24775485150_2ea581debb_b.jpg", "title": "DrawerA20_UnidentifiedCard0307_DrawerA20_UnidentifiedCard0308_fb"}, "n_answers": 3, "quorum": 0, "calibration": 0, "created": "2016-02-17T14:39:19.915263", "state": "completed", "project_id": 294, "id": 59180, "priority_0": 0.0}, {"info": {"url": "https://farm2.staticflickr.com/1613/24440439214_d1fd2a459e.jpg", "url_m": "https://farm2.staticflickr.com/1613/24440439214_d1fd2a459e_m.jpg", "link": "https://www.flickr.com/photos/115096994@N02/24440439214", "url_b": "https://farm2.staticflickr.com/1613/24440439214_d1fd2a459e_b.jpg", "title": "DrawerA20_UnidentifiedCard0309_DrawerA20_UnidentifiedCard0310_fb"}, "n_answers": 3, "quorum": 0, "calibration": 0, "created": "2016-02-17T14:39:19.948617", "state": "completed", "project_id": 294, "id": 59181, "priority_0": 0.0}, {"info": {"url": "https://farm2.staticflickr.com/1681/24703449569_207ed14eeb.jpg", "url_m": "https://farm2.staticflickr.com/1681/24703449569_207ed14eeb_m.jpg", "link": "https://www.flickr.com/photos/115096994@N02/24703449569", "url_b": "https://farm2.staticflickr.com/1681/24703449569_207ed14eeb_b.jpg", "title": "DrawerA20_UnidentifiedCard0311_DrawerA20_UnidentifiedCard0312_fb"}, "n_answers": 3, "quorum": 0, "calibration": 0, "created": "2016-02-17T14:39:19.982397", "state": "completed", "project_id": 294, "id": 59182, "priority_0": 0.0}, {"info": {"url": "https://farm2.staticflickr.com/1714/24977778491_1256b553e3.jpg", "url_m": "https://farm2.staticflickr.com/1714/24977778491_1256b553e3_m.jpg", "link": "https://www.flickr.com/photos/115096994@N02/24977778491", "url_b": "https://farm2.staticflickr.com/1714/24977778491_1256b553e3_b.jpg", "title": "DrawerA20_UnidentifiedCard0313_DrawerA20_UnidentifiedCard0314_fb"}, "n_answers": 3, "quorum": 0, "calibration": 0, "created": "2016-02-17T14:39:20.015417", "state": "completed", "project_id": 294, "id": 59183, "priority_0": 0.0}, {"info": {"url": "https://farm2.staticflickr.com/1511/25071093795_711186b661.jpg", "url_m": "https://farm2.staticflickr.com/1511/25071093795_711186b661_m.jpg", "link": "https://www.flickr.com/photos/115096994@N02/25071093795", "url_b": "https://farm2.staticflickr.com/1511/25071093795_711186b661_b.jpg", "title": "DrawerA20_UnidentifiedCard0315_DrawerA20_UnidentifiedCard0316_fb"}, "n_answers": 3, "quorum": 0, "calibration": 0, "created": "2016-02-17T14:39:20.171376", "state": "completed", "project_id": 294, "id": 59184, "priority_0": 0.0}, {"info": {"url": "https://farm2.staticflickr.com/1584/25071093685_d648830864.jpg", "url_m": "https://farm2.staticflickr.com/1584/25071093685_d648830864_m.jpg", "link": "https://www.flickr.com/photos/115096994@N02/25071093685", "url_b": "https://farm2.staticflickr.com/1584/25071093685_d648830864_b.jpg", "title": "DrawerA20_UnidentifiedCard0317_DrawerA20_UnidentifiedCard0318_fb"}, "n_answers": 3, "quorum": 0, "calibration": 0, "created": "2016-02-17T14:39:20.309061", "state": "completed", "project_id": 294, "id": 59185, "priority_0": 0.0}, {"info": {"url": "https://farm2.staticflickr.com/1604/24977778231_916355f4cb.jpg", "url_m": "https://farm2.staticflickr.com/1604/24977778231_916355f4cb_m.jpg", "link": "https://www.flickr.com/photos/115096994@N02/24977778231", "url_b": "https://farm2.staticflickr.com/1604/24977778231_916355f4cb_b.jpg", "title": "DrawerA20_UnidentifiedCard0319_DrawerA20_UnidentifiedCard0320_fb"}, "n_answers": 3, "quorum": 0, "calibration": 0, "created": "2016-02-17T14:39:20.357976", "state": "completed", "project_id": 294, "id": 59186, "priority_0": 0.0}, {"info": {"url": "https://farm2.staticflickr.com/1647/24977778061_2bce5d1828.jpg", "url_m": "https://farm2.staticflickr.com/1647/24977778061_2bce5d1828_m.jpg", "link": "https://www.flickr.com/photos/115096994@N02/24977778061", "url_b": "https://farm2.staticflickr.com/1647/24977778061_2bce5d1828_b.jpg", "title": "DrawerA20_UnidentifiedCard0321_DrawerA20_UnidentifiedCard0322_fb"}, "n_answers": 3, "quorum": 0, "calibration": 0, "created": "2016-02-17T14:39:20.395179", "state": "completed", "project_id": 294, "id": 59187, "priority_0": 0.0}, {"info": {"url": "https://farm2.staticflickr.com/1507/25071093265_cdfc78db2b.jpg", "url_m": "https://farm2.staticflickr.com/1507/25071093265_cdfc78db2b_m.jpg", "link": "https://www.flickr.com/photos/115096994@N02/25071093265", "url_b": "https://farm2.staticflickr.com/1507/25071093265_cdfc78db2b_b.jpg", "title": "DrawerA20_UnidentifiedCard0323_DrawerA20_UnidentifiedCard0324_fb"}, "n_answers": 3, "quorum": 0, "calibration": 0, "created": "2016-02-17T14:39:20.430135", "state": "completed", "project_id": 294, "id": 59188, "priority_0": 0.0}, {"info": {"url": "https://farm2.staticflickr.com/1666/24444221263_c31fbef447.jpg", "url_m": "https://farm2.staticflickr.com/1666/24444221263_c31fbef447_m.jpg", "link": "https://www.flickr.com/photos/115096994@N02/24444221263", "url_b": "https://farm2.staticflickr.com/1666/24444221263_c31fbef447_b.jpg", "title": "DrawerA20_UnidentifiedCard0325_DrawerA20_UnidentifiedCard0326_fb"}, "n_answers": 3, "quorum": 0, "calibration": 0, "created": "2016-02-17T14:39:20.466570", "state": "completed", "project_id": 294, "id": 59189, "priority_0": 0.0}, {"info": {"url": "https://farm2.staticflickr.com/1528/24703448519_305c4c479e.jpg", "url_m": "https://farm2.staticflickr.com/1528/24703448519_305c4c479e_m.jpg", "link": "https://www.flickr.com/photos/115096994@N02/24703448519", "url_b": "https://farm2.staticflickr.com/1528/24703448519_305c4c479e_b.jpg", "title": "DrawerA20_UnidentifiedCard0327_DrawerA20_UnidentifiedCard0328_fb"}, "n_answers": 3, "quorum": 0, "calibration": 0, "created": "2016-02-17T14:39:20.499394", "state": "completed", "project_id": 294, "id": 59190, "priority_0": 0.0}, {"info": {"url": "https://farm2.staticflickr.com/1583/24440437934_3817db7107.jpg", "url_m": "https://farm2.staticflickr.com/1583/24440437934_3817db7107_m.jpg", "link": "https://www.flickr.com/photos/115096994@N02/24440437934", "url_b": "https://farm2.staticflickr.com/1583/24440437934_3817db7107_b.jpg", "title": "DrawerA20_UnidentifiedCard0329_DrawerA20_UnidentifiedCard0330_fb"}, "n_answers": 3, "quorum": 0, "calibration": 0, "created": "2016-02-17T14:39:20.532093", "state": "completed", "project_id": 294, "id": 59191, "priority_0": 0.0}, {"info": {"url": "https://farm2.staticflickr.com/1681/24703448379_0934d23177.jpg", "url_m": "https://farm2.staticflickr.com/1681/24703448379_0934d23177_m.jpg", "link": "https://www.flickr.com/photos/115096994@N02/24703448379", "url_b": "https://farm2.staticflickr.com/1681/24703448379_0934d23177_b.jpg", "title": "DrawerA20_UnidentifiedCard0331_DrawerA20_UnidentifiedCard0332_fb"}, "n_answers": 3, "quorum": 0, "calibration": 0, "created": "2016-02-17T14:39:20.564833", "state": "completed", "project_id": 294, "id": 59192, "priority_0": 0.0}, {"info": {"url": "https://farm2.staticflickr.com/1610/24775483470_7bd376f736.jpg", "url_m": "https://farm2.staticflickr.com/1610/24775483470_7bd376f736_m.jpg", "link": "https://www.flickr.com/photos/115096994@N02/24775483470", "url_b": "https://farm2.staticflickr.com/1610/24775483470_7bd376f736_b.jpg", "title": "DrawerA20_UnidentifiedCard0333_DrawerA20_UnidentifiedCard0334_fb"}, "n_answers": 3, "quorum": 0, "calibration": 0, "created": "2016-02-17T14:39:20.613002", "state": "completed", "project_id": 294, "id": 59193, "priority_0": 0.0}, {"info": {"url": "https://farm2.staticflickr.com/1554/24952963202_fec437ac0e.jpg", "url_m": "https://farm2.staticflickr.com/1554/24952963202_fec437ac0e_m.jpg", "link": "https://www.flickr.com/photos/115096994@N02/24952963202", "url_b": "https://farm2.staticflickr.com/1554/24952963202_fec437ac0e_b.jpg", "title": "DrawerA20_UnidentifiedCard0335_DrawerA20_UnidentifiedCard0336_fb"}, "n_answers": 3, "quorum": 0, "calibration": 0, "created": "2016-02-17T14:39:20.656835", "state": "completed", "project_id": 294, "id": 59194, "priority_0": 0.0}, {"info": {"url": "https://farm2.staticflickr.com/1480/24977777081_da32f34a7d.jpg", "url_m": "https://farm2.staticflickr.com/1480/24977777081_da32f34a7d_m.jpg", "link": "https://www.flickr.com/photos/115096994@N02/24977777081", "url_b": "https://farm2.staticflickr.com/1480/24977777081_da32f34a7d_b.jpg", "title": "DrawerA20_UnidentifiedCard0337_DrawerA20_UnidentifiedCard0338_fb"}, "n_answers": 3, "quorum": 0, "calibration": 0, "created": "2016-02-17T14:39:20.690545", "state": "completed", "project_id": 294, "id": 59195, "priority_0": 0.0}, {"info": {"url": "https://farm2.staticflickr.com/1701/24444220623_aeff1aacd0.jpg", "url_m": "https://farm2.staticflickr.com/1701/24444220623_aeff1aacd0_m.jpg", "link": "https://www.flickr.com/photos/115096994@N02/24444220623", "url_b": "https://farm2.staticflickr.com/1701/24444220623_aeff1aacd0_b.jpg", "title": "DrawerA20_UnidentifiedCard0339_DrawerA20_UnidentifiedCard0340_fb"}, "n_answers": 3, "quorum": 0, "calibration": 0, "created": "2016-02-17T14:39:20.723936", "state": "completed", "project_id": 294, "id": 59196, "priority_0": 0.0}, {"info": {"url": "https://farm2.staticflickr.com/1569/25071092205_43e32af997.jpg", "url_m": "https://farm2.staticflickr.com/1569/25071092205_43e32af997_m.jpg", "link": "https://www.flickr.com/photos/115096994@N02/25071092205", "url_b": "https://farm2.staticflickr.com/1569/25071092205_43e32af997_b.jpg", "title": "DrawerA20_UnidentifiedCard0341_DrawerA20_UnidentifiedCard0342_fb"}, "n_answers": 3, "quorum": 0, "calibration": 0, "created": "2016-02-17T14:39:20.756915", "state": "completed", "project_id": 294, "id": 59197, "priority_0": 0.0}, {"info": {"url": "https://farm2.staticflickr.com/1472/24952962692_051fe81942.jpg", "url_m": "https://farm2.staticflickr.com/1472/24952962692_051fe81942_m.jpg", "link": "https://www.flickr.com/photos/115096994@N02/24952962692", "url_b": "https://farm2.staticflickr.com/1472/24952962692_051fe81942_b.jpg", "title": "DrawerA20_UnidentifiedCard0343_DrawerA20_UnidentifiedCard0344_fb"}, "n_answers": 3, "quorum": 0, "calibration": 0, "created": "2016-02-17T14:39:20.790602", "state": "completed", "project_id": 294, "id": 59198, "priority_0": 0.0}, {"info": {"url": "https://farm2.staticflickr.com/1611/25071091905_d3aaa30c92.jpg", "url_m": "https://farm2.staticflickr.com/1611/25071091905_d3aaa30c92_m.jpg", "link": "https://www.flickr.com/photos/115096994@N02/25071091905", "url_b": "https://farm2.staticflickr.com/1611/25071091905_d3aaa30c92_b.jpg", "title": "DrawerA20_UnidentifiedCard345_DrawerA20_UnidentifiedCard346_fb"}, "n_answers": 3, "quorum": 0, "calibration": 0, "created": "2016-02-17T14:39:20.824275", "state": "completed", "project_id": 294, "id": 59199, "priority_0": 0.0}, {"info": {"url": "https://farm2.staticflickr.com/1618/24775482610_17d471da63.jpg", "url_m": "https://farm2.staticflickr.com/1618/24775482610_17d471da63_m.jpg", "link": "https://www.flickr.com/photos/115096994@N02/24775482610", "url_b": "https://farm2.staticflickr.com/1618/24775482610_17d471da63_b.jpg", "title": "DrawerA20_UnidentifiedCard347_DrawerA20_UnidentifiedCard348_fb"}, "n_answers": 3, "quorum": 0, "calibration": 0, "created": "2016-02-17T14:39:20.856971", "state": "completed", "project_id": 294, "id": 59200, "priority_0": 0.0}, {"info": {"url": "https://farm2.staticflickr.com/1676/24703447329_959f268335.jpg", "url_m": "https://farm2.staticflickr.com/1676/24703447329_959f268335_m.jpg", "link": "https://www.flickr.com/photos/115096994@N02/24703447329", "url_b": "https://farm2.staticflickr.com/1676/24703447329_959f268335_b.jpg", "title": "DrawerA20_UnidentifiedCard349_DrawerA20_UnidentifiedCard350_fb"}, "n_answers": 3, "quorum": 0, "calibration": 0, "created": "2016-02-17T14:39:20.890750", "state": "completed", "project_id": 294, "id": 59201, "priority_0": 0.0}, {"info": {"url": "https://farm2.staticflickr.com/1483/24952962032_082900d6f1.jpg", "url_m": "https://farm2.staticflickr.com/1483/24952962032_082900d6f1_m.jpg", "link": "https://www.flickr.com/photos/115096994@N02/24952962032", "url_b": "https://farm2.staticflickr.com/1483/24952962032_082900d6f1_b.jpg", "title": "DrawerA20_UnidentifiedCard351_DrawerA20_UnidentifiedCard352_fb"}, "n_answers": 3, "quorum": 0, "calibration": 0, "created": "2016-02-17T14:39:20.923993", "state": "completed", "project_id": 294, "id": 59202, "priority_0": 0.0}, {"info": {"url": "https://farm2.staticflickr.com/1627/24952961922_a917fe4c28.jpg", "url_m": "https://farm2.staticflickr.com/1627/24952961922_a917fe4c28_m.jpg", "link": "https://www.flickr.com/photos/115096994@N02/24952961922", "url_b": "https://farm2.staticflickr.com/1627/24952961922_a917fe4c28_b.jpg", "title": "DrawerA20_UnidentifiedCard353_DrawerA20_UnidentifiedCard354_fb"}, "n_answers": 3, "quorum": 0, "calibration": 0, "created": "2016-02-17T14:39:20.957417", "state": "completed", "project_id": 294, "id": 59203, "priority_0": 0.0}, {"info": {"url": "https://farm2.staticflickr.com/1710/24440436564_d536c7e4a7.jpg", "url_m": "https://farm2.staticflickr.com/1710/24440436564_d536c7e4a7_m.jpg", "link": "https://www.flickr.com/photos/115096994@N02/24440436564", "url_b": "https://farm2.staticflickr.com/1710/24440436564_d536c7e4a7_b.jpg", "title": "DrawerA20_UnidentifiedCard355_DrawerA20_UnidentifiedCard356_fb"}, "n_answers": 3, "quorum": 0, "calibration": 0, "created": "2016-02-17T14:39:20.991283", "state": "completed", "project_id": 294, "id": 59204, "priority_0": 0.0}, {"info": {"url": "https://farm2.staticflickr.com/1510/25071091145_34d89930bd.jpg", "url_m": "https://farm2.staticflickr.com/1510/25071091145_34d89930bd_m.jpg", "link": "https://www.flickr.com/photos/115096994@N02/25071091145", "url_b": "https://farm2.staticflickr.com/1510/25071091145_34d89930bd_b.jpg", "title": "DrawerA20_UnidentifiedCard357_DrawerA20_UnidentifiedCard358_fb"}, "n_answers": 3, "quorum": 0, "calibration": 0, "created": "2016-02-17T14:39:21.024780", "state": "completed", "project_id": 294, "id": 59205, "priority_0": 0.0}, {"info": {"url": "https://farm2.staticflickr.com/1561/24952961632_83bcb7ac5f.jpg", "url_m": "https://farm2.staticflickr.com/1561/24952961632_83bcb7ac5f_m.jpg", "link": "https://www.flickr.com/photos/115096994@N02/24952961632", "url_b": "https://farm2.staticflickr.com/1561/24952961632_83bcb7ac5f_b.jpg", "title": "DrawerA20_UnidentifiedCard359_DrawerA20_UnidentifiedCard360_fb"}, "n_answers": 3, "quorum": 0, "calibration": 0, "created": "2016-02-17T14:39:21.058227", "state": "completed", "project_id": 294, "id": 59206, "priority_0": 0.0}, {"info": {"url": "https://farm2.staticflickr.com/1596/24440436254_0ae22c1ec5.jpg", "url_m": "https://farm2.staticflickr.com/1596/24440436254_0ae22c1ec5_m.jpg", "link": "https://www.flickr.com/photos/115096994@N02/24440436254", "url_b": "https://farm2.staticflickr.com/1596/24440436254_0ae22c1ec5_b.jpg", "title": "DrawerA20_UnidentifiedCard361_DrawerA20_UnidentifiedCard362_fb"}, "n_answers": 3, "quorum": 0, "calibration": 0, "created": "2016-02-17T14:39:21.091161", "state": "completed", "project_id": 294, "id": 59207, "priority_0": 0.0}, {"info": {"url": "https://farm2.staticflickr.com/1614/25071090955_f8004045e8.jpg", "url_m": "https://farm2.staticflickr.com/1614/25071090955_f8004045e8_m.jpg", "link": "https://www.flickr.com/photos/115096994@N02/25071090955", "url_b": "https://farm2.staticflickr.com/1614/25071090955_f8004045e8_b.jpg", "title": "DrawerA20_UnidentifiedCard363_DrawerA20_UnidentifiedCard364_fb"}, "n_answers": 3, "quorum": 0, "calibration": 0, "created": "2016-02-17T14:39:21.124702", "state": "completed", "project_id": 294, "id": 59208, "priority_0": 0.0}, {"info": {"url": "https://farm2.staticflickr.com/1715/24977775641_d5a8673ea6.jpg", "url_m": "https://farm2.staticflickr.com/1715/24977775641_d5a8673ea6_m.jpg", "link": "https://www.flickr.com/photos/115096994@N02/24977775641", "url_b": "https://farm2.staticflickr.com/1715/24977775641_d5a8673ea6_b.jpg", "title": "DrawerA20_UnidentifiedCard365_DrawerA20_UnidentifiedCard366_fb"}, "n_answers": 3, "quorum": 0, "calibration": 0, "created": "2016-02-17T14:39:21.157704", "state": "completed", "project_id": 294, "id": 59209, "priority_0": 0.0}, {"info": {"url": "https://farm2.staticflickr.com/1700/25071090765_84fa9bf3c9.jpg", "url_m": "https://farm2.staticflickr.com/1700/25071090765_84fa9bf3c9_m.jpg", "link": "https://www.flickr.com/photos/115096994@N02/25071090765", "url_b": "https://farm2.staticflickr.com/1700/25071090765_84fa9bf3c9_b.jpg", "title": "DrawerA20_UnidentifiedCard367_DrawerA20_UnidentifiedCard368_fb"}, "n_answers": 3, "quorum": 0, "calibration": 0, "created": "2016-02-17T14:39:21.191768", "state": "completed", "project_id": 294, "id": 59210, "priority_0": 0.0}, {"info": {"url": "https://farm2.staticflickr.com/1657/24952961272_ac30e49a96.jpg", "url_m": "https://farm2.staticflickr.com/1657/24952961272_ac30e49a96_m.jpg", "link": "https://www.flickr.com/photos/115096994@N02/24952961272", "url_b": "https://farm2.staticflickr.com/1657/24952961272_ac30e49a96_b.jpg", "title": "DrawerA20_UnidentifiedCard369_DrawerA20_UnidentifiedCard370_fb"}, "n_answers": 3, "quorum": 0, "calibration": 0, "created": "2016-02-17T14:39:21.224664", "state": "completed", "project_id": 294, "id": 59211, "priority_0": 0.0}, {"info": {"url": "https://farm2.staticflickr.com/1560/24440435744_50fd9e87ef.jpg", "url_m": "https://farm2.staticflickr.com/1560/24440435744_50fd9e87ef_m.jpg", "link": "https://www.flickr.com/photos/115096994@N02/24440435744", "url_b": "https://farm2.staticflickr.com/1560/24440435744_50fd9e87ef_b.jpg", "title": "DrawerA20_UnidentifiedCard371_DrawerA20_UnidentifiedCard372_fb"}, "n_answers": 3, "quorum": 0, "calibration": 0, "created": "2016-02-17T14:39:21.258332", "state": "completed", "project_id": 294, "id": 59212, "priority_0": 0.0}, {"info": {"url": "https://farm2.staticflickr.com/1529/24952960902_cd7325015e.jpg", "url_m": "https://farm2.staticflickr.com/1529/24952960902_cd7325015e_m.jpg", "link": "https://www.flickr.com/photos/115096994@N02/24952960902", "url_b": "https://farm2.staticflickr.com/1529/24952960902_cd7325015e_b.jpg", "title": "DrawerA20_UnidentifiedCard373_DrawerA20_UnidentifiedCard374_fb"}, "n_answers": 3, "quorum": 0, "calibration": 0, "created": "2016-02-17T14:39:21.291395", "state": "completed", "project_id": 294, "id": 59213, "priority_0": 0.0}, {"info": {"url": "https://farm2.staticflickr.com/1450/24775481360_07dd556622.jpg", "url_m": "https://farm2.staticflickr.com/1450/24775481360_07dd556622_m.jpg", "link": "https://www.flickr.com/photos/115096994@N02/24775481360", "url_b": "https://farm2.staticflickr.com/1450/24775481360_07dd556622_b.jpg", "title": "DrawerA20_UnidentifiedCard375_DrawerA20_UnidentifiedCard376_fb"}, "n_answers": 3, "quorum": 0, "calibration": 0, "created": "2016-02-17T14:39:21.324311", "state": "completed", "project_id": 294, "id": 59214, "priority_0": 0.0}, {"info": {"url": "https://farm2.staticflickr.com/1499/24977774941_7540bfaf80.jpg", "url_m": "https://farm2.staticflickr.com/1499/24977774941_7540bfaf80_m.jpg", "link": "https://www.flickr.com/photos/115096994@N02/24977774941", "url_b": "https://farm2.staticflickr.com/1499/24977774941_7540bfaf80_b.jpg", "title": "DrawerA20_UnidentifiedCard377_DrawerA20_UnidentifiedCard378_fb"}, "n_answers": 3, "quorum": 0, "calibration": 0, "created": "2016-02-17T14:39:21.358169", "state": "completed", "project_id": 294, "id": 59215, "priority_0": 0.0}, {"info": {"url": "https://farm2.staticflickr.com/1585/24952960392_bcde9ea456.jpg", "url_m": "https://farm2.staticflickr.com/1585/24952960392_bcde9ea456_m.jpg", "link": "https://www.flickr.com/photos/115096994@N02/24952960392", "url_b": "https://farm2.staticflickr.com/1585/24952960392_bcde9ea456_b.jpg", "title": "DrawerA20_UnidentifiedCard379_DrawerA20_UnidentifiedCard380_fb"}, "n_answers": 3, "quorum": 0, "calibration": 0, "created": "2016-02-17T14:39:21.390777", "state": "completed", "project_id": 294, "id": 59216, "priority_0": 0.0}, {"info": {"url": "https://farm2.staticflickr.com/1621/24977774621_f5491ddc3f.jpg", "url_m": "https://farm2.staticflickr.com/1621/24977774621_f5491ddc3f_m.jpg", "link": "https://www.flickr.com/photos/115096994@N02/24977774621", "url_b": "https://farm2.staticflickr.com/1621/24977774621_f5491ddc3f_b.jpg", "title": "DrawerA20_UnidentifiedCard381_DrawerA20_UnidentifiedCard382_fb"}, "n_answers": 3, "quorum": 0, "calibration": 0, "created": "2016-02-17T14:39:21.423466", "state": "completed", "project_id": 294, "id": 59217, "priority_0": 0.0}, {"info": {"url": "https://farm2.staticflickr.com/1520/25071089695_441084e4a4.jpg", "url_m": "https://farm2.staticflickr.com/1520/25071089695_441084e4a4_m.jpg", "link": "https://www.flickr.com/photos/115096994@N02/25071089695", "url_b": "https://farm2.staticflickr.com/1520/25071089695_441084e4a4_b.jpg", "title": "DrawerA20_UnidentifiedCard383_DrawerA20_UnidentifiedCard384_fb"}, "n_answers": 3, "quorum": 0, "calibration": 0, "created": "2016-02-17T14:39:21.455022", "state": "completed", "project_id": 294, "id": 59218, "priority_0": 0.0}, {"info": {"url": "https://farm2.staticflickr.com/1712/25071089595_5dd2bde656.jpg", "url_m": "https://farm2.staticflickr.com/1712/25071089595_5dd2bde656_m.jpg", "link": "https://www.flickr.com/photos/115096994@N02/25071089595", "url_b": "https://farm2.staticflickr.com/1712/25071089595_5dd2bde656_b.jpg", "title": "DrawerA20_UnidentifiedCard385_DrawerA20_UnidentifiedCard386_fb"}, "n_answers": 3, "quorum": 0, "calibration": 0, "created": "2016-02-17T14:39:21.488939", "state": "completed", "project_id": 294, "id": 59219, "priority_0": 0.0}, {"info": {"url": "https://farm2.staticflickr.com/1698/24775480360_75b15c3a25.jpg", "url_m": "https://farm2.staticflickr.com/1698/24775480360_75b15c3a25_m.jpg", "link": "https://www.flickr.com/photos/115096994@N02/24775480360", "url_b": "https://farm2.staticflickr.com/1698/24775480360_75b15c3a25_b.jpg", "title": "DrawerA20_UnidentifiedCard387_DrawerA20_UnidentifiedCard388_fb"}, "n_answers": 3, "quorum": 0, "calibration": 0, "created": "2016-02-17T14:39:21.522694", "state": "completed", "project_id": 294, "id": 59220, "priority_0": 0.0}, {"info": {"url": "https://farm2.staticflickr.com/1458/24444217543_023035fb78.jpg", "url_m": "https://farm2.staticflickr.com/1458/24444217543_023035fb78_m.jpg", "link": "https://www.flickr.com/photos/115096994@N02/24444217543", "url_b": "https://farm2.staticflickr.com/1458/24444217543_023035fb78_b.jpg", "title": "DrawerA20_UnidentifiedCard389_DrawerA20_UnidentifiedCard390_fb"}, "n_answers": 3, "quorum": 0, "calibration": 0, "created": "2016-02-17T14:39:21.555235", "state": "completed", "project_id": 294, "id": 59221, "priority_0": 0.0}, {"info": {"url": "https://farm2.staticflickr.com/1621/24952959172_933c666a4c.jpg", "url_m": "https://farm2.staticflickr.com/1621/24952959172_933c666a4c_m.jpg", "link": "https://www.flickr.com/photos/115096994@N02/24952959172", "url_b": "https://farm2.staticflickr.com/1621/24952959172_933c666a4c_b.jpg", "title": "DrawerA20_UnidentifiedCard391_DrawerA20_UnidentifiedCard392_fb"}, "n_answers": 3, "quorum": 0, "calibration": 0, "created": "2016-02-17T14:39:21.588901", "state": "completed", "project_id": 294, "id": 59222, "priority_0": 0.0}, {"info": {"url": "https://farm2.staticflickr.com/1569/24703444309_88aa15ffe8.jpg", "url_m": "https://farm2.staticflickr.com/1569/24703444309_88aa15ffe8_m.jpg", "link": "https://www.flickr.com/photos/115096994@N02/24703444309", "url_b": "https://farm2.staticflickr.com/1569/24703444309_88aa15ffe8_b.jpg", "title": "DrawerA20_UnidentifiedCard393_DrawerA20_UnidentifiedCard394_fb"}, "n_answers": 3, "quorum": 0, "calibration": 0, "created": "2016-02-17T14:39:21.622067", "state": "completed", "project_id": 294, "id": 59223, "priority_0": 0.0}, {"info": {"url": "https://farm2.staticflickr.com/1465/24952958962_266096c63f.jpg", "url_m": "https://farm2.staticflickr.com/1465/24952958962_266096c63f_m.jpg", "link": "https://www.flickr.com/photos/115096994@N02/24952958962", "url_b": "https://farm2.staticflickr.com/1465/24952958962_266096c63f_b.jpg", "title": "DrawerA20_UnidentifiedCard395_DrawerA20_UnidentifiedCard396_fb"}, "n_answers": 3, "quorum": 0, "calibration": 0, "created": "2016-02-17T14:39:21.655325", "state": "completed", "project_id": 294, "id": 59224, "priority_0": 0.0}, {"info": {"url": "https://farm2.staticflickr.com/1621/24952958852_a57df64da5.jpg", "url_m": "https://farm2.staticflickr.com/1621/24952958852_a57df64da5_m.jpg", "link": "https://www.flickr.com/photos/115096994@N02/24952958852", "url_b": "https://farm2.staticflickr.com/1621/24952958852_a57df64da5_b.jpg", "title": "DrawerA20_UnidentifiedCard397_DrawerA20_UnidentifiedCard398_fb"}, "n_answers": 3, "quorum": 0, "calibration": 0, "created": "2016-02-17T14:39:21.688672", "state": "completed", "project_id": 294, "id": 59225, "priority_0": 0.0}, {"info": {"url": "https://farm2.staticflickr.com/1455/24977773201_a2f93088f3.jpg", "url_m": "https://farm2.staticflickr.com/1455/24977773201_a2f93088f3_m.jpg", "link": "https://www.flickr.com/photos/115096994@N02/24977773201", "url_b": "https://farm2.staticflickr.com/1455/24977773201_a2f93088f3_b.jpg", "title": "DrawerA20_UnidentifiedCard399_DrawerA20_UnidentifiedCard400_fb"}, "n_answers": 3, "quorum": 0, "calibration": 0, "created": "2016-02-17T14:39:21.723436", "state": "completed", "project_id": 294, "id": 59226, "priority_0": 0.0}, {"info": {"url": "https://farm2.staticflickr.com/1505/24977773071_0c27d0ea05.jpg", "url_m": "https://farm2.staticflickr.com/1505/24977773071_0c27d0ea05_m.jpg", "link": "https://www.flickr.com/photos/115096994@N02/24977773071", "url_b": "https://farm2.staticflickr.com/1505/24977773071_0c27d0ea05_b.jpg", "title": "DrawerA20_UnidentifiedCard401_DrawerA20_UnidentifiedCard402_fb"}, "n_answers": 3, "quorum": 0, "calibration": 0, "created": "2016-02-17T14:39:21.755500", "state": "completed", "project_id": 294, "id": 59227, "priority_0": 0.0}, {"info": {"url": "https://farm2.staticflickr.com/1643/24440433544_d7254c4611.jpg", "url_m": "https://farm2.staticflickr.com/1643/24440433544_d7254c4611_m.jpg", "link": "https://www.flickr.com/photos/115096994@N02/24440433544", "url_b": "https://farm2.staticflickr.com/1643/24440433544_d7254c4611_b.jpg", "title": "DrawerA20_UnidentifiedCard403_DrawerA20_UnidentifiedCard404_fb"}, "n_answers": 3, "quorum": 0, "calibration": 0, "created": "2016-02-17T14:39:21.789160", "state": "completed", "project_id": 294, "id": 59228, "priority_0": 0.0}, {"info": {"url": "https://farm2.staticflickr.com/1679/25044744696_7de4dfbc80.jpg", "url_m": "https://farm2.staticflickr.com/1679/25044744696_7de4dfbc80_m.jpg", "link": "https://www.flickr.com/photos/115096994@N02/25044744696", "url_b": "https://farm2.staticflickr.com/1679/25044744696_7de4dfbc80_b.jpg", "title": "DrawerA20_UnidentifiedCard405_DrawerA20_UnidentifiedCard406_fb"}, "n_answers": 3, "quorum": 0, "calibration": 0, "created": "2016-02-17T14:39:21.822317", "state": "completed", "project_id": 294, "id": 59229, "priority_0": 0.0}, {"info": {"url": "https://farm2.staticflickr.com/1453/24444216513_f9b3cc490d.jpg", "url_m": "https://farm2.staticflickr.com/1453/24444216513_f9b3cc490d_m.jpg", "link": "https://www.flickr.com/photos/115096994@N02/24444216513", "url_b": "https://farm2.staticflickr.com/1453/24444216513_f9b3cc490d_b.jpg", "title": "DrawerA20_UnidentifiedCard407_DrawerA20_UnidentifiedCard408_fb"}, "n_answers": 3, "quorum": 0, "calibration": 0, "created": "2016-02-17T14:39:21.855494", "state": "completed", "project_id": 294, "id": 59230, "priority_0": 0.0}, {"info": {"url": "https://farm2.staticflickr.com/1442/25044744226_b4f799e872.jpg", "url_m": "https://farm2.staticflickr.com/1442/25044744226_b4f799e872_m.jpg", "link": "https://www.flickr.com/photos/115096994@N02/25044744226", "url_b": "https://farm2.staticflickr.com/1442/25044744226_b4f799e872_b.jpg", "title": "DrawerA20_UnidentifiedCard409_DrawerA20_UnidentifiedCard410_fb"}, "n_answers": 3, "quorum": 0, "calibration": 0, "created": "2016-02-17T14:39:21.888920", "state": "completed", "project_id": 294, "id": 59231, "priority_0": 0.0}, {"info": {"url": "https://farm2.staticflickr.com/1574/24775478650_e54cf8a263.jpg", "url_m": "https://farm2.staticflickr.com/1574/24775478650_e54cf8a263_m.jpg", "link": "https://www.flickr.com/photos/115096994@N02/24775478650", "url_b": "https://farm2.staticflickr.com/1574/24775478650_e54cf8a263_b.jpg", "title": "DrawerA20_UnidentifiedCard411_DrawerA20_UnidentifiedCard412_fb"}, "n_answers": 3, "quorum": 0, "calibration": 0, "created": "2016-02-17T14:39:21.922155", "state": "completed", "project_id": 294, "id": 59232, "priority_0": 0.0}, {"info": {"url": "https://farm2.staticflickr.com/1509/24444215943_962c792642.jpg", "url_m": "https://farm2.staticflickr.com/1509/24444215943_962c792642_m.jpg", "link": "https://www.flickr.com/photos/115096994@N02/24444215943", "url_b": "https://farm2.staticflickr.com/1509/24444215943_962c792642_b.jpg", "title": "DrawerA20_UnidentifiedCard413_DrawerA20_UnidentifiedCard414_fb"}, "n_answers": 3, "quorum": 0, "calibration": 0, "created": "2016-02-17T14:39:21.955454", "state": "completed", "project_id": 294, "id": 59233, "priority_0": 0.0}, {"info": {"url": "https://farm2.staticflickr.com/1667/24703442729_34b0d45f96.jpg", "url_m": "https://farm2.staticflickr.com/1667/24703442729_34b0d45f96_m.jpg", "link": "https://www.flickr.com/photos/115096994@N02/24703442729", "url_b": "https://farm2.staticflickr.com/1667/24703442729_34b0d45f96_b.jpg", "title": "DrawerA20_UnidentifiedCard415_DrawerA20_UnidentifiedCard416_fb"}, "n_answers": 3, "quorum": 0, "calibration": 0, "created": "2016-02-17T14:39:21.988785", "state": "completed", "project_id": 294, "id": 59234, "priority_0": 0.0}, {"info": {"url": "https://farm2.staticflickr.com/1617/24444215653_c4341793ce.jpg", "url_m": "https://farm2.staticflickr.com/1617/24444215653_c4341793ce_m.jpg", "link": "https://www.flickr.com/photos/115096994@N02/24444215653", "url_b": "https://farm2.staticflickr.com/1617/24444215653_c4341793ce_b.jpg", "title": "DrawerA20_UnidentifiedCard417_DrawerA20_UnidentifiedCard418_fb"}, "n_answers": 3, "quorum": 0, "calibration": 0, "created": "2016-02-17T14:39:22.023112", "state": "completed", "project_id": 294, "id": 59235, "priority_0": 0.0}, {"info": {"url": "https://farm2.staticflickr.com/1456/24775478070_d709882108.jpg", "url_m": "https://farm2.staticflickr.com/1456/24775478070_d709882108_m.jpg", "link": "https://www.flickr.com/photos/115096994@N02/24775478070", "url_b": "https://farm2.staticflickr.com/1456/24775478070_d709882108_b.jpg", "title": "DrawerA20_UnidentifiedCard419_DrawerA20_UnidentifiedCard420_fb"}, "n_answers": 3, "quorum": 0, "calibration": 0, "created": "2016-02-17T14:39:22.055782", "state": "completed", "project_id": 294, "id": 59236, "priority_0": 0.0}, {"info": {"url": "https://farm2.staticflickr.com/1487/24703442169_2659e28cca.jpg", "url_m": "https://farm2.staticflickr.com/1487/24703442169_2659e28cca_m.jpg", "link": "https://www.flickr.com/photos/115096994@N02/24703442169", "url_b": "https://farm2.staticflickr.com/1487/24703442169_2659e28cca_b.jpg", "title": "DrawerA20_UnidentifiedCard421_DrawerA20_UnidentifiedCard422_fb"}, "n_answers": 3, "quorum": 0, "calibration": 0, "created": "2016-02-17T14:39:22.089387", "state": "completed", "project_id": 294, "id": 59237, "priority_0": 0.0}]