[{"info": {"url_m": "https://farm4.staticflickr.com/3863/14739481249_2ff9bb1238_m.jpg", "link": "https://www.flickr.com/photos/MicroPasts/14739481249", "url_b": "https://farm4.staticflickr.com/3863/14739481249_2ff9bb1238_b.jpg"}, "n_answers": 2, "quorum": 0, "calibration": 0, "created": "2014-08-21T09:34:51.905628", "app_id": 42, "state": "completed", "id": 11011, "priority_0": 0.0}, {"info": {"url_m": "https://farm4.staticflickr.com/3860/14903141726_4306e56568_m.jpg", "link": "https://www.flickr.com/photos/MicroPasts/14903141726", "url_b": "https://farm4.staticflickr.com/3860/14903141726_4306e56568_b.jpg"}, "n_answers": 2, "quorum": 0, "calibration": 0, "created": "2014-08-21T09:34:54.964918", "app_id": 42, "state": "completed", "id": 11012, "priority_0": 0.0}, {"info": {"url_m": "https://farm6.staticflickr.com/5592/14739469549_c190dfb39d_m.jpg", "link": "https://www.flickr.com/photos/MicroPasts/14739469549", "url_b": "https://farm6.staticflickr.com/5592/14739469549_c190dfb39d_b.jpg"}, "n_answers": 2, "quorum": 0, "calibration": 0, "created": "2014-08-21T09:34:58.055987", "app_id": 42, "state": "completed", "id": 11013, "priority_0": 0.0}, {"info": {"url_m": "https://farm6.staticflickr.com/5587/14739469869_20e86028f6_m.jpg", "link": "https://www.flickr.com/photos/MicroPasts/14739469869", "url_b": "https://farm6.staticflickr.com/5587/14739469869_20e86028f6_b.jpg"}, "n_answers": 2, "quorum": 0, "calibration": 0, "created": "2014-08-21T09:35:01.116649", "app_id": 42, "state": "completed", "id": 11014, "priority_0": 0.0}, {"info": {"url_m": "https://farm4.staticflickr.com/3879/14739521798_5b07ced07a_m.jpg", "link": "https://www.flickr.com/photos/MicroPasts/14739521798", "url_b": "https://farm4.staticflickr.com/3879/14739521798_5b07ced07a_b.jpg"}, "n_answers": 2, "quorum": 0, "calibration": 0, "created": "2014-08-21T09:35:04.167153", "app_id": 42, "state": "completed", "id": 11015, "priority_0": 0.0}, {"info": {"url_m": "https://farm4.staticflickr.com/3871/14923055301_be9dec7ed7_m.jpg", "link": "https://www.flickr.com/photos/MicroPasts/14923055301", "url_b": "https://farm4.staticflickr.com/3871/14923055301_be9dec7ed7_b.jpg"}, "n_answers": 2, "quorum": 0, "calibration": 0, "created": "2014-08-21T09:35:07.217642", "app_id": 42, "state": "completed", "id": 11016, "priority_0": 0.0}, {"info": {"url_m": "https://farm4.staticflickr.com/3901/14739562277_3fdd4ac2d6_m.jpg", "link": "https://www.flickr.com/photos/MicroPasts/14739562277", "url_b": "https://farm4.staticflickr.com/3901/14739562277_3fdd4ac2d6_b.jpg"}, "n_answers": 2, "quorum": 0, "calibration": 0, "created": "2014-08-21T09:35:10.271397", "app_id": 42, "state": "completed", "id": 11017, "priority_0": 0.0}, {"info": {"url_m": "https://farm4.staticflickr.com/3911/14739471119_d5e3775ca4_m.jpg", "link": "https://www.flickr.com/photos/MicroPasts/14739471119", "url_b": "https://farm4.staticflickr.com/3911/14739471119_d5e3775ca4_b.jpg"}, "n_answers": 2, "quorum": 0, "calibration": 0, "created": "2014-08-21T09:35:13.333387", "app_id": 42, "state": "completed", "id": 11018, "priority_0": 0.0}, {"info": {"url_m": "https://farm4.staticflickr.com/3876/14739468980_3e27eb174a_m.jpg", "link": "https://www.flickr.com/photos/MicroPasts/14739468980", "url_b": "https://farm4.staticflickr.com/3876/14739468980_3e27eb174a_b.jpg"}, "n_answers": 2, "quorum": 0, "calibration": 0, "created": "2014-08-21T09:35:16.384289", "app_id": 42, "state": "completed", "id": 11019, "priority_0": 0.0}, {"info": {"url_m": "https://farm4.staticflickr.com/3922/14739563327_023ce3fbb3_m.jpg", "link": "https://www.flickr.com/photos/MicroPasts/14739563327", "url_b": "https://farm4.staticflickr.com/3922/14739563327_023ce3fbb3_b.jpg"}, "n_answers": 2, "quorum": 0, "calibration": 0, "created": "2014-08-21T09:35:19.435124", "app_id": 42, "state": "completed", "id": 11020, "priority_0": 0.0}, {"info": {"url_m": "https://farm6.staticflickr.com/5584/14739523168_becb675b78_m.jpg", "link": "https://www.flickr.com/photos/MicroPasts/14739523168", "url_b": "https://farm6.staticflickr.com/5584/14739523168_becb675b78_b.jpg"}, "n_answers": 2, "quorum": 0, "calibration": 0, "created": "2014-08-21T09:35:22.489168", "app_id": 42, "state": "completed", "id": 11021, "priority_0": 0.0}, {"info": {"url_m": "https://farm6.staticflickr.com/5586/14926139755_f60f571246_m.jpg", "link": "https://www.flickr.com/photos/MicroPasts/14926139755", "url_b": "https://farm6.staticflickr.com/5586/14926139755_f60f571246_b.jpg"}, "n_answers": 2, "quorum": 0, "calibration": 0, "created": "2014-08-21T09:35:25.961256", "app_id": 42, "state": "completed", "id": 11022, "priority_0": 0.0}, {"info": {"url_m": "https://farm6.staticflickr.com/5581/14903142326_8df4154a0b_m.jpg", "link": "https://www.flickr.com/photos/MicroPasts/14903142326", "url_b": "https://farm6.staticflickr.com/5581/14903142326_8df4154a0b_b.jpg"}, "n_answers": 2, "quorum": 0, "calibration": 0, "created": "2014-08-21T09:35:29.034368", "app_id": 42, "state": "completed", "id": 11023, "priority_0": 0.0}, {"info": {"url_m": "https://farm6.staticflickr.com/5553/14925780612_61b20a468b_m.jpg", "link": "https://www.flickr.com/photos/MicroPasts/14925780612", "url_b": "https://farm6.staticflickr.com/5553/14925780612_61b20a468b_b.jpg"}, "n_answers": 2, "quorum": 0, "calibration": 0, "created": "2014-08-21T09:35:32.137091", "app_id": 42, "state": "completed", "id": 11024, "priority_0": 0.0}, {"info": {"url_m": "https://farm6.staticflickr.com/5589/14739523798_fc6e73b8a2_m.jpg", "link": "https://www.flickr.com/photos/MicroPasts/14739523798", "url_b": "https://farm6.staticflickr.com/5589/14739523798_fc6e73b8a2_b.jpg"}, "n_answers": 2, "quorum": 0, "calibration": 0, "created": "2014-08-21T09:35:35.197111", "app_id": 42, "state": "completed", "id": 11025, "priority_0": 0.0}, {"info": {"url_m": "https://farm4.staticflickr.com/3845/14739469850_8908ba45d4_m.jpg", "link": "https://www.flickr.com/photos/MicroPasts/14739469850", "url_b": "https://farm4.staticflickr.com/3845/14739469850_8908ba45d4_b.jpg"}, "n_answers": 2, "quorum": 0, "calibration": 0, "created": "2014-08-21T09:35:38.253341", "app_id": 42, "state": "completed", "id": 11026, "priority_0": 0.0}, {"info": {"url_m": "https://farm6.staticflickr.com/5580/14903143146_9a286cefe4_m.jpg", "link": "https://www.flickr.com/photos/MicroPasts/14903143146", "url_b": "https://farm6.staticflickr.com/5580/14903143146_9a286cefe4_b.jpg"}, "n_answers": 2, "quorum": 0, "calibration": 0, "created": "2014-08-21T09:35:41.315606", "app_id": 42, "state": "completed", "id": 11027, "priority_0": 0.0}, {"info": {"url_m": "https://farm4.staticflickr.com/3924/14923057561_8d01561882_m.jpg", "link": "https://www.flickr.com/photos/MicroPasts/14923057561", "url_b": "https://farm4.staticflickr.com/3924/14923057561_8d01561882_b.jpg"}, "n_answers": 2, "quorum": 0, "calibration": 0, "created": "2014-08-21T09:35:44.365630", "app_id": 42, "state": "completed", "id": 11028, "priority_0": 0.0}, {"info": {"url_m": "https://farm6.staticflickr.com/5569/14923057911_a914f9724f_m.jpg", "link": "https://www.flickr.com/photos/MicroPasts/14923057911", "url_b": "https://farm6.staticflickr.com/5569/14923057911_a914f9724f_b.jpg"}, "n_answers": 2, "quorum": 0, "calibration": 0, "created": "2014-08-21T09:35:47.424764", "app_id": 42, "state": "completed", "id": 11029, "priority_0": 0.0}, {"info": {"url_m": "https://farm6.staticflickr.com/5573/14739524648_50d63479d3_m.jpg", "link": "https://www.flickr.com/photos/MicroPasts/14739524648", "url_b": "https://farm6.staticflickr.com/5573/14739524648_50d63479d3_b.jpg"}, "n_answers": 2, "quorum": 0, "calibration": 0, "created": "2014-08-21T09:35:50.498786", "app_id": 42, "state": "completed", "id": 11030, "priority_0": 0.0}, {"info": {"url_m": "https://farm4.staticflickr.com/3883/14903143836_7df6b1a470_m.jpg", "link": "https://www.flickr.com/photos/MicroPasts/14903143836", "url_b": "https://farm4.staticflickr.com/3883/14903143836_7df6b1a470_b.jpg"}, "n_answers": 2, "quorum": 0, "calibration": 0, "created": "2014-08-21T09:35:53.556690", "app_id": 42, "state": "completed", "id": 11031, "priority_0": 0.0}, {"info": {"url_m": "https://farm6.staticflickr.com/5566/14739524758_1f9d736e36_m.jpg", "link": "https://www.flickr.com/photos/MicroPasts/14739524758", "url_b": "https://farm6.staticflickr.com/5566/14739524758_1f9d736e36_b.jpg"}, "n_answers": 2, "quorum": 0, "calibration": 0, "created": "2014-08-21T09:35:56.615745", "app_id": 42, "state": "completed", "id": 11032, "priority_0": 0.0}, {"info": {"url_m": "https://farm6.staticflickr.com/5559/14739470750_6ed32c695f_m.jpg", "link": "https://www.flickr.com/photos/MicroPasts/14739470750", "url_b": "https://farm6.staticflickr.com/5559/14739470750_6ed32c695f_b.jpg"}, "n_answers": 2, "quorum": 0, "calibration": 0, "created": "2014-08-21T09:35:59.664978", "app_id": 42, "state": "completed", "id": 11033, "priority_0": 0.0}, {"info": {"url_m": "https://farm4.staticflickr.com/3897/14926141495_465ebba22c_m.jpg", "link": "https://www.flickr.com/photos/MicroPasts/14926141495", "url_b": "https://farm4.staticflickr.com/3897/14926141495_465ebba22c_b.jpg"}, "n_answers": 2, "quorum": 0, "calibration": 0, "created": "2014-08-21T09:36:02.717727", "app_id": 42, "state": "completed", "id": 11034, "priority_0": 0.0}, {"info": {"url_m": "https://farm6.staticflickr.com/5569/14739471030_ff505ccf2b_m.jpg", "link": "https://www.flickr.com/photos/MicroPasts/14739471030", "url_b": "https://farm6.staticflickr.com/5569/14739471030_ff505ccf2b_b.jpg"}, "n_answers": 2, "quorum": 0, "calibration": 0, "created": "2014-08-21T09:36:05.769253", "app_id": 42, "state": "completed", "id": 11035, "priority_0": 0.0}, {"info": {"url_m": "https://farm6.staticflickr.com/5561/14923053291_75755888d9_m.jpg", "link": "https://www.flickr.com/photos/MicroPasts/14923053291", "url_b": "https://farm6.staticflickr.com/5561/14923053291_75755888d9_b.jpg"}, "n_answers": 2, "quorum": 0, "calibration": 0, "created": "2014-08-21T09:36:08.829848", "app_id": 42, "state": "completed", "id": 11036, "priority_0": 0.0}, {"info": {"url_m": "https://farm4.staticflickr.com/3838/14739519088_4d43b9893a_m.jpg", "link": "https://www.flickr.com/photos/MicroPasts/14739519088", "url_b": "https://farm4.staticflickr.com/3838/14739519088_4d43b9893a_b.jpg"}, "n_answers": 2, "quorum": 0, "calibration": 0, "created": "2014-08-21T09:36:11.880994", "app_id": 42, "state": "completed", "id": 11037, "priority_0": 0.0}, {"info": {"url_m": "https://farm4.staticflickr.com/3918/14728948380_c2aab1b7f6_m.jpg", "link": "https://www.flickr.com/photos/MicroPasts/14728948380", "url_b": "https://farm4.staticflickr.com/3918/14728948380_c2aab1b7f6_b.jpg"}, "n_answers": 2, "quorum": 0, "calibration": 0, "created": "2014-08-21T09:36:15.013241", "app_id": 42, "state": "completed", "id": 11038, "priority_0": 0.0}, {"info": {"url_m": "https://farm4.staticflickr.com/3859/14729052657_775a07a3fe_m.jpg", "link": "https://www.flickr.com/photos/MicroPasts/14729052657", "url_b": "https://farm4.staticflickr.com/3859/14729052657_775a07a3fe_b.jpg"}, "n_answers": 2, "quorum": 0, "calibration": 0, "created": "2014-08-21T09:36:18.072358", "app_id": 42, "state": "completed", "id": 11039, "priority_0": 1.0}]