[{"info": {"url": "https://farm8.staticflickr.com/7594/16803338765_05933a64d7.jpg", "url_m": "https://farm8.staticflickr.com/7594/16803338765_05933a64d7_m.jpg", "link": "https://www.flickr.com/photos/115096994@N02/16803338765", "url_b": "https://farm8.staticflickr.com/7594/16803338765_05933a64d7_b.jpg", "title": "Offaly_Crotal0001_Offaly_Crotal0002_fb"}, "n_answers": 3, "quorum": 0, "calibration": 0, "created": "2015-03-13T15:20:36.947157", "app_id": 181, "state": "completed", "id": 34224, "priority_0": 0.0}, {"info": {"url": "https://farm8.staticflickr.com/7620/16802252982_60c626fa30.jpg", "url_m": "https://farm8.staticflickr.com/7620/16802252982_60c626fa30_m.jpg", "link": "https://www.flickr.com/photos/115096994@N02/16802252982", "url_b": "https://farm8.staticflickr.com/7620/16802252982_60c626fa30_b.jpg", "title": "Offaly_Crotal0003_Offaly_Crotal0004_fb"}, "n_answers": 3, "quorum": 0, "calibration": 0, "created": "2015-03-13T15:20:36.998588", "app_id": 181, "state": "completed", "id": 34225, "priority_0": 0.0}, {"info": {"url": "https://farm8.staticflickr.com/7589/16802234101_b479b1850b.jpg", "url_m": "https://farm8.staticflickr.com/7589/16802234101_b479b1850b_m.jpg", "link": "https://www.flickr.com/photos/115096994@N02/16802234101", "url_b": "https://farm8.staticflickr.com/7589/16802234101_b479b1850b_b.jpg", "title": "Offaly_Crotal0005_Offaly_Crotal0006_fb"}, "n_answers": 3, "quorum": 0, "calibration": 0, "created": "2015-03-13T15:20:37.025272", "app_id": 181, "state": "completed", "id": 34226, "priority_0": 0.0}, {"info": {"url": "https://farm8.staticflickr.com/7647/16802252612_79e9834bdd.jpg", "url_m": "https://farm8.staticflickr.com/7647/16802252612_79e9834bdd_m.jpg", "link": "https://www.flickr.com/photos/115096994@N02/16802252612", "url_b": "https://farm8.staticflickr.com/7647/16802252612_79e9834bdd_b.jpg", "title": "Offaly_Crotal0007_Offaly_Crotal0008_fb"}, "n_answers": 3, "quorum": 0, "calibration": 0, "created": "2015-03-13T15:20:37.050300", "app_id": 181, "state": "completed", "id": 34227, "priority_0": 0.0}, {"info": {"url": "https://farm9.staticflickr.com/8581/16183432263_7390f54d25.jpg", "url_m": "https://farm9.staticflickr.com/8581/16183432263_7390f54d25_m.jpg", "link": "https://www.flickr.com/photos/115096994@N02/16183432263", "url_b": "https://farm9.staticflickr.com/8581/16183432263_7390f54d25_b.jpg", "title": "Offaly_Crotal0009_Offaly_Crotal0010_fb"}, "n_answers": 3, "quorum": 0, "calibration": 0, "created": "2015-03-13T15:20:37.075448", "app_id": 181, "state": "completed", "id": 34228, "priority_0": 0.0}, {"info": {"url": "https://farm8.staticflickr.com/7597/16183432483_abfe2dd8eb.jpg", "url_m": "https://farm8.staticflickr.com/7597/16183432483_abfe2dd8eb_m.jpg", "link": "https://www.flickr.com/photos/115096994@N02/16183432483", "url_b": "https://farm8.staticflickr.com/7597/16183432483_abfe2dd8eb_b.jpg", "title": "Offaly_Crotal0011_Offaly_Crotal0012_fb"}, "n_answers": 3, "quorum": 0, "calibration": 0, "created": "2015-03-13T15:20:37.102121", "app_id": 181, "state": "completed", "id": 34229, "priority_0": 0.0}, {"info": {"url": "https://farm9.staticflickr.com/8590/16615774478_de68be8ef8.jpg", "url_m": "https://farm9.staticflickr.com/8590/16615774478_de68be8ef8_m.jpg", "link": "https://www.flickr.com/photos/115096994@N02/16615774478", "url_b": "https://farm9.staticflickr.com/8590/16615774478_de68be8ef8_b.jpg", "title": "Offaly_Crotal0013_Offaly_Crotal0014_fb"}, "n_answers": 3, "quorum": 0, "calibration": 0, "created": "2015-03-13T15:20:37.126256", "app_id": 181, "state": "completed", "id": 34230, "priority_0": 0.0}, {"info": {"url": "https://farm8.staticflickr.com/7615/16615774308_eaf25dea5b.jpg", "url_m": "https://farm8.staticflickr.com/7615/16615774308_eaf25dea5b_m.jpg", "link": "https://www.flickr.com/photos/115096994@N02/16615774308", "url_b": "https://farm8.staticflickr.com/7615/16615774308_eaf25dea5b_b.jpg", "title": "Offaly_Crotal0015_Offaly_Crotal0016_fb"}, "n_answers": 3, "quorum": 0, "calibration": 0, "created": "2015-03-13T15:20:37.166059", "app_id": 181, "state": "completed", "id": 34231, "priority_0": 0.0}, {"info": {"url": "https://farm8.staticflickr.com/7288/16181008494_f59f4173d9.jpg", "url_m": "https://farm8.staticflickr.com/7288/16181008494_f59f4173d9_m.jpg", "link": "https://www.flickr.com/photos/115096994@N02/16181008494", "url_b": "https://farm8.staticflickr.com/7288/16181008494_f59f4173d9_b.jpg", "title": "Offaly_Crotal0017_Offaly_Crotal0018_fb"}, "n_answers": 3, "quorum": 0, "calibration": 0, "created": "2015-03-13T15:20:37.191926", "app_id": 181, "state": "completed", "id": 34232, "priority_0": 0.0}, {"info": {"url": "https://farm8.staticflickr.com/7618/16617221869_1f6c35bd17.jpg", "url_m": "https://farm8.staticflickr.com/7618/16617221869_1f6c35bd17_m.jpg", "link": "https://www.flickr.com/photos/115096994@N02/16617221869", "url_b": "https://farm8.staticflickr.com/7618/16617221869_1f6c35bd17_b.jpg", "title": "Offaly_Crotal0019_Offaly_Crotal0020_fb"}, "n_answers": 3, "quorum": 0, "calibration": 0, "created": "2015-03-13T15:20:37.217016", "app_id": 181, "state": "completed", "id": 34233, "priority_0": 0.0}, {"info": {"url": "https://farm9.staticflickr.com/8590/16803337815_27d3c71a1a.jpg", "url_m": "https://farm9.staticflickr.com/8590/16803337815_27d3c71a1a_m.jpg", "link": "https://www.flickr.com/photos/115096994@N02/16803337815", "url_b": "https://farm9.staticflickr.com/8590/16803337815_27d3c71a1a_b.jpg", "title": "Offaly_Crotal0021_Offaly_Crotal0022_fb"}, "n_answers": 3, "quorum": 0, "calibration": 0, "created": "2015-03-13T15:20:37.241914", "app_id": 181, "state": "completed", "id": 34234, "priority_0": 0.0}, {"info": {"url": "https://farm8.staticflickr.com/7592/16596064227_e705525c77.jpg", "url_m": "https://farm8.staticflickr.com/7592/16596064227_e705525c77_m.jpg", "link": "https://www.flickr.com/photos/115096994@N02/16596064227", "url_b": "https://farm8.staticflickr.com/7592/16596064227_e705525c77_b.jpg", "title": "Offaly_Crotal0023_Offaly_Crotal0024_fb"}, "n_answers": 3, "quorum": 0, "calibration": 0, "created": "2015-03-13T15:20:37.267275", "app_id": 181, "state": "completed", "id": 34235, "priority_0": 0.0}, {"info": {"url": "https://farm8.staticflickr.com/7283/16615975740_5327b53331.jpg", "url_m": "https://farm8.staticflickr.com/7283/16615975740_5327b53331_m.jpg", "link": "https://www.flickr.com/photos/115096994@N02/16615975740", "url_b": "https://farm8.staticflickr.com/7283/16615975740_5327b53331_b.jpg", "title": "Offaly_Crotal0025_Offaly_Crotal0026_fb"}, "n_answers": 3, "quorum": 0, "calibration": 0, "created": "2015-03-13T15:20:37.292234", "app_id": 181, "state": "completed", "id": 34236, "priority_0": 0.0}, {"info": {"url": "https://farm8.staticflickr.com/7643/16183431963_c46ed77b6d.jpg", "url_m": "https://farm8.staticflickr.com/7643/16183431963_c46ed77b6d_m.jpg", "link": "https://www.flickr.com/photos/115096994@N02/16183431963", "url_b": "https://farm8.staticflickr.com/7643/16183431963_c46ed77b6d_b.jpg", "title": "IrishUnprov_Crotal0001_IrishUnprov_Crotal0002_fb"}, "n_answers": 3, "quorum": 0, "calibration": 0, "created": "2015-03-13T15:20:37.317139", "app_id": 181, "state": "completed", "id": 34237, "priority_0": 0.0}]