[{"info": {"url": "https://farm1.staticflickr.com/435/19358907311_26479e99c9.jpg", "url_m": "https://farm1.staticflickr.com/435/19358907311_26479e99c9_m.jpg", "link": "https://www.flickr.com/photos/115096994@N02/19358907311", "url_b": "https://farm1.staticflickr.com/435/19358907311_26479e99c9_b.jpg", "title": "Denmark_Sickle0001_Denmark_Sickle0002_fb"}, "n_answers": 3, "quorum": 0, "calibration": 0, "created": "2015-07-02T15:25:09.751048", "state": "completed", "project_id": 227, "id": 41416, "priority_0": 0.0}, {"info": {"url": "https://farm1.staticflickr.com/443/18734262613_32073113fb.jpg", "url_m": "https://farm1.staticflickr.com/443/18734262613_32073113fb_m.jpg", "link": "https://www.flickr.com/photos/115096994@N02/18734262613", "url_b": "https://farm1.staticflickr.com/443/18734262613_32073113fb_b.jpg", "title": "Europe_Sickle0001_Europe_Sickle0002_fb"}, "n_answers": 3, "quorum": 0, "calibration": 0, "created": "2015-07-02T15:25:09.803445", "state": "completed", "project_id": 227, "id": 41417, "priority_0": 0.0}, {"info": {"url": "https://farm1.staticflickr.com/528/19328789636_9de714a47d.jpg", "url_m": "https://farm1.staticflickr.com/528/19328789636_9de714a47d_m.jpg", "link": "https://www.flickr.com/photos/115096994@N02/19328789636", "url_b": "https://farm1.staticflickr.com/528/19328789636_9de714a47d_b.jpg", "title": "Europe_Sickle0003_Europe_Sickle0004_fb"}, "n_answers": 3, "quorum": 0, "calibration": 0, "created": "2015-07-02T15:25:09.834157", "state": "completed", "project_id": 227, "id": 41418, "priority_0": 0.0}, {"info": {"url": "https://farm1.staticflickr.com/517/19167266180_b1231d449f.jpg", "url_m": "https://farm1.staticflickr.com/517/19167266180_b1231d449f_m.jpg", "link": "https://www.flickr.com/photos/115096994@N02/19167266180", "url_b": "https://farm1.staticflickr.com/517/19167266180_b1231d449f_b.jpg", "title": "Europe_Sickle0005_Europe_Sickle0006_fb"}, "n_answers": 3, "quorum": 0, "calibration": 0, "created": "2015-07-02T15:25:09.975044", "state": "completed", "project_id": 227, "id": 41419, "priority_0": 0.0}, {"info": {"url": "https://farm4.staticflickr.com/3674/19167266130_cbcfe40a52.jpg", "url_m": "https://farm4.staticflickr.com/3674/19167266130_cbcfe40a52_m.jpg", "link": "https://www.flickr.com/photos/115096994@N02/19167266130", "url_b": "https://farm4.staticflickr.com/3674/19167266130_cbcfe40a52_b.jpg", "title": "France_Sickle0001_France_Sickle0002_fb"}, "n_answers": 3, "quorum": 0, "calibration": 0, "created": "2015-07-02T15:25:10.011098", "state": "completed", "project_id": 227, "id": 41420, "priority_0": 0.0}, {"info": {"url": "https://farm1.staticflickr.com/307/19328789456_4322721a58.jpg", "url_m": "https://farm1.staticflickr.com/307/19328789456_4322721a58_m.jpg", "link": "https://www.flickr.com/photos/115096994@N02/19328789456", "url_b": "https://farm1.staticflickr.com/307/19328789456_4322721a58_b.jpg", "title": "France_Sickle0003_France_Sickle0004_fb"}, "n_answers": 3, "quorum": 0, "calibration": 0, "created": "2015-07-02T15:25:10.035891", "state": "completed", "project_id": 227, "id": 41421, "priority_0": 0.0}, {"info": {"url": "https://farm1.staticflickr.com/452/19358907001_9b5b294973.jpg", "url_m": "https://farm1.staticflickr.com/452/19358907001_9b5b294973_m.jpg", "link": "https://www.flickr.com/photos/115096994@N02/19358907001", "url_b": "https://farm1.staticflickr.com/452/19358907001_9b5b294973_b.jpg", "title": "France_Sickle0005_France_Sickle0006_fb"}, "n_answers": 3, "quorum": 0, "calibration": 0, "created": "2015-07-02T15:25:10.060381", "state": "completed", "project_id": 227, "id": 41422, "priority_0": 0.0}, {"info": {"url": "https://farm1.staticflickr.com/467/18734262403_ed7ef4bdcc.jpg", "url_m": "https://farm1.staticflickr.com/467/18734262403_ed7ef4bdcc_m.jpg", "link": "https://www.flickr.com/photos/115096994@N02/18734262403", "url_b": "https://farm1.staticflickr.com/467/18734262403_ed7ef4bdcc_b.jpg", "title": "Germany_Sickle0001_Germany_Sickle0002_fb"}, "n_answers": 3, "quorum": 0, "calibration": 0, "created": "2015-07-02T15:25:10.085286", "state": "completed", "project_id": 227, "id": 41423, "priority_0": 0.0}, {"info": {"url": "https://farm1.staticflickr.com/510/19328789216_fcc264439d.jpg", "url_m": "https://farm1.staticflickr.com/510/19328789216_fcc264439d_m.jpg", "link": "https://www.flickr.com/photos/115096994@N02/19328789216", "url_b": "https://farm1.staticflickr.com/510/19328789216_fcc264439d_b.jpg", "title": "Germany_Sickle0003_Germany_Sickle0004_fb"}, "n_answers": 3, "quorum": 0, "calibration": 0, "created": "2015-07-02T15:25:10.112289", "state": "completed", "project_id": 227, "id": 41424, "priority_0": 0.0}, {"info": {"url": "https://farm1.staticflickr.com/452/19167265890_440980d0c1.jpg", "url_m": "https://farm1.staticflickr.com/452/19167265890_440980d0c1_m.jpg", "link": "https://www.flickr.com/photos/115096994@N02/19167265890", "url_b": "https://farm1.staticflickr.com/452/19167265890_440980d0c1_b.jpg", "title": "Germany_Sickle0005_Germany_Sickle0006_fb"}, "n_answers": 3, "quorum": 0, "calibration": 0, "created": "2015-07-02T15:25:10.141992", "state": "completed", "project_id": 227, "id": 41425, "priority_0": 0.0}, {"info": {"url": "https://farm1.staticflickr.com/533/19328789146_c1e34e278d.jpg", "url_m": "https://farm1.staticflickr.com/533/19328789146_c1e34e278d_m.jpg", "link": "https://www.flickr.com/photos/115096994@N02/19328789146", "url_b": "https://farm1.staticflickr.com/533/19328789146_c1e34e278d_b.jpg", "title": "Germany_Sickle0007_Germany_Sickle0008_fb"}, "n_answers": 3, "quorum": 0, "calibration": 0, "created": "2015-07-02T15:25:10.168700", "state": "completed", "project_id": 227, "id": 41426, "priority_0": 0.0}, {"info": {"url": "https://farm1.staticflickr.com/308/19354892575_da6ce8bd30.jpg", "url_m": "https://farm1.staticflickr.com/308/19354892575_da6ce8bd30_m.jpg", "link": "https://www.flickr.com/photos/115096994@N02/19354892575", "url_b": "https://farm1.staticflickr.com/308/19354892575_da6ce8bd30_b.jpg", "title": "Germany_Sickle0009_Germany_Sickle0010_fb"}, "n_answers": 3, "quorum": 0, "calibration": 0, "created": "2015-07-02T15:25:10.193509", "state": "completed", "project_id": 227, "id": 41427, "priority_0": 0.0}, {"info": {"url": "https://farm1.staticflickr.com/353/19167265670_538f44148e.jpg", "url_m": "https://farm1.staticflickr.com/353/19167265670_538f44148e_m.jpg", "link": "https://www.flickr.com/photos/115096994@N02/19167265670", "url_b": "https://farm1.staticflickr.com/353/19167265670_538f44148e_b.jpg", "title": "Germany_Sickle0011_Germany_Sickle0012_fb"}, "n_answers": 3, "quorum": 0, "calibration": 0, "created": "2015-07-02T15:25:10.218514", "state": "completed", "project_id": 227, "id": 41428, "priority_0": 0.0}, {"info": {"url": "https://farm1.staticflickr.com/293/18732369044_c8d883fb39.jpg", "url_m": "https://farm1.staticflickr.com/293/18732369044_c8d883fb39_m.jpg", "link": "https://www.flickr.com/photos/115096994@N02/18732369044", "url_b": "https://farm1.staticflickr.com/293/18732369044_c8d883fb39_b.jpg", "title": "Germany_Sickle0013_Germany_Sickle0014_fb"}, "n_answers": 3, "quorum": 0, "calibration": 0, "created": "2015-07-02T15:25:10.243365", "state": "completed", "project_id": 227, "id": 41429, "priority_0": 0.0}, {"info": {"url": "https://farm1.staticflickr.com/551/19348799022_10c41142cb.jpg", "url_m": "https://farm1.staticflickr.com/551/19348799022_10c41142cb_m.jpg", "link": "https://www.flickr.com/photos/115096994@N02/19348799022", "url_b": "https://farm1.staticflickr.com/551/19348799022_10c41142cb_b.jpg", "title": "Germany_Sickle0015_Germany_Sickle0016_fb"}, "n_answers": 3, "quorum": 0, "calibration": 0, "created": "2015-07-02T15:25:10.268406", "state": "completed", "project_id": 227, "id": 41430, "priority_0": 0.0}, {"info": {"url": "https://farm1.staticflickr.com/482/19167305288_c56317f720.jpg", "url_m": "https://farm1.staticflickr.com/482/19167305288_c56317f720_m.jpg", "link": "https://www.flickr.com/photos/115096994@N02/19167305288", "url_b": "https://farm1.staticflickr.com/482/19167305288_c56317f720_b.jpg", "title": "Germany_Sickle0017_Germany_Sickle0018_fb"}, "n_answers": 3, "quorum": 0, "calibration": 0, "created": "2015-07-02T15:25:10.293285", "state": "completed", "project_id": 227, "id": 41431, "priority_0": 0.0}, {"info": {"url": "https://farm1.staticflickr.com/287/19348798822_b6fcc0fa91.jpg", "url_m": "https://farm1.staticflickr.com/287/19348798822_b6fcc0fa91_m.jpg", "link": "https://www.flickr.com/photos/115096994@N02/19348798822", "url_b": "https://farm1.staticflickr.com/287/19348798822_b6fcc0fa91_b.jpg", "title": "Germany_Sickle0019_Germany_Sickle0020_fb"}, "n_answers": 3, "quorum": 0, "calibration": 0, "created": "2015-07-02T15:25:10.318546", "state": "completed", "project_id": 227, "id": 41432, "priority_0": 0.0}, {"info": {"url": "https://farm1.staticflickr.com/341/19167305238_55b396e0d7.jpg", "url_m": "https://farm1.staticflickr.com/341/19167305238_55b396e0d7_m.jpg", "link": "https://www.flickr.com/photos/115096994@N02/19167305238", "url_b": "https://farm1.staticflickr.com/341/19167305238_55b396e0d7_b.jpg", "title": "Germany_Sickle0021_Germany_Sickle0022_fb"}, "n_answers": 3, "quorum": 0, "calibration": 0, "created": "2015-07-02T15:25:10.343366", "state": "completed", "project_id": 227, "id": 41433, "priority_0": 0.0}, {"info": {"url": "https://farm1.staticflickr.com/433/19348798572_293c74677f.jpg", "url_m": "https://farm1.staticflickr.com/433/19348798572_293c74677f_m.jpg", "link": "https://www.flickr.com/photos/115096994@N02/19348798572", "url_b": "https://farm1.staticflickr.com/433/19348798572_293c74677f_b.jpg", "title": "Germany_Sickle0023_Germany_Sickle0024_fb"}, "n_answers": 3, "quorum": 0, "calibration": 0, "created": "2015-07-02T15:25:10.368344", "state": "completed", "project_id": 227, "id": 41434, "priority_0": 0.0}, {"info": {"url": "https://farm4.staticflickr.com/3826/19168730689_4b38147aba.jpg", "url_m": "https://farm4.staticflickr.com/3826/19168730689_4b38147aba_m.jpg", "link": "https://www.flickr.com/photos/115096994@N02/19168730689", "url_b": "https://farm4.staticflickr.com/3826/19168730689_4b38147aba_b.jpg", "title": "Germany_Sickle0025_Germany_Sickle0026_fb"}, "n_answers": 3, "quorum": 0, "calibration": 0, "created": "2015-07-02T15:25:10.393508", "state": "completed", "project_id": 227, "id": 41435, "priority_0": 0.0}, {"info": {"url": "https://farm1.staticflickr.com/406/19358906481_cff0fe858f.jpg", "url_m": "https://farm1.staticflickr.com/406/19358906481_cff0fe858f_m.jpg", "link": "https://www.flickr.com/photos/115096994@N02/19358906481", "url_b": "https://farm1.staticflickr.com/406/19358906481_cff0fe858f_b.jpg", "title": "Germany_Sickle0027_Germany_Sickle0028_fb"}, "n_answers": 3, "quorum": 0, "calibration": 0, "created": "2015-07-02T15:25:10.417938", "state": "completed", "project_id": 227, "id": 41436, "priority_0": 0.0}, {"info": {"url": "https://farm1.staticflickr.com/507/19328788446_de2994e85f.jpg", "url_m": "https://farm1.staticflickr.com/507/19328788446_de2994e85f_m.jpg", "link": "https://www.flickr.com/photos/115096994@N02/19328788446", "url_b": "https://farm1.staticflickr.com/507/19328788446_de2994e85f_b.jpg", "title": "Germany_Sickle0029_Germany_Sickle0030_fb"}, "n_answers": 3, "quorum": 0, "calibration": 0, "created": "2015-07-02T15:25:10.443039", "state": "completed", "project_id": 227, "id": 41437, "priority_0": 0.0}, {"info": {"url": "https://farm4.staticflickr.com/3736/19354891665_25dae67337.jpg", "url_m": "https://farm4.staticflickr.com/3736/19354891665_25dae67337_m.jpg", "link": "https://www.flickr.com/photos/115096994@N02/19354891665", "url_b": "https://farm4.staticflickr.com/3736/19354891665_25dae67337_b.jpg", "title": "Germany_Sickle0031_Germany_Sickle0032_fb"}, "n_answers": 3, "quorum": 0, "calibration": 0, "created": "2015-07-02T15:25:10.468005", "state": "completed", "project_id": 227, "id": 41438, "priority_0": 0.0}, {"info": {"url": "https://farm1.staticflickr.com/412/19168730209_6cf1b4ef90.jpg", "url_m": "https://farm1.staticflickr.com/412/19168730209_6cf1b4ef90_m.jpg", "link": "https://www.flickr.com/photos/115096994@N02/19168730209", "url_b": "https://farm1.staticflickr.com/412/19168730209_6cf1b4ef90_b.jpg", "title": "Hungary_Sickle0001_Hungary_Sickle0002_fb"}, "n_answers": 3, "quorum": 0, "calibration": 0, "created": "2015-07-02T15:25:10.493217", "state": "completed", "project_id": 227, "id": 41439, "priority_0": 0.0}, {"info": {"url": "https://farm1.staticflickr.com/463/19167304668_f1f2666a7b.jpg", "url_m": "https://farm1.staticflickr.com/463/19167304668_f1f2666a7b_m.jpg", "link": "https://www.flickr.com/photos/115096994@N02/19167304668", "url_b": "https://farm1.staticflickr.com/463/19167304668_f1f2666a7b_b.jpg", "title": "Hungary_Sickle0003_Hungary_Sickle0004_fb"}, "n_answers": 3, "quorum": 0, "calibration": 0, "created": "2015-07-02T15:25:10.518324", "state": "completed", "project_id": 227, "id": 41440, "priority_0": 0.0}, {"info": {"url": "https://farm1.staticflickr.com/475/19167304588_75cb00f380.jpg", "url_m": "https://farm1.staticflickr.com/475/19167304588_75cb00f380_m.jpg", "link": "https://www.flickr.com/photos/115096994@N02/19167304588", "url_b": "https://farm1.staticflickr.com/475/19167304588_75cb00f380_b.jpg", "title": "Hungary_Sickle0005_Hungary_Sickle0006_fb"}, "n_answers": 3, "quorum": 0, "calibration": 0, "created": "2015-07-02T15:25:10.542878", "state": "completed", "project_id": 227, "id": 41441, "priority_0": 0.0}, {"info": {"url": "https://farm1.staticflickr.com/376/19358905661_f9091af223.jpg", "url_m": "https://farm1.staticflickr.com/376/19358905661_f9091af223_m.jpg", "link": "https://www.flickr.com/photos/115096994@N02/19358905661", "url_b": "https://farm1.staticflickr.com/376/19358905661_f9091af223_b.jpg", "title": "Hungary_Sickle0007_Hungary_Sickle0008_fb"}, "n_answers": 3, "quorum": 0, "calibration": 0, "created": "2015-07-02T15:25:10.574747", "state": "completed", "project_id": 227, "id": 41442, "priority_0": 0.0}, {"info": {"url": "https://farm1.staticflickr.com/502/19167264690_354d509192.jpg", "url_m": "https://farm1.staticflickr.com/502/19167264690_354d509192_m.jpg", "link": "https://www.flickr.com/photos/115096994@N02/19167264690", "url_b": "https://farm1.staticflickr.com/502/19167264690_354d509192_b.jpg", "title": "Hungary_Sickle0009_Hungary_Sickle0010_fb"}, "n_answers": 3, "quorum": 0, "calibration": 0, "created": "2015-07-02T15:25:10.601316", "state": "completed", "project_id": 227, "id": 41443, "priority_0": 0.0}, {"info": {"url": "https://farm1.staticflickr.com/539/18732367994_aa4bde74dd.jpg", "url_m": "https://farm1.staticflickr.com/539/18732367994_aa4bde74dd_m.jpg", "link": "https://www.flickr.com/photos/115096994@N02/18732367994", "url_b": "https://farm1.staticflickr.com/539/18732367994_aa4bde74dd_b.jpg", "title": "Hungary_Sickle0011_Hungary_Sickle0012_fb"}, "n_answers": 3, "quorum": 0, "calibration": 0, "created": "2015-07-02T15:25:10.626714", "state": "completed", "project_id": 227, "id": 41444, "priority_0": 0.0}, {"info": {"url": "https://farm1.staticflickr.com/392/18732367884_374c7c4547.jpg", "url_m": "https://farm1.staticflickr.com/392/18732367884_374c7c4547_m.jpg", "link": "https://www.flickr.com/photos/115096994@N02/18732367884", "url_b": "https://farm1.staticflickr.com/392/18732367884_374c7c4547_b.jpg", "title": "Hungary_Sickle0013_Hungary_Sickle0014_fb"}, "n_answers": 3, "quorum": 0, "calibration": 0, "created": "2015-07-02T15:25:10.651429", "state": "completed", "project_id": 227, "id": 41445, "priority_0": 0.0}, {"info": {"url": "https://farm1.staticflickr.com/392/19168729659_0610d2d022.jpg", "url_m": "https://farm1.staticflickr.com/392/19168729659_0610d2d022_m.jpg", "link": "https://www.flickr.com/photos/115096994@N02/19168729659", "url_b": "https://farm1.staticflickr.com/392/19168729659_0610d2d022_b.jpg", "title": "Hungary_Sickle0015_Hungary_Sickle0016_fb"}, "n_answers": 3, "quorum": 0, "calibration": 0, "created": "2015-07-02T15:25:10.677534", "state": "completed", "project_id": 227, "id": 41446, "priority_0": 0.0}, {"info": {"url": "https://farm1.staticflickr.com/279/18734260563_46e3441636.jpg", "url_m": "https://farm1.staticflickr.com/279/18734260563_46e3441636_m.jpg", "link": "https://www.flickr.com/photos/115096994@N02/18734260563", "url_b": "https://farm1.staticflickr.com/279/18734260563_46e3441636_b.jpg", "title": "Hungary_Sickle0017_Hungary_Sickle0018_fb"}, "n_answers": 3, "quorum": 0, "calibration": 0, "created": "2015-07-02T15:25:10.702093", "state": "completed", "project_id": 227, "id": 41447, "priority_0": 0.0}, {"info": {"url": "https://farm1.staticflickr.com/308/19167264240_2322a56040.jpg", "url_m": "https://farm1.staticflickr.com/308/19167264240_2322a56040_m.jpg", "link": "https://www.flickr.com/photos/115096994@N02/19167264240", "url_b": "https://farm1.staticflickr.com/308/19167264240_2322a56040_b.jpg", "title": "Hungary_Sickle0019_Hungary_Sickle0020_fb"}, "n_answers": 3, "quorum": 0, "calibration": 0, "created": "2015-07-02T15:25:10.726969", "state": "completed", "project_id": 227, "id": 41448, "priority_0": 0.0}, {"info": {"url": "https://farm1.staticflickr.com/530/19328787436_0b9f1c379c.jpg", "url_m": "https://farm1.staticflickr.com/530/19328787436_0b9f1c379c_m.jpg", "link": "https://www.flickr.com/photos/115096994@N02/19328787436", "url_b": "https://farm1.staticflickr.com/530/19328787436_0b9f1c379c_b.jpg", "title": "Poland_Sickle0001_Poland_Sickle0002_fb"}, "n_answers": 3, "quorum": 0, "calibration": 0, "created": "2015-07-02T15:25:10.751893", "state": "completed", "project_id": 227, "id": 41449, "priority_0": 0.0}, {"info": {"url": "https://farm1.staticflickr.com/381/19328787326_673dd9ba22.jpg", "url_m": "https://farm1.staticflickr.com/381/19328787326_673dd9ba22_m.jpg", "link": "https://www.flickr.com/photos/115096994@N02/19328787326", "url_b": "https://farm1.staticflickr.com/381/19328787326_673dd9ba22_b.jpg", "title": "Romania_Sickle0001_Romania_Sickle0002_fb"}, "n_answers": 3, "quorum": 0, "calibration": 0, "created": "2015-07-02T15:25:10.776755", "state": "completed", "project_id": 227, "id": 41450, "priority_0": 0.0}, {"info": {"url": "https://farm1.staticflickr.com/392/19358904911_5b4e9356f0.jpg", "url_m": "https://farm1.staticflickr.com/392/19358904911_5b4e9356f0_m.jpg", "link": "https://www.flickr.com/photos/115096994@N02/19358904911", "url_b": "https://farm1.staticflickr.com/392/19358904911_5b4e9356f0_b.jpg", "title": "Slovakia_Sickle0001_Slovakia_Sickle0002_fb"}, "n_answers": 3, "quorum": 0, "calibration": 0, "created": "2015-07-02T15:25:10.801588", "state": "completed", "project_id": 227, "id": 41451, "priority_0": 0.0}, {"info": {"url": "https://farm1.staticflickr.com/274/19167303698_8d2958c954.jpg", "url_m": "https://farm1.staticflickr.com/274/19167303698_8d2958c954_m.jpg", "link": "https://www.flickr.com/photos/115096994@N02/19167303698", "url_b": "https://farm1.staticflickr.com/274/19167303698_8d2958c954_b.jpg", "title": "Spain_Sickle0001_Spain_Sickle0002_fb"}, "n_answers": 3, "quorum": 0, "calibration": 0, "created": "2015-07-02T15:25:10.826705", "state": "completed", "project_id": 227, "id": 41452, "priority_0": 0.0}, {"info": {"url": "https://farm1.staticflickr.com/258/19358904731_a48543a60b.jpg", "url_m": "https://farm1.staticflickr.com/258/19358904731_a48543a60b_m.jpg", "link": "https://www.flickr.com/photos/115096994@N02/19358904731", "url_b": "https://farm1.staticflickr.com/258/19358904731_a48543a60b_b.jpg", "title": "Switzerland_Sickle0001_Switzerland_Sickle0002_fb"}, "n_answers": 3, "quorum": 0, "calibration": 0, "created": "2015-07-02T15:25:10.851831", "state": "completed", "project_id": 227, "id": 41453, "priority_0": 0.0}, {"info": {"url": "https://farm1.staticflickr.com/257/19167303638_6da2f0f0d2.jpg", "url_m": "https://farm1.staticflickr.com/257/19167303638_6da2f0f0d2_m.jpg", "link": "https://www.flickr.com/photos/115096994@N02/19167303638", "url_b": "https://farm1.staticflickr.com/257/19167303638_6da2f0f0d2_b.jpg", "title": "Switzerland_Sickle0003_Switzerland_Sickle0004_fb"}, "n_answers": 3, "quorum": 0, "calibration": 0, "created": "2015-07-02T15:25:10.876997", "state": "completed", "project_id": 227, "id": 41454, "priority_0": 0.0}, {"info": {"url": "https://farm1.staticflickr.com/396/19348796782_a97e693fe1.jpg", "url_m": "https://farm1.staticflickr.com/396/19348796782_a97e693fe1_m.jpg", "link": "https://www.flickr.com/photos/115096994@N02/19348796782", "url_b": "https://farm1.staticflickr.com/396/19348796782_a97e693fe1_b.jpg", "title": "Switzerland_Sickle0005_Switzerland_Sickle0006_fb"}, "n_answers": 3, "quorum": 0, "calibration": 0, "created": "2015-07-02T15:25:10.901804", "state": "completed", "project_id": 227, "id": 41455, "priority_0": 0.0}, {"info": {"url": "https://farm1.staticflickr.com/541/19167303428_bbc67012f7.jpg", "url_m": "https://farm1.staticflickr.com/541/19167303428_bbc67012f7_m.jpg", "link": "https://www.flickr.com/photos/115096994@N02/19167303428", "url_b": "https://farm1.staticflickr.com/541/19167303428_bbc67012f7_b.jpg", "title": "Switzerland_Sickle0007_Switzerland_Sickle0008_fb"}, "n_answers": 3, "quorum": 0, "calibration": 0, "created": "2015-07-02T15:25:10.927248", "state": "completed", "project_id": 227, "id": 41456, "priority_0": 0.0}, {"info": {"url": "https://farm1.staticflickr.com/400/19167263550_1f8f7e1765.jpg", "url_m": "https://farm1.staticflickr.com/400/19167263550_1f8f7e1765_m.jpg", "link": "https://www.flickr.com/photos/115096994@N02/19167263550", "url_b": "https://farm1.staticflickr.com/400/19167263550_1f8f7e1765_b.jpg", "title": "Switzerland_Sickle0009_Switzerland_Sickle0010_fb"}, "n_answers": 3, "quorum": 0, "calibration": 0, "created": "2015-07-02T15:25:10.952678", "state": "completed", "project_id": 227, "id": 41457, "priority_0": 0.0}, {"info": {"url": "https://farm1.staticflickr.com/539/18732366864_3a59fb77aa.jpg", "url_m": "https://farm1.staticflickr.com/539/18732366864_3a59fb77aa_m.jpg", "link": "https://www.flickr.com/photos/115096994@N02/18732366864", "url_b": "https://farm1.staticflickr.com/539/18732366864_3a59fb77aa_b.jpg", "title": "Switzerland_Sickle0011_Switzerland_Sickle0012_fb"}, "n_answers": 3, "quorum": 0, "calibration": 0, "created": "2015-07-02T15:25:10.976784", "state": "completed", "project_id": 227, "id": 41458, "priority_0": 0.0}, {"info": {"url": "https://farm1.staticflickr.com/540/19354889905_7a1bd2a3f9.jpg", "url_m": "https://farm1.staticflickr.com/540/19354889905_7a1bd2a3f9_m.jpg", "link": "https://www.flickr.com/photos/115096994@N02/19354889905", "url_b": "https://farm1.staticflickr.com/540/19354889905_7a1bd2a3f9_b.jpg", "title": "Switzerland_Sickle0013_Switzerland_Sickle0014_fb"}, "n_answers": 3, "quorum": 0, "calibration": 0, "created": "2015-07-02T15:25:11.001855", "state": "completed", "project_id": 227, "id": 41459, "priority_0": 0.0}, {"info": {"url": "https://farm1.staticflickr.com/543/19167263330_e0f3bf8dd2.jpg", "url_m": "https://farm1.staticflickr.com/543/19167263330_e0f3bf8dd2_m.jpg", "link": "https://www.flickr.com/photos/115096994@N02/19167263330", "url_b": "https://farm1.staticflickr.com/543/19167263330_e0f3bf8dd2_b.jpg", "title": "Switzerland_Sickle0015_Switzerland_Sickle0016_fb"}, "n_answers": 3, "quorum": 0, "calibration": 0, "created": "2015-07-02T15:25:11.027255", "state": "completed", "project_id": 227, "id": 41460, "priority_0": 0.0}, {"info": {"url": "https://farm1.staticflickr.com/442/19167302938_1d11424595.jpg", "url_m": "https://farm1.staticflickr.com/442/19167302938_1d11424595_m.jpg", "link": "https://www.flickr.com/photos/115096994@N02/19167302938", "url_b": "https://farm1.staticflickr.com/442/19167302938_1d11424595_b.jpg", "title": "Switzerland_Sickle0017_Switzerland_Sickle0018_fb"}, "n_answers": 3, "quorum": 0, "calibration": 0, "created": "2015-07-02T15:25:11.051894", "state": "completed", "project_id": 227, "id": 41461, "priority_0": 0.0}, {"info": {"url": "https://farm1.staticflickr.com/327/19358903831_1ec8d42235.jpg", "url_m": "https://farm1.staticflickr.com/327/19358903831_1ec8d42235_m.jpg", "link": "https://www.flickr.com/photos/115096994@N02/19358903831", "url_b": "https://farm1.staticflickr.com/327/19358903831_1ec8d42235_b.jpg", "title": "Switzerland_Sickle0019_Switzerland_Sickle0020_fb"}, "n_answers": 3, "quorum": 0, "calibration": 0, "created": "2015-07-02T15:25:11.076938", "state": "completed", "project_id": 227, "id": 41462, "priority_0": 0.0}, {"info": {"url": "https://farm1.staticflickr.com/454/19358904081_4e50027d31.jpg", "url_m": "https://farm1.staticflickr.com/454/19358904081_4e50027d31_m.jpg", "link": "https://www.flickr.com/photos/115096994@N02/19358904081", "url_b": "https://farm1.staticflickr.com/454/19358904081_4e50027d31_b.jpg", "title": "Switzerland_Sickle0021_Switzerland_Sickle0022_fb"}, "n_answers": 3, "quorum": 0, "calibration": 0, "created": "2015-07-02T15:25:11.102126", "state": "completed", "project_id": 227, "id": 41463, "priority_0": 0.0}, {"info": {"url": "https://farm4.staticflickr.com/3846/19348796282_0ab4786064.jpg", "url_m": "https://farm4.staticflickr.com/3846/19348796282_0ab4786064_m.jpg", "link": "https://www.flickr.com/photos/115096994@N02/19348796282", "url_b": "https://farm4.staticflickr.com/3846/19348796282_0ab4786064_b.jpg", "title": "Switzerland_Sickle0023_Switzerland_Sickle0024_fb"}, "n_answers": 3, "quorum": 0, "calibration": 0, "created": "2015-07-02T15:25:11.127221", "state": "completed", "project_id": 227, "id": 41464, "priority_0": 0.0}, {"info": {"url": "https://farm1.staticflickr.com/544/19167263090_fbb13694be.jpg", "url_m": "https://farm1.staticflickr.com/544/19167263090_fbb13694be_m.jpg", "link": "https://www.flickr.com/photos/115096994@N02/19167263090", "url_b": "https://farm1.staticflickr.com/544/19167263090_fbb13694be_b.jpg", "title": "Switzerland_Sickle0025_Switzerland_Sickle0026_fb"}, "n_answers": 3, "quorum": 0, "calibration": 0, "created": "2015-07-02T15:25:11.151939", "state": "completed", "project_id": 227, "id": 41465, "priority_0": 0.0}, {"info": {"url": "https://farm4.staticflickr.com/3934/18732366064_bfa33e9cfc.jpg", "url_m": "https://farm4.staticflickr.com/3934/18732366064_bfa33e9cfc_m.jpg", "link": "https://www.flickr.com/photos/115096994@N02/18732366064", "url_b": "https://farm4.staticflickr.com/3934/18732366064_bfa33e9cfc_b.jpg", "title": "Switzerland_Sickle0027_Switzerland_Sickle0028_fb"}, "n_answers": 3, "quorum": 0, "calibration": 0, "created": "2015-07-02T15:25:11.176990", "state": "completed", "project_id": 227, "id": 41466, "priority_0": 0.0}]