[{"info": {"url": "https://farm6.staticflickr.com/5725/23031975733_5555e438d3.jpg", "url_m": "https://farm6.staticflickr.com/5725/23031975733_5555e438d3_m.jpg", "link": "https://www.flickr.com/photos/115096994@N02/23031975733", "url_b": "https://farm6.staticflickr.com/5725/23031975733_5555e438d3_b.jpg", "title": "Surrey_Sword0001_Surrey_Sword0002_fb"}, "n_answers": 3, "quorum": 0, "calibration": 0, "created": "2015-12-11T11:06:15.573690", "state": "completed", "project_id": 273, "id": 50266, "priority_0": 0.0}, {"info": {"url": "https://farm1.staticflickr.com/634/23550482002_90b1d1f3b2.jpg", "url_m": "https://farm1.staticflickr.com/634/23550482002_90b1d1f3b2_m.jpg", "link": "https://www.flickr.com/photos/115096994@N02/23550482002", "url_b": "https://farm1.staticflickr.com/634/23550482002_90b1d1f3b2_b.jpg", "title": "Surrey_Sword0003_Surrey_Sword0004_fb"}, "n_answers": 3, "quorum": 0, "calibration": 0, "created": "2015-12-11T11:06:15.647244", "state": "completed", "project_id": 273, "id": 50267, "priority_0": 0.0}, {"info": {"url": "https://farm6.staticflickr.com/5783/23363366890_ec8ffb9493.jpg", "url_m": "https://farm6.staticflickr.com/5783/23363366890_ec8ffb9493_m.jpg", "link": "https://www.flickr.com/photos/115096994@N02/23363366890", "url_b": "https://farm6.staticflickr.com/5783/23363366890_ec8ffb9493_b.jpg", "title": "Surrey_Sword0005_Surrey_Sword0006_fb"}, "n_answers": 3, "quorum": 0, "calibration": 0, "created": "2015-12-11T11:06:15.784476", "state": "completed", "project_id": 273, "id": 50268, "priority_0": 0.0}, {"info": {"url": "https://farm1.staticflickr.com/601/23659035055_209e4ecb22.jpg", "url_m": "https://farm1.staticflickr.com/601/23659035055_209e4ecb22_m.jpg", "link": "https://www.flickr.com/photos/115096994@N02/23659035055", "url_b": "https://farm1.staticflickr.com/601/23659035055_209e4ecb22_b.jpg", "title": "Surrey_Sword0007_Surrey_Sword0008_fb"}, "n_answers": 3, "quorum": 0, "calibration": 0, "created": "2015-12-11T11:06:15.837486", "state": "completed", "project_id": 273, "id": 50269, "priority_0": 0.0}, {"info": {"url": "https://farm6.staticflickr.com/5707/23030878364_c4a40e6094.jpg", "url_m": "https://farm6.staticflickr.com/5707/23030878364_c4a40e6094_m.jpg", "link": "https://www.flickr.com/photos/115096994@N02/23030878364", "url_b": "https://farm6.staticflickr.com/5707/23030878364_c4a40e6094_b.jpg", "title": "Surrey_Sword0009_Surrey_Sword0010_fb"}, "n_answers": 3, "quorum": 0, "calibration": 0, "created": "2015-12-11T11:06:15.870969", "state": "completed", "project_id": 273, "id": 50270, "priority_0": 0.0}, {"info": {"url": "https://farm6.staticflickr.com/5797/23576603961_f76a548d8d.jpg", "url_m": "https://farm6.staticflickr.com/5797/23576603961_f76a548d8d_m.jpg", "link": "https://www.flickr.com/photos/115096994@N02/23576603961", "url_b": "https://farm6.staticflickr.com/5797/23576603961_f76a548d8d_b.jpg", "title": "Sussex_Sword0001_Sussex_Sword0002_fb"}, "n_answers": 3, "quorum": 0, "calibration": 0, "created": "2015-12-11T11:06:15.917897", "state": "completed", "project_id": 273, "id": 50271, "priority_0": 0.0}, {"info": {"url": "https://farm1.staticflickr.com/620/23576603651_345ca28177.jpg", "url_m": "https://farm1.staticflickr.com/620/23576603651_345ca28177_m.jpg", "link": "https://www.flickr.com/photos/115096994@N02/23576603651", "url_b": "https://farm1.staticflickr.com/620/23576603651_345ca28177_b.jpg", "title": "Sussex_Sword0003_Sussex_Sword0004_fb"}, "n_answers": 3, "quorum": 0, "calibration": 0, "created": "2015-12-11T11:06:15.962139", "state": "completed", "project_id": 273, "id": 50272, "priority_0": 0.0}, {"info": {"url": "https://farm6.staticflickr.com/5632/23030877844_1e50f146a5.jpg", "url_m": "https://farm6.staticflickr.com/5632/23030877844_1e50f146a5_m.jpg", "link": "https://www.flickr.com/photos/115096994@N02/23030877844", "url_b": "https://farm6.staticflickr.com/5632/23030877844_1e50f146a5_b.jpg", "title": "Sussex_Sword0005_Sussex_Sword0006_fb"}, "n_answers": 3, "quorum": 0, "calibration": 0, "created": "2015-12-11T11:06:16.000351", "state": "completed", "project_id": 273, "id": 50273, "priority_0": 0.0}, {"info": {"url": "https://farm6.staticflickr.com/5695/23363364840_980eee944e.jpg", "url_m": "https://farm6.staticflickr.com/5695/23363364840_980eee944e_m.jpg", "link": "https://www.flickr.com/photos/115096994@N02/23363364840", "url_b": "https://farm6.staticflickr.com/5695/23363364840_980eee944e_b.jpg", "title": "Sussex_Sword0007_Sussex_Sword0008_fb"}, "n_answers": 3, "quorum": 0, "calibration": 0, "created": "2015-12-11T11:06:16.033745", "state": "completed", "project_id": 273, "id": 50274, "priority_0": 0.0}, {"info": {"url": "https://farm6.staticflickr.com/5820/23291091059_476e2b8873.jpg", "url_m": "https://farm6.staticflickr.com/5820/23291091059_476e2b8873_m.jpg", "link": "https://www.flickr.com/photos/115096994@N02/23291091059", "url_b": "https://farm6.staticflickr.com/5820/23291091059_476e2b8873_b.jpg", "title": "Tayside_Sword0001_Tayside_Sword0002_fb"}, "n_answers": 3, "quorum": 0, "calibration": 0, "created": "2015-12-11T11:06:16.110199", "state": "completed", "project_id": 273, "id": 50275, "priority_0": 0.0}, {"info": {"url": "https://farm6.staticflickr.com/5719/23363364060_fe6d31ce1a.jpg", "url_m": "https://farm6.staticflickr.com/5719/23363364060_fe6d31ce1a_m.jpg", "link": "https://www.flickr.com/photos/115096994@N02/23363364060", "url_b": "https://farm6.staticflickr.com/5719/23363364060_fe6d31ce1a_b.jpg", "title": "Tayside_Sword0003_Tayside_Sword0004_fb"}, "n_answers": 3, "quorum": 0, "calibration": 0, "created": "2015-12-11T11:06:16.156100", "state": "completed", "project_id": 273, "id": 50276, "priority_0": 0.0}, {"info": {"url": "https://farm6.staticflickr.com/5826/23030875894_fff1744c25.jpg", "url_m": "https://farm6.staticflickr.com/5826/23030875894_fff1744c25_m.jpg", "link": "https://www.flickr.com/photos/115096994@N02/23030875894", "url_b": "https://farm6.staticflickr.com/5826/23030875894_fff1744c25_b.jpg", "title": "Tayside_Sword0007_Tayside_Sword0008_fb"}, "n_answers": 3, "quorum": 0, "calibration": 0, "created": "2015-12-11T11:06:16.384507", "state": "completed", "project_id": 273, "id": 50277, "priority_0": 0.0}, {"info": {"url": "https://farm1.staticflickr.com/762/23291088969_cf88378032.jpg", "url_m": "https://farm1.staticflickr.com/762/23291088969_cf88378032_m.jpg", "link": "https://www.flickr.com/photos/115096994@N02/23291088969", "url_b": "https://farm1.staticflickr.com/762/23291088969_cf88378032_b.jpg", "title": "Tayside_Sword0009_Tayside_Sword0010_fb"}, "n_answers": 3, "quorum": 0, "calibration": 0, "created": "2015-12-11T11:06:16.446549", "state": "completed", "project_id": 273, "id": 50278, "priority_0": 0.0}, {"info": {"url": "https://farm1.staticflickr.com/580/23363361750_3640d43028.jpg", "url_m": "https://farm1.staticflickr.com/580/23363361750_3640d43028_m.jpg", "link": "https://www.flickr.com/photos/115096994@N02/23363361750", "url_b": "https://farm1.staticflickr.com/580/23363361750_3640d43028_b.jpg", "title": "Tayside_Sword0011_Tayside_Sword0012_fb"}, "n_answers": 3, "quorum": 0, "calibration": 0, "created": "2015-12-11T11:06:16.580783", "state": "completed", "project_id": 273, "id": 50279, "priority_0": 0.0}, {"info": {"url": "https://farm6.staticflickr.com/5671/23031969873_412c300d1c.jpg", "url_m": "https://farm6.staticflickr.com/5671/23031969873_412c300d1c_m.jpg", "link": "https://www.flickr.com/photos/115096994@N02/23031969873", "url_b": "https://farm6.staticflickr.com/5671/23031969873_412c300d1c_b.jpg", "title": "Unprovenanced_Sword0001_Unprovenanced_Sword0002_fb"}, "n_answers": 3, "quorum": 0, "calibration": 0, "created": "2015-12-11T11:06:16.644970", "state": "completed", "project_id": 273, "id": 50280, "priority_0": 0.0}, {"info": {"url": "https://farm1.staticflickr.com/618/23291086779_1136717171.jpg", "url_m": "https://farm1.staticflickr.com/618/23291086779_1136717171_m.jpg", "link": "https://www.flickr.com/photos/115096994@N02/23291086779", "url_b": "https://farm1.staticflickr.com/618/23291086779_1136717171_b.jpg", "title": "Unprovenanced_Sword0003_Unprovenanced_Sword0004_fb"}, "n_answers": 3, "quorum": 0, "calibration": 0, "created": "2015-12-11T11:06:16.688702", "state": "completed", "project_id": 273, "id": 50281, "priority_0": 0.0}, {"info": {"url": "https://farm1.staticflickr.com/756/23363359950_45ba276970.jpg", "url_m": "https://farm1.staticflickr.com/756/23363359950_45ba276970_m.jpg", "link": "https://www.flickr.com/photos/115096994@N02/23363359950", "url_b": "https://farm1.staticflickr.com/756/23363359950_45ba276970_b.jpg", "title": "Unprovenanced_Sword0005_Unprovenanced_Sword0006_fb"}, "n_answers": 3, "quorum": 0, "calibration": 0, "created": "2015-12-11T11:06:16.738824", "state": "completed", "project_id": 273, "id": 50282, "priority_0": 0.0}, {"info": {"url": "https://farm1.staticflickr.com/605/23659027655_86b1334998.jpg", "url_m": "https://farm1.staticflickr.com/605/23659027655_86b1334998_m.jpg", "link": "https://www.flickr.com/photos/115096994@N02/23659027655", "url_b": "https://farm1.staticflickr.com/605/23659027655_86b1334998_b.jpg", "title": "Unprovenanced_Sword0007_Unprovenanced_Sword0008_fb"}, "n_answers": 3, "quorum": 0, "calibration": 0, "created": "2015-12-11T11:06:16.772059", "state": "completed", "project_id": 273, "id": 50283, "priority_0": 0.0}, {"info": {"url": "https://farm6.staticflickr.com/5749/23030870534_fa09c7a222.jpg", "url_m": "https://farm6.staticflickr.com/5749/23030870534_fa09c7a222_m.jpg", "link": "https://www.flickr.com/photos/115096994@N02/23030870534", "url_b": "https://farm6.staticflickr.com/5749/23030870534_fa09c7a222_b.jpg", "title": "Unprovenanced_Sword0009_Unprovenanced_Sword0010_fb"}, "n_answers": 3, "quorum": 0, "calibration": 0, "created": "2015-12-11T11:06:16.805360", "state": "completed", "project_id": 273, "id": 50284, "priority_0": 0.0}, {"info": {"url": "https://farm1.staticflickr.com/667/23632959006_c455a0653d.jpg", "url_m": "https://farm1.staticflickr.com/667/23632959006_c455a0653d_m.jpg", "link": "https://www.flickr.com/photos/115096994@N02/23632959006", "url_b": "https://farm1.staticflickr.com/667/23632959006_c455a0653d_b.jpg", "title": "Unprovenanced_Sword0011_Unprovenanced_Sword0012_fb"}, "n_answers": 3, "quorum": 0, "calibration": 0, "created": "2015-12-11T11:06:16.847246", "state": "completed", "project_id": 273, "id": 50285, "priority_0": 0.0}, {"info": {"url": "https://farm1.staticflickr.com/778/23632958516_2823253200.jpg", "url_m": "https://farm1.staticflickr.com/778/23632958516_2823253200_m.jpg", "link": "https://www.flickr.com/photos/115096994@N02/23632958516", "url_b": "https://farm1.staticflickr.com/778/23632958516_2823253200_b.jpg", "title": "Unprovenanced_Sword0013_Unprovenanced_Sword0014_fb"}, "n_answers": 3, "quorum": 0, "calibration": 0, "created": "2015-12-11T11:06:16.895212", "state": "completed", "project_id": 273, "id": 50286, "priority_0": 0.0}, {"info": {"url": "https://farm6.staticflickr.com/5729/23632957856_800d4acc8f.jpg", "url_m": "https://farm6.staticflickr.com/5729/23632957856_800d4acc8f_m.jpg", "link": "https://www.flickr.com/photos/115096994@N02/23632957856", "url_b": "https://farm6.staticflickr.com/5729/23632957856_800d4acc8f_b.jpg", "title": "Unprovenanced_Sword0015_Unprovenanced_Sword0016_fb"}, "n_answers": 3, "quorum": 0, "calibration": 0, "created": "2015-12-11T11:06:16.967666", "state": "completed", "project_id": 273, "id": 50287, "priority_0": 0.0}, {"info": {"url": "https://farm6.staticflickr.com/5748/23030868624_8f153d22fd.jpg", "url_m": "https://farm6.staticflickr.com/5748/23030868624_8f153d22fd_m.jpg", "link": "https://www.flickr.com/photos/115096994@N02/23030868624", "url_b": "https://farm6.staticflickr.com/5748/23030868624_8f153d22fd_b.jpg", "title": "Unprovenanced_Sword0017_Unprovenanced_Sword0018_fb"}, "n_answers": 3, "quorum": 0, "calibration": 0, "created": "2015-12-11T11:06:17.014511", "state": "completed", "project_id": 273, "id": 50288, "priority_0": 0.0}, {"info": {"url": "https://farm6.staticflickr.com/5780/23550470932_ebd8cf97fb.jpg", "url_m": "https://farm6.staticflickr.com/5780/23550470932_ebd8cf97fb_m.jpg", "link": "https://www.flickr.com/photos/115096994@N02/23550470932", "url_b": "https://farm6.staticflickr.com/5780/23550470932_ebd8cf97fb_b.jpg", "title": "Unprovenanced_Sword0019_Unprovenanced_Sword0020_fb"}, "n_answers": 3, "quorum": 0, "calibration": 0, "created": "2015-12-11T11:06:17.056120", "state": "completed", "project_id": 273, "id": 50289, "priority_0": 0.0}, {"info": {"url": "https://farm6.staticflickr.com/5687/23363355130_53f2257347.jpg", "url_m": "https://farm6.staticflickr.com/5687/23363355130_53f2257347_m.jpg", "link": "https://www.flickr.com/photos/115096994@N02/23363355130", "url_b": "https://farm6.staticflickr.com/5687/23363355130_53f2257347_b.jpg", "title": "Unprovenanced_Sword0021_Unprovenanced_Sword0022_fb"}, "n_answers": 3, "quorum": 0, "calibration": 0, "created": "2015-12-11T11:06:17.099568", "state": "completed", "project_id": 273, "id": 50290, "priority_0": 0.0}, {"info": {"url": "https://farm6.staticflickr.com/5684/23550469842_761d27e758.jpg", "url_m": "https://farm6.staticflickr.com/5684/23550469842_761d27e758_m.jpg", "link": "https://www.flickr.com/photos/115096994@N02/23550469842", "url_b": "https://farm6.staticflickr.com/5684/23550469842_761d27e758_b.jpg", "title": "Unprovenanced_Sword0023_Unprovenanced_Sword0024_fb"}, "n_answers": 3, "quorum": 0, "calibration": 0, "created": "2015-12-11T11:06:17.138917", "state": "completed", "project_id": 273, "id": 50291, "priority_0": 0.0}, {"info": {"url": "https://farm1.staticflickr.com/591/23632955876_8b035fcb63.jpg", "url_m": "https://farm1.staticflickr.com/591/23632955876_8b035fcb63_m.jpg", "link": "https://www.flickr.com/photos/115096994@N02/23632955876", "url_b": "https://farm1.staticflickr.com/591/23632955876_8b035fcb63_b.jpg", "title": "Unprovenanced_Sword0025_Unprovenanced_Sword0026_fb"}, "n_answers": 3, "quorum": 0, "calibration": 0, "created": "2015-12-11T11:06:17.180479", "state": "completed", "project_id": 273, "id": 50292, "priority_0": 0.0}, {"info": {"url": "https://farm1.staticflickr.com/729/23659022675_810216da81.jpg", "url_m": "https://farm1.staticflickr.com/729/23659022675_810216da81_m.jpg", "link": "https://www.flickr.com/photos/115096994@N02/23659022675", "url_b": "https://farm1.staticflickr.com/729/23659022675_810216da81_b.jpg", "title": "Unprovenanced_Sword0027_Unprovenanced_Sword0028_fb"}, "n_answers": 3, "quorum": 0, "calibration": 0, "created": "2015-12-11T11:06:17.255724", "state": "completed", "project_id": 273, "id": 50293, "priority_0": 0.0}, {"info": {"url": "https://farm1.staticflickr.com/685/23550467912_b020d6fa4f.jpg", "url_m": "https://farm1.staticflickr.com/685/23550467912_b020d6fa4f_m.jpg", "link": "https://www.flickr.com/photos/115096994@N02/23550467912", "url_b": "https://farm1.staticflickr.com/685/23550467912_b020d6fa4f_b.jpg", "title": "Unprovenanced_Sword0029_Unprovenanced_Sword0030_fb"}, "n_answers": 3, "quorum": 0, "calibration": 0, "created": "2015-12-11T11:06:17.311400", "state": "completed", "project_id": 273, "id": 50294, "priority_0": 0.0}, {"info": {"url": "https://farm1.staticflickr.com/574/23030864554_ac911a7fe2.jpg", "url_m": "https://farm1.staticflickr.com/574/23030864554_ac911a7fe2_m.jpg", "link": "https://www.flickr.com/photos/115096994@N02/23030864554", "url_b": "https://farm1.staticflickr.com/574/23030864554_ac911a7fe2_b.jpg", "title": "Unprovenanced_Sword0031_Unprovenanced_Sword0032_fb"}, "n_answers": 3, "quorum": 0, "calibration": 0, "created": "2015-12-11T11:06:17.536068", "state": "completed", "project_id": 273, "id": 50295, "priority_0": 0.0}, {"info": {"url": "https://farm6.staticflickr.com/5824/23550466412_7e9a7f62d4.jpg", "url_m": "https://farm6.staticflickr.com/5824/23550466412_7e9a7f62d4_m.jpg", "link": "https://www.flickr.com/photos/115096994@N02/23550466412", "url_b": "https://farm6.staticflickr.com/5824/23550466412_7e9a7f62d4_b.jpg", "title": "Unprovenanced_Sword0033_Unprovenanced_Sword0034_fb"}, "n_answers": 3, "quorum": 0, "calibration": 0, "created": "2015-12-11T11:06:17.587537", "state": "completed", "project_id": 273, "id": 50296, "priority_0": 0.0}, {"info": {"url": "https://farm1.staticflickr.com/748/23632952596_b0bb2f9054.jpg", "url_m": "https://farm1.staticflickr.com/748/23632952596_b0bb2f9054_m.jpg", "link": "https://www.flickr.com/photos/115096994@N02/23632952596", "url_b": "https://farm1.staticflickr.com/748/23632952596_b0bb2f9054_b.jpg", "title": "Unprovenanced_Sword0035_Unprovenanced_Sword0036_fb"}, "n_answers": 3, "quorum": 0, "calibration": 0, "created": "2015-12-11T11:06:17.641886", "state": "completed", "project_id": 273, "id": 50297, "priority_0": 0.0}, {"info": {"url": "https://farm1.staticflickr.com/703/23363349880_1158bb5105.jpg", "url_m": "https://farm1.staticflickr.com/703/23363349880_1158bb5105_m.jpg", "link": "https://www.flickr.com/photos/115096994@N02/23363349880", "url_b": "https://farm1.staticflickr.com/703/23363349880_1158bb5105_b.jpg", "title": "Unprovenanced_Sword0037_Unprovenanced_Sword0038_fb"}, "n_answers": 3, "quorum": 0, "calibration": 0, "created": "2015-12-11T11:06:17.683345", "state": "completed", "project_id": 273, "id": 50298, "priority_0": 0.0}, {"info": {"url": "https://farm6.staticflickr.com/5734/23632951146_d6d10434f9.jpg", "url_m": "https://farm6.staticflickr.com/5734/23632951146_d6d10434f9_m.jpg", "link": "https://www.flickr.com/photos/115096994@N02/23632951146", "url_b": "https://farm6.staticflickr.com/5734/23632951146_d6d10434f9_b.jpg", "title": "Unprovenanced_Sword0039_Unprovenanced_Sword0040_fb"}, "n_answers": 3, "quorum": 0, "calibration": 0, "created": "2015-12-11T11:06:17.836983", "state": "completed", "project_id": 273, "id": 50299, "priority_0": 0.0}, {"info": {"url": "https://farm6.staticflickr.com/5670/23632950546_ff103f2e16.jpg", "url_m": "https://farm6.staticflickr.com/5670/23632950546_ff103f2e16_m.jpg", "link": "https://www.flickr.com/photos/115096994@N02/23632950546", "url_b": "https://farm6.staticflickr.com/5670/23632950546_ff103f2e16_b.jpg", "title": "Unprovenanced_Sword0041_Unprovenanced_Sword0042_fb"}, "n_answers": 3, "quorum": 0, "calibration": 0, "created": "2015-12-11T11:06:17.879572", "state": "completed", "project_id": 273, "id": 50300, "priority_0": 0.0}, {"info": {"url": "https://farm6.staticflickr.com/5691/23659016535_53edd71863.jpg", "url_m": "https://farm6.staticflickr.com/5691/23659016535_53edd71863_m.jpg", "link": "https://www.flickr.com/photos/115096994@N02/23659016535", "url_b": "https://farm6.staticflickr.com/5691/23659016535_53edd71863_b.jpg", "title": "Unprovenanced_Sword0043_Unprovenanced_Sword0044_fb"}, "n_answers": 3, "quorum": 0, "calibration": 0, "created": "2015-12-11T11:06:18.311897", "state": "completed", "project_id": 273, "id": 50301, "priority_0": 0.0}, {"info": {"url": "https://farm6.staticflickr.com/5799/23659016315_2646703418.jpg", "url_m": "https://farm6.staticflickr.com/5799/23659016315_2646703418_m.jpg", "link": "https://www.flickr.com/photos/115096994@N02/23659016315", "url_b": "https://farm6.staticflickr.com/5799/23659016315_2646703418_b.jpg", "title": "Unprovenanced_Sword0045_Unprovenanced_Sword0046_fb"}, "n_answers": 3, "quorum": 0, "calibration": 0, "created": "2015-12-11T11:06:18.566458", "state": "completed", "project_id": 273, "id": 50302, "priority_0": 0.0}, {"info": {"url": "https://farm6.staticflickr.com/5661/23632948936_9b224a8559.jpg", "url_m": "https://farm6.staticflickr.com/5661/23632948936_9b224a8559_m.jpg", "link": "https://www.flickr.com/photos/115096994@N02/23632948936", "url_b": "https://farm6.staticflickr.com/5661/23632948936_9b224a8559_b.jpg", "title": "Unprovenanced_Sword0047_Unprovenanced_Sword0048_fb"}, "n_answers": 3, "quorum": 0, "calibration": 0, "created": "2015-12-11T11:06:18.761308", "state": "completed", "project_id": 273, "id": 50303, "priority_0": 0.0}, {"info": {"url": "https://farm1.staticflickr.com/739/23550460722_5f062befbd.jpg", "url_m": "https://farm1.staticflickr.com/739/23550460722_5f062befbd_m.jpg", "link": "https://www.flickr.com/photos/115096994@N02/23550460722", "url_b": "https://farm1.staticflickr.com/739/23550460722_5f062befbd_b.jpg", "title": "Unprovenanced_Sword0049_Unprovenanced_Sword0050_fb"}, "n_answers": 3, "quorum": 0, "calibration": 0, "created": "2015-12-11T11:06:18.829750", "state": "completed", "project_id": 273, "id": 50304, "priority_0": 0.0}, {"info": {"url": "https://farm1.staticflickr.com/702/23632947586_4362af94bb.jpg", "url_m": "https://farm1.staticflickr.com/702/23632947586_4362af94bb_m.jpg", "link": "https://www.flickr.com/photos/115096994@N02/23632947586", "url_b": "https://farm1.staticflickr.com/702/23632947586_4362af94bb_b.jpg", "title": "Unprovenanced_Sword0051_Unprovenanced_Sword0052_fb"}, "n_answers": 3, "quorum": 0, "calibration": 0, "created": "2015-12-11T11:06:18.871456", "state": "completed", "project_id": 273, "id": 50305, "priority_0": 0.0}, {"info": {"url": "https://farm1.staticflickr.com/630/23659013715_55a9d2a3ca.jpg", "url_m": "https://farm1.staticflickr.com/630/23659013715_55a9d2a3ca_m.jpg", "link": "https://www.flickr.com/photos/115096994@N02/23659013715", "url_b": "https://farm1.staticflickr.com/630/23659013715_55a9d2a3ca_b.jpg", "title": "Unprovenanced_Sword0053_Unprovenanced_Sword0054_fb"}, "n_answers": 3, "quorum": 0, "calibration": 0, "created": "2015-12-11T11:06:18.917510", "state": "completed", "project_id": 273, "id": 50306, "priority_0": 0.0}, {"info": {"url": "https://farm1.staticflickr.com/573/23291070439_2a0a24e708.jpg", "url_m": "https://farm1.staticflickr.com/573/23291070439_2a0a24e708_m.jpg", "link": "https://www.flickr.com/photos/115096994@N02/23291070439", "url_b": "https://farm1.staticflickr.com/573/23291070439_2a0a24e708_b.jpg", "title": "Unprovenanced_Sword0055_Unprovenanced_Sword0056_fb"}, "n_answers": 3, "quorum": 0, "calibration": 0, "created": "2015-12-11T11:06:18.962600", "state": "completed", "project_id": 273, "id": 50307, "priority_0": 0.0}, {"info": {"url": "https://farm1.staticflickr.com/641/23031952643_a5d6b483db.jpg", "url_m": "https://farm1.staticflickr.com/641/23031952643_a5d6b483db_m.jpg", "link": "https://www.flickr.com/photos/115096994@N02/23031952643", "url_b": "https://farm1.staticflickr.com/641/23031952643_a5d6b483db_b.jpg", "title": "Unprovenanced_Sword0057_Unprovenanced_Sword0058_fb"}, "n_answers": 3, "quorum": 0, "calibration": 0, "created": "2015-12-11T11:06:19.000570", "state": "completed", "project_id": 273, "id": 50308, "priority_0": 0.0}, {"info": {"url": "https://farm6.staticflickr.com/5745/23550457962_ddbd4b1fa0.jpg", "url_m": "https://farm6.staticflickr.com/5745/23550457962_ddbd4b1fa0_m.jpg", "link": "https://www.flickr.com/photos/115096994@N02/23550457962", "url_b": "https://farm6.staticflickr.com/5745/23550457962_ddbd4b1fa0_b.jpg", "title": "Unprovenanced_Sword0059_Unprovenanced_Sword0060_fb"}, "n_answers": 3, "quorum": 0, "calibration": 0, "created": "2015-12-11T11:06:19.051864", "state": "completed", "project_id": 273, "id": 50309, "priority_0": 0.0}, {"info": {"url": "https://farm6.staticflickr.com/5675/23363342400_408b37cd36.jpg", "url_m": "https://farm6.staticflickr.com/5675/23363342400_408b37cd36_m.jpg", "link": "https://www.flickr.com/photos/115096994@N02/23363342400", "url_b": "https://farm6.staticflickr.com/5675/23363342400_408b37cd36_b.jpg", "title": "Unprovenanced_Sword0061_Unprovenanced_Sword0062_fb"}, "n_answers": 3, "quorum": 0, "calibration": 0, "created": "2015-12-11T11:06:19.092951", "state": "completed", "project_id": 273, "id": 50310, "priority_0": 0.0}, {"info": {"url": "https://farm6.staticflickr.com/5746/23632944546_5a778f9ae1.jpg", "url_m": "https://farm6.staticflickr.com/5746/23632944546_5a778f9ae1_m.jpg", "link": "https://www.flickr.com/photos/115096994@N02/23632944546", "url_b": "https://farm6.staticflickr.com/5746/23632944546_5a778f9ae1_b.jpg", "title": "Unprovenanced_Sword0063_Unprovenanced_Sword0064_fb"}, "n_answers": 3, "quorum": 0, "calibration": 0, "created": "2015-12-11T11:06:19.135806", "state": "completed", "project_id": 273, "id": 50311, "priority_0": 0.0}, {"info": {"url": "https://farm1.staticflickr.com/771/23576580031_a8bd456ef1.jpg", "url_m": "https://farm1.staticflickr.com/771/23576580031_a8bd456ef1_m.jpg", "link": "https://www.flickr.com/photos/115096994@N02/23576580031", "url_b": "https://farm1.staticflickr.com/771/23576580031_a8bd456ef1_b.jpg", "title": "Unprovenanced_Sword0065_Unprovenanced_Sword0066_fb"}, "n_answers": 3, "quorum": 0, "calibration": 0, "created": "2015-12-11T11:06:19.306473", "state": "completed", "project_id": 273, "id": 50312, "priority_0": 0.0}, {"info": {"url": "https://farm6.staticflickr.com/5664/23291066749_24b2fa4f3f.jpg", "url_m": "https://farm6.staticflickr.com/5664/23291066749_24b2fa4f3f_m.jpg", "link": "https://www.flickr.com/photos/115096994@N02/23291066749", "url_b": "https://farm6.staticflickr.com/5664/23291066749_24b2fa4f3f_b.jpg", "title": "Unprovenanced_Sword0067_Unprovenanced_Sword0068_fb"}, "n_answers": 3, "quorum": 0, "calibration": 0, "created": "2015-12-11T11:06:19.373425", "state": "completed", "project_id": 273, "id": 50313, "priority_0": 0.0}, {"info": {"url": "https://farm1.staticflickr.com/585/23550455232_b689913fcf.jpg", "url_m": "https://farm1.staticflickr.com/585/23550455232_b689913fcf_m.jpg", "link": "https://www.flickr.com/photos/115096994@N02/23550455232", "url_b": "https://farm1.staticflickr.com/585/23550455232_b689913fcf_b.jpg", "title": "Unprovenanced_Sword0069_Unprovenanced_Sword0070_fb"}, "n_answers": 3, "quorum": 0, "calibration": 0, "created": "2015-12-11T11:06:19.418981", "state": "completed", "project_id": 273, "id": 50314, "priority_0": 0.0}, {"info": {"url": "https://farm6.staticflickr.com/5746/23030851484_ac9081d03d.jpg", "url_m": "https://farm6.staticflickr.com/5746/23030851484_ac9081d03d_m.jpg", "link": "https://www.flickr.com/photos/115096994@N02/23030851484", "url_b": "https://farm6.staticflickr.com/5746/23030851484_ac9081d03d_b.jpg", "title": "Unprovenanced_Sword0071_Unprovenanced_Sword0072_fb"}, "n_answers": 3, "quorum": 0, "calibration": 0, "created": "2015-12-11T11:06:19.459592", "state": "completed", "project_id": 273, "id": 50315, "priority_0": 0.0}, {"info": {"url": "https://farm1.staticflickr.com/649/23659007455_7a68f93ff7.jpg", "url_m": "https://farm1.staticflickr.com/649/23659007455_7a68f93ff7_m.jpg", "link": "https://www.flickr.com/photos/115096994@N02/23659007455", "url_b": "https://farm1.staticflickr.com/649/23659007455_7a68f93ff7_b.jpg", "title": "Unprovenanced_Sword0073_Unprovenanced_Sword0074_fb"}, "n_answers": 3, "quorum": 0, "calibration": 0, "created": "2015-12-11T11:06:19.501600", "state": "completed", "project_id": 273, "id": 50316, "priority_0": 0.0}, {"info": {"url": "https://farm6.staticflickr.com/5684/23030850104_d5a11e6229.jpg", "url_m": "https://farm6.staticflickr.com/5684/23030850104_d5a11e6229_m.jpg", "link": "https://www.flickr.com/photos/115096994@N02/23030850104", "url_b": "https://farm6.staticflickr.com/5684/23030850104_d5a11e6229_b.jpg", "title": "Unprovenanced_Sword0075_Unprovenanced_Sword0076_fb"}, "n_answers": 3, "quorum": 0, "calibration": 0, "created": "2015-12-11T11:06:19.543231", "state": "completed", "project_id": 273, "id": 50317, "priority_0": 0.0}, {"info": {"url": "https://farm6.staticflickr.com/5775/23550452522_c856bdf9bf.jpg", "url_m": "https://farm6.staticflickr.com/5775/23550452522_c856bdf9bf_m.jpg", "link": "https://www.flickr.com/photos/115096994@N02/23550452522", "url_b": "https://farm6.staticflickr.com/5775/23550452522_c856bdf9bf_b.jpg", "title": "Unprovenanced_Sword0077_Unprovenanced_Sword0078_fb"}, "n_answers": 3, "quorum": 0, "calibration": 0, "created": "2015-12-11T11:06:19.589177", "state": "completed", "project_id": 273, "id": 50318, "priority_0": 0.0}, {"info": {"url": "https://farm1.staticflickr.com/649/23659005855_44bfca725e.jpg", "url_m": "https://farm1.staticflickr.com/649/23659005855_44bfca725e_m.jpg", "link": "https://www.flickr.com/photos/115096994@N02/23659005855", "url_b": "https://farm1.staticflickr.com/649/23659005855_44bfca725e_b.jpg", "title": "Unprovenanced_Sword0079_Unprovenanced_Sword0080_fb"}, "n_answers": 3, "quorum": 0, "calibration": 0, "created": "2015-12-11T11:06:19.620434", "state": "completed", "project_id": 273, "id": 50319, "priority_0": 0.0}, {"info": {"url": "https://farm1.staticflickr.com/578/23030848664_8e970300d6.jpg", "url_m": "https://farm1.staticflickr.com/578/23030848664_8e970300d6_m.jpg", "link": "https://www.flickr.com/photos/115096994@N02/23030848664", "url_b": "https://farm1.staticflickr.com/578/23030848664_8e970300d6_b.jpg", "title": "Unprovenanced_Sword0081_Unprovenanced_Sword0082_fb"}, "n_answers": 3, "quorum": 0, "calibration": 0, "created": "2015-12-11T11:06:19.651138", "state": "completed", "project_id": 273, "id": 50320, "priority_0": 0.0}, {"info": {"url": "https://farm6.staticflickr.com/5717/23291061889_5ce112a91e.jpg", "url_m": "https://farm6.staticflickr.com/5717/23291061889_5ce112a91e_m.jpg", "link": "https://www.flickr.com/photos/115096994@N02/23291061889", "url_b": "https://farm6.staticflickr.com/5717/23291061889_5ce112a91e_b.jpg", "title": "Unprovenanced_Sword0083_Unprovenanced_Sword0084_fb"}, "n_answers": 3, "quorum": 0, "calibration": 0, "created": "2015-12-11T11:06:19.711879", "state": "completed", "project_id": 273, "id": 50321, "priority_0": 0.0}, {"info": {"url": "https://farm6.staticflickr.com/5693/23550450442_852ce9798f.jpg", "url_m": "https://farm6.staticflickr.com/5693/23550450442_852ce9798f_m.jpg", "link": "https://www.flickr.com/photos/115096994@N02/23550450442", "url_b": "https://farm6.staticflickr.com/5693/23550450442_852ce9798f_b.jpg", "title": "Unprovenanced_Sword0085_Unprovenanced_Sword0086_fb"}, "n_answers": 3, "quorum": 0, "calibration": 0, "created": "2015-12-11T11:06:20.186275", "state": "completed", "project_id": 273, "id": 50322, "priority_0": 0.0}, {"info": {"url": "https://farm6.staticflickr.com/5676/23363334580_7b1a4b3a97.jpg", "url_m": "https://farm6.staticflickr.com/5676/23363334580_7b1a4b3a97_m.jpg", "link": "https://www.flickr.com/photos/115096994@N02/23363334580", "url_b": "https://farm6.staticflickr.com/5676/23363334580_7b1a4b3a97_b.jpg", "title": "Unprovenanced_Sword0087_Unprovenanced_Sword0088_fb"}, "n_answers": 3, "quorum": 0, "calibration": 0, "created": "2015-12-11T11:06:20.725790", "state": "completed", "project_id": 273, "id": 50323, "priority_0": 0.0}, {"info": {"url": "https://farm1.staticflickr.com/675/23550449262_8a0d7a079b.jpg", "url_m": "https://farm1.staticflickr.com/675/23550449262_8a0d7a079b_m.jpg", "link": "https://www.flickr.com/photos/115096994@N02/23550449262", "url_b": "https://farm1.staticflickr.com/675/23550449262_8a0d7a079b_b.jpg", "title": "Unprovenanced_Sword0089_Unprovenanced_Sword0090_fb"}, "n_answers": 3, "quorum": 0, "calibration": 0, "created": "2015-12-11T11:06:20.968126", "state": "completed", "project_id": 273, "id": 50324, "priority_0": 0.0}, {"info": {"url": "https://farm1.staticflickr.com/685/23576572981_6d3a9582ef.jpg", "url_m": "https://farm1.staticflickr.com/685/23576572981_6d3a9582ef_m.jpg", "link": "https://www.flickr.com/photos/115096994@N02/23576572981", "url_b": "https://farm1.staticflickr.com/685/23576572981_6d3a9582ef_b.jpg", "title": "Unprovenanced_Sword0091_Unprovenanced_Sword0092_fb"}, "n_answers": 3, "quorum": 0, "calibration": 0, "created": "2015-12-11T11:06:21.324574", "state": "completed", "project_id": 273, "id": 50325, "priority_0": 0.0}, {"info": {"url": "https://farm6.staticflickr.com/5725/23550448662_69ca1c3bc5.jpg", "url_m": "https://farm6.staticflickr.com/5725/23550448662_69ca1c3bc5_m.jpg", "link": "https://www.flickr.com/photos/115096994@N02/23550448662", "url_b": "https://farm6.staticflickr.com/5725/23550448662_69ca1c3bc5_b.jpg", "title": "Unprovenanced_Sword0093_Unprovenanced_Sword0094_fb"}, "n_answers": 3, "quorum": 0, "calibration": 0, "created": "2015-12-11T11:06:21.569738", "state": "completed", "project_id": 273, "id": 50326, "priority_0": 0.0}, {"info": {"url": "https://farm1.staticflickr.com/745/23291059279_7ae699774c.jpg", "url_m": "https://farm1.staticflickr.com/745/23291059279_7ae699774c_m.jpg", "link": "https://www.flickr.com/photos/115096994@N02/23291059279", "url_b": "https://farm1.staticflickr.com/745/23291059279_7ae699774c_b.jpg", "title": "Unprovenanced_Sword0095_Unprovenanced_Sword0096_fb"}, "n_answers": 3, "quorum": 0, "calibration": 0, "created": "2015-12-11T11:06:21.683266", "state": "completed", "project_id": 273, "id": 50327, "priority_0": 0.0}, {"info": {"url": "https://farm6.staticflickr.com/5718/23031941593_bc3ffc991e.jpg", "url_m": "https://farm6.staticflickr.com/5718/23031941593_bc3ffc991e_m.jpg", "link": "https://www.flickr.com/photos/115096994@N02/23031941593", "url_b": "https://farm6.staticflickr.com/5718/23031941593_bc3ffc991e_b.jpg", "title": "Unprovenanced_Sword0097_Unprovenanced_Sword0098_fb"}, "n_answers": 3, "quorum": 0, "calibration": 0, "created": "2015-12-11T11:06:21.792641", "state": "completed", "project_id": 273, "id": 50328, "priority_0": 0.0}, {"info": {"url": "https://farm1.staticflickr.com/672/23659001295_88ec14aeab.jpg", "url_m": "https://farm1.staticflickr.com/672/23659001295_88ec14aeab_m.jpg", "link": "https://www.flickr.com/photos/115096994@N02/23659001295", "url_b": "https://farm1.staticflickr.com/672/23659001295_88ec14aeab_b.jpg", "title": "Unprovenanced_Sword0099_Unprovenanced_Sword0100_fb"}, "n_answers": 3, "quorum": 0, "calibration": 0, "created": "2015-12-11T11:06:21.908622", "state": "completed", "project_id": 273, "id": 50329, "priority_0": 0.0}, {"info": {"url": "https://farm1.staticflickr.com/782/23363331940_4f3fb88347.jpg", "url_m": "https://farm1.staticflickr.com/782/23363331940_4f3fb88347_m.jpg", "link": "https://www.flickr.com/photos/115096994@N02/23363331940", "url_b": "https://farm1.staticflickr.com/782/23363331940_4f3fb88347_b.jpg", "title": "Unprovenanced_Sword0101_Unprovenanced_Sword0102_fb"}, "n_answers": 3, "quorum": 0, "calibration": 0, "created": "2015-12-11T11:06:21.982807", "state": "completed", "project_id": 273, "id": 50330, "priority_0": 0.0}, {"info": {"url": "https://farm1.staticflickr.com/656/23550446662_cab14185d4.jpg", "url_m": "https://farm1.staticflickr.com/656/23550446662_cab14185d4_m.jpg", "link": "https://www.flickr.com/photos/115096994@N02/23550446662", "url_b": "https://farm1.staticflickr.com/656/23550446662_cab14185d4_b.jpg", "title": "Unprovenanced_Sword0103_Unprovenanced_Sword0104_fb"}, "n_answers": 3, "quorum": 0, "calibration": 0, "created": "2015-12-11T11:06:22.025544", "state": "completed", "project_id": 273, "id": 50331, "priority_0": 0.0}, {"info": {"url": "https://farm6.staticflickr.com/5660/23030843534_f4817193d2.jpg", "url_m": "https://farm6.staticflickr.com/5660/23030843534_f4817193d2_m.jpg", "link": "https://www.flickr.com/photos/115096994@N02/23030843534", "url_b": "https://farm6.staticflickr.com/5660/23030843534_f4817193d2_b.jpg", "title": "Unprovenanced_Sword0105_Unprovenanced_Sword0106_fb"}, "n_answers": 3, "quorum": 0, "calibration": 0, "created": "2015-12-11T11:06:22.067406", "state": "completed", "project_id": 273, "id": 50332, "priority_0": 0.0}, {"info": {"url": "https://farm1.staticflickr.com/749/23291056709_6424eebf7f.jpg", "url_m": "https://farm1.staticflickr.com/749/23291056709_6424eebf7f_m.jpg", "link": "https://www.flickr.com/photos/115096994@N02/23291056709", "url_b": "https://farm1.staticflickr.com/749/23291056709_6424eebf7f_b.jpg", "title": "Unprovenanced_Sword0107_Unprovenanced_Sword0108_fb"}, "n_answers": 3, "quorum": 0, "calibration": 0, "created": "2015-12-11T11:06:22.136990", "state": "completed", "project_id": 273, "id": 50333, "priority_0": 0.0}, {"info": {"url": "https://farm1.staticflickr.com/654/23550445012_0ab9f06797.jpg", "url_m": "https://farm1.staticflickr.com/654/23550445012_0ab9f06797_m.jpg", "link": "https://www.flickr.com/photos/115096994@N02/23550445012", "url_b": "https://farm1.staticflickr.com/654/23550445012_0ab9f06797_b.jpg", "title": "Unprovenanced_Sword0109_Unprovenanced_Sword0110_fb"}, "n_answers": 3, "quorum": 0, "calibration": 0, "created": "2015-12-11T11:06:22.176381", "state": "completed", "project_id": 273, "id": 50334, "priority_0": 0.0}, {"info": {"url": "https://farm6.staticflickr.com/5720/23550444352_5ec551bafc.jpg", "url_m": "https://farm6.staticflickr.com/5720/23550444352_5ec551bafc_m.jpg", "link": "https://www.flickr.com/photos/115096994@N02/23550444352", "url_b": "https://farm6.staticflickr.com/5720/23550444352_5ec551bafc_b.jpg", "title": "Unprovenanced_Sword0111_Unprovenanced_Sword0112_fb"}, "n_answers": 3, "quorum": 0, "calibration": 0, "created": "2015-12-11T11:06:22.231743", "state": "completed", "project_id": 273, "id": 50335, "priority_0": 0.0}, {"info": {"url": "https://farm6.staticflickr.com/5762/23632930756_6451d96790.jpg", "url_m": "https://farm6.staticflickr.com/5762/23632930756_6451d96790_m.jpg", "link": "https://www.flickr.com/photos/115096994@N02/23632930756", "url_b": "https://farm6.staticflickr.com/5762/23632930756_6451d96790_b.jpg", "title": "Unprovenanced_Sword0113_Unprovenanced_Sword0114_fb"}, "n_answers": 3, "quorum": 0, "calibration": 0, "created": "2015-12-11T11:06:22.272044", "state": "completed", "project_id": 273, "id": 50336, "priority_0": 0.0}, {"info": {"url": "https://farm6.staticflickr.com/5749/23576567171_599d446047.jpg", "url_m": "https://farm6.staticflickr.com/5749/23576567171_599d446047_m.jpg", "link": "https://www.flickr.com/photos/115096994@N02/23576567171", "url_b": "https://farm6.staticflickr.com/5749/23576567171_599d446047_b.jpg", "title": "Unprovenanced_Sword0115_Unprovenanced_Sword0116_fb"}, "n_answers": 3, "quorum": 0, "calibration": 0, "created": "2015-12-11T11:06:22.314732", "state": "completed", "project_id": 273, "id": 50337, "priority_0": 0.0}, {"info": {"url": "https://farm6.staticflickr.com/5641/23291053449_ace6111e90.jpg", "url_m": "https://farm6.staticflickr.com/5641/23291053449_ace6111e90_m.jpg", "link": "https://www.flickr.com/photos/115096994@N02/23291053449", "url_b": "https://farm6.staticflickr.com/5641/23291053449_ace6111e90_b.jpg", "title": "UnprovPrivate_Sword0001_UnprovPrivate_Sword0002_fb"}, "n_answers": 3, "quorum": 0, "calibration": 0, "created": "2015-12-11T11:06:22.361012", "state": "completed", "project_id": 273, "id": 50338, "priority_0": 0.0}, {"info": {"url": "https://farm1.staticflickr.com/705/23030838984_673df37d46.jpg", "url_m": "https://farm1.staticflickr.com/705/23030838984_673df37d46_m.jpg", "link": "https://www.flickr.com/photos/115096994@N02/23030838984", "url_b": "https://farm1.staticflickr.com/705/23030838984_673df37d46_b.jpg", "title": "UnprovPrivate_Sword0003_UnprovPrivate_Sword0004_fb"}, "n_answers": 3, "quorum": 0, "calibration": 0, "created": "2015-12-11T11:06:22.411782", "state": "completed", "project_id": 273, "id": 50339, "priority_0": 0.0}, {"info": {"url": "https://farm6.staticflickr.com/5695/23550441032_10cc9f81f0.jpg", "url_m": "https://farm6.staticflickr.com/5695/23550441032_10cc9f81f0_m.jpg", "link": "https://www.flickr.com/photos/115096994@N02/23550441032", "url_b": "https://farm6.staticflickr.com/5695/23550441032_10cc9f81f0_b.jpg", "title": "UnprovPrivate_Sword0005_UnprovPrivate_Sword0006_fb"}, "n_answers": 3, "quorum": 0, "calibration": 0, "created": "2015-12-11T11:06:22.453102", "state": "completed", "project_id": 273, "id": 50340, "priority_0": 0.0}, {"info": {"url": "https://farm6.staticflickr.com/5754/23576564711_8099db8051.jpg", "url_m": "https://farm6.staticflickr.com/5754/23576564711_8099db8051_m.jpg", "link": "https://www.flickr.com/photos/115096994@N02/23576564711", "url_b": "https://farm6.staticflickr.com/5754/23576564711_8099db8051_b.jpg", "title": "UnprovPrivate_Sword0007_UnprovPrivate_Sword0008_fb"}, "n_answers": 3, "quorum": 0, "calibration": 0, "created": "2015-12-11T11:06:22.644513", "state": "completed", "project_id": 273, "id": 50341, "priority_0": 0.0}, {"info": {"url": "https://farm1.staticflickr.com/716/23658993495_0f10587a0a.jpg", "url_m": "https://farm1.staticflickr.com/716/23658993495_0f10587a0a_m.jpg", "link": "https://www.flickr.com/photos/115096994@N02/23658993495", "url_b": "https://farm1.staticflickr.com/716/23658993495_0f10587a0a_b.jpg", "title": "UnprovPrivate_Sword0009_UnprovPrivate_Sword0010_fb"}, "n_answers": 3, "quorum": 0, "calibration": 0, "created": "2015-12-11T11:06:22.716796", "state": "completed", "project_id": 273, "id": 50342, "priority_0": 0.0}, {"info": {"url": "https://farm1.staticflickr.com/706/23632926206_6cca34131b.jpg", "url_m": "https://farm1.staticflickr.com/706/23632926206_6cca34131b_m.jpg", "link": "https://www.flickr.com/photos/115096994@N02/23632926206", "url_b": "https://farm1.staticflickr.com/706/23632926206_6cca34131b_b.jpg", "title": "UnprovPrivate_Sword0011_UnprovPrivate_Sword0012_fb"}, "n_answers": 3, "quorum": 0, "calibration": 0, "created": "2015-12-11T11:06:22.757860", "state": "completed", "project_id": 273, "id": 50343, "priority_0": 0.0}, {"info": {"url": "https://farm1.staticflickr.com/591/23632925486_ff43e9856b.jpg", "url_m": "https://farm1.staticflickr.com/591/23632925486_ff43e9856b_m.jpg", "link": "https://www.flickr.com/photos/115096994@N02/23632925486", "url_b": "https://farm1.staticflickr.com/591/23632925486_ff43e9856b_b.jpg", "title": "UnprovPrivate_Sword0013_UnprovPrivate_Sword0014_fb"}, "n_answers": 3, "quorum": 0, "calibration": 0, "created": "2015-12-11T11:06:22.898831", "state": "completed", "project_id": 273, "id": 50344, "priority_0": 0.0}, {"info": {"url": "https://farm1.staticflickr.com/737/23550437682_59962ef39e.jpg", "url_m": "https://farm1.staticflickr.com/737/23550437682_59962ef39e_m.jpg", "link": "https://www.flickr.com/photos/115096994@N02/23550437682", "url_b": "https://farm1.staticflickr.com/737/23550437682_59962ef39e_b.jpg", "title": "UnprovPrivate_Sword0015_UnprovPrivate_Sword0016_fb"}, "n_answers": 3, "quorum": 0, "calibration": 0, "created": "2015-12-11T11:06:22.939900", "state": "completed", "project_id": 273, "id": 50345, "priority_0": 0.0}, {"info": {"url": "https://farm6.staticflickr.com/5772/23030834334_7e0c788cb3.jpg", "url_m": "https://farm6.staticflickr.com/5772/23030834334_7e0c788cb3_m.jpg", "link": "https://www.flickr.com/photos/115096994@N02/23030834334", "url_b": "https://farm6.staticflickr.com/5772/23030834334_7e0c788cb3_b.jpg", "title": "UnprovPrivate_Sword0017_UnprovPrivate_Sword0018_fb"}, "n_answers": 3, "quorum": 0, "calibration": 0, "created": "2015-12-11T11:06:22.990684", "state": "completed", "project_id": 273, "id": 50346, "priority_0": 0.0}, {"info": {"url": "https://farm6.staticflickr.com/5663/23031929773_fb9825c0a7.jpg", "url_m": "https://farm6.staticflickr.com/5663/23031929773_fb9825c0a7_m.jpg", "link": "https://www.flickr.com/photos/115096994@N02/23031929773", "url_b": "https://farm6.staticflickr.com/5663/23031929773_fb9825c0a7_b.jpg", "title": "UnprovPrivate_Sword0019_UnprovPrivate_Sword0020_fb"}, "n_answers": 3, "quorum": 0, "calibration": 0, "created": "2015-12-11T11:06:23.049237", "state": "completed", "project_id": 273, "id": 50347, "priority_0": 0.0}, {"info": {"url": "https://farm6.staticflickr.com/5721/23550435432_0ebe59bb66.jpg", "url_m": "https://farm6.staticflickr.com/5721/23550435432_0ebe59bb66_m.jpg", "link": "https://www.flickr.com/photos/115096994@N02/23550435432", "url_b": "https://farm6.staticflickr.com/5721/23550435432_0ebe59bb66_b.jpg", "title": "UnprovPrivate_Sword0021_UnprovPrivate_Sword0022_fb"}, "n_answers": 3, "quorum": 0, "calibration": 0, "created": "2015-12-11T11:06:23.200661", "state": "completed", "project_id": 273, "id": 50348, "priority_0": 0.0}, {"info": {"url": "https://farm6.staticflickr.com/5678/23363319450_452ffde86a.jpg", "url_m": "https://farm6.staticflickr.com/5678/23363319450_452ffde86a_m.jpg", "link": "https://www.flickr.com/photos/115096994@N02/23363319450", "url_b": "https://farm6.staticflickr.com/5678/23363319450_452ffde86a_b.jpg", "title": "UnprovPrivate_Sword0023_UnprovPrivate_Sword0024_fb"}, "n_answers": 3, "quorum": 0, "calibration": 0, "created": "2015-12-11T11:06:23.319347", "state": "completed", "project_id": 273, "id": 50349, "priority_0": 0.0}, {"info": {"url": "https://farm6.staticflickr.com/5790/23031927383_f49f6bdc36.jpg", "url_m": "https://farm6.staticflickr.com/5790/23031927383_f49f6bdc36_m.jpg", "link": "https://www.flickr.com/photos/115096994@N02/23031927383", "url_b": "https://farm6.staticflickr.com/5790/23031927383_f49f6bdc36_b.jpg", "title": "UnprovPrivate_Sword0025_UnprovPrivate_Sword0026_fb"}, "n_answers": 3, "quorum": 0, "calibration": 0, "created": "2015-12-11T11:06:23.369240", "state": "completed", "project_id": 273, "id": 50350, "priority_0": 0.0}, {"info": {"url": "https://farm6.staticflickr.com/5730/23576557051_ecd1469f3f.jpg", "url_m": "https://farm6.staticflickr.com/5730/23576557051_ecd1469f3f_m.jpg", "link": "https://www.flickr.com/photos/115096994@N02/23576557051", "url_b": "https://farm6.staticflickr.com/5730/23576557051_ecd1469f3f_b.jpg", "title": "UnprovPrivate_Sword0027_UnprovPrivate_Sword0028_fb"}, "n_answers": 3, "quorum": 0, "calibration": 0, "created": "2015-12-11T11:06:23.411272", "state": "completed", "project_id": 273, "id": 50351, "priority_0": 0.0}, {"info": {"url": "https://farm1.staticflickr.com/779/23632920216_446f5a5320.jpg", "url_m": "https://farm1.staticflickr.com/779/23632920216_446f5a5320_m.jpg", "link": "https://www.flickr.com/photos/115096994@N02/23632920216", "url_b": "https://farm1.staticflickr.com/779/23632920216_446f5a5320_b.jpg", "title": "UnprovPrivate_Sword0029_UnprovPrivate_Sword0030_fb"}, "n_answers": 3, "quorum": 0, "calibration": 0, "created": "2015-12-11T11:06:23.460827", "state": "completed", "project_id": 273, "id": 50352, "priority_0": 0.0}, {"info": {"url": "https://farm1.staticflickr.com/625/23031926013_3dc5d10cd8.jpg", "url_m": "https://farm1.staticflickr.com/625/23031926013_3dc5d10cd8_m.jpg", "link": "https://www.flickr.com/photos/115096994@N02/23031926013", "url_b": "https://farm1.staticflickr.com/625/23031926013_3dc5d10cd8_b.jpg", "title": "UnprovPrivate_Sword0031_UnprovPrivate_Sword0032_fb"}, "n_answers": 3, "quorum": 0, "calibration": 0, "created": "2015-12-11T11:06:23.507359", "state": "completed", "project_id": 273, "id": 50353, "priority_0": 0.0}, {"info": {"url": "https://farm1.staticflickr.com/583/23030829044_701d80177d.jpg", "url_m": "https://farm1.staticflickr.com/583/23030829044_701d80177d_m.jpg", "link": "https://www.flickr.com/photos/115096994@N02/23030829044", "url_b": "https://farm1.staticflickr.com/583/23030829044_701d80177d_b.jpg", "title": "UnprovPrivate_Sword0033_UnprovPrivate_Sword0034_fb"}, "n_answers": 3, "quorum": 0, "calibration": 0, "created": "2015-12-11T11:06:23.785188", "state": "completed", "project_id": 273, "id": 50354, "priority_0": 0.0}, {"info": {"url": "https://farm6.staticflickr.com/5634/23030828124_44a1529598.jpg", "url_m": "https://farm6.staticflickr.com/5634/23030828124_44a1529598_m.jpg", "link": "https://www.flickr.com/photos/115096994@N02/23030828124", "url_b": "https://farm6.staticflickr.com/5634/23030828124_44a1529598_b.jpg", "title": "UnprovPrivate_Sword0035_UnprovPrivate_Sword0036_fb"}, "n_answers": 3, "quorum": 0, "calibration": 0, "created": "2015-12-11T11:06:24.171656", "state": "completed", "project_id": 273, "id": 50355, "priority_0": 0.0}, {"info": {"url": "https://farm6.staticflickr.com/5735/23031924193_7395c5ffe2.jpg", "url_m": "https://farm6.staticflickr.com/5735/23031924193_7395c5ffe2_m.jpg", "link": "https://www.flickr.com/photos/115096994@N02/23031924193", "url_b": "https://farm6.staticflickr.com/5735/23031924193_7395c5ffe2_b.jpg", "title": "Warwick_Sword0001_Warwick_Sword0002_fb"}, "n_answers": 3, "quorum": 0, "calibration": 0, "created": "2015-12-11T11:06:24.215026", "state": "completed", "project_id": 273, "id": 50356, "priority_0": 0.0}, {"info": {"url": "https://farm1.staticflickr.com/591/23550430012_f1a18323de.jpg", "url_m": "https://farm1.staticflickr.com/591/23550430012_f1a18323de_m.jpg", "link": "https://www.flickr.com/photos/115096994@N02/23550430012", "url_b": "https://farm1.staticflickr.com/591/23550430012_f1a18323de_b.jpg", "title": "Warwick_Sword0003_Warwick_Sword0004_fb"}, "n_answers": 3, "quorum": 0, "calibration": 0, "created": "2015-12-11T11:06:24.376684", "state": "completed", "project_id": 273, "id": 50357, "priority_0": 0.0}, {"info": {"url": "https://farm6.staticflickr.com/5728/23030826714_6785f7b42e.jpg", "url_m": "https://farm6.staticflickr.com/5728/23030826714_6785f7b42e_m.jpg", "link": "https://www.flickr.com/photos/115096994@N02/23030826714", "url_b": "https://farm6.staticflickr.com/5728/23030826714_6785f7b42e_b.jpg", "title": "Warwick_Sword0005_Warwick_Sword0006_fb"}, "n_answers": 3, "quorum": 0, "calibration": 0, "created": "2015-12-11T11:06:24.424038", "state": "completed", "project_id": 273, "id": 50358, "priority_0": 0.0}, {"info": {"url": "https://farm1.staticflickr.com/644/23576553401_cefe6c566b.jpg", "url_m": "https://farm1.staticflickr.com/644/23576553401_cefe6c566b_m.jpg", "link": "https://www.flickr.com/photos/115096994@N02/23576553401", "url_b": "https://farm1.staticflickr.com/644/23576553401_cefe6c566b_b.jpg", "title": "Warwick_Sword0007_Warwick_Sword0008_fb"}, "n_answers": 3, "quorum": 0, "calibration": 0, "created": "2015-12-11T11:06:24.465359", "state": "completed", "project_id": 273, "id": 50359, "priority_0": 0.0}, {"info": {"url": "https://farm6.staticflickr.com/5746/23576552451_0605847750.jpg", "url_m": "https://farm6.staticflickr.com/5746/23576552451_0605847750_m.jpg", "link": "https://www.flickr.com/photos/115096994@N02/23576552451", "url_b": "https://farm6.staticflickr.com/5746/23576552451_0605847750_b.jpg", "title": "Wiltshire_Sword0001_Wiltshire_Sword0002_fb"}, "n_answers": 3, "quorum": 0, "calibration": 0, "created": "2015-12-11T11:06:24.506802", "state": "completed", "project_id": 273, "id": 50360, "priority_0": 0.0}, {"info": {"url": "https://farm6.staticflickr.com/5795/23550427832_d2be69747d.jpg", "url_m": "https://farm6.staticflickr.com/5795/23550427832_d2be69747d_m.jpg", "link": "https://www.flickr.com/photos/115096994@N02/23550427832", "url_b": "https://farm6.staticflickr.com/5795/23550427832_d2be69747d_b.jpg", "title": "Wiltshire_Sword0003_Wiltshire_Sword0004_fb"}, "n_answers": 3, "quorum": 0, "calibration": 0, "created": "2015-12-11T11:06:24.543724", "state": "completed", "project_id": 273, "id": 50361, "priority_0": 0.0}, {"info": {"url": "https://farm1.staticflickr.com/624/23632915306_604db400be.jpg", "url_m": "https://farm1.staticflickr.com/624/23632915306_604db400be_m.jpg", "link": "https://www.flickr.com/photos/115096994@N02/23632915306", "url_b": "https://farm1.staticflickr.com/624/23632915306_604db400be_b.jpg", "title": "Wiltshire_Sword0005_Wiltshire_Sword0006_fb"}, "n_answers": 3, "quorum": 0, "calibration": 0, "created": "2015-12-11T11:06:24.594092", "state": "completed", "project_id": 273, "id": 50362, "priority_0": 0.0}, {"info": {"url": "https://farm6.staticflickr.com/5701/23291037119_f51fd27448.jpg", "url_m": "https://farm6.staticflickr.com/5701/23291037119_f51fd27448_m.jpg", "link": "https://www.flickr.com/photos/115096994@N02/23291037119", "url_b": "https://farm6.staticflickr.com/5701/23291037119_f51fd27448_b.jpg", "title": "Wiltshire_Sword0007_Wiltshire_Sword0008_fb"}, "n_answers": 3, "quorum": 0, "calibration": 0, "created": "2015-12-11T11:06:24.648336", "state": "completed", "project_id": 273, "id": 50363, "priority_0": 0.0}]