[{"info": {"url": "https://farm8.staticflickr.com/7759/17370689895_be9a9a4712.jpg", "url_m": "https://farm8.staticflickr.com/7759/17370689895_be9a9a4712_m.jpg", "link": "https://www.flickr.com/photos/115096994@N02/17370689895", "url_b": "https://farm8.staticflickr.com/7759/17370689895_be9a9a4712_b.jpg", "title": "Westmeath_RapierB0001_Westmeath_RapierB0002_fb"}, "n_answers": 3, "quorum": 0, "calibration": 0, "created": "2015-05-05T11:14:24.256089", "state": "completed", "project_id": 200, "id": 38352, "priority_0": 0.0}, {"info": {"url": "https://farm9.staticflickr.com/8830/17163233297_674fcb0eac.jpg", "url_m": "https://farm9.staticflickr.com/8830/17163233297_674fcb0eac_m.jpg", "link": "https://www.flickr.com/photos/115096994@N02/17163233297", "url_b": "https://farm9.staticflickr.com/8830/17163233297_674fcb0eac_b.jpg", "title": "Westmeath_DirkB0003_Westmeath_DirkB0004_fb"}, "n_answers": 3, "quorum": 0, "calibration": 0, "created": "2015-05-05T11:14:24.297271", "state": "completed", "project_id": 200, "id": 38353, "priority_0": 0.0}, {"info": {"url": "https://farm8.staticflickr.com/7756/17163241197_910d2c3be6.jpg", "url_m": "https://farm8.staticflickr.com/7756/17163241197_910d2c3be6_m.jpg", "link": "https://www.flickr.com/photos/115096994@N02/17163241197", "url_b": "https://farm8.staticflickr.com/7756/17163241197_910d2c3be6_b.jpg", "title": "Westmeath_DirkB0001_Westmeath_DirkB0002_fb"}, "n_answers": 3, "quorum": 0, "calibration": 0, "created": "2015-05-05T11:14:24.326382", "state": "completed", "project_id": 200, "id": 38354, "priority_0": 0.0}, {"info": {"url": "https://farm8.staticflickr.com/7677/17368759092_d15c026f61.jpg", "url_m": "https://farm8.staticflickr.com/7677/17368759092_d15c026f61_m.jpg", "link": "https://www.flickr.com/photos/115096994@N02/17368759092", "url_b": "https://farm8.staticflickr.com/7677/17368759092_d15c026f61_b.jpg", "title": "Waterford_RapierFrag0001_Waterford_RapierFrag0002_fb"}, "n_answers": 3, "quorum": 0, "calibration": 0, "created": "2015-05-05T11:14:24.354849", "state": "completed", "project_id": 200, "id": 38355, "priority_0": 0.0}, {"info": {"url": "https://farm8.staticflickr.com/7765/17184504009_6f5c3f2b75.jpg", "url_m": "https://farm8.staticflickr.com/7765/17184504009_6f5c3f2b75_m.jpg", "link": "https://www.flickr.com/photos/115096994@N02/17184504009", "url_b": "https://farm8.staticflickr.com/7765/17184504009_6f5c3f2b75_b.jpg", "title": "Tyrone_DirkD0001_Tyrone_DirkD0002_fb"}, "n_answers": 3, "quorum": 0, "calibration": 0, "created": "2015-05-05T11:14:24.380548", "state": "completed", "project_id": 200, "id": 38356, "priority_0": 0.0}, {"info": {"url": "https://farm8.staticflickr.com/7731/16748217394_42e60f0b1e.jpg", "url_m": "https://farm8.staticflickr.com/7731/16748217394_42e60f0b1e_m.jpg", "link": "https://www.flickr.com/photos/115096994@N02/16748217394", "url_b": "https://farm8.staticflickr.com/7731/16748217394_42e60f0b1e_b.jpg", "title": "Tipperary_DirkB0001_Tipperary_DirkB0002_fb"}, "n_answers": 3, "quorum": 0, "calibration": 0, "created": "2015-05-05T11:14:24.410344", "state": "completed", "project_id": 200, "id": 38357, "priority_0": 0.0}, {"info": {"url": "https://farm8.staticflickr.com/7759/17344792956_dd3d2c11fe.jpg", "url_m": "https://farm8.staticflickr.com/7759/17344792956_dd3d2c11fe_m.jpg", "link": "https://www.flickr.com/photos/115096994@N02/17344792956", "url_b": "https://farm8.staticflickr.com/7759/17344792956_dd3d2c11fe_b.jpg", "title": "Tipperary_Dirk0003_Tipperary_Dirk0004_fb"}, "n_answers": 3, "quorum": 0, "calibration": 0, "created": "2015-05-05T11:14:24.438924", "state": "completed", "project_id": 200, "id": 38358, "priority_0": 0.0}, {"info": {"url": "https://farm8.staticflickr.com/7789/17184524629_bc78ac2df1.jpg", "url_m": "https://farm8.staticflickr.com/7789/17184524629_bc78ac2df1_m.jpg", "link": "https://www.flickr.com/photos/115096994@N02/17184524629", "url_b": "https://farm8.staticflickr.com/7789/17184524629_bc78ac2df1_b.jpg", "title": "Tipperary_Dirk0001_Tipperary_Dirk0002_fb"}, "n_answers": 3, "quorum": 0, "calibration": 0, "created": "2015-05-05T11:14:24.468553", "state": "completed", "project_id": 200, "id": 38359, "priority_0": 0.0}, {"info": {"url": "https://farm8.staticflickr.com/7684/17184535859_e0c6c1e944.jpg", "url_m": "https://farm8.staticflickr.com/7684/17184535859_e0c6c1e944_m.jpg", "link": "https://www.flickr.com/photos/115096994@N02/17184535859", "url_b": "https://farm8.staticflickr.com/7684/17184535859_e0c6c1e944_b.jpg", "title": "ThamesorIrish_Dirk0001_ThamesorIrish_Dirk0002_fb"}, "n_answers": 3, "quorum": 0, "calibration": 0, "created": "2015-05-05T11:14:24.497751", "state": "completed", "project_id": 200, "id": 38360, "priority_0": 0.0}, {"info": {"url": "https://farm9.staticflickr.com/8859/17370776605_b41c5947aa.jpg", "url_m": "https://farm9.staticflickr.com/8859/17370776605_b41c5947aa_m.jpg", "link": "https://www.flickr.com/photos/115096994@N02/17370776605", "url_b": "https://farm9.staticflickr.com/8859/17370776605_b41c5947aa_b.jpg", "title": "Sligo_RapierA0001_Sligo_RapierA0002_fb"}, "n_answers": 3, "quorum": 0, "calibration": 0, "created": "2015-05-05T11:14:24.526797", "state": "completed", "project_id": 200, "id": 38361, "priority_0": 0.0}, {"info": {"url": "https://farm8.staticflickr.com/7705/17182971288_2e5a9f46c6.jpg", "url_m": "https://farm8.staticflickr.com/7705/17182971288_2e5a9f46c6_m.jpg", "link": "https://www.flickr.com/photos/115096994@N02/17182971288", "url_b": "https://farm8.staticflickr.com/7705/17182971288_2e5a9f46c6_b.jpg", "title": "Roscommon_ReusedDirk0001_Roscommon_ReusedDirk0002_fb"}, "n_answers": 3, "quorum": 0, "calibration": 0, "created": "2015-05-05T11:14:24.555326", "state": "completed", "project_id": 200, "id": 38362, "priority_0": 0.0}, {"info": {"url": "https://farm8.staticflickr.com/7672/17183204640_70acd460cc.jpg", "url_m": "https://farm8.staticflickr.com/7672/17183204640_70acd460cc_m.jpg", "link": "https://www.flickr.com/photos/115096994@N02/17183204640", "url_b": "https://farm8.staticflickr.com/7672/17183204640_70acd460cc_b.jpg", "title": "Offaly_Dirk0001_Offaly_Dirk0002_fb"}, "n_answers": 3, "quorum": 0, "calibration": 0, "created": "2015-05-05T11:14:24.580250", "state": "completed", "project_id": 200, "id": 38363, "priority_0": 0.0}, {"info": {"url": "https://farm8.staticflickr.com/7674/17370795455_e969fa5e30.jpg", "url_m": "https://farm8.staticflickr.com/7674/17370795455_e969fa5e30_m.jpg", "link": "https://www.flickr.com/photos/115096994@N02/17370795455", "url_b": "https://farm8.staticflickr.com/7674/17370795455_e969fa5e30_b.jpg", "title": "Mayo_DirkD0001_Mayo_DirkD0002_fb"}, "n_answers": 3, "quorum": 0, "calibration": 0, "created": "2015-05-05T11:14:24.605320", "state": "completed", "project_id": 200, "id": 38364, "priority_0": 0.0}, {"info": {"url": "https://farm8.staticflickr.com/7797/17182991918_56e7126910.jpg", "url_m": "https://farm8.staticflickr.com/7797/17182991918_56e7126910_m.jpg", "link": "https://www.flickr.com/photos/115096994@N02/17182991918", "url_b": "https://farm8.staticflickr.com/7797/17182991918_56e7126910_b.jpg", "title": "Limerick_DirkB0001_Limerick_DirkB0002_fb"}, "n_answers": 3, "quorum": 0, "calibration": 0, "created": "2015-05-05T11:14:24.630316", "state": "completed", "project_id": 200, "id": 38365, "priority_0": 0.0}, {"info": {"url": "https://farm9.staticflickr.com/8702/17184582219_9e611c492d.jpg", "url_m": "https://farm9.staticflickr.com/8702/17184582219_9e611c492d_m.jpg", "link": "https://www.flickr.com/photos/115096994@N02/17184582219", "url_b": "https://farm9.staticflickr.com/8702/17184582219_9e611c492d_b.jpg", "title": "Leitrim_DirkB0001_Leitrim_DirkB0002_fb"}, "n_answers": 3, "quorum": 0, "calibration": 0, "created": "2015-05-05T11:14:24.655235", "state": "completed", "project_id": 200, "id": 38366, "priority_0": 0.0}, {"info": {"url": "https://farm8.staticflickr.com/7773/17163349427_5cdcdefa82.jpg", "url_m": "https://farm8.staticflickr.com/7773/17163349427_5cdcdefa82_m.jpg", "link": "https://www.flickr.com/photos/115096994@N02/17163349427", "url_b": "https://farm8.staticflickr.com/7773/17163349427_5cdcdefa82_b.jpg", "title": "Kings_RapierFrag0001_Kings_RapierFrag0002_fb"}, "n_answers": 3, "quorum": 0, "calibration": 0, "created": "2015-05-05T11:14:24.680151", "state": "completed", "project_id": 200, "id": 38367, "priority_0": 0.0}, {"info": {"url": "https://farm9.staticflickr.com/8721/17370484041_cc9a9c58d8.jpg", "url_m": "https://farm9.staticflickr.com/8721/17370484041_cc9a9c58d8_m.jpg", "link": "https://www.flickr.com/photos/115096994@N02/17370484041", "url_b": "https://farm9.staticflickr.com/8721/17370484041_cc9a9c58d8_b.jpg", "title": "Kings_RapierD0003_Kings_RapierD0004_fb"}, "n_answers": 3, "quorum": 0, "calibration": 0, "created": "2015-05-05T11:14:24.705114", "state": "completed", "project_id": 200, "id": 38368, "priority_0": 0.0}, {"info": {"url": "https://farm8.staticflickr.com/7754/17183025898_9c0b80af62.jpg", "url_m": "https://farm8.staticflickr.com/7754/17183025898_9c0b80af62_m.jpg", "link": "https://www.flickr.com/photos/115096994@N02/17183025898", "url_b": "https://farm8.staticflickr.com/7754/17183025898_9c0b80af62_b.jpg", "title": "Kings_RapierD0001_Kings_RapierD0002_fb"}, "n_answers": 3, "quorum": 0, "calibration": 0, "created": "2015-05-05T11:14:24.730189", "state": "completed", "project_id": 200, "id": 38369, "priority_0": 0.0}, {"info": {"url": "https://farm8.staticflickr.com/7795/17368884752_a887fb5d69.jpg", "url_m": "https://farm8.staticflickr.com/7795/17368884752_a887fb5d69_m.jpg", "link": "https://www.flickr.com/photos/115096994@N02/17368884752", "url_b": "https://farm8.staticflickr.com/7795/17368884752_a887fb5d69_b.jpg", "title": "Kings_RapierB0001_Kings_RapierB0002_fb"}, "n_answers": 3, "quorum": 0, "calibration": 0, "created": "2015-05-05T11:14:24.755099", "state": "completed", "project_id": 200, "id": 38370, "priority_0": 0.0}, {"info": {"url": "https://farm8.staticflickr.com/7750/17368896652_31b805b179.jpg", "url_m": "https://farm8.staticflickr.com/7750/17368896652_31b805b179_m.jpg", "link": "https://www.flickr.com/photos/115096994@N02/17368896652", "url_b": "https://farm8.staticflickr.com/7750/17368896652_31b805b179_b.jpg", "title": "Kings_RapierA0001_Kings_RapierA0002_fb"}, "n_answers": 3, "quorum": 0, "calibration": 0, "created": "2015-05-05T11:14:24.780650", "state": "completed", "project_id": 200, "id": 38371, "priority_0": 0.0}, {"info": {"url": "https://farm9.staticflickr.com/8877/16748346234_e6cc3293d9.jpg", "url_m": "https://farm9.staticflickr.com/8877/16748346234_e6cc3293d9_m.jpg", "link": "https://www.flickr.com/photos/115096994@N02/16748346234", "url_b": "https://farm9.staticflickr.com/8877/16748346234_e6cc3293d9_b.jpg", "title": "Kings_DirkD0001_Kings_DirkD0002_fb"}, "n_answers": 3, "quorum": 0, "calibration": 0, "created": "2015-05-05T11:14:24.805039", "state": "completed", "project_id": 200, "id": 38372, "priority_0": 0.0}, {"info": {"url": "https://farm8.staticflickr.com/7659/17183087018_539d6ddf40.jpg", "url_m": "https://farm8.staticflickr.com/7659/17183087018_539d6ddf40_m.jpg", "link": "https://www.flickr.com/photos/115096994@N02/17183087018", "url_b": "https://farm8.staticflickr.com/7659/17183087018_539d6ddf40_b.jpg", "title": "Kings_DirkB0007_Kings_DirkB0008_fb"}, "n_answers": 3, "quorum": 0, "calibration": 0, "created": "2015-05-05T11:14:24.830160", "state": "completed", "project_id": 200, "id": 38373, "priority_0": 0.0}, {"info": {"url": "https://farm9.staticflickr.com/8836/17370564001_259a24ed69.jpg", "url_m": "https://farm9.staticflickr.com/8836/17370564001_259a24ed69_m.jpg", "link": "https://www.flickr.com/photos/115096994@N02/17370564001", "url_b": "https://farm9.staticflickr.com/8836/17370564001_259a24ed69_b.jpg", "title": "Kings_DirkB0005_Kings_DirkB0006_fb"}, "n_answers": 3, "quorum": 0, "calibration": 0, "created": "2015-05-05T11:14:24.855048", "state": "completed", "project_id": 200, "id": 38374, "priority_0": 0.0}, {"info": {"url": "https://farm8.staticflickr.com/7671/17184686829_97a809a243.jpg", "url_m": "https://farm8.staticflickr.com/7671/17184686829_97a809a243_m.jpg", "link": "https://www.flickr.com/photos/115096994@N02/17184686829", "url_b": "https://farm8.staticflickr.com/7671/17184686829_97a809a243_b.jpg", "title": "Kings_DirkB0003_Kings_DirkB0004_fb"}, "n_answers": 3, "quorum": 0, "calibration": 0, "created": "2015-05-05T11:14:24.880001", "state": "completed", "project_id": 200, "id": 38375, "priority_0": 0.0}, {"info": {"url": "https://farm9.staticflickr.com/8801/17183110848_3b64638549.jpg", "url_m": "https://farm9.staticflickr.com/8801/17183110848_3b64638549_m.jpg", "link": "https://www.flickr.com/photos/115096994@N02/17183110848", "url_b": "https://farm9.staticflickr.com/8801/17183110848_3b64638549_b.jpg", "title": "Kings_DirkB0001_Kings_DirkB0002_fb"}, "n_answers": 3, "quorum": 0, "calibration": 0, "created": "2015-05-05T11:14:24.904738", "state": "completed", "project_id": 200, "id": 38376, "priority_0": 0.0}, {"info": {"url": "https://farm8.staticflickr.com/7679/17370933365_f3581d0715.jpg", "url_m": "https://farm8.staticflickr.com/7679/17370933365_f3581d0715_m.jpg", "link": "https://www.flickr.com/photos/115096994@N02/17370933365", "url_b": "https://farm8.staticflickr.com/7679/17370933365_f3581d0715_b.jpg", "title": "IrishUnprov_RapierD0005_IrishUnprov_RapierD0006_fb"}, "n_answers": 3, "quorum": 0, "calibration": 0, "created": "2015-05-05T11:14:24.929811", "state": "completed", "project_id": 200, "id": 38377, "priority_0": 0.0}, {"info": {"url": "https://farm9.staticflickr.com/8744/17370604011_3ffbc4cca5.jpg", "url_m": "https://farm9.staticflickr.com/8744/17370604011_3ffbc4cca5_m.jpg", "link": "https://www.flickr.com/photos/115096994@N02/17370604011", "url_b": "https://farm9.staticflickr.com/8744/17370604011_3ffbc4cca5_b.jpg", "title": "IrishUnprov_RapierD0003_IrishUnprov_RapierD0004_fb"}, "n_answers": 3, "quorum": 0, "calibration": 0, "created": "2015-05-05T11:14:24.954600", "state": "completed", "project_id": 200, "id": 38378, "priority_0": 0.0}, {"info": {"url": "https://farm8.staticflickr.com/7740/16750669103_ac828bcf4f.jpg", "url_m": "https://farm8.staticflickr.com/7740/16750669103_ac828bcf4f_m.jpg", "link": "https://www.flickr.com/photos/115096994@N02/16750669103", "url_b": "https://farm8.staticflickr.com/7740/16750669103_ac828bcf4f_b.jpg", "title": "IrishUnprov_RapierD0001_IrishUnprov_RapierD0002_fb"}, "n_answers": 3, "quorum": 0, "calibration": 0, "created": "2015-05-05T11:14:24.979574", "state": "completed", "project_id": 200, "id": 38379, "priority_0": 0.0}, {"info": {"url": "https://farm9.staticflickr.com/8795/17184743259_252901e3ef.jpg", "url_m": "https://farm9.staticflickr.com/8795/17184743259_252901e3ef_m.jpg", "link": "https://www.flickr.com/photos/115096994@N02/17184743259", "url_b": "https://farm9.staticflickr.com/8795/17184743259_252901e3ef_b.jpg", "title": "IrishUnprov_RapierC0003_IrishUnprov_RapierC0004_fb"}, "n_answers": 3, "quorum": 0, "calibration": 0, "created": "2015-05-05T11:14:25.004494", "state": "completed", "project_id": 200, "id": 38380, "priority_0": 0.0}, {"info": {"url": "https://farm9.staticflickr.com/8893/17163508947_3943c45e23.jpg", "url_m": "https://farm9.staticflickr.com/8893/17163508947_3943c45e23_m.jpg", "link": "https://www.flickr.com/photos/115096994@N02/17163508947", "url_b": "https://farm9.staticflickr.com/8893/17163508947_3943c45e23_b.jpg", "title": "IrishUnprov_RapierC0001_IrishUnprov_RapierC0002_fb"}, "n_answers": 3, "quorum": 0, "calibration": 0, "created": "2015-05-05T11:14:25.029830", "state": "completed", "project_id": 200, "id": 38381, "priority_0": 0.0}, {"info": {"url": "https://farm8.staticflickr.com/7765/16748460864_339dbffa1e.jpg", "url_m": "https://farm8.staticflickr.com/7765/16748460864_339dbffa1e_m.jpg", "link": "https://www.flickr.com/photos/115096994@N02/16748460864", "url_b": "https://farm8.staticflickr.com/7765/16748460864_339dbffa1e_b.jpg", "title": "IrishUnprov_RapierB0001_IrishUnprov_RapierB0002_fb"}, "n_answers": 3, "quorum": 0, "calibration": 0, "created": "2015-05-05T11:14:25.055341", "state": "completed", "project_id": 200, "id": 38382, "priority_0": 0.0}, {"info": {"url": "https://farm8.staticflickr.com/7798/16748468954_479a933240.jpg", "url_m": "https://farm8.staticflickr.com/7798/16748468954_479a933240_m.jpg", "link": "https://www.flickr.com/photos/115096994@N02/16748468954", "url_b": "https://farm8.staticflickr.com/7798/16748468954_479a933240_b.jpg", "title": "IrishUnprov_DirkFrags0009_IrishUnprov_DirkFrags0010_fb"}, "n_answers": 3, "quorum": 0, "calibration": 0, "created": "2015-05-05T11:14:25.079671", "state": "completed", "project_id": 200, "id": 38383, "priority_0": 0.0}, {"info": {"url": "https://farm9.staticflickr.com/8743/16750710423_3e5b84ba67.jpg", "url_m": "https://farm9.staticflickr.com/8743/16750710423_3e5b84ba67_m.jpg", "link": "https://www.flickr.com/photos/115096994@N02/16750710423", "url_b": "https://farm9.staticflickr.com/8743/16750710423_3e5b84ba67_b.jpg", "title": "IrishUnprov_DirkFrags0007_IrishUnprov_DirkFrags0008_fb"}, "n_answers": 3, "quorum": 0, "calibration": 0, "created": "2015-05-05T11:14:25.104601", "state": "completed", "project_id": 200, "id": 38384, "priority_0": 0.0}, {"info": {"url": "https://farm8.staticflickr.com/7784/17370665451_7304a81808.jpg", "url_m": "https://farm8.staticflickr.com/7784/17370665451_7304a81808_m.jpg", "link": "https://www.flickr.com/photos/115096994@N02/17370665451", "url_b": "https://farm8.staticflickr.com/7784/17370665451_7304a81808_b.jpg", "title": "IrishUnprov_DirkFrags0005_IrishUnprov_DirkFrags0006_fb"}, "n_answers": 3, "quorum": 0, "calibration": 0, "created": "2015-05-05T11:14:25.129876", "state": "completed", "project_id": 200, "id": 38385, "priority_0": 0.0}, {"info": {"url": "https://farm9.staticflickr.com/8724/16750726983_0d48098010.jpg", "url_m": "https://farm9.staticflickr.com/8724/16750726983_0d48098010_m.jpg", "link": "https://www.flickr.com/photos/115096994@N02/16750726983", "url_b": "https://farm9.staticflickr.com/8724/16750726983_0d48098010_b.jpg", "title": "IrishUnprov_DirkFrags0003_IrishUnprov_DirkFrags0004_fb"}, "n_answers": 3, "quorum": 0, "calibration": 0, "created": "2015-05-05T11:14:25.154750", "state": "completed", "project_id": 200, "id": 38386, "priority_0": 0.0}, {"info": {"url": "https://farm9.staticflickr.com/8773/16748501464_e0778d5203.jpg", "url_m": "https://farm9.staticflickr.com/8773/16748501464_e0778d5203_m.jpg", "link": "https://www.flickr.com/photos/115096994@N02/16748501464", "url_b": "https://farm9.staticflickr.com/8773/16748501464_e0778d5203_b.jpg", "title": "IrishUnprov_DirkFrags0001_IrishUnprov_DirkFrags0002_fb"}, "n_answers": 3, "quorum": 0, "calibration": 0, "created": "2015-05-05T11:14:25.179746", "state": "completed", "project_id": 200, "id": 38387, "priority_0": 0.0}, {"info": {"url": "https://farm8.staticflickr.com/7789/16750744273_068e8009bc.jpg", "url_m": "https://farm8.staticflickr.com/7789/16750744273_068e8009bc_m.jpg", "link": "https://www.flickr.com/photos/115096994@N02/16750744273", "url_b": "https://farm8.staticflickr.com/7789/16750744273_068e8009bc_b.jpg", "title": "IrishUnprov_DirkD0011_IrishUnprov_DirkD0012_fb"}, "n_answers": 3, "quorum": 0, "calibration": 0, "created": "2015-05-05T11:14:25.204590", "state": "completed", "project_id": 200, "id": 38388, "priority_0": 0.0}, {"info": {"url": "https://farm9.staticflickr.com/8737/17371046385_de8cbc2bdb.jpg", "url_m": "https://farm9.staticflickr.com/8737/17371046385_de8cbc2bdb_m.jpg", "link": "https://www.flickr.com/photos/115096994@N02/17371046385", "url_b": "https://farm9.staticflickr.com/8737/17371046385_de8cbc2bdb_b.jpg", "title": "IrishUnprov_DirkD0009_IrishUnprov_DirkD0010_fb"}, "n_answers": 3, "quorum": 0, "calibration": 0, "created": "2015-05-05T11:14:25.229824", "state": "completed", "project_id": 200, "id": 38389, "priority_0": 0.0}, {"info": {"url": "https://farm8.staticflickr.com/7676/17371057185_5eb19b7014.jpg", "url_m": "https://farm8.staticflickr.com/7676/17371057185_5eb19b7014_m.jpg", "link": "https://www.flickr.com/photos/115096994@N02/17371057185", "url_b": "https://farm8.staticflickr.com/7676/17371057185_5eb19b7014_b.jpg", "title": "IrishUnprov_DirkD0007_IrishUnprov_DirkD0008_fb"}, "n_answers": 3, "quorum": 0, "calibration": 0, "created": "2015-05-05T11:14:25.255516", "state": "completed", "project_id": 200, "id": 38390, "priority_0": 0.0}, {"info": {"url": "https://farm9.staticflickr.com/8767/17183488720_e9607a0a60.jpg", "url_m": "https://farm9.staticflickr.com/8767/17183488720_e9607a0a60_m.jpg", "link": "https://www.flickr.com/photos/115096994@N02/17183488720", "url_b": "https://farm9.staticflickr.com/8767/17183488720_e9607a0a60_b.jpg", "title": "IrishUnprov_DirkD0005_IrishUnprov_DirkD0006_fb"}, "n_answers": 3, "quorum": 0, "calibration": 0, "created": "2015-05-05T11:14:25.459914", "state": "completed", "project_id": 200, "id": 38391, "priority_0": 0.0}, {"info": {"url": "https://farm8.staticflickr.com/7772/17345120686_4188ede271.jpg", "url_m": "https://farm8.staticflickr.com/7772/17345120686_4188ede271_m.jpg", "link": "https://www.flickr.com/photos/115096994@N02/17345120686", "url_b": "https://farm8.staticflickr.com/7772/17345120686_4188ede271_b.jpg", "title": "IrishUnprov_DirkD0003_IrishUnprov_DirkD0004_fb"}, "n_answers": 3, "quorum": 0, "calibration": 0, "created": "2015-05-05T11:14:25.543172", "state": "completed", "project_id": 200, "id": 38392, "priority_0": 0.0}, {"info": {"url": "https://farm8.staticflickr.com/7799/16750793823_9070e768b0.jpg", "url_m": "https://farm8.staticflickr.com/7799/16750793823_9070e768b0_m.jpg", "link": "https://www.flickr.com/photos/115096994@N02/16750793823", "url_b": "https://farm8.staticflickr.com/7799/16750793823_9070e768b0_b.jpg", "title": "IrishUnprov_DirkD0001_IrishUnprov_DirkD0002_fb"}, "n_answers": 3, "quorum": 0, "calibration": 0, "created": "2015-05-05T11:14:25.593595", "state": "completed", "project_id": 200, "id": 38393, "priority_0": 0.0}, {"info": {"url": "https://farm8.staticflickr.com/7721/16750804933_8d2639e04c.jpg", "url_m": "https://farm8.staticflickr.com/7721/16750804933_8d2639e04c_m.jpg", "link": "https://www.flickr.com/photos/115096994@N02/16750804933", "url_b": "https://farm8.staticflickr.com/7721/16750804933_8d2639e04c_b.jpg", "title": "IrishUnprov_DirkC0003_IrishUnprov_DirkC0004_fb"}, "n_answers": 3, "quorum": 0, "calibration": 0, "created": "2015-05-05T11:14:25.632242", "state": "completed", "project_id": 200, "id": 38394, "priority_0": 0.0}, {"info": {"url": "https://farm8.staticflickr.com/7785/17163641227_67e473e149.jpg", "url_m": "https://farm8.staticflickr.com/7785/17163641227_67e473e149_m.jpg", "link": "https://www.flickr.com/photos/115096994@N02/17163641227", "url_b": "https://farm8.staticflickr.com/7785/17163641227_67e473e149_b.jpg", "title": "IrishUnprov_DirkC0001_IrishUnprov_DirkC0002_fb"}, "n_answers": 3, "quorum": 0, "calibration": 0, "created": "2015-05-05T11:14:25.660259", "state": "completed", "project_id": 200, "id": 38395, "priority_0": 0.0}, {"info": {"url": "https://farm8.staticflickr.com/7661/17183307228_f781e6b1d7.jpg", "url_m": "https://farm8.staticflickr.com/7661/17183307228_f781e6b1d7_m.jpg", "link": "https://www.flickr.com/photos/115096994@N02/17183307228", "url_b": "https://farm8.staticflickr.com/7661/17183307228_f781e6b1d7_b.jpg", "title": "IrishUnprov_DirkB0015_IrishUnprov_DirkB0016_fb"}, "n_answers": 3, "quorum": 0, "calibration": 0, "created": "2015-05-05T11:14:25.688778", "state": "completed", "project_id": 200, "id": 38396, "priority_0": 0.0}, {"info": {"url": "https://farm9.staticflickr.com/8768/17370787121_196c8a8a2c.jpg", "url_m": "https://farm9.staticflickr.com/8768/17370787121_196c8a8a2c_m.jpg", "link": "https://www.flickr.com/photos/115096994@N02/17370787121", "url_b": "https://farm9.staticflickr.com/8768/17370787121_196c8a8a2c_b.jpg", "title": "IrishUnprov_DirkB0013_IrishUnprov_DirkB0014_fb"}, "n_answers": 3, "quorum": 0, "calibration": 0, "created": "2015-05-05T11:14:25.713402", "state": "completed", "project_id": 200, "id": 38397, "priority_0": 0.0}, {"info": {"url": "https://farm8.staticflickr.com/7702/17183331148_3b24510751.jpg", "url_m": "https://farm8.staticflickr.com/7702/17183331148_3b24510751_m.jpg", "link": "https://www.flickr.com/photos/115096994@N02/17183331148", "url_b": "https://farm8.staticflickr.com/7702/17183331148_3b24510751_b.jpg", "title": "IrishUnprov_DirkB0011_IrishUnprov_DirkB0012_fb"}, "n_answers": 3, "quorum": 0, "calibration": 0, "created": "2015-05-05T11:14:25.738194", "state": "completed", "project_id": 200, "id": 38398, "priority_0": 0.0}, {"info": {"url": "https://farm8.staticflickr.com/7665/17369190072_e305f6231f.jpg", "url_m": "https://farm8.staticflickr.com/7665/17369190072_e305f6231f_m.jpg", "link": "https://www.flickr.com/photos/115096994@N02/17369190072", "url_b": "https://farm8.staticflickr.com/7665/17369190072_e305f6231f_b.jpg", "title": "IrishUnprov_DirkB0009_IrishUnprov_DirkB0010_fb"}, "n_answers": 3, "quorum": 0, "calibration": 0, "created": "2015-05-05T11:14:25.763297", "state": "completed", "project_id": 200, "id": 38399, "priority_0": 0.0}, {"info": {"url": "https://farm8.staticflickr.com/7726/17184932119_1ccafd380f.jpg", "url_m": "https://farm8.staticflickr.com/7726/17184932119_1ccafd380f_m.jpg", "link": "https://www.flickr.com/photos/115096994@N02/17184932119", "url_b": "https://farm8.staticflickr.com/7726/17184932119_1ccafd380f_b.jpg", "title": "IrishUnprov_DirkB0007_IrishUnprov_DirkB0008_fb"}, "n_answers": 3, "quorum": 0, "calibration": 0, "created": "2015-05-05T11:14:25.788467", "state": "completed", "project_id": 200, "id": 38400, "priority_0": 0.0}, {"info": {"url": "https://farm8.staticflickr.com/7718/16750878273_49b9d04f4c.jpg", "url_m": "https://farm8.staticflickr.com/7718/16750878273_49b9d04f4c_m.jpg", "link": "https://www.flickr.com/photos/115096994@N02/16750878273", "url_b": "https://farm8.staticflickr.com/7718/16750878273_49b9d04f4c_b.jpg", "title": "IrishUnprov_DirkB0005_IrishUnprov_DirkB0006_fb"}, "n_answers": 3, "quorum": 0, "calibration": 0, "created": "2015-05-05T11:14:25.813457", "state": "completed", "project_id": 200, "id": 38401, "priority_0": 0.0}, {"info": {"url": "https://farm9.staticflickr.com/8751/17371177365_efe904538c.jpg", "url_m": "https://farm9.staticflickr.com/8751/17371177365_efe904538c_m.jpg", "link": "https://www.flickr.com/photos/115096994@N02/17371177365", "url_b": "https://farm9.staticflickr.com/8751/17371177365_efe904538c_b.jpg", "title": "IrishUnprov_DirkB0003_IrishUnprov_DirkB0004_fb"}, "n_answers": 3, "quorum": 0, "calibration": 0, "created": "2015-05-05T11:14:25.838439", "state": "completed", "project_id": 200, "id": 38402, "priority_0": 0.0}, {"info": {"url": "https://farm9.staticflickr.com/8783/17184955749_7fbcce942f.jpg", "url_m": "https://farm9.staticflickr.com/8783/17184955749_7fbcce942f_m.jpg", "link": "https://www.flickr.com/photos/115096994@N02/17184955749", "url_b": "https://farm9.staticflickr.com/8783/17184955749_7fbcce942f_b.jpg", "title": "IrishUnprov_DirkB0001_IrishUnprov_DirkB0002_fb"}, "n_answers": 3, "quorum": 0, "calibration": 0, "created": "2015-05-05T11:14:25.863334", "state": "completed", "project_id": 200, "id": 38403, "priority_0": 0.0}, {"info": {"url": "https://farm9.staticflickr.com/8845/17184963469_f1c5752d25.jpg", "url_m": "https://farm9.staticflickr.com/8845/17184963469_f1c5752d25_m.jpg", "link": "https://www.flickr.com/photos/115096994@N02/17184963469", "url_b": "https://farm9.staticflickr.com/8845/17184963469_f1c5752d25_b.jpg", "title": "IrishUnprov_DirkA0003_IrishUnprov_DirkA0004_fb"}, "n_answers": 3, "quorum": 0, "calibration": 0, "created": "2015-05-05T11:14:25.889214", "state": "completed", "project_id": 200, "id": 38404, "priority_0": 0.0}, {"info": {"url": "https://farm9.staticflickr.com/8691/17371201945_29452a2274.jpg", "url_m": "https://farm9.staticflickr.com/8691/17371201945_29452a2274_m.jpg", "link": "https://www.flickr.com/photos/115096994@N02/17371201945", "url_b": "https://farm9.staticflickr.com/8691/17371201945_29452a2274_b.jpg", "title": "IrishUnprov_DirkA0001_IrishUnprov_DirkA0002_fb"}, "n_answers": 3, "quorum": 0, "calibration": 0, "created": "2015-05-05T11:14:25.913579", "state": "completed", "project_id": 200, "id": 38405, "priority_0": 0.0}, {"info": {"url": "https://farm9.staticflickr.com/8800/16750921263_12b8b75b05.jpg", "url_m": "https://farm9.staticflickr.com/8800/16750921263_12b8b75b05_m.jpg", "link": "https://www.flickr.com/photos/115096994@N02/16750921263", "url_b": "https://farm9.staticflickr.com/8800/16750921263_12b8b75b05_b.jpg", "title": "IrishUnprov_Dirk0031_IrishUnprov_Dirk0032_fb"}, "n_answers": 3, "quorum": 0, "calibration": 0, "created": "2015-05-05T11:14:25.943290", "state": "completed", "project_id": 200, "id": 38406, "priority_0": 0.0}, {"info": {"url": "https://farm8.staticflickr.com/7679/17345255586_9b06c85654.jpg", "url_m": "https://farm8.staticflickr.com/7679/17345255586_9b06c85654_m.jpg", "link": "https://www.flickr.com/photos/115096994@N02/17345255586", "url_b": "https://farm8.staticflickr.com/7679/17345255586_9b06c85654_b.jpg", "title": "IrishUnprov_Dirk0029_IrishUnprov_Dirk0030_fb"}, "n_answers": 3, "quorum": 0, "calibration": 0, "created": "2015-05-05T11:14:25.968301", "state": "completed", "project_id": 200, "id": 38407, "priority_0": 0.0}, {"info": {"url": "https://farm9.staticflickr.com/8693/17345257566_ca0e089368.jpg", "url_m": "https://farm9.staticflickr.com/8693/17345257566_ca0e089368_m.jpg", "link": "https://www.flickr.com/photos/115096994@N02/17345257566", "url_b": "https://farm9.staticflickr.com/8693/17345257566_ca0e089368_b.jpg", "title": "IrishUnprov_Dirk0027_IrishUnprov_Dirk0028_fb"}, "n_answers": 3, "quorum": 0, "calibration": 0, "created": "2015-05-05T11:14:25.993190", "state": "completed", "project_id": 200, "id": 38408, "priority_0": 0.0}, {"info": {"url": "https://farm9.staticflickr.com/8752/17183402968_ffc6f775ab.jpg", "url_m": "https://farm9.staticflickr.com/8752/17183402968_ffc6f775ab_m.jpg", "link": "https://www.flickr.com/photos/115096994@N02/17183402968", "url_b": "https://farm9.staticflickr.com/8752/17183402968_ffc6f775ab_b.jpg", "title": "IrishUnprov_Dirk0025_IrishUnprov_Dirk0026_fb"}, "n_answers": 3, "quorum": 0, "calibration": 0, "created": "2015-05-05T11:14:26.018256", "state": "completed", "project_id": 200, "id": 38409, "priority_0": 0.0}, {"info": {"url": "https://farm9.staticflickr.com/8739/17370872411_2aeaea6f50.jpg", "url_m": "https://farm9.staticflickr.com/8739/17370872411_2aeaea6f50_m.jpg", "link": "https://www.flickr.com/photos/115096994@N02/17370872411", "url_b": "https://farm9.staticflickr.com/8739/17370872411_2aeaea6f50_b.jpg", "title": "IrishUnprov_Dirk0023_IrishUnprov_Dirk0024_fb"}, "n_answers": 3, "quorum": 0, "calibration": 0, "created": "2015-05-05T11:14:26.043225", "state": "completed", "project_id": 200, "id": 38410, "priority_0": 0.0}, {"info": {"url": "https://farm9.staticflickr.com/8696/17163754367_baa1112e50.jpg", "url_m": "https://farm9.staticflickr.com/8696/17163754367_baa1112e50_m.jpg", "link": "https://www.flickr.com/photos/115096994@N02/17163754367", "url_b": "https://farm9.staticflickr.com/8696/17163754367_baa1112e50_b.jpg", "title": "IrishUnprov_Dirk0021_IrishUnprov_Dirk0022_fb"}, "n_answers": 3, "quorum": 0, "calibration": 0, "created": "2015-05-05T11:14:26.068195", "state": "completed", "project_id": 200, "id": 38411, "priority_0": 0.0}, {"info": {"url": "https://farm8.staticflickr.com/7728/16750929533_447e0154d2.jpg", "url_m": "https://farm8.staticflickr.com/7728/16750929533_447e0154d2_m.jpg", "link": "https://www.flickr.com/photos/115096994@N02/16750929533", "url_b": "https://farm8.staticflickr.com/7728/16750929533_447e0154d2_b.jpg", "title": "IrishUnprov_Dirk0019_IrishUnprov_Dirk0020_fb"}, "n_answers": 3, "quorum": 0, "calibration": 0, "created": "2015-05-05T11:14:26.093356", "state": "completed", "project_id": 200, "id": 38412, "priority_0": 0.0}, {"info": {"url": "https://farm8.staticflickr.com/7768/16750931273_2a340bfdd8.jpg", "url_m": "https://farm8.staticflickr.com/7768/16750931273_2a340bfdd8_m.jpg", "link": "https://www.flickr.com/photos/115096994@N02/16750931273", "url_b": "https://farm8.staticflickr.com/7768/16750931273_2a340bfdd8_b.jpg", "title": "IrishUnprov_Dirk0017_IrishUnprov_Dirk0018_fb"}, "n_answers": 3, "quorum": 0, "calibration": 0, "created": "2015-05-05T11:14:26.118500", "state": "completed", "project_id": 200, "id": 38413, "priority_0": 0.0}, {"info": {"url": "https://farm9.staticflickr.com/8852/16748700034_daf1fbb2fd.jpg", "url_m": "https://farm9.staticflickr.com/8852/16748700034_daf1fbb2fd_m.jpg", "link": "https://www.flickr.com/photos/115096994@N02/16748700034", "url_b": "https://farm9.staticflickr.com/8852/16748700034_daf1fbb2fd_b.jpg", "title": "IrishUnprov_Dirk0015_IrishUnprov_Dirk0016_fb"}, "n_answers": 3, "quorum": 0, "calibration": 0, "created": "2015-05-05T11:14:26.143541", "state": "completed", "project_id": 200, "id": 38414, "priority_0": 0.0}, {"info": {"url": "https://farm8.staticflickr.com/7713/17183647570_8ff4a9a0bf.jpg", "url_m": "https://farm8.staticflickr.com/7713/17183647570_8ff4a9a0bf_m.jpg", "link": "https://www.flickr.com/photos/115096994@N02/17183647570", "url_b": "https://farm8.staticflickr.com/7713/17183647570_8ff4a9a0bf_b.jpg", "title": "IrishUnprov_Dirk0013_IrishUnprov_Dirk0014_fb"}, "n_answers": 3, "quorum": 0, "calibration": 0, "created": "2015-05-05T11:14:26.169075", "state": "completed", "project_id": 200, "id": 38415, "priority_0": 0.0}, {"info": {"url": "https://farm9.staticflickr.com/8886/17370884091_23dccec557.jpg", "url_m": "https://farm9.staticflickr.com/8886/17370884091_23dccec557_m.jpg", "link": "https://www.flickr.com/photos/115096994@N02/17370884091", "url_b": "https://farm9.staticflickr.com/8886/17370884091_23dccec557_b.jpg", "title": "IrishUnprov_Dirk0011_IrishUnprov_Dirk0012_fb"}, "n_answers": 3, "quorum": 0, "calibration": 0, "created": "2015-05-05T11:14:26.197107", "state": "completed", "project_id": 200, "id": 38416, "priority_0": 0.0}, {"info": {"url": "https://farm8.staticflickr.com/7705/17183418318_a26d67f25c.jpg", "url_m": "https://farm8.staticflickr.com/7705/17183418318_a26d67f25c_m.jpg", "link": "https://www.flickr.com/photos/115096994@N02/17183418318", "url_b": "https://farm8.staticflickr.com/7705/17183418318_a26d67f25c_b.jpg", "title": "IrishUnprov_Dirk0009_IrishUnprov_Dirk0010_fb"}, "n_answers": 3, "quorum": 0, "calibration": 0, "created": "2015-05-05T11:14:26.222169", "state": "completed", "project_id": 200, "id": 38417, "priority_0": 0.0}, {"info": {"url": "https://farm8.staticflickr.com/7713/17369269182_97feefbaa0.jpg", "url_m": "https://farm8.staticflickr.com/7713/17369269182_97feefbaa0_m.jpg", "link": "https://www.flickr.com/photos/115096994@N02/17369269182", "url_b": "https://farm8.staticflickr.com/7713/17369269182_97feefbaa0_b.jpg", "title": "IrishUnprov_Dirk0007_IrishUnprov_Dirk0008_fb"}, "n_answers": 3, "quorum": 0, "calibration": 0, "created": "2015-05-05T11:14:26.247025", "state": "completed", "project_id": 200, "id": 38418, "priority_0": 0.0}, {"info": {"url": "https://farm9.staticflickr.com/8770/17345278276_b98d5e7477.jpg", "url_m": "https://farm9.staticflickr.com/8770/17345278276_b98d5e7477_m.jpg", "link": "https://www.flickr.com/photos/115096994@N02/17345278276", "url_b": "https://farm9.staticflickr.com/8770/17345278276_b98d5e7477_b.jpg", "title": "IrishUnprov_Dirk0005_IrishUnprov_Dirk0006_fb"}, "n_answers": 3, "quorum": 0, "calibration": 0, "created": "2015-05-05T11:14:26.272083", "state": "completed", "project_id": 200, "id": 38419, "priority_0": 0.0}, {"info": {"url": "https://farm9.staticflickr.com/8822/17369272662_e67187460d.jpg", "url_m": "https://farm9.staticflickr.com/8822/17369272662_e67187460d_m.jpg", "link": "https://www.flickr.com/photos/115096994@N02/17369272662", "url_b": "https://farm9.staticflickr.com/8822/17369272662_e67187460d_b.jpg", "title": "IrishUnprov_Dirk0003_IrishUnprov_Dirk0004_fb"}, "n_answers": 3, "quorum": 0, "calibration": 0, "created": "2015-05-05T11:14:26.297167", "state": "completed", "project_id": 200, "id": 38420, "priority_0": 0.0}, {"info": {"url": "https://farm8.staticflickr.com/7698/17163773057_0d0a2f3c10.jpg", "url_m": "https://farm8.staticflickr.com/7698/17163773057_0d0a2f3c10_m.jpg", "link": "https://www.flickr.com/photos/115096994@N02/17163773057", "url_b": "https://farm8.staticflickr.com/7698/17163773057_0d0a2f3c10_b.jpg", "title": "IrishUnprov_Dirk0001_IrishUnprov_Dirk0002_fb"}, "n_answers": 3, "quorum": 0, "calibration": 0, "created": "2015-05-05T11:14:26.322193", "state": "completed", "project_id": 200, "id": 38421, "priority_0": 0.0}, {"info": {"url": "https://farm8.staticflickr.com/7776/16750958553_0fedf64189.jpg", "url_m": "https://farm8.staticflickr.com/7776/16750958553_0fedf64189_m.jpg", "link": "https://www.flickr.com/photos/115096994@N02/16750958553", "url_b": "https://farm8.staticflickr.com/7776/16750958553_0fedf64189_b.jpg", "title": "Galway_RapierFrag0001_Galway_RapierFrag0002_fb"}, "n_answers": 3, "quorum": 0, "calibration": 0, "created": "2015-05-05T11:14:26.347560", "state": "completed", "project_id": 200, "id": 38422, "priority_0": 0.0}, {"info": {"url": "https://farm8.staticflickr.com/7695/17371258315_88f1333b14.jpg", "url_m": "https://farm8.staticflickr.com/7695/17371258315_88f1333b14_m.jpg", "link": "https://www.flickr.com/photos/115096994@N02/17371258315", "url_b": "https://farm8.staticflickr.com/7695/17371258315_88f1333b14_b.jpg", "title": "Galway_RapierB0003_Galway_RapierB0004_fb"}, "n_answers": 3, "quorum": 0, "calibration": 0, "created": "2015-05-05T11:14:26.372316", "state": "completed", "project_id": 200, "id": 38423, "priority_0": 0.0}, {"info": {"url": "https://farm9.staticflickr.com/8847/17185036929_c4de289024.jpg", "url_m": "https://farm9.staticflickr.com/8847/17185036929_c4de289024_m.jpg", "link": "https://www.flickr.com/photos/115096994@N02/17185036929", "url_b": "https://farm9.staticflickr.com/8847/17185036929_c4de289024_b.jpg", "title": "Galway_RapierB0001_Galway_RapierB0002_fb"}, "n_answers": 3, "quorum": 0, "calibration": 0, "created": "2015-05-05T11:14:26.397338", "state": "completed", "project_id": 200, "id": 38424, "priority_0": 0.0}, {"info": {"url": "https://farm9.staticflickr.com/8829/17163808577_4fa3217710.jpg", "url_m": "https://farm9.staticflickr.com/8829/17163808577_4fa3217710_m.jpg", "link": "https://www.flickr.com/photos/115096994@N02/17163808577", "url_b": "https://farm9.staticflickr.com/8829/17163808577_4fa3217710_b.jpg", "title": "Galway_DirkD0001_Galway_DirkD0002_fb"}, "n_answers": 3, "quorum": 0, "calibration": 0, "created": "2015-05-05T11:14:26.422377", "state": "completed", "project_id": 200, "id": 38425, "priority_0": 0.0}, {"info": {"url": "https://farm8.staticflickr.com/7695/16748756044_6f1f307341.jpg", "url_m": "https://farm8.staticflickr.com/7695/16748756044_6f1f307341_m.jpg", "link": "https://www.flickr.com/photos/115096994@N02/16748756044", "url_b": "https://farm8.staticflickr.com/7695/16748756044_6f1f307341_b.jpg", "title": "Fermanagh_DirkD0001_Fermanagh_DirkD0002_fb"}, "n_answers": 3, "quorum": 0, "calibration": 0, "created": "2015-05-05T11:14:26.447965", "state": "completed", "project_id": 200, "id": 38426, "priority_0": 0.0}, {"info": {"url": "https://farm9.staticflickr.com/8845/17185059909_31c547dca2.jpg", "url_m": "https://farm9.staticflickr.com/8845/17185059909_31c547dca2_m.jpg", "link": "https://www.flickr.com/photos/115096994@N02/17185059909", "url_b": "https://farm9.staticflickr.com/8845/17185059909_31c547dca2_b.jpg", "title": "Down_DirkD0001_Down_DirkD0002_fb"}, "n_answers": 3, "quorum": 0, "calibration": 0, "created": "2015-05-05T11:14:26.472023", "state": "completed", "project_id": 200, "id": 38427, "priority_0": 0.0}, {"info": {"url": "https://farm8.staticflickr.com/7739/17183717030_323aab4992.jpg", "url_m": "https://farm8.staticflickr.com/7739/17183717030_323aab4992_m.jpg", "link": "https://www.flickr.com/photos/115096994@N02/17183717030", "url_b": "https://farm8.staticflickr.com/7739/17183717030_323aab4992_b.jpg", "title": "Donegal_DirkB0003_Donegal_DirkB0004_fb"}, "n_answers": 3, "quorum": 0, "calibration": 0, "created": "2015-05-05T11:14:26.497274", "state": "completed", "project_id": 200, "id": 38428, "priority_0": 0.0}, {"info": {"url": "https://farm9.staticflickr.com/8759/16751011193_ae9115cd8f.jpg", "url_m": "https://farm9.staticflickr.com/8759/16751011193_ae9115cd8f_m.jpg", "link": "https://www.flickr.com/photos/115096994@N02/16751011193", "url_b": "https://farm9.staticflickr.com/8759/16751011193_ae9115cd8f_b.jpg", "title": "Donegal_DirkB0001_Donegal_DirkB0002_fb"}, "n_answers": 3, "quorum": 0, "calibration": 0, "created": "2015-05-05T11:14:26.522414", "state": "completed", "project_id": 200, "id": 38429, "priority_0": 0.0}, {"info": {"url": "https://farm8.staticflickr.com/7712/17371305845_83c8bc6474.jpg", "url_m": "https://farm8.staticflickr.com/7712/17371305845_83c8bc6474_m.jpg", "link": "https://www.flickr.com/photos/115096994@N02/17371305845", "url_b": "https://farm8.staticflickr.com/7712/17371305845_83c8bc6474_b.jpg", "title": "Derry_Dirk0001_Derry_Dirk0002_fb"}, "n_answers": 3, "quorum": 0, "calibration": 0, "created": "2015-05-05T11:14:26.547530", "state": "completed", "project_id": 200, "id": 38430, "priority_0": 0.0}, {"info": {"url": "https://farm9.staticflickr.com/8771/17183732530_59a09ae11d.jpg", "url_m": "https://farm9.staticflickr.com/8771/17183732530_59a09ae11d_m.jpg", "link": "https://www.flickr.com/photos/115096994@N02/17183732530", "url_b": "https://farm9.staticflickr.com/8771/17183732530_59a09ae11d_b.jpg", "title": "Carlow_DirkB0001_Carlow_DirkB0002_fb"}, "n_answers": 3, "quorum": 0, "calibration": 0, "created": "2015-05-05T11:14:26.572447", "state": "completed", "project_id": 200, "id": 38431, "priority_0": 0.0}, {"info": {"url": "https://farm9.staticflickr.com/8692/16748795994_5eeab14df6.jpg", "url_m": "https://farm9.staticflickr.com/8692/16748795994_5eeab14df6_m.jpg", "link": "https://www.flickr.com/photos/115096994@N02/16748795994", "url_b": "https://farm9.staticflickr.com/8692/16748795994_5eeab14df6_b.jpg", "title": "Boyne_RapierB0001_Boyne_RapierB0002_fb"}, "n_answers": 3, "quorum": 0, "calibration": 0, "created": "2015-05-05T11:14:26.597782", "state": "completed", "project_id": 200, "id": 38432, "priority_0": 0.0}, {"info": {"url": "https://farm9.staticflickr.com/8806/17371328515_1e9c82f6ce.jpg", "url_m": "https://farm9.staticflickr.com/8806/17371328515_1e9c82f6ce_m.jpg", "link": "https://www.flickr.com/photos/115096994@N02/17371328515", "url_b": "https://farm9.staticflickr.com/8806/17371328515_1e9c82f6ce_b.jpg", "title": "Armagh_DirkB0001_Armagh_DirkB0002_fb"}, "n_answers": 3, "quorum": 0, "calibration": 0, "created": "2015-05-05T11:14:26.622488", "state": "completed", "project_id": 200, "id": 38433, "priority_0": 0.0}, {"info": {"url": "https://farm8.staticflickr.com/7798/17371338935_1d1f9a137d.jpg", "url_m": "https://farm8.staticflickr.com/7798/17371338935_1d1f9a137d_m.jpg", "link": "https://www.flickr.com/photos/115096994@N02/17371338935", "url_b": "https://farm8.staticflickr.com/7798/17371338935_1d1f9a137d_b.jpg", "title": "Antrim_RapierD0003_Antrim_RapierD0004_fb"}, "n_answers": 3, "quorum": 0, "calibration": 0, "created": "2015-05-05T11:14:26.647534", "state": "completed", "project_id": 200, "id": 38434, "priority_0": 0.0}, {"info": {"url": "https://farm9.staticflickr.com/8828/17183625638_ed02914de1.jpg", "url_m": "https://farm9.staticflickr.com/8828/17183625638_ed02914de1_m.jpg", "link": "https://www.flickr.com/photos/115096994@N02/17183625638", "url_b": "https://farm9.staticflickr.com/8828/17183625638_ed02914de1_b.jpg", "title": "Antrim_RapierD0001_Antrim_RapierD0002_fb"}, "n_answers": 3, "quorum": 0, "calibration": 0, "created": "2015-05-05T11:14:26.672857", "state": "completed", "project_id": 200, "id": 38435, "priority_0": 0.0}, {"info": {"url": "https://farm9.staticflickr.com/8796/16748862724_a1a7b696f0.jpg", "url_m": "https://farm9.staticflickr.com/8796/16748862724_a1a7b696f0_m.jpg", "link": "https://www.flickr.com/photos/115096994@N02/16748862724", "url_b": "https://farm9.staticflickr.com/8796/16748862724_a1a7b696f0_b.jpg", "title": "Antrim_RapierB0001_Antrim_RapierB0002_fb"}, "n_answers": 3, "quorum": 0, "calibration": 0, "created": "2015-05-05T11:14:26.697718", "state": "completed", "project_id": 200, "id": 38436, "priority_0": 0.0}, {"info": {"url": "https://farm8.staticflickr.com/7658/17183819130_0cc940e3aa.jpg", "url_m": "https://farm8.staticflickr.com/7658/17183819130_0cc940e3aa_m.jpg", "link": "https://www.flickr.com/photos/115096994@N02/17183819130", "url_b": "https://farm8.staticflickr.com/7658/17183819130_0cc940e3aa_b.jpg", "title": "Antrim_DirkD0003_Antrim_DirkD0004_fb"}, "n_answers": 3, "quorum": 0, "calibration": 0, "created": "2015-05-05T11:14:26.723932", "state": "completed", "project_id": 200, "id": 38437, "priority_0": 0.0}, {"info": {"url": "https://farm9.staticflickr.com/8814/17185175519_ecb5e22962.jpg", "url_m": "https://farm9.staticflickr.com/8814/17185175519_ecb5e22962_m.jpg", "link": "https://www.flickr.com/photos/115096994@N02/17185175519", "url_b": "https://farm9.staticflickr.com/8814/17185175519_ecb5e22962_b.jpg", "title": "Antrim_DirkD0001_Antrim_DirkD0002_fb"}, "n_answers": 3, "quorum": 0, "calibration": 0, "created": "2015-05-05T11:14:26.747437", "state": "completed", "project_id": 200, "id": 38438, "priority_0": 0.0}, {"info": {"url": "https://farm9.staticflickr.com/8865/17163949667_911045b141.jpg", "url_m": "https://farm9.staticflickr.com/8865/17163949667_911045b141_m.jpg", "link": "https://www.flickr.com/photos/115096994@N02/17163949667", "url_b": "https://farm9.staticflickr.com/8865/17163949667_911045b141_b.jpg", "title": "Antrim_DirkB0001_Antrim_DirkB0002_fb"}, "n_answers": 3, "quorum": 0, "calibration": 0, "created": "2015-05-05T11:14:26.772701", "state": "completed", "project_id": 200, "id": 38439, "priority_0": 0.0}, {"info": {"url": "https://farm8.staticflickr.com/7740/17371416305_2f9fc2d028.jpg", "url_m": "https://farm8.staticflickr.com/7740/17371416305_2f9fc2d028_m.jpg", "link": "https://www.flickr.com/photos/115096994@N02/17371416305", "url_b": "https://farm8.staticflickr.com/7740/17371416305_2f9fc2d028_b.jpg", "title": "Antrim_Dirk0001_Antrim_Dirk0002_fb"}, "n_answers": 3, "quorum": 0, "calibration": 0, "created": "2015-05-05T11:14:26.797609", "state": "completed", "project_id": 200, "id": 38440, "priority_0": 0.0}]