[{"info": {"url_m": "https://farm4.staticflickr.com/3924/15135347421_ca7f0cf915_m.jpg", "link": "https://www.flickr.com/photos/MicroPasts/15135347421", "url_b": "https://farm4.staticflickr.com/3924/15135347421_ca7f0cf915_b.jpg"}, "n_answers": 2, "quorum": 0, "calibration": 0, "created": "2014-09-08T15:25:15.398620", "app_id": 60, "state": "completed", "id": 11807, "priority_0": 0.0}, {"info": {"url_m": "https://farm6.staticflickr.com/5551/14951666410_f7de69ed37_m.jpg", "link": "https://www.flickr.com/photos/MicroPasts/14951666410", "url_b": "https://farm6.staticflickr.com/5551/14951666410_f7de69ed37_b.jpg"}, "n_answers": 2, "quorum": 0, "calibration": 0, "created": "2014-09-08T15:25:18.480459", "app_id": 60, "state": "completed", "id": 11808, "priority_0": 0.0}, {"info": {"url_m": "https://farm4.staticflickr.com/3865/14951775728_cf91eac3e4_m.jpg", "link": "https://www.flickr.com/photos/MicroPasts/14951775728", "url_b": "https://farm4.staticflickr.com/3865/14951775728_cf91eac3e4_b.jpg"}, "n_answers": 2, "quorum": 0, "calibration": 0, "created": "2014-09-08T15:25:21.530267", "app_id": 60, "state": "completed", "id": 11809, "priority_0": 0.0}, {"info": {"url_m": "https://farm4.staticflickr.com/3850/15115320296_f416300bb9_m.jpg", "link": "https://www.flickr.com/photos/MicroPasts/15115320296", "url_b": "https://farm4.staticflickr.com/3850/15115320296_f416300bb9_b.jpg"}, "n_answers": 2, "quorum": 0, "calibration": 0, "created": "2014-09-08T15:25:25.255633", "app_id": 60, "state": "completed", "id": 11810, "priority_0": 0.0}, {"info": {"url_m": "https://farm6.staticflickr.com/5563/14951774397_c02c8af3d9_m.jpg", "link": "https://www.flickr.com/photos/MicroPasts/14951774397", "url_b": "https://farm6.staticflickr.com/5563/14951774397_c02c8af3d9_b.jpg"}, "n_answers": 2, "quorum": 0, "calibration": 0, "created": "2014-09-08T15:25:28.296643", "app_id": 60, "state": "completed", "id": 11811, "priority_0": 0.0}, {"info": {"url_m": "https://farm4.staticflickr.com/3856/15115320016_9772db71cc_m.jpg", "link": "https://www.flickr.com/photos/MicroPasts/15115320016", "url_b": "https://farm4.staticflickr.com/3856/15115320016_9772db71cc_b.jpg"}, "n_answers": 2, "quorum": 0, "calibration": 0, "created": "2014-09-08T15:25:31.338610", "app_id": 60, "state": "completed", "id": 11812, "priority_0": 0.0}, {"info": {"url_m": "https://farm4.staticflickr.com/3886/15138316665_5e218e1d85_m.jpg", "link": "https://www.flickr.com/photos/MicroPasts/15138316665", "url_b": "https://farm4.staticflickr.com/3886/15138316665_5e218e1d85_b.jpg"}, "n_answers": 2, "quorum": 0, "calibration": 0, "created": "2014-09-08T15:25:34.414447", "app_id": 60, "state": "completed", "id": 11813, "priority_0": 0.0}, {"info": {"url_m": "https://farm4.staticflickr.com/3870/14951774207_7522a7e9f9_m.jpg", "link": "https://www.flickr.com/photos/MicroPasts/14951774207", "url_b": "https://farm4.staticflickr.com/3870/14951774207_7522a7e9f9_b.jpg"}, "n_answers": 2, "quorum": 0, "calibration": 0, "created": "2014-09-08T15:25:37.464681", "app_id": 60, "state": "completed", "id": 11814, "priority_0": 0.0}, {"info": {"url_m": "https://farm4.staticflickr.com/3877/15135346471_8dc9c056a8_m.jpg", "link": "https://www.flickr.com/photos/MicroPasts/15135346471", "url_b": "https://farm4.staticflickr.com/3877/15135346471_8dc9c056a8_b.jpg"}, "n_answers": 2, "quorum": 0, "calibration": 0, "created": "2014-09-08T15:25:40.505053", "app_id": 60, "state": "completed", "id": 11815, "priority_0": 0.0}]