[{"info": {"url": "https://farm8.staticflickr.com/7213/27007634821_60542e034b.jpg", "url_m": "https://farm8.staticflickr.com/7213/27007634821_60542e034b_m.jpg", "link": "https://www.flickr.com/photos/115096994@N02/27007634821", "url_b": "https://farm8.staticflickr.com/7213/27007634821_60542e034b_b.jpg", "title": "DubiousBronzeAge_0001_DubiousBronzeAge_0002_fb"}, "n_answers": 3, "quorum": 0, "calibration": 0, "created": "2016-05-17T17:30:50.147370", "state": "completed", "project_id": 315, "id": 62215, "priority_0": 0.0}, {"info": {"url": "https://farm8.staticflickr.com/7195/26472404133_8b9a9b26e4.jpg", "url_m": "https://farm8.staticflickr.com/7195/26472404133_8b9a9b26e4_m.jpg", "link": "https://www.flickr.com/photos/115096994@N02/26472404133", "url_b": "https://farm8.staticflickr.com/7195/26472404133_8b9a9b26e4_b.jpg", "title": "DubiousBronzeAge_0003_DubiousBronzeAge_0004_fb"}, "n_answers": 3, "quorum": 0, "calibration": 0, "created": "2016-05-17T17:30:50.215295", "state": "completed", "project_id": 315, "id": 62216, "priority_0": 0.0}, {"info": {"url": "https://farm8.staticflickr.com/7363/26981637182_6c865428be.jpg", "url_m": "https://farm8.staticflickr.com/7363/26981637182_6c865428be_m.jpg", "link": "https://www.flickr.com/photos/115096994@N02/26981637182", "url_b": "https://farm8.staticflickr.com/7363/26981637182_6c865428be_b.jpg", "title": "DubiousBronzeAge_0005_DubiousBronzeAge_0006_fb"}, "n_answers": 3, "quorum": 0, "calibration": 0, "created": "2016-05-17T17:30:50.250222", "state": "completed", "project_id": 315, "id": 62217, "priority_0": 0.0}, {"info": {"url": "https://farm8.staticflickr.com/7027/27007634541_67af127aa9.jpg", "url_m": "https://farm8.staticflickr.com/7027/27007634541_67af127aa9_m.jpg", "link": "https://www.flickr.com/photos/115096994@N02/27007634541", "url_b": "https://farm8.staticflickr.com/7027/27007634541_67af127aa9_b.jpg", "title": "DubiousBronzeAge_0007_DubiousBronzeAge_0008_fb"}, "n_answers": 3, "quorum": 0, "calibration": 0, "created": "2016-05-17T17:30:50.283135", "state": "completed", "project_id": 315, "id": 62218, "priority_0": 0.0}, {"info": {"url": "https://farm8.staticflickr.com/7323/26472402803_8eb097ef91.jpg", "url_m": "https://farm8.staticflickr.com/7323/26472402803_8eb097ef91_m.jpg", "link": "https://www.flickr.com/photos/115096994@N02/26472402803", "url_b": "https://farm8.staticflickr.com/7323/26472402803_8eb097ef91_b.jpg", "title": "DubiousBronzeAge_0009_DubiousBronzeAge_0010_fb"}, "n_answers": 3, "quorum": 0, "calibration": 0, "created": "2016-05-17T17:30:50.316878", "state": "completed", "project_id": 315, "id": 62219, "priority_0": 0.0}, {"info": {"url": "https://farm8.staticflickr.com/7223/26981636722_ebd1d2d31b.jpg", "url_m": "https://farm8.staticflickr.com/7223/26981636722_ebd1d2d31b_m.jpg", "link": "https://www.flickr.com/photos/115096994@N02/26981636722", "url_b": "https://farm8.staticflickr.com/7223/26981636722_ebd1d2d31b_b.jpg", "title": "DubiousBronzeAge_0011_DubiousBronzeAge_0012_fb"}, "n_answers": 3, "quorum": 0, "calibration": 0, "created": "2016-05-17T17:30:50.350322", "state": "completed", "project_id": 315, "id": 62220, "priority_0": 0.0}, {"info": {"url": "https://farm8.staticflickr.com/7111/27007634331_72d239a710.jpg", "url_m": "https://farm8.staticflickr.com/7111/27007634331_72d239a710_m.jpg", "link": "https://www.flickr.com/photos/115096994@N02/27007634331", "url_b": "https://farm8.staticflickr.com/7111/27007634331_72d239a710_b.jpg", "title": "DubiousBronzeAge_0013_DubiousBronzeAge_0014_fb"}, "n_answers": 3, "quorum": 0, "calibration": 0, "created": "2016-05-17T17:30:50.383363", "state": "completed", "project_id": 315, "id": 62221, "priority_0": 0.0}, {"info": {"url": "https://farm8.staticflickr.com/7708/27042870456_c5a782703f.jpg", "url_m": "https://farm8.staticflickr.com/7708/27042870456_c5a782703f_m.jpg", "link": "https://www.flickr.com/photos/115096994@N02/27042870456", "url_b": "https://farm8.staticflickr.com/7708/27042870456_c5a782703f_b.jpg", "title": "DubiousBronzeAge_0015_DubiousBronzeAge_0016_fb"}, "n_answers": 3, "quorum": 0, "calibration": 0, "created": "2016-05-17T17:30:50.416982", "state": "completed", "project_id": 315, "id": 62222, "priority_0": 0.0}, {"info": {"url": "https://farm8.staticflickr.com/7302/26981636982_1a4f85526f.jpg", "url_m": "https://farm8.staticflickr.com/7302/26981636982_1a4f85526f_m.jpg", "link": "https://www.flickr.com/photos/115096994@N02/26981636982", "url_b": "https://farm8.staticflickr.com/7302/26981636982_1a4f85526f_b.jpg", "title": "DubiousBronzeAge_0017_DubiousBronzeAge_0018_fb"}, "n_answers": 3, "quorum": 0, "calibration": 0, "created": "2016-05-17T17:30:50.449832", "state": "completed", "project_id": 315, "id": 62223, "priority_0": 0.0}, {"info": {"url": "https://farm8.staticflickr.com/7308/26981636082_3d7b3cd68b.jpg", "url_m": "https://farm8.staticflickr.com/7308/26981636082_3d7b3cd68b_m.jpg", "link": "https://www.flickr.com/photos/115096994@N02/26981636082", "url_b": "https://farm8.staticflickr.com/7308/26981636082_3d7b3cd68b_b.jpg", "title": "DubiousBronzeAge_0019_DubiousBronzeAge_0020_fb"}, "n_answers": 3, "quorum": 0, "calibration": 0, "created": "2016-05-17T17:30:50.483111", "state": "completed", "project_id": 315, "id": 62224, "priority_0": 0.0}, {"info": {"url": "https://farm8.staticflickr.com/7568/27042870316_2062827bfd.jpg", "url_m": "https://farm8.staticflickr.com/7568/27042870316_2062827bfd_m.jpg", "link": "https://www.flickr.com/photos/115096994@N02/27042870316", "url_b": "https://farm8.staticflickr.com/7568/27042870316_2062827bfd_b.jpg", "title": "DubiousBronzeAge_0021_DubiousBronzeAge_0022_fb"}, "n_answers": 3, "quorum": 0, "calibration": 0, "created": "2016-05-17T17:30:50.516438", "state": "completed", "project_id": 315, "id": 62225, "priority_0": 0.0}, {"info": {"url": "https://farm8.staticflickr.com/7168/27042870226_b6f21ec012.jpg", "url_m": "https://farm8.staticflickr.com/7168/27042870226_b6f21ec012_m.jpg", "link": "https://www.flickr.com/photos/115096994@N02/27042870226", "url_b": "https://farm8.staticflickr.com/7168/27042870226_b6f21ec012_b.jpg", "title": "DubiousBronzeAge_0023_DubiousBronzeAge_0024_fb"}, "n_answers": 3, "quorum": 0, "calibration": 0, "created": "2016-05-17T17:30:50.549845", "state": "completed", "project_id": 315, "id": 62226, "priority_0": 0.0}, {"info": {"url": "https://farm8.staticflickr.com/7386/27007633591_cc0c7c57cc.jpg", "url_m": "https://farm8.staticflickr.com/7386/27007633591_cc0c7c57cc_m.jpg", "link": "https://www.flickr.com/photos/115096994@N02/27007633591", "url_b": "https://farm8.staticflickr.com/7386/27007633591_cc0c7c57cc_b.jpg", "title": "DubiousBronzeAge_0025_DubiousBronzeAge_0026_fb"}, "n_answers": 3, "quorum": 0, "calibration": 0, "created": "2016-05-17T17:30:50.583841", "state": "completed", "project_id": 315, "id": 62227, "priority_0": 0.0}, {"info": {"url": "https://farm8.staticflickr.com/7333/27042870026_44c0437228.jpg", "url_m": "https://farm8.staticflickr.com/7333/27042870026_44c0437228_m.jpg", "link": "https://www.flickr.com/photos/115096994@N02/27042870026", "url_b": "https://farm8.staticflickr.com/7333/27042870026_44c0437228_b.jpg", "title": "DubiousBronzeAge_0027_DubiousBronzeAge_0028_fb"}, "n_answers": 3, "quorum": 0, "calibration": 0, "created": "2016-05-17T17:30:50.616686", "state": "completed", "project_id": 315, "id": 62228, "priority_0": 0.0}, {"info": {"url": "https://farm8.staticflickr.com/7208/27042870016_95b70fe51d.jpg", "url_m": "https://farm8.staticflickr.com/7208/27042870016_95b70fe51d_m.jpg", "link": "https://www.flickr.com/photos/115096994@N02/27042870016", "url_b": "https://farm8.staticflickr.com/7208/27042870016_95b70fe51d_b.jpg", "title": "DubiousBronzeAge_0029_DubiousBronzeAge_0030_fb"}, "n_answers": 3, "quorum": 0, "calibration": 0, "created": "2016-05-17T17:30:50.650146", "state": "completed", "project_id": 315, "id": 62229, "priority_0": 0.0}, {"info": {"url": "https://farm8.staticflickr.com/7116/27075983915_2b45a0d2b2.jpg", "url_m": "https://farm8.staticflickr.com/7116/27075983915_2b45a0d2b2_m.jpg", "link": "https://www.flickr.com/photos/115096994@N02/27075983915", "url_b": "https://farm8.staticflickr.com/7116/27075983915_2b45a0d2b2_b.jpg", "title": "DubiousBronzeAge_0031_DubiousBronzeAge_0032_fb"}, "n_answers": 3, "quorum": 0, "calibration": 0, "created": "2016-05-17T17:30:50.682691", "state": "completed", "project_id": 315, "id": 62230, "priority_0": 0.0}, {"info": {"url": "https://farm8.staticflickr.com/7157/26981634912_e2ff658abd.jpg", "url_m": "https://farm8.staticflickr.com/7157/26981634912_e2ff658abd_m.jpg", "link": "https://www.flickr.com/photos/115096994@N02/26981634912", "url_b": "https://farm8.staticflickr.com/7157/26981634912_e2ff658abd_b.jpg", "title": "DubiousBronzeAge_0033_DubiousBronzeAge_0034_fb"}, "n_answers": 3, "quorum": 0, "calibration": 0, "created": "2016-05-17T17:30:50.716195", "state": "completed", "project_id": 315, "id": 62231, "priority_0": 0.0}, {"info": {"url": "https://farm8.staticflickr.com/7261/26801758390_1669549983.jpg", "url_m": "https://farm8.staticflickr.com/7261/26801758390_1669549983_m.jpg", "link": "https://www.flickr.com/photos/115096994@N02/26801758390", "url_b": "https://farm8.staticflickr.com/7261/26801758390_1669549983_b.jpg", "title": "DubiousBronzeAge_0035_DubiousBronzeAge_0036_fb"}, "n_answers": 3, "quorum": 0, "calibration": 0, "created": "2016-05-17T17:30:50.749811", "state": "completed", "project_id": 315, "id": 62232, "priority_0": 0.0}, {"info": {"url": "https://farm8.staticflickr.com/7103/26981635602_7ac05b0011.jpg", "url_m": "https://farm8.staticflickr.com/7103/26981635602_7ac05b0011_m.jpg", "link": "https://www.flickr.com/photos/115096994@N02/26981635602", "url_b": "https://farm8.staticflickr.com/7103/26981635602_7ac05b0011_b.jpg", "title": "DubiousBronzeAge_0037_DubiousBronzeAge_0038_fb"}, "n_answers": 3, "quorum": 0, "calibration": 0, "created": "2016-05-17T17:30:50.782587", "state": "completed", "project_id": 315, "id": 62233, "priority_0": 0.0}, {"info": {"url": "https://farm8.staticflickr.com/7565/26801758170_544a39715f.jpg", "url_m": "https://farm8.staticflickr.com/7565/26801758170_544a39715f_m.jpg", "link": "https://www.flickr.com/photos/115096994@N02/26801758170", "url_b": "https://farm8.staticflickr.com/7565/26801758170_544a39715f_b.jpg", "title": "DubiousBronzeAge_0039_DubiousBronzeAge_0040_fb"}, "n_answers": 3, "quorum": 0, "calibration": 0, "created": "2016-05-17T17:30:50.816220", "state": "completed", "project_id": 315, "id": 62234, "priority_0": 0.0}, {"info": {"url": "https://farm8.staticflickr.com/7466/27007631921_ba35754cca.jpg", "url_m": "https://farm8.staticflickr.com/7466/27007631921_ba35754cca_m.jpg", "link": "https://www.flickr.com/photos/115096994@N02/27007631921", "url_b": "https://farm8.staticflickr.com/7466/27007631921_ba35754cca_b.jpg", "title": "DubiousBronzeAge_0041_DubiousBronzeAge_0042_fb"}, "n_answers": 3, "quorum": 0, "calibration": 0, "created": "2016-05-17T17:30:50.849584", "state": "completed", "project_id": 315, "id": 62235, "priority_0": 0.0}, {"info": {"url": "https://farm8.staticflickr.com/7604/26801757780_26ce8fdbbd.jpg", "url_m": "https://farm8.staticflickr.com/7604/26801757780_26ce8fdbbd_m.jpg", "link": "https://www.flickr.com/photos/115096994@N02/26801757780", "url_b": "https://farm8.staticflickr.com/7604/26801757780_26ce8fdbbd_b.jpg", "title": "DubiousBronzeAge_0043_DubiousBronzeAge_0044_fb"}, "n_answers": 3, "quorum": 0, "calibration": 0, "created": "2016-05-17T17:30:50.882420", "state": "completed", "project_id": 315, "id": 62236, "priority_0": 0.0}, {"info": {"url": "https://farm8.staticflickr.com/7392/26470602414_470a8481b0.jpg", "url_m": "https://farm8.staticflickr.com/7392/26470602414_470a8481b0_m.jpg", "link": "https://www.flickr.com/photos/115096994@N02/26470602414", "url_b": "https://farm8.staticflickr.com/7392/26470602414_470a8481b0_b.jpg", "title": "DubiousBronzeAge_0045_DubiousBronzeAge_0046_fb"}, "n_answers": 3, "quorum": 0, "calibration": 0, "created": "2016-05-17T17:30:50.916107", "state": "completed", "project_id": 315, "id": 62237, "priority_0": 0.0}, {"info": {"url": "https://farm8.staticflickr.com/7356/26801757410_4d8643bdbf.jpg", "url_m": "https://farm8.staticflickr.com/7356/26801757410_4d8643bdbf_m.jpg", "link": "https://www.flickr.com/photos/115096994@N02/26801757410", "url_b": "https://farm8.staticflickr.com/7356/26801757410_4d8643bdbf_b.jpg", "title": "DubiousBronzeAge_0047_DubiousBronzeAge_0048_fb"}, "n_answers": 3, "quorum": 0, "calibration": 0, "created": "2016-05-17T17:30:50.950017", "state": "completed", "project_id": 315, "id": 62238, "priority_0": 0.0}, {"info": {"url": "https://farm8.staticflickr.com/7266/26470601874_d03d7524f5.jpg", "url_m": "https://farm8.staticflickr.com/7266/26470601874_d03d7524f5_m.jpg", "link": "https://www.flickr.com/photos/115096994@N02/26470601874", "url_b": "https://farm8.staticflickr.com/7266/26470601874_d03d7524f5_b.jpg", "title": "DubiousBronzeAge_0049_DubiousBronzeAge_0050_fb"}, "n_answers": 3, "quorum": 0, "calibration": 0, "created": "2016-05-17T17:30:50.982723", "state": "completed", "project_id": 315, "id": 62239, "priority_0": 0.0}, {"info": {"url": "https://farm8.staticflickr.com/7024/27075983185_ee7acfbb44.jpg", "url_m": "https://farm8.staticflickr.com/7024/27075983185_ee7acfbb44_m.jpg", "link": "https://www.flickr.com/photos/115096994@N02/27075983185", "url_b": "https://farm8.staticflickr.com/7024/27075983185_ee7acfbb44_b.jpg", "title": "DubiousBronzeAge_0051_DubiousBronzeAge_0052_fb"}, "n_answers": 3, "quorum": 0, "calibration": 0, "created": "2016-05-17T17:30:51.016013", "state": "completed", "project_id": 315, "id": 62240, "priority_0": 0.0}, {"info": {"url": "https://farm8.staticflickr.com/7378/26801756880_792e62eb79.jpg", "url_m": "https://farm8.staticflickr.com/7378/26801756880_792e62eb79_m.jpg", "link": "https://www.flickr.com/photos/115096994@N02/26801756880", "url_b": "https://farm8.staticflickr.com/7378/26801756880_792e62eb79_b.jpg", "title": "DubiousBronzeAge_0053_DubiousBronzeAge_0054_fb"}, "n_answers": 3, "quorum": 0, "calibration": 0, "created": "2016-05-17T17:30:51.048895", "state": "completed", "project_id": 315, "id": 62241, "priority_0": 0.0}, {"info": {"url": "https://farm8.staticflickr.com/7308/27007631211_1316c8d443.jpg", "url_m": "https://farm8.staticflickr.com/7308/27007631211_1316c8d443_m.jpg", "link": "https://www.flickr.com/photos/115096994@N02/27007631211", "url_b": "https://farm8.staticflickr.com/7308/27007631211_1316c8d443_b.jpg", "title": "DubiousBronzeAge_0055_DubiousBronzeAge_0056_fb"}, "n_answers": 3, "quorum": 0, "calibration": 0, "created": "2016-05-17T17:30:51.082287", "state": "completed", "project_id": 315, "id": 62242, "priority_0": 0.0}, {"info": {"url": "https://farm8.staticflickr.com/7100/26981632442_12528d2c29.jpg", "url_m": "https://farm8.staticflickr.com/7100/26981632442_12528d2c29_m.jpg", "link": "https://www.flickr.com/photos/115096994@N02/26981632442", "url_b": "https://farm8.staticflickr.com/7100/26981632442_12528d2c29_b.jpg", "title": "DubiousBronzeAge_0057_DubiousBronzeAge_0058_fb"}, "n_answers": 3, "quorum": 0, "calibration": 0, "created": "2016-05-17T17:30:51.115430", "state": "completed", "project_id": 315, "id": 62243, "priority_0": 0.0}, {"info": {"url": "https://farm8.staticflickr.com/7410/27075982835_72990383d8.jpg", "url_m": "https://farm8.staticflickr.com/7410/27075982835_72990383d8_m.jpg", "link": "https://www.flickr.com/photos/115096994@N02/27075982835", "url_b": "https://farm8.staticflickr.com/7410/27075982835_72990383d8_b.jpg", "title": "DubiousBronzeAge_0059_DubiousBronzeAge_0060_fb"}, "n_answers": 3, "quorum": 0, "calibration": 0, "created": "2016-05-17T17:30:51.148994", "state": "completed", "project_id": 315, "id": 62244, "priority_0": 0.0}, {"info": {"url": "https://farm8.staticflickr.com/7554/26470601384_e9a6a63969.jpg", "url_m": "https://farm8.staticflickr.com/7554/26470601384_e9a6a63969_m.jpg", "link": "https://www.flickr.com/photos/115096994@N02/26470601384", "url_b": "https://farm8.staticflickr.com/7554/26470601384_e9a6a63969_b.jpg", "title": "DubiousBronzeAge_0061_DubiousBronzeAge_0062_fb"}, "n_answers": 3, "quorum": 0, "calibration": 0, "created": "2016-05-17T17:30:51.182271", "state": "completed", "project_id": 315, "id": 62245, "priority_0": 0.0}, {"info": {"url": "https://farm8.staticflickr.com/7508/26801755980_dfed2c71b5.jpg", "url_m": "https://farm8.staticflickr.com/7508/26801755980_dfed2c71b5_m.jpg", "link": "https://www.flickr.com/photos/115096994@N02/26801755980", "url_b": "https://farm8.staticflickr.com/7508/26801755980_dfed2c71b5_b.jpg", "title": "DubiousBronzeAge_0063_DubiousBronzeAge_0064_fb"}, "n_answers": 3, "quorum": 0, "calibration": 0, "created": "2016-05-17T17:30:51.215156", "state": "completed", "project_id": 315, "id": 62246, "priority_0": 0.0}, {"info": {"url": "https://farm8.staticflickr.com/7037/26801756400_07ce8752b2.jpg", "url_m": "https://farm8.staticflickr.com/7037/26801756400_07ce8752b2_m.jpg", "link": "https://www.flickr.com/photos/115096994@N02/26801756400", "url_b": "https://farm8.staticflickr.com/7037/26801756400_07ce8752b2_b.jpg", "title": "DubiousBronzeAge_0065_DubiousBronzeAge_0066_fb"}, "n_answers": 3, "quorum": 0, "calibration": 0, "created": "2016-05-17T17:30:51.248698", "state": "completed", "project_id": 315, "id": 62247, "priority_0": 0.0}, {"info": {"url": "https://farm8.staticflickr.com/7033/27075982385_3f8706e1ae.jpg", "url_m": "https://farm8.staticflickr.com/7033/27075982385_3f8706e1ae_m.jpg", "link": "https://www.flickr.com/photos/115096994@N02/27075982385", "url_b": "https://farm8.staticflickr.com/7033/27075982385_3f8706e1ae_b.jpg", "title": "DubiousBronzeAge_0067_DubiousBronzeAge_0068_fb"}, "n_answers": 3, "quorum": 0, "calibration": 0, "created": "2016-05-17T17:30:51.281633", "state": "completed", "project_id": 315, "id": 62248, "priority_0": 0.0}, {"info": {"url": "https://farm8.staticflickr.com/7673/26472395713_dee87ce709.jpg", "url_m": "https://farm8.staticflickr.com/7673/26472395713_dee87ce709_m.jpg", "link": "https://www.flickr.com/photos/115096994@N02/26472395713", "url_b": "https://farm8.staticflickr.com/7673/26472395713_dee87ce709_b.jpg", "title": "DubiousBronzeAge_0069_DubiousBronzeAge_0070_fb"}, "n_answers": 3, "quorum": 0, "calibration": 0, "created": "2016-05-17T17:30:51.315865", "state": "completed", "project_id": 315, "id": 62249, "priority_0": 0.0}, {"info": {"url": "https://farm8.staticflickr.com/7005/26801754790_7bd17434fc.jpg", "url_m": "https://farm8.staticflickr.com/7005/26801754790_7bd17434fc_m.jpg", "link": "https://www.flickr.com/photos/115096994@N02/26801754790", "url_b": "https://farm8.staticflickr.com/7005/26801754790_7bd17434fc_b.jpg", "title": "DubiousBronzeAge_0071_DubiousBronzeAge_0072_fb"}, "n_answers": 3, "quorum": 0, "calibration": 0, "created": "2016-05-17T17:30:51.348372", "state": "completed", "project_id": 315, "id": 62250, "priority_0": 0.0}, {"info": {"url": "https://farm8.staticflickr.com/7055/26472393913_f92453fb7b.jpg", "url_m": "https://farm8.staticflickr.com/7055/26472393913_f92453fb7b_m.jpg", "link": "https://www.flickr.com/photos/115096994@N02/26472393913", "url_b": "https://farm8.staticflickr.com/7055/26472393913_f92453fb7b_b.jpg", "title": "DubiousBronzeAge_0073_DubiousBronzeAge_0074_fb"}, "n_answers": 3, "quorum": 0, "calibration": 0, "created": "2016-05-17T17:30:51.381697", "state": "completed", "project_id": 315, "id": 62251, "priority_0": 0.0}, {"info": {"url": "https://farm8.staticflickr.com/7648/27007629751_6d97b07ef5.jpg", "url_m": "https://farm8.staticflickr.com/7648/27007629751_6d97b07ef5_m.jpg", "link": "https://www.flickr.com/photos/115096994@N02/27007629751", "url_b": "https://farm8.staticflickr.com/7648/27007629751_6d97b07ef5_b.jpg", "title": "DubiousBronzeAge_0075_DubiousBronzeAge_0076_fb"}, "n_answers": 3, "quorum": 0, "calibration": 0, "created": "2016-05-17T17:30:51.414832", "state": "completed", "project_id": 315, "id": 62252, "priority_0": 0.0}, {"info": {"url": "https://farm8.staticflickr.com/7336/27075981705_1e6db03a31.jpg", "url_m": "https://farm8.staticflickr.com/7336/27075981705_1e6db03a31_m.jpg", "link": "https://www.flickr.com/photos/115096994@N02/27075981705", "url_b": "https://farm8.staticflickr.com/7336/27075981705_1e6db03a31_b.jpg", "title": "DubiousBronzeAge_0077_DubiousBronzeAge_0078_fb"}, "n_answers": 3, "quorum": 0, "calibration": 0, "created": "2016-05-17T17:30:51.448258", "state": "completed", "project_id": 315, "id": 62253, "priority_0": 0.0}, {"info": {"url": "https://farm8.staticflickr.com/7076/26470598604_87bf2dfedb.jpg", "url_m": "https://farm8.staticflickr.com/7076/26470598604_87bf2dfedb_m.jpg", "link": "https://www.flickr.com/photos/115096994@N02/26470598604", "url_b": "https://farm8.staticflickr.com/7076/26470598604_87bf2dfedb_b.jpg", "title": "DubiousBronzeAge_0079_DubiousBronzeAge_0080_fb"}, "n_answers": 3, "quorum": 0, "calibration": 0, "created": "2016-05-17T17:30:51.481139", "state": "completed", "project_id": 315, "id": 62254, "priority_0": 0.0}, {"info": {"url": "https://farm8.staticflickr.com/7737/26801754420_9e61f9aa61.jpg", "url_m": "https://farm8.staticflickr.com/7737/26801754420_9e61f9aa61_m.jpg", "link": "https://www.flickr.com/photos/115096994@N02/26801754420", "url_b": "https://farm8.staticflickr.com/7737/26801754420_9e61f9aa61_b.jpg", "title": "DubiousBronzeAge_0081_DubiousBronzeAge_0082_fb"}, "n_answers": 3, "quorum": 0, "calibration": 0, "created": "2016-05-17T17:30:51.514561", "state": "completed", "project_id": 315, "id": 62255, "priority_0": 0.0}, {"info": {"url": "https://farm8.staticflickr.com/7671/26470598094_d37606f94f.jpg", "url_m": "https://farm8.staticflickr.com/7671/26470598094_d37606f94f_m.jpg", "link": "https://www.flickr.com/photos/115096994@N02/26470598094", "url_b": "https://farm8.staticflickr.com/7671/26470598094_d37606f94f_b.jpg", "title": "DubiousBronzeAge_0083_DubiousBronzeAge_0084_fb"}, "n_answers": 3, "quorum": 0, "calibration": 0, "created": "2016-05-17T17:30:51.556156", "state": "completed", "project_id": 315, "id": 62256, "priority_0": 0.0}, {"info": {"url": "https://farm8.staticflickr.com/7078/26472392733_87b1d48d06.jpg", "url_m": "https://farm8.staticflickr.com/7078/26472392733_87b1d48d06_m.jpg", "link": "https://www.flickr.com/photos/115096994@N02/26472392733", "url_b": "https://farm8.staticflickr.com/7078/26472392733_87b1d48d06_b.jpg", "title": "DubiousBronzeAge_0085_DubiousBronzeAge_0086_fb"}, "n_answers": 3, "quorum": 0, "calibration": 0, "created": "2016-05-17T17:30:51.589859", "state": "completed", "project_id": 315, "id": 62257, "priority_0": 0.0}, {"info": {"url": "https://farm8.staticflickr.com/7213/27042866966_399c47cefd.jpg", "url_m": "https://farm8.staticflickr.com/7213/27042866966_399c47cefd_m.jpg", "link": "https://www.flickr.com/photos/115096994@N02/27042866966", "url_b": "https://farm8.staticflickr.com/7213/27042866966_399c47cefd_b.jpg", "title": "DubiousBronzeAge_0087_DubiousBronzeAge_0088_fb"}, "n_answers": 3, "quorum": 0, "calibration": 0, "created": "2016-05-17T17:30:51.622869", "state": "completed", "project_id": 315, "id": 62258, "priority_0": 0.0}, {"info": {"url": "https://farm8.staticflickr.com/7148/26472392473_0b4de266f3.jpg", "url_m": "https://farm8.staticflickr.com/7148/26472392473_0b4de266f3_m.jpg", "link": "https://www.flickr.com/photos/115096994@N02/26472392473", "url_b": "https://farm8.staticflickr.com/7148/26472392473_0b4de266f3_b.jpg", "title": "DubiousBronzeAge_0089_DubiousBronzeAge_0090_fb"}, "n_answers": 3, "quorum": 0, "calibration": 0, "created": "2016-05-17T17:30:51.656369", "state": "completed", "project_id": 315, "id": 62259, "priority_0": 0.0}, {"info": {"url": "https://farm8.staticflickr.com/7518/27042866866_45eb19c338.jpg", "url_m": "https://farm8.staticflickr.com/7518/27042866866_45eb19c338_m.jpg", "link": "https://www.flickr.com/photos/115096994@N02/27042866866", "url_b": "https://farm8.staticflickr.com/7518/27042866866_45eb19c338_b.jpg", "title": "DubiousBronzeAge_0091_DubiousBronzeAge_0092_fb"}, "n_answers": 3, "quorum": 0, "calibration": 0, "created": "2016-05-17T17:30:51.690182", "state": "completed", "project_id": 315, "id": 62260, "priority_0": 0.0}, {"info": {"url": "https://farm8.staticflickr.com/7107/26472392093_0653dd9d30.jpg", "url_m": "https://farm8.staticflickr.com/7107/26472392093_0653dd9d30_m.jpg", "link": "https://www.flickr.com/photos/115096994@N02/26472392093", "url_b": "https://farm8.staticflickr.com/7107/26472392093_0653dd9d30_b.jpg", "title": "DubiousBronzeAge_0093_DubiousBronzeAge_0094_fb"}, "n_answers": 3, "quorum": 0, "calibration": 0, "created": "2016-05-17T17:30:51.722562", "state": "completed", "project_id": 315, "id": 62261, "priority_0": 0.0}, {"info": {"url": "https://farm8.staticflickr.com/7510/27042866756_f63c3aec73.jpg", "url_m": "https://farm8.staticflickr.com/7510/27042866756_f63c3aec73_m.jpg", "link": "https://www.flickr.com/photos/115096994@N02/27042866756", "url_b": "https://farm8.staticflickr.com/7510/27042866756_f63c3aec73_b.jpg", "title": "DubiousBronzeAge_0095_DubiousBronzeAge_0096_fb"}, "n_answers": 3, "quorum": 0, "calibration": 0, "created": "2016-05-17T17:30:51.755901", "state": "completed", "project_id": 315, "id": 62262, "priority_0": 0.0}, {"info": {"url": "https://farm8.staticflickr.com/7365/26472391803_688632e3d1.jpg", "url_m": "https://farm8.staticflickr.com/7365/26472391803_688632e3d1_m.jpg", "link": "https://www.flickr.com/photos/115096994@N02/26472391803", "url_b": "https://farm8.staticflickr.com/7365/26472391803_688632e3d1_b.jpg", "title": "DubiousBronzeAge_0097_DubiousBronzeAge_0098_fb"}, "n_answers": 3, "quorum": 0, "calibration": 0, "created": "2016-05-17T17:30:51.789184", "state": "completed", "project_id": 315, "id": 62263, "priority_0": 0.0}, {"info": {"url": "https://farm8.staticflickr.com/7585/27042866686_477b4510a8.jpg", "url_m": "https://farm8.staticflickr.com/7585/27042866686_477b4510a8_m.jpg", "link": "https://www.flickr.com/photos/115096994@N02/27042866686", "url_b": "https://farm8.staticflickr.com/7585/27042866686_477b4510a8_b.jpg", "title": "DubiousBronzeAge_0099_DubiousBronzeAge_0100_fb"}, "n_answers": 3, "quorum": 0, "calibration": 0, "created": "2016-05-17T17:30:51.822329", "state": "completed", "project_id": 315, "id": 62264, "priority_0": 0.0}, {"info": {"url": "https://farm8.staticflickr.com/7731/27007627471_06a03567ac.jpg", "url_m": "https://farm8.staticflickr.com/7731/27007627471_06a03567ac_m.jpg", "link": "https://www.flickr.com/photos/115096994@N02/27007627471", "url_b": "https://farm8.staticflickr.com/7731/27007627471_06a03567ac_b.jpg", "title": "DubiousBronzeAge_0101_DubiousBronzeAge_0102_fb"}, "n_answers": 3, "quorum": 0, "calibration": 0, "created": "2016-05-17T17:30:51.855337", "state": "completed", "project_id": 315, "id": 62265, "priority_0": 0.0}, {"info": {"url": "https://farm8.staticflickr.com/7462/27042866546_b29d73830b.jpg", "url_m": "https://farm8.staticflickr.com/7462/27042866546_b29d73830b_m.jpg", "link": "https://www.flickr.com/photos/115096994@N02/27042866546", "url_b": "https://farm8.staticflickr.com/7462/27042866546_b29d73830b_b.jpg", "title": "DubiousBronzeAge_0103_DubiousBronzeAge_0104_fb"}, "n_answers": 3, "quorum": 0, "calibration": 0, "created": "2016-05-17T17:30:51.888816", "state": "completed", "project_id": 315, "id": 62266, "priority_0": 0.0}, {"info": {"url": "https://farm8.staticflickr.com/7121/27007627091_2179e4af17.jpg", "url_m": "https://farm8.staticflickr.com/7121/27007627091_2179e4af17_m.jpg", "link": "https://www.flickr.com/photos/115096994@N02/27007627091", "url_b": "https://farm8.staticflickr.com/7121/27007627091_2179e4af17_b.jpg", "title": "DubiousBronzeAge_0105_DubiousBronzeAge_0106_fb"}, "n_answers": 3, "quorum": 0, "calibration": 0, "created": "2016-05-17T17:30:51.922401", "state": "completed", "project_id": 315, "id": 62267, "priority_0": 0.0}, {"info": {"url": "https://farm8.staticflickr.com/7160/27042866466_0180d48e4b.jpg", "url_m": "https://farm8.staticflickr.com/7160/27042866466_0180d48e4b_m.jpg", "link": "https://www.flickr.com/photos/115096994@N02/27042866466", "url_b": "https://farm8.staticflickr.com/7160/27042866466_0180d48e4b_b.jpg", "title": "DubiousBronzeAge_0107_DubiousBronzeAge_0108_fb"}, "n_answers": 3, "quorum": 0, "calibration": 0, "created": "2016-05-17T17:30:51.955619", "state": "completed", "project_id": 315, "id": 62268, "priority_0": 0.0}, {"info": {"url": "https://farm8.staticflickr.com/7170/27007626781_5b38016edd.jpg", "url_m": "https://farm8.staticflickr.com/7170/27007626781_5b38016edd_m.jpg", "link": "https://www.flickr.com/photos/115096994@N02/27007626781", "url_b": "https://farm8.staticflickr.com/7170/27007626781_5b38016edd_b.jpg", "title": "DubiousBronzeAge_0109_DubiousBronzeAge_0110_fb"}, "n_answers": 3, "quorum": 0, "calibration": 0, "created": "2016-05-17T17:30:51.989030", "state": "completed", "project_id": 315, "id": 62269, "priority_0": 0.0}, {"info": {"url": "https://farm8.staticflickr.com/7582/27007626691_c4b8d285dc.jpg", "url_m": "https://farm8.staticflickr.com/7582/27007626691_c4b8d285dc_m.jpg", "link": "https://www.flickr.com/photos/115096994@N02/27007626691", "url_b": "https://farm8.staticflickr.com/7582/27007626691_c4b8d285dc_b.jpg", "title": "DubiousBronzeAge_0111_DubiousBronzeAge_0112_fb"}, "n_answers": 3, "quorum": 0, "calibration": 0, "created": "2016-05-17T17:30:52.022160", "state": "completed", "project_id": 315, "id": 62270, "priority_0": 0.0}, {"info": {"url": "https://farm8.staticflickr.com/7766/27007626381_91755d44a4.jpg", "url_m": "https://farm8.staticflickr.com/7766/27007626381_91755d44a4_m.jpg", "link": "https://www.flickr.com/photos/115096994@N02/27007626381", "url_b": "https://farm8.staticflickr.com/7766/27007626381_91755d44a4_b.jpg", "title": "DubiousBronzeAge_0113_DubiousBronzeAge_0114_fb"}, "n_answers": 3, "quorum": 0, "calibration": 0, "created": "2016-05-17T17:30:52.055954", "state": "completed", "project_id": 315, "id": 62271, "priority_0": 0.0}, {"info": {"url": "https://farm8.staticflickr.com/7614/27007626081_022e3e508f.jpg", "url_m": "https://farm8.staticflickr.com/7614/27007626081_022e3e508f_m.jpg", "link": "https://www.flickr.com/photos/115096994@N02/27007626081", "url_b": "https://farm8.staticflickr.com/7614/27007626081_022e3e508f_b.jpg", "title": "DubiousBronzeAge_0115_DubiousBronzeAge_0116_fb"}, "n_answers": 3, "quorum": 0, "calibration": 0, "created": "2016-05-17T17:30:52.088627", "state": "completed", "project_id": 315, "id": 62272, "priority_0": 0.0}, {"info": {"url": "https://farm8.staticflickr.com/7242/26472390183_da29d0966c.jpg", "url_m": "https://farm8.staticflickr.com/7242/26472390183_da29d0966c_m.jpg", "link": "https://www.flickr.com/photos/115096994@N02/26472390183", "url_b": "https://farm8.staticflickr.com/7242/26472390183_da29d0966c_b.jpg", "title": "DubiousBronzeAge_0117_DubiousBronzeAge_0118_fb"}, "n_answers": 3, "quorum": 0, "calibration": 0, "created": "2016-05-17T17:30:52.121848", "state": "completed", "project_id": 315, "id": 62273, "priority_0": 0.0}, {"info": {"url": "https://farm8.staticflickr.com/7353/27007625581_71c3e64415.jpg", "url_m": "https://farm8.staticflickr.com/7353/27007625581_71c3e64415_m.jpg", "link": "https://www.flickr.com/photos/115096994@N02/27007625581", "url_b": "https://farm8.staticflickr.com/7353/27007625581_71c3e64415_b.jpg", "title": "DubiousBronzeAge_0119_DubiousBronzeAge_0120_fb"}, "n_answers": 3, "quorum": 0, "calibration": 0, "created": "2016-05-17T17:30:52.155142", "state": "completed", "project_id": 315, "id": 62274, "priority_0": 0.0}, {"info": {"url": "https://farm8.staticflickr.com/7189/26801751510_acf29d37fc.jpg", "url_m": "https://farm8.staticflickr.com/7189/26801751510_acf29d37fc_m.jpg", "link": "https://www.flickr.com/photos/115096994@N02/26801751510", "url_b": "https://farm8.staticflickr.com/7189/26801751510_acf29d37fc_b.jpg", "title": "DubiousBronzeAge_0121_DubiousBronzeAge_0122_fb"}, "n_answers": 3, "quorum": 0, "calibration": 0, "created": "2016-05-17T17:30:52.188544", "state": "completed", "project_id": 315, "id": 62275, "priority_0": 0.0}, {"info": {"url": "https://farm8.staticflickr.com/7788/26472389483_aa6ddf4c8e.jpg", "url_m": "https://farm8.staticflickr.com/7788/26472389483_aa6ddf4c8e_m.jpg", "link": "https://www.flickr.com/photos/115096994@N02/26472389483", "url_b": "https://farm8.staticflickr.com/7788/26472389483_aa6ddf4c8e_b.jpg", "title": "DubiousBronzeAge_0123_DubiousBronzeAge_0124_fb"}, "n_answers": 3, "quorum": 0, "calibration": 0, "created": "2016-05-17T17:30:52.222063", "state": "completed", "project_id": 315, "id": 62276, "priority_0": 0.0}, {"info": {"url": "https://farm8.staticflickr.com/7369/26470593124_795de7c12d.jpg", "url_m": "https://farm8.staticflickr.com/7369/26470593124_795de7c12d_m.jpg", "link": "https://www.flickr.com/photos/115096994@N02/26470593124", "url_b": "https://farm8.staticflickr.com/7369/26470593124_795de7c12d_b.jpg", "title": "DubiousBronzeAge_0125_DubiousBronzeAge_0126_fb"}, "n_answers": 3, "quorum": 0, "calibration": 0, "created": "2016-05-17T17:30:52.255678", "state": "completed", "project_id": 315, "id": 62277, "priority_0": 0.0}, {"info": {"url": "https://farm8.staticflickr.com/7149/26470592684_ea77755c16.jpg", "url_m": "https://farm8.staticflickr.com/7149/26470592684_ea77755c16_m.jpg", "link": "https://www.flickr.com/photos/115096994@N02/26470592684", "url_b": "https://farm8.staticflickr.com/7149/26470592684_ea77755c16_b.jpg", "title": "DubiousBronzeAge_0127_DubiousBronzeAge_0128_fb"}, "n_answers": 3, "quorum": 0, "calibration": 0, "created": "2016-05-17T17:30:52.289078", "state": "completed", "project_id": 315, "id": 62278, "priority_0": 0.0}, {"info": {"url": "https://farm8.staticflickr.com/7707/26472388223_aa43dfb2bf.jpg", "url_m": "https://farm8.staticflickr.com/7707/26472388223_aa43dfb2bf_m.jpg", "link": "https://www.flickr.com/photos/115096994@N02/26472388223", "url_b": "https://farm8.staticflickr.com/7707/26472388223_aa43dfb2bf_b.jpg", "title": "DubiousBronzeAge_0129_DubiousBronzeAge_0130_fb"}, "n_answers": 3, "quorum": 0, "calibration": 0, "created": "2016-05-17T17:30:52.323757", "state": "completed", "project_id": 315, "id": 62279, "priority_0": 0.0}, {"info": {"url": "https://farm8.staticflickr.com/7397/26470592294_e077716187.jpg", "url_m": "https://farm8.staticflickr.com/7397/26470592294_e077716187_m.jpg", "link": "https://www.flickr.com/photos/115096994@N02/26470592294", "url_b": "https://farm8.staticflickr.com/7397/26470592294_e077716187_b.jpg", "title": "DubiousBronzeAge_0131_DubiousBronzeAge_0132_fb"}, "n_answers": 3, "quorum": 0, "calibration": 0, "created": "2016-05-17T17:30:52.357256", "state": "completed", "project_id": 315, "id": 62280, "priority_0": 0.0}, {"info": {"url": "https://farm8.staticflickr.com/7454/26470592194_5b7a580126.jpg", "url_m": "https://farm8.staticflickr.com/7454/26470592194_5b7a580126_m.jpg", "link": "https://www.flickr.com/photos/115096994@N02/26470592194", "url_b": "https://farm8.staticflickr.com/7454/26470592194_5b7a580126_b.jpg", "title": "DubiousBronzeAge_0133_DubiousBronzeAge_0134_fb"}, "n_answers": 3, "quorum": 0, "calibration": 0, "created": "2016-05-17T17:30:52.390060", "state": "completed", "project_id": 315, "id": 62281, "priority_0": 0.0}, {"info": {"url": "https://farm8.staticflickr.com/7041/27042865676_117d8ceb22.jpg", "url_m": "https://farm8.staticflickr.com/7041/27042865676_117d8ceb22_m.jpg", "link": "https://www.flickr.com/photos/115096994@N02/27042865676", "url_b": "https://farm8.staticflickr.com/7041/27042865676_117d8ceb22_b.jpg", "title": "DubiousBronzeAge_0135_DubiousBronzeAge_0136_fb"}, "n_answers": 3, "quorum": 0, "calibration": 0, "created": "2016-05-17T17:30:52.425416", "state": "completed", "project_id": 315, "id": 62282, "priority_0": 0.0}, {"info": {"url": "https://farm8.staticflickr.com/7326/27007623031_bc5c9a9a51.jpg", "url_m": "https://farm8.staticflickr.com/7326/27007623031_bc5c9a9a51_m.jpg", "link": "https://www.flickr.com/photos/115096994@N02/27007623031", "url_b": "https://farm8.staticflickr.com/7326/27007623031_bc5c9a9a51_b.jpg", "title": "DubiousBronzeAge_0137_DubiousBronzeAge_0138_fb"}, "n_answers": 3, "quorum": 0, "calibration": 0, "created": "2016-05-17T17:30:52.456868", "state": "completed", "project_id": 315, "id": 62283, "priority_0": 0.0}, {"info": {"url": "https://farm8.staticflickr.com/7087/26470591314_155e0c1b9b.jpg", "url_m": "https://farm8.staticflickr.com/7087/26470591314_155e0c1b9b_m.jpg", "link": "https://www.flickr.com/photos/115096994@N02/26470591314", "url_b": "https://farm8.staticflickr.com/7087/26470591314_155e0c1b9b_b.jpg", "title": "DubiousBronzeAge_0139_DubiousBronzeAge_0140_fb"}, "n_answers": 3, "quorum": 0, "calibration": 0, "created": "2016-05-17T17:30:52.490680", "state": "completed", "project_id": 315, "id": 62284, "priority_0": 0.0}, {"info": {"url": "https://farm8.staticflickr.com/7651/27007622421_9ac68c8a96.jpg", "url_m": "https://farm8.staticflickr.com/7651/27007622421_9ac68c8a96_m.jpg", "link": "https://www.flickr.com/photos/115096994@N02/27007622421", "url_b": "https://farm8.staticflickr.com/7651/27007622421_9ac68c8a96_b.jpg", "title": "DubiousBronzeAge_0141_DubiousBronzeAge_0142_fb"}, "n_answers": 3, "quorum": 0, "calibration": 0, "created": "2016-05-17T17:30:52.524925", "state": "completed", "project_id": 315, "id": 62285, "priority_0": 0.0}, {"info": {"url": "https://farm8.staticflickr.com/7032/26472386693_acb6dd35f5.jpg", "url_m": "https://farm8.staticflickr.com/7032/26472386693_acb6dd35f5_m.jpg", "link": "https://www.flickr.com/photos/115096994@N02/26472386693", "url_b": "https://farm8.staticflickr.com/7032/26472386693_acb6dd35f5_b.jpg", "title": "DubiousBronzeAge_0143_DubiousBronzeAge_0144_fb"}, "n_answers": 3, "quorum": 0, "calibration": 0, "created": "2016-05-17T17:30:52.565232", "state": "completed", "project_id": 315, "id": 62286, "priority_0": 0.0}, {"info": {"url": "https://farm8.staticflickr.com/7035/26470590734_28fffda1dd.jpg", "url_m": "https://farm8.staticflickr.com/7035/26470590734_28fffda1dd_m.jpg", "link": "https://www.flickr.com/photos/115096994@N02/26470590734", "url_b": "https://farm8.staticflickr.com/7035/26470590734_28fffda1dd_b.jpg", "title": "DubiousBronzeAge_0145_DubiousBronzeAge_0146_fb"}, "n_answers": 3, "quorum": 0, "calibration": 0, "created": "2016-05-17T17:30:52.597278", "state": "completed", "project_id": 315, "id": 62287, "priority_0": 0.0}, {"info": {"url": "https://farm8.staticflickr.com/7016/27042865556_3934f084d6.jpg", "url_m": "https://farm8.staticflickr.com/7016/27042865556_3934f084d6_m.jpg", "link": "https://www.flickr.com/photos/115096994@N02/27042865556", "url_b": "https://farm8.staticflickr.com/7016/27042865556_3934f084d6_b.jpg", "title": "DubiousBronzeAge_0147_DubiousBronzeAge_0148_fb"}, "n_answers": 3, "quorum": 0, "calibration": 0, "created": "2016-05-17T17:30:52.630439", "state": "completed", "project_id": 315, "id": 62288, "priority_0": 0.0}, {"info": {"url": "https://farm8.staticflickr.com/7688/26472386233_dc1d2fcc4d.jpg", "url_m": "https://farm8.staticflickr.com/7688/26472386233_dc1d2fcc4d_m.jpg", "link": "https://www.flickr.com/photos/115096994@N02/26472386233", "url_b": "https://farm8.staticflickr.com/7688/26472386233_dc1d2fcc4d_b.jpg", "title": "DubiousBronzeAge_0149_DubiousBronzeAge_0150_fb"}, "n_answers": 3, "quorum": 0, "calibration": 0, "created": "2016-05-17T17:30:52.664127", "state": "completed", "project_id": 315, "id": 62289, "priority_0": 0.0}, {"info": {"url": "https://farm8.staticflickr.com/7001/27007621631_7006ed3458.jpg", "url_m": "https://farm8.staticflickr.com/7001/27007621631_7006ed3458_m.jpg", "link": "https://www.flickr.com/photos/115096994@N02/27007621631", "url_b": "https://farm8.staticflickr.com/7001/27007621631_7006ed3458_b.jpg", "title": "DubiousBronzeAge_0151_DubiousBronzeAge_0152_fb"}, "n_answers": 3, "quorum": 0, "calibration": 0, "created": "2016-05-17T17:30:52.697098", "state": "completed", "project_id": 315, "id": 62290, "priority_0": 0.0}, {"info": {"url": "https://farm8.staticflickr.com/7532/26470589754_80812bb6d5.jpg", "url_m": "https://farm8.staticflickr.com/7532/26470589754_80812bb6d5_m.jpg", "link": "https://www.flickr.com/photos/115096994@N02/26470589754", "url_b": "https://farm8.staticflickr.com/7532/26470589754_80812bb6d5_b.jpg", "title": "DubiousBronzeAge_0153_DubiousBronzeAge_0154_fb"}, "n_answers": 3, "quorum": 0, "calibration": 0, "created": "2016-05-17T17:30:52.730828", "state": "completed", "project_id": 315, "id": 62291, "priority_0": 0.0}, {"info": {"url": "https://farm8.staticflickr.com/7797/26470589074_1534521229.jpg", "url_m": "https://farm8.staticflickr.com/7797/26470589074_1534521229_m.jpg", "link": "https://www.flickr.com/photos/115096994@N02/26470589074", "url_b": "https://farm8.staticflickr.com/7797/26470589074_1534521229_b.jpg", "title": "DubiousBronzeAge_0155_DubiousBronzeAge_0156_fb"}, "n_answers": 3, "quorum": 0, "calibration": 0, "created": "2016-05-17T17:30:52.763650", "state": "completed", "project_id": 315, "id": 62292, "priority_0": 0.0}, {"info": {"url": "https://farm8.staticflickr.com/7276/26470589174_0bd13514ec.jpg", "url_m": "https://farm8.staticflickr.com/7276/26470589174_0bd13514ec_m.jpg", "link": "https://www.flickr.com/photos/115096994@N02/26470589174", "url_b": "https://farm8.staticflickr.com/7276/26470589174_0bd13514ec_b.jpg", "title": "DubiousBronzeAge_0157_DubiousBronzeAge_0158_fb"}, "n_answers": 3, "quorum": 0, "calibration": 0, "created": "2016-05-17T17:30:52.796981", "state": "completed", "project_id": 315, "id": 62293, "priority_0": 0.0}, {"info": {"url": "https://farm8.staticflickr.com/7733/26470588594_4afffb87ee.jpg", "url_m": "https://farm8.staticflickr.com/7733/26470588594_4afffb87ee_m.jpg", "link": "https://www.flickr.com/photos/115096994@N02/26470588594", "url_b": "https://farm8.staticflickr.com/7733/26470588594_4afffb87ee_b.jpg", "title": "DubiousBronzeAge_0159_DubiousBronzeAge_0160_fb"}, "n_answers": 3, "quorum": 0, "calibration": 0, "created": "2016-05-17T17:30:52.830381", "state": "completed", "project_id": 315, "id": 62294, "priority_0": 0.0}, {"info": {"url": "https://farm8.staticflickr.com/7643/27007620781_128b11a15c.jpg", "url_m": "https://farm8.staticflickr.com/7643/27007620781_128b11a15c_m.jpg", "link": "https://www.flickr.com/photos/115096994@N02/27007620781", "url_b": "https://farm8.staticflickr.com/7643/27007620781_128b11a15c_b.jpg", "title": "DubiousBronzeAge_0161_DubiousBronzeAge_0162_fb"}, "n_answers": 3, "quorum": 0, "calibration": 0, "created": "2016-05-17T17:30:52.864109", "state": "completed", "project_id": 315, "id": 62295, "priority_0": 0.0}, {"info": {"url": "https://farm8.staticflickr.com/7331/26472385383_d2e5ac67a9.jpg", "url_m": "https://farm8.staticflickr.com/7331/26472385383_d2e5ac67a9_m.jpg", "link": "https://www.flickr.com/photos/115096994@N02/26472385383", "url_b": "https://farm8.staticflickr.com/7331/26472385383_d2e5ac67a9_b.jpg", "title": "DubiousBronzeAge_0163_DubiousBronzeAge_0164_fb"}, "n_answers": 3, "quorum": 0, "calibration": 0, "created": "2016-05-17T17:30:52.897634", "state": "completed", "project_id": 315, "id": 62296, "priority_0": 0.0}, {"info": {"url": "https://farm8.staticflickr.com/7303/26470588264_120f65901e.jpg", "url_m": "https://farm8.staticflickr.com/7303/26470588264_120f65901e_m.jpg", "link": "https://www.flickr.com/photos/115096994@N02/26470588264", "url_b": "https://farm8.staticflickr.com/7303/26470588264_120f65901e_b.jpg", "title": "DubiousBronzeAge_0165_DubiousBronzeAge_0166_fb"}, "n_answers": 3, "quorum": 0, "calibration": 0, "created": "2016-05-17T17:30:52.931448", "state": "completed", "project_id": 315, "id": 62297, "priority_0": 0.0}, {"info": {"url": "https://farm8.staticflickr.com/7360/26472383703_8cf9975e22.jpg", "url_m": "https://farm8.staticflickr.com/7360/26472383703_8cf9975e22_m.jpg", "link": "https://www.flickr.com/photos/115096994@N02/26472383703", "url_b": "https://farm8.staticflickr.com/7360/26472383703_8cf9975e22_b.jpg", "title": "DubiousBronzeAge_0167_DubiousBronzeAge_0168_fb"}, "n_answers": 3, "quorum": 0, "calibration": 0, "created": "2016-05-17T17:30:52.963979", "state": "completed", "project_id": 315, "id": 62298, "priority_0": 0.0}, {"info": {"url": "https://farm8.staticflickr.com/7328/26801747570_e5403bcd41.jpg", "url_m": "https://farm8.staticflickr.com/7328/26801747570_e5403bcd41_m.jpg", "link": "https://www.flickr.com/photos/115096994@N02/26801747570", "url_b": "https://farm8.staticflickr.com/7328/26801747570_e5403bcd41_b.jpg", "title": "DubiousBronzeAge_0169_DubiousBronzeAge_0170_fb"}, "n_answers": 3, "quorum": 0, "calibration": 0, "created": "2016-05-17T17:30:52.997641", "state": "completed", "project_id": 315, "id": 62299, "priority_0": 0.0}, {"info": {"url": "https://farm8.staticflickr.com/7330/26472383133_c1b27c5ea6.jpg", "url_m": "https://farm8.staticflickr.com/7330/26472383133_c1b27c5ea6_m.jpg", "link": "https://www.flickr.com/photos/115096994@N02/26472383133", "url_b": "https://farm8.staticflickr.com/7330/26472383133_c1b27c5ea6_b.jpg", "title": "DubiousBronzeAge_0171_DubiousBronzeAge_0172_fb"}, "n_answers": 3, "quorum": 0, "calibration": 0, "created": "2016-05-17T17:30:53.030524", "state": "completed", "project_id": 315, "id": 62300, "priority_0": 0.0}, {"info": {"url": "https://farm8.staticflickr.com/7257/26470587374_162f9df5bd.jpg", "url_m": "https://farm8.staticflickr.com/7257/26470587374_162f9df5bd_m.jpg", "link": "https://www.flickr.com/photos/115096994@N02/26470587374", "url_b": "https://farm8.staticflickr.com/7257/26470587374_162f9df5bd_b.jpg", "title": "DubiousBronzeAge_0173_DubiousBronzeAge_0174_fb"}, "n_answers": 3, "quorum": 0, "calibration": 0, "created": "2016-05-17T17:30:53.064023", "state": "completed", "project_id": 315, "id": 62301, "priority_0": 0.0}, {"info": {"url": "https://farm8.staticflickr.com/7736/26472382743_d2a633b687.jpg", "url_m": "https://farm8.staticflickr.com/7736/26472382743_d2a633b687_m.jpg", "link": "https://www.flickr.com/photos/115096994@N02/26472382743", "url_b": "https://farm8.staticflickr.com/7736/26472382743_d2a633b687_b.jpg", "title": "DubiousBronzeAge_0175_DubiousBronzeAge_0176_fb"}, "n_answers": 3, "quorum": 0, "calibration": 0, "created": "2016-05-17T17:30:53.096996", "state": "completed", "project_id": 315, "id": 62302, "priority_0": 0.0}, {"info": {"url": "https://farm8.staticflickr.com/7020/27007617501_488365bf84.jpg", "url_m": "https://farm8.staticflickr.com/7020/27007617501_488365bf84_m.jpg", "link": "https://www.flickr.com/photos/115096994@N02/27007617501", "url_b": "https://farm8.staticflickr.com/7020/27007617501_488365bf84_b.jpg", "title": "DubiousBronzeAge_0177_DubiousBronzeAge_0178_fb"}, "n_answers": 3, "quorum": 0, "calibration": 0, "created": "2016-05-17T17:30:53.130535", "state": "completed", "project_id": 315, "id": 62303, "priority_0": 0.0}, {"info": {"url": "https://farm8.staticflickr.com/7269/26801747030_0fdb9905ed.jpg", "url_m": "https://farm8.staticflickr.com/7269/26801747030_0fdb9905ed_m.jpg", "link": "https://www.flickr.com/photos/115096994@N02/26801747030", "url_b": "https://farm8.staticflickr.com/7269/26801747030_0fdb9905ed_b.jpg", "title": "DubiousBronzeAge_0179_DubiousBronzeAge_0180_fb"}, "n_answers": 3, "quorum": 0, "calibration": 0, "created": "2016-05-17T17:30:53.164107", "state": "completed", "project_id": 315, "id": 62304, "priority_0": 0.0}, {"info": {"url": "https://farm8.staticflickr.com/7551/27007617241_b3a3b7bd41.jpg", "url_m": "https://farm8.staticflickr.com/7551/27007617241_b3a3b7bd41_m.jpg", "link": "https://www.flickr.com/photos/115096994@N02/27007617241", "url_b": "https://farm8.staticflickr.com/7551/27007617241_b3a3b7bd41_b.jpg", "title": "DubiousBronzeAge_0181_DubiousBronzeAge_0182_fb"}, "n_answers": 3, "quorum": 0, "calibration": 0, "created": "2016-05-17T17:30:53.197610", "state": "completed", "project_id": 315, "id": 62305, "priority_0": 0.0}, {"info": {"url": "https://farm8.staticflickr.com/7395/27007616751_b981297faa.jpg", "url_m": "https://farm8.staticflickr.com/7395/27007616751_b981297faa_m.jpg", "link": "https://www.flickr.com/photos/115096994@N02/27007616751", "url_b": "https://farm8.staticflickr.com/7395/27007616751_b981297faa_b.jpg", "title": "DubiousBronzeAge_0183_DubiousBronzeAge_0184_fb"}, "n_answers": 3, "quorum": 0, "calibration": 0, "created": "2016-05-17T17:30:53.232234", "state": "completed", "project_id": 315, "id": 62306, "priority_0": 0.0}, {"info": {"url": "https://farm8.staticflickr.com/7499/27042863786_f327b7ce79.jpg", "url_m": "https://farm8.staticflickr.com/7499/27042863786_f327b7ce79_m.jpg", "link": "https://www.flickr.com/photos/115096994@N02/27042863786", "url_b": "https://farm8.staticflickr.com/7499/27042863786_f327b7ce79_b.jpg", "title": "DubiousBronzeAge_0185_DubiousBronzeAge_0186_fb"}, "n_answers": 3, "quorum": 0, "calibration": 0, "created": "2016-05-17T17:30:53.265425", "state": "completed", "project_id": 315, "id": 62307, "priority_0": 0.0}, {"info": {"url": "https://farm8.staticflickr.com/7258/27007616541_a3133f7b34.jpg", "url_m": "https://farm8.staticflickr.com/7258/27007616541_a3133f7b34_m.jpg", "link": "https://www.flickr.com/photos/115096994@N02/27007616541", "url_b": "https://farm8.staticflickr.com/7258/27007616541_a3133f7b34_b.jpg", "title": "DubiousBronzeAge_0187_DubiousBronzeAge_0188_fb"}, "n_answers": 3, "quorum": 0, "calibration": 0, "created": "2016-05-17T17:30:53.299809", "state": "completed", "project_id": 315, "id": 62308, "priority_0": 0.0}, {"info": {"url": "https://farm8.staticflickr.com/7591/27007616481_4c594688a2.jpg", "url_m": "https://farm8.staticflickr.com/7591/27007616481_4c594688a2_m.jpg", "link": "https://www.flickr.com/photos/115096994@N02/27007616481", "url_b": "https://farm8.staticflickr.com/7591/27007616481_4c594688a2_b.jpg", "title": "DubiousBronzeAge_0189_DubiousBronzeAge_0190_fb"}, "n_answers": 3, "quorum": 0, "calibration": 0, "created": "2016-05-17T17:30:53.332120", "state": "completed", "project_id": 315, "id": 62309, "priority_0": 0.0}, {"info": {"url": "https://farm8.staticflickr.com/7043/27007615841_18c8865e06.jpg", "url_m": "https://farm8.staticflickr.com/7043/27007615841_18c8865e06_m.jpg", "link": "https://www.flickr.com/photos/115096994@N02/27007615841", "url_b": "https://farm8.staticflickr.com/7043/27007615841_18c8865e06_b.jpg", "title": "DubiousBronzeAge_0191_DubiousBronzeAge_0192_fb"}, "n_answers": 3, "quorum": 0, "calibration": 0, "created": "2016-05-17T17:30:53.365442", "state": "completed", "project_id": 315, "id": 62310, "priority_0": 0.0}, {"info": {"url": "https://farm8.staticflickr.com/7020/26470585894_f194f4ac7d.jpg", "url_m": "https://farm8.staticflickr.com/7020/26470585894_f194f4ac7d_m.jpg", "link": "https://www.flickr.com/photos/115096994@N02/26470585894", "url_b": "https://farm8.staticflickr.com/7020/26470585894_f194f4ac7d_b.jpg", "title": "DubiousBronzeAge_0193_DubiousBronzeAge_0194_fb"}, "n_answers": 3, "quorum": 0, "calibration": 0, "created": "2016-05-17T17:30:53.398472", "state": "completed", "project_id": 315, "id": 62311, "priority_0": 0.0}, {"info": {"url": "https://farm8.staticflickr.com/7097/26472380063_0ec479341f.jpg", "url_m": "https://farm8.staticflickr.com/7097/26472380063_0ec479341f_m.jpg", "link": "https://www.flickr.com/photos/115096994@N02/26472380063", "url_b": "https://farm8.staticflickr.com/7097/26472380063_0ec479341f_b.jpg", "title": "DubiousBronzeAge_0195_DubiousBronzeAge_0196_fb"}, "n_answers": 3, "quorum": 0, "calibration": 0, "created": "2016-05-17T17:30:53.432029", "state": "completed", "project_id": 315, "id": 62312, "priority_0": 0.0}, {"info": {"url": "https://farm8.staticflickr.com/7048/26470585404_3f353ccf22.jpg", "url_m": "https://farm8.staticflickr.com/7048/26470585404_3f353ccf22_m.jpg", "link": "https://www.flickr.com/photos/115096994@N02/26470585404", "url_b": "https://farm8.staticflickr.com/7048/26470585404_3f353ccf22_b.jpg", "title": "DubiousBronzeAge_0197_DubiousBronzeAge_0198_fb"}, "n_answers": 3, "quorum": 0, "calibration": 0, "created": "2016-05-17T17:30:53.465452", "state": "completed", "project_id": 315, "id": 62313, "priority_0": 0.0}, {"info": {"url": "https://farm8.staticflickr.com/7431/26472379623_76463b55a3.jpg", "url_m": "https://farm8.staticflickr.com/7431/26472379623_76463b55a3_m.jpg", "link": "https://www.flickr.com/photos/115096994@N02/26472379623", "url_b": "https://farm8.staticflickr.com/7431/26472379623_76463b55a3_b.jpg", "title": "DubiousBronzeAge_0199_DubiousBronzeAge_0200_fb"}, "n_answers": 3, "quorum": 0, "calibration": 0, "created": "2016-05-17T17:30:53.498636", "state": "completed", "project_id": 315, "id": 62314, "priority_0": 0.0}, {"info": {"url": "https://farm8.staticflickr.com/7245/27007615041_61ec968de2.jpg", "url_m": "https://farm8.staticflickr.com/7245/27007615041_61ec968de2_m.jpg", "link": "https://www.flickr.com/photos/115096994@N02/27007615041", "url_b": "https://farm8.staticflickr.com/7245/27007615041_61ec968de2_b.jpg", "title": "DubiousBronzeAge_0201_DubiousBronzeAge_0202_fb"}, "n_answers": 3, "quorum": 0, "calibration": 0, "created": "2016-05-17T17:30:53.532141", "state": "completed", "project_id": 315, "id": 62315, "priority_0": 0.0}, {"info": {"url": "https://farm8.staticflickr.com/7677/27007613931_f51c805e94.jpg", "url_m": "https://farm8.staticflickr.com/7677/27007613931_f51c805e94_m.jpg", "link": "https://www.flickr.com/photos/115096994@N02/27007613931", "url_b": "https://farm8.staticflickr.com/7677/27007613931_f51c805e94_b.jpg", "title": "DubiousBronzeAge_0203_DubiousBronzeAge_0204_fb"}, "n_answers": 3, "quorum": 0, "calibration": 0, "created": "2016-05-17T17:30:53.565754", "state": "completed", "project_id": 315, "id": 62316, "priority_0": 0.0}, {"info": {"url": "https://farm8.staticflickr.com/7547/26801744570_bc3e722814.jpg", "url_m": "https://farm8.staticflickr.com/7547/26801744570_bc3e722814_m.jpg", "link": "https://www.flickr.com/photos/115096994@N02/26801744570", "url_b": "https://farm8.staticflickr.com/7547/26801744570_bc3e722814_b.jpg", "title": "DubiousBronzeAge_0205_DubiousBronzeAge_0206_fb"}, "n_answers": 3, "quorum": 0, "calibration": 0, "created": "2016-05-17T17:30:53.598830", "state": "completed", "project_id": 315, "id": 62317, "priority_0": 0.0}, {"info": {"url": "https://farm8.staticflickr.com/7339/26472379123_6dae230d56.jpg", "url_m": "https://farm8.staticflickr.com/7339/26472379123_6dae230d56_m.jpg", "link": "https://www.flickr.com/photos/115096994@N02/26472379123", "url_b": "https://farm8.staticflickr.com/7339/26472379123_6dae230d56_b.jpg", "title": "DubiousBronzeAge_0207_DubiousBronzeAge_0208_fb"}, "n_answers": 3, "quorum": 0, "calibration": 0, "created": "2016-05-17T17:30:53.631781", "state": "completed", "project_id": 315, "id": 62318, "priority_0": 0.0}, {"info": {"url": "https://farm8.staticflickr.com/7664/27007612981_c800a19d41.jpg", "url_m": "https://farm8.staticflickr.com/7664/27007612981_c800a19d41_m.jpg", "link": "https://www.flickr.com/photos/115096994@N02/27007612981", "url_b": "https://farm8.staticflickr.com/7664/27007612981_c800a19d41_b.jpg", "title": "DubiousBronzeAge_0209_DubiousBronzeAge_0210_fb"}, "n_answers": 3, "quorum": 0, "calibration": 0, "created": "2016-05-17T17:30:53.666100", "state": "completed", "project_id": 315, "id": 62319, "priority_0": 0.0}, {"info": {"url": "https://farm8.staticflickr.com/7785/26801743320_6b94f16c76.jpg", "url_m": "https://farm8.staticflickr.com/7785/26801743320_6b94f16c76_m.jpg", "link": "https://www.flickr.com/photos/115096994@N02/26801743320", "url_b": "https://farm8.staticflickr.com/7785/26801743320_6b94f16c76_b.jpg", "title": "DubiousBronzeAge_0211_DubiousBronzeAge_0212_fb"}, "n_answers": 3, "quorum": 0, "calibration": 0, "created": "2016-05-17T17:30:53.698468", "state": "completed", "project_id": 315, "id": 62320, "priority_0": 0.0}, {"info": {"url": "https://farm8.staticflickr.com/7484/27007612061_63dfc03da6.jpg", "url_m": "https://farm8.staticflickr.com/7484/27007612061_63dfc03da6_m.jpg", "link": "https://www.flickr.com/photos/115096994@N02/27007612061", "url_b": "https://farm8.staticflickr.com/7484/27007612061_63dfc03da6_b.jpg", "title": "DubiousBronzeAge_0213_DubiousBronzeAge_0214_fb"}, "n_answers": 3, "quorum": 0, "calibration": 0, "created": "2016-05-17T17:30:53.731771", "state": "completed", "project_id": 315, "id": 62321, "priority_0": 0.0}, {"info": {"url": "https://farm8.staticflickr.com/7547/26801742980_42db550d78.jpg", "url_m": "https://farm8.staticflickr.com/7547/26801742980_42db550d78_m.jpg", "link": "https://www.flickr.com/photos/115096994@N02/26801742980", "url_b": "https://farm8.staticflickr.com/7547/26801742980_42db550d78_b.jpg", "title": "DubiousBronzeAge_0215_DubiousBronzeAge_0216_fb"}, "n_answers": 3, "quorum": 0, "calibration": 0, "created": "2016-05-17T17:30:53.765486", "state": "completed", "project_id": 315, "id": 62322, "priority_0": 0.0}, {"info": {"url": "https://farm8.staticflickr.com/7637/27007611591_5cf4f2d59d.jpg", "url_m": "https://farm8.staticflickr.com/7637/27007611591_5cf4f2d59d_m.jpg", "link": "https://www.flickr.com/photos/115096994@N02/27007611591", "url_b": "https://farm8.staticflickr.com/7637/27007611591_5cf4f2d59d_b.jpg", "title": "DubiousBronzeAge_0217_DubiousBronzeAge_0218_fb"}, "n_answers": 3, "quorum": 0, "calibration": 0, "created": "2016-05-17T17:30:53.798922", "state": "completed", "project_id": 315, "id": 62323, "priority_0": 0.0}, {"info": {"url": "https://farm8.staticflickr.com/7446/26801742620_b185256484.jpg", "url_m": "https://farm8.staticflickr.com/7446/26801742620_b185256484_m.jpg", "link": "https://www.flickr.com/photos/115096994@N02/26801742620", "url_b": "https://farm8.staticflickr.com/7446/26801742620_b185256484_b.jpg", "title": "DubiousBronzeAge_0219_DubiousBronzeAge_0220_fb"}, "n_answers": 3, "quorum": 0, "calibration": 0, "created": "2016-05-17T17:30:53.831977", "state": "completed", "project_id": 315, "id": 62324, "priority_0": 0.0}, {"info": {"url": "https://farm8.staticflickr.com/7020/27007610971_bc275b0147.jpg", "url_m": "https://farm8.staticflickr.com/7020/27007610971_bc275b0147_m.jpg", "link": "https://www.flickr.com/photos/115096994@N02/27007610971", "url_b": "https://farm8.staticflickr.com/7020/27007610971_bc275b0147_b.jpg", "title": "DubiousBronzeAge_0221_DubiousBronzeAge_0222_fb"}, "n_answers": 3, "quorum": 0, "calibration": 0, "created": "2016-05-17T17:30:53.865346", "state": "completed", "project_id": 315, "id": 62325, "priority_0": 0.0}, {"info": {"url": "https://farm8.staticflickr.com/7620/26801742110_6670b606d6.jpg", "url_m": "https://farm8.staticflickr.com/7620/26801742110_6670b606d6_m.jpg", "link": "https://www.flickr.com/photos/115096994@N02/26801742110", "url_b": "https://farm8.staticflickr.com/7620/26801742110_6670b606d6_b.jpg", "title": "DubiousBronzeAge_0223_DubiousBronzeAge_0224_fb"}, "n_answers": 3, "quorum": 0, "calibration": 0, "created": "2016-05-17T17:30:53.898570", "state": "completed", "project_id": 315, "id": 62326, "priority_0": 0.0}, {"info": {"url": "https://farm8.staticflickr.com/7783/26801741790_3f5cf18dcd.jpg", "url_m": "https://farm8.staticflickr.com/7783/26801741790_3f5cf18dcd_m.jpg", "link": "https://www.flickr.com/photos/115096994@N02/26801741790", "url_b": "https://farm8.staticflickr.com/7783/26801741790_3f5cf18dcd_b.jpg", "title": "DubiousBronzeAge_0225_DubiousBronzeAge_0226_fb"}, "n_answers": 3, "quorum": 0, "calibration": 0, "created": "2016-05-17T17:30:53.932331", "state": "completed", "project_id": 315, "id": 62327, "priority_0": 0.0}, {"info": {"url": "https://farm8.staticflickr.com/7147/27007609821_6c313af267.jpg", "url_m": "https://farm8.staticflickr.com/7147/27007609821_6c313af267_m.jpg", "link": "https://www.flickr.com/photos/115096994@N02/27007609821", "url_b": "https://farm8.staticflickr.com/7147/27007609821_6c313af267_b.jpg", "title": "DubiousBronzeAge_0227_DubiousBronzeAge_0228_fb"}, "n_answers": 3, "quorum": 0, "calibration": 0, "created": "2016-05-17T17:30:53.965835", "state": "completed", "project_id": 315, "id": 62328, "priority_0": 0.0}, {"info": {"url": "https://farm8.staticflickr.com/7521/27007610391_6429127239.jpg", "url_m": "https://farm8.staticflickr.com/7521/27007610391_6429127239_m.jpg", "link": "https://www.flickr.com/photos/115096994@N02/27007610391", "url_b": "https://farm8.staticflickr.com/7521/27007610391_6429127239_b.jpg", "title": "DubiousBronzeAge_0229_DubiousBronzeAge_0230_fb"}, "n_answers": 3, "quorum": 0, "calibration": 0, "created": "2016-05-17T17:30:53.999140", "state": "completed", "project_id": 315, "id": 62329, "priority_0": 0.0}, {"info": {"url": "https://farm8.staticflickr.com/7667/27007609621_68693987fa.jpg", "url_m": "https://farm8.staticflickr.com/7667/27007609621_68693987fa_m.jpg", "link": "https://www.flickr.com/photos/115096994@N02/27007609621", "url_b": "https://farm8.staticflickr.com/7667/27007609621_68693987fa_b.jpg", "title": "DubiousBronzeAge_0231_DubiousBronzeAge_0232_fb"}, "n_answers": 3, "quorum": 0, "calibration": 0, "created": "2016-05-17T17:30:54.032826", "state": "completed", "project_id": 315, "id": 62330, "priority_0": 0.0}, {"info": {"url": "https://farm8.staticflickr.com/7686/27007609041_33f79219e3.jpg", "url_m": "https://farm8.staticflickr.com/7686/27007609041_33f79219e3_m.jpg", "link": "https://www.flickr.com/photos/115096994@N02/27007609041", "url_b": "https://farm8.staticflickr.com/7686/27007609041_33f79219e3_b.jpg", "title": "DubiousBronzeAge_0233_DubiousBronzeAge_0234_fb"}, "n_answers": 3, "quorum": 0, "calibration": 0, "created": "2016-05-17T17:30:54.098588", "state": "completed", "project_id": 315, "id": 62331, "priority_0": 0.0}, {"info": {"url": "https://farm8.staticflickr.com/7640/26470581614_7316e36f55.jpg", "url_m": "https://farm8.staticflickr.com/7640/26470581614_7316e36f55_m.jpg", "link": "https://www.flickr.com/photos/115096994@N02/26470581614", "url_b": "https://farm8.staticflickr.com/7640/26470581614_7316e36f55_b.jpg", "title": "DubiousBronzeAge_0235_DubiousBronzeAge_0236_fb"}, "n_answers": 3, "quorum": 0, "calibration": 0, "created": "2016-05-17T17:30:54.131925", "state": "completed", "project_id": 315, "id": 62332, "priority_0": 0.0}, {"info": {"url": "https://farm8.staticflickr.com/7634/26801740740_587591be41.jpg", "url_m": "https://farm8.staticflickr.com/7634/26801740740_587591be41_m.jpg", "link": "https://www.flickr.com/photos/115096994@N02/26801740740", "url_b": "https://farm8.staticflickr.com/7634/26801740740_587591be41_b.jpg", "title": "DubiousBronzeAge_0237_DubiousBronzeAge_0238_fb"}, "n_answers": 3, "quorum": 0, "calibration": 0, "created": "2016-05-17T17:30:54.165271", "state": "completed", "project_id": 315, "id": 62333, "priority_0": 0.0}, {"info": {"url": "https://farm8.staticflickr.com/7491/26470581184_14e42d9faf.jpg", "url_m": "https://farm8.staticflickr.com/7491/26470581184_14e42d9faf_m.jpg", "link": "https://www.flickr.com/photos/115096994@N02/26470581184", "url_b": "https://farm8.staticflickr.com/7491/26470581184_14e42d9faf_b.jpg", "title": "DubiousBronzeAge_0239_DubiousBronzeAge_0240_fb"}, "n_answers": 3, "quorum": 0, "calibration": 0, "created": "2016-05-17T17:30:54.199006", "state": "completed", "project_id": 315, "id": 62334, "priority_0": 0.0}, {"info": {"url": "https://farm8.staticflickr.com/7128/27007608201_a8a4c67796.jpg", "url_m": "https://farm8.staticflickr.com/7128/27007608201_a8a4c67796_m.jpg", "link": "https://www.flickr.com/photos/115096994@N02/27007608201", "url_b": "https://farm8.staticflickr.com/7128/27007608201_a8a4c67796_b.jpg", "title": "DubiousBronzeAge_0241_DubiousBronzeAge_0242_fb"}, "n_answers": 3, "quorum": 0, "calibration": 0, "created": "2016-05-17T17:30:54.232513", "state": "completed", "project_id": 315, "id": 62335, "priority_0": 0.0}, {"info": {"url": "https://farm8.staticflickr.com/7721/27075969615_ea2d7ed3c7.jpg", "url_m": "https://farm8.staticflickr.com/7721/27075969615_ea2d7ed3c7_m.jpg", "link": "https://www.flickr.com/photos/115096994@N02/27075969615", "url_b": "https://farm8.staticflickr.com/7721/27075969615_ea2d7ed3c7_b.jpg", "title": "DubiousBronzeAge_0243_DubiousBronzeAge_0244_fb"}, "n_answers": 3, "quorum": 0, "calibration": 0, "created": "2016-05-17T17:30:54.265868", "state": "completed", "project_id": 315, "id": 62336, "priority_0": 0.0}, {"info": {"url": "https://farm8.staticflickr.com/7398/26470580524_fdcce95c95.jpg", "url_m": "https://farm8.staticflickr.com/7398/26470580524_fdcce95c95_m.jpg", "link": "https://www.flickr.com/photos/115096994@N02/26470580524", "url_b": "https://farm8.staticflickr.com/7398/26470580524_fdcce95c95_b.jpg", "title": "DubiousBronzeAge_0245_DubiousBronzeAge_0246_fb"}, "n_answers": 3, "quorum": 0, "calibration": 0, "created": "2016-05-17T17:30:54.298993", "state": "completed", "project_id": 315, "id": 62337, "priority_0": 0.0}, {"info": {"url": "https://farm8.staticflickr.com/7150/26472373693_6cefe19702.jpg", "url_m": "https://farm8.staticflickr.com/7150/26472373693_6cefe19702_m.jpg", "link": "https://www.flickr.com/photos/115096994@N02/26472373693", "url_b": "https://farm8.staticflickr.com/7150/26472373693_6cefe19702_b.jpg", "title": "DubiousBronzeAge_0247_DubiousBronzeAge_0248_fb"}, "n_answers": 3, "quorum": 0, "calibration": 0, "created": "2016-05-17T17:30:54.331806", "state": "completed", "project_id": 315, "id": 62338, "priority_0": 0.0}, {"info": {"url": "https://farm8.staticflickr.com/7229/26470580104_5e8ba2dce4.jpg", "url_m": "https://farm8.staticflickr.com/7229/26470580104_5e8ba2dce4_m.jpg", "link": "https://www.flickr.com/photos/115096994@N02/26470580104", "url_b": "https://farm8.staticflickr.com/7229/26470580104_5e8ba2dce4_b.jpg", "title": "DubiousBronzeAge_0249_DubiousBronzeAge_0250_fb"}, "n_answers": 3, "quorum": 0, "calibration": 0, "created": "2016-05-17T17:30:54.365870", "state": "completed", "project_id": 315, "id": 62339, "priority_0": 0.0}, {"info": {"url": "https://farm8.staticflickr.com/7202/27007606981_1fc94defb1.jpg", "url_m": "https://farm8.staticflickr.com/7202/27007606981_1fc94defb1_m.jpg", "link": "https://www.flickr.com/photos/115096994@N02/27007606981", "url_b": "https://farm8.staticflickr.com/7202/27007606981_1fc94defb1_b.jpg", "title": "DubiousBronzeAge_0251_DubiousBronzeAge_0252_fb"}, "n_answers": 3, "quorum": 0, "calibration": 0, "created": "2016-05-17T17:30:54.398919", "state": "completed", "project_id": 315, "id": 62340, "priority_0": 0.0}, {"info": {"url": "https://farm8.staticflickr.com/7434/27075969135_0736ca50dd.jpg", "url_m": "https://farm8.staticflickr.com/7434/27075969135_0736ca50dd_m.jpg", "link": "https://www.flickr.com/photos/115096994@N02/27075969135", "url_b": "https://farm8.staticflickr.com/7434/27075969135_0736ca50dd_b.jpg", "title": "DubiousBronzeAge_0253_DubiousBronzeAge_0254_fb"}, "n_answers": 3, "quorum": 0, "calibration": 0, "created": "2016-05-17T17:30:54.432517", "state": "completed", "project_id": 315, "id": 62341, "priority_0": 0.0}, {"info": {"url": "https://farm8.staticflickr.com/7742/26470579284_34dece2f45.jpg", "url_m": "https://farm8.staticflickr.com/7742/26470579284_34dece2f45_m.jpg", "link": "https://www.flickr.com/photos/115096994@N02/26470579284", "url_b": "https://farm8.staticflickr.com/7742/26470579284_34dece2f45_b.jpg", "title": "DubiousBronzeAge_0255_DubiousBronzeAge_0256_fb"}, "n_answers": 3, "quorum": 0, "calibration": 0, "created": "2016-05-17T17:30:54.465786", "state": "completed", "project_id": 315, "id": 62342, "priority_0": 0.0}, {"info": {"url": "https://farm8.staticflickr.com/7267/26801738430_b5aa313772.jpg", "url_m": "https://farm8.staticflickr.com/7267/26801738430_b5aa313772_m.jpg", "link": "https://www.flickr.com/photos/115096994@N02/26801738430", "url_b": "https://farm8.staticflickr.com/7267/26801738430_b5aa313772_b.jpg", "title": "DubiousBronzeAge_0257_DubiousBronzeAge_0258_fb"}, "n_answers": 3, "quorum": 0, "calibration": 0, "created": "2016-05-17T17:30:54.499135", "state": "completed", "project_id": 315, "id": 62343, "priority_0": 0.0}, {"info": {"url": "https://farm8.staticflickr.com/7100/26470578574_e2facae6d4.jpg", "url_m": "https://farm8.staticflickr.com/7100/26470578574_e2facae6d4_m.jpg", "link": "https://www.flickr.com/photos/115096994@N02/26470578574", "url_b": "https://farm8.staticflickr.com/7100/26470578574_e2facae6d4_b.jpg", "title": "DubiousBronzeAge_0259_DubiousBronzeAge_0260_fb"}, "n_answers": 3, "quorum": 0, "calibration": 0, "created": "2016-05-17T17:30:54.532169", "state": "completed", "project_id": 315, "id": 62344, "priority_0": 0.0}, {"info": {"url": "https://farm8.staticflickr.com/7153/26801737890_c39b772845.jpg", "url_m": "https://farm8.staticflickr.com/7153/26801737890_c39b772845_m.jpg", "link": "https://www.flickr.com/photos/115096994@N02/26801737890", "url_b": "https://farm8.staticflickr.com/7153/26801737890_c39b772845_b.jpg", "title": "DubiousBronzeAge_0261_DubiousBronzeAge_0262_fb"}, "n_answers": 3, "quorum": 0, "calibration": 0, "created": "2016-05-17T17:30:54.565851", "state": "completed", "project_id": 315, "id": 62345, "priority_0": 0.0}, {"info": {"url": "https://farm8.staticflickr.com/7447/27007604891_00c29ea8fc.jpg", "url_m": "https://farm8.staticflickr.com/7447/27007604891_00c29ea8fc_m.jpg", "link": "https://www.flickr.com/photos/115096994@N02/27007604891", "url_b": "https://farm8.staticflickr.com/7447/27007604891_00c29ea8fc_b.jpg", "title": "DubiousBronzeAge_0263_DubiousBronzeAge_0264_fb"}, "n_answers": 3, "quorum": 0, "calibration": 0, "created": "2016-05-17T17:30:54.599225", "state": "completed", "project_id": 315, "id": 62346, "priority_0": 0.0}, {"info": {"url": "https://farm8.staticflickr.com/7468/26801737470_403edf69c1.jpg", "url_m": "https://farm8.staticflickr.com/7468/26801737470_403edf69c1_m.jpg", "link": "https://www.flickr.com/photos/115096994@N02/26801737470", "url_b": "https://farm8.staticflickr.com/7468/26801737470_403edf69c1_b.jpg", "title": "DubiousBronzeAge_0265_DubiousBronzeAge_0266_fb"}, "n_answers": 3, "quorum": 0, "calibration": 0, "created": "2016-05-17T17:30:54.632401", "state": "completed", "project_id": 315, "id": 62347, "priority_0": 0.0}, {"info": {"url": "https://farm8.staticflickr.com/7389/26470578484_885fa6dac5.jpg", "url_m": "https://farm8.staticflickr.com/7389/26470578484_885fa6dac5_m.jpg", "link": "https://www.flickr.com/photos/115096994@N02/26470578484", "url_b": "https://farm8.staticflickr.com/7389/26470578484_885fa6dac5_b.jpg", "title": "DubiousBronzeAge_0267_DubiousBronzeAge_0268_fb"}, "n_answers": 3, "quorum": 0, "calibration": 0, "created": "2016-05-17T17:30:54.665616", "state": "completed", "project_id": 315, "id": 62348, "priority_0": 0.0}, {"info": {"url": "https://farm8.staticflickr.com/7028/26470577614_5a30e20890.jpg", "url_m": "https://farm8.staticflickr.com/7028/26470577614_5a30e20890_m.jpg", "link": "https://www.flickr.com/photos/115096994@N02/26470577614", "url_b": "https://farm8.staticflickr.com/7028/26470577614_5a30e20890_b.jpg", "title": "DubiousBronzeAge_0269_DubiousBronzeAge_0270_fb"}, "n_answers": 3, "quorum": 0, "calibration": 0, "created": "2016-05-17T17:30:54.699237", "state": "completed", "project_id": 315, "id": 62349, "priority_0": 0.0}, {"info": {"url": "https://farm8.staticflickr.com/7195/26470577294_03a2a393f0.jpg", "url_m": "https://farm8.staticflickr.com/7195/26470577294_03a2a393f0_m.jpg", "link": "https://www.flickr.com/photos/115096994@N02/26470577294", "url_b": "https://farm8.staticflickr.com/7195/26470577294_03a2a393f0_b.jpg", "title": "DubiousBronzeAge_0271_DubiousBronzeAge_0272_fb"}, "n_answers": 3, "quorum": 0, "calibration": 0, "created": "2016-05-17T17:30:54.732253", "state": "completed", "project_id": 315, "id": 62350, "priority_0": 0.0}, {"info": {"url": "https://farm8.staticflickr.com/7550/26801737080_821d0be379.jpg", "url_m": "https://farm8.staticflickr.com/7550/26801737080_821d0be379_m.jpg", "link": "https://www.flickr.com/photos/115096994@N02/26801737080", "url_b": "https://farm8.staticflickr.com/7550/26801737080_821d0be379_b.jpg", "title": "DubiousBronzeAge_0273_DubiousBronzeAge_0274_fb"}, "n_answers": 3, "quorum": 0, "calibration": 0, "created": "2016-05-17T17:30:54.765769", "state": "completed", "project_id": 315, "id": 62351, "priority_0": 0.0}, {"info": {"url": "https://farm8.staticflickr.com/7212/26801736880_ab488d5be3.jpg", "url_m": "https://farm8.staticflickr.com/7212/26801736880_ab488d5be3_m.jpg", "link": "https://www.flickr.com/photos/115096994@N02/26801736880", "url_b": "https://farm8.staticflickr.com/7212/26801736880_ab488d5be3_b.jpg", "title": "DubiousBronzeAge_0275_DubiousBronzeAge_0276_fb"}, "n_answers": 3, "quorum": 0, "calibration": 0, "created": "2016-05-17T17:30:54.799353", "state": "completed", "project_id": 315, "id": 62352, "priority_0": 0.0}, {"info": {"url": "https://farm8.staticflickr.com/7408/26470576724_35b3ae320e.jpg", "url_m": "https://farm8.staticflickr.com/7408/26470576724_35b3ae320e_m.jpg", "link": "https://www.flickr.com/photos/115096994@N02/26470576724", "url_b": "https://farm8.staticflickr.com/7408/26470576724_35b3ae320e_b.jpg", "title": "DubiousBronzeAge_0277_DubiousBronzeAge_0278_fb"}, "n_answers": 3, "quorum": 0, "calibration": 0, "created": "2016-05-17T17:30:54.832499", "state": "completed", "project_id": 315, "id": 62353, "priority_0": 0.0}, {"info": {"url": "https://farm8.staticflickr.com/7523/26472369433_f0c33469ae.jpg", "url_m": "https://farm8.staticflickr.com/7523/26472369433_f0c33469ae_m.jpg", "link": "https://www.flickr.com/photos/115096994@N02/26472369433", "url_b": "https://farm8.staticflickr.com/7523/26472369433_f0c33469ae_b.jpg", "title": "DubiousBronzeAge_0279_DubiousBronzeAge_0280_fb"}, "n_answers": 3, "quorum": 0, "calibration": 0, "created": "2016-05-17T17:30:54.865426", "state": "completed", "project_id": 315, "id": 62354, "priority_0": 0.0}, {"info": {"url": "https://farm8.staticflickr.com/7162/27007601281_98d1cf89ec.jpg", "url_m": "https://farm8.staticflickr.com/7162/27007601281_98d1cf89ec_m.jpg", "link": "https://www.flickr.com/photos/115096994@N02/27007601281", "url_b": "https://farm8.staticflickr.com/7162/27007601281_98d1cf89ec_b.jpg", "title": "DubiousBronzeAge_0281_DubiousBronzeAge_0282_fb"}, "n_answers": 3, "quorum": 0, "calibration": 0, "created": "2016-05-17T17:30:54.898966", "state": "completed", "project_id": 315, "id": 62355, "priority_0": 0.0}, {"info": {"url": "https://farm8.staticflickr.com/7711/27042860206_30228b2799.jpg", "url_m": "https://farm8.staticflickr.com/7711/27042860206_30228b2799_m.jpg", "link": "https://www.flickr.com/photos/115096994@N02/27042860206", "url_b": "https://farm8.staticflickr.com/7711/27042860206_30228b2799_b.jpg", "title": "DubiousBronzeAge_0283_DubiousBronzeAge_0284_fb"}, "n_answers": 3, "quorum": 0, "calibration": 0, "created": "2016-05-17T17:30:54.932673", "state": "completed", "project_id": 315, "id": 62356, "priority_0": 0.0}, {"info": {"url": "https://farm8.staticflickr.com/7785/26470576104_1391d10aab.jpg", "url_m": "https://farm8.staticflickr.com/7785/26470576104_1391d10aab_m.jpg", "link": "https://www.flickr.com/photos/115096994@N02/26470576104", "url_b": "https://farm8.staticflickr.com/7785/26470576104_1391d10aab_b.jpg", "title": "DubiousBronzeAge_0285_DubiousBronzeAge_0286_fb"}, "n_answers": 3, "quorum": 0, "calibration": 0, "created": "2016-05-17T17:30:54.965779", "state": "completed", "project_id": 315, "id": 62357, "priority_0": 0.0}, {"info": {"url": "https://farm8.staticflickr.com/7120/26801734910_6ebdde37b4.jpg", "url_m": "https://farm8.staticflickr.com/7120/26801734910_6ebdde37b4_m.jpg", "link": "https://www.flickr.com/photos/115096994@N02/26801734910", "url_b": "https://farm8.staticflickr.com/7120/26801734910_6ebdde37b4_b.jpg", "title": "DubiousBronzeAge_0287_DubiousBronzeAge_0288_fb"}, "n_answers": 3, "quorum": 0, "calibration": 0, "created": "2016-05-17T17:30:54.999099", "state": "completed", "project_id": 315, "id": 62358, "priority_0": 0.0}, {"info": {"url": "https://farm8.staticflickr.com/7197/27007600591_6457af6706.jpg", "url_m": "https://farm8.staticflickr.com/7197/27007600591_6457af6706_m.jpg", "link": "https://www.flickr.com/photos/115096994@N02/27007600591", "url_b": "https://farm8.staticflickr.com/7197/27007600591_6457af6706_b.jpg", "title": "DubiousBronzeAge_0289_DubiousBronzeAge_0290_fb"}, "n_answers": 3, "quorum": 0, "calibration": 0, "created": "2016-05-17T17:30:55.087817", "state": "completed", "project_id": 315, "id": 62359, "priority_0": 0.0}, {"info": {"url": "https://farm8.staticflickr.com/7762/26801734610_a8c25f5b2b.jpg", "url_m": "https://farm8.staticflickr.com/7762/26801734610_a8c25f5b2b_m.jpg", "link": "https://www.flickr.com/photos/115096994@N02/26801734610", "url_b": "https://farm8.staticflickr.com/7762/26801734610_a8c25f5b2b_b.jpg", "title": "DubiousBronzeAge_0291_DubiousBronzeAge_0292_fb"}, "n_answers": 3, "quorum": 0, "calibration": 0, "created": "2016-05-17T17:30:55.199513", "state": "completed", "project_id": 315, "id": 62360, "priority_0": 0.0}, {"info": {"url": "https://farm8.staticflickr.com/7784/26470575064_3f4f85ccf8.jpg", "url_m": "https://farm8.staticflickr.com/7784/26470575064_3f4f85ccf8_m.jpg", "link": "https://www.flickr.com/photos/115096994@N02/26470575064", "url_b": "https://farm8.staticflickr.com/7784/26470575064_3f4f85ccf8_b.jpg", "title": "DubiousBronzeAge_0293_DubiousBronzeAge_0294_fb"}, "n_answers": 3, "quorum": 0, "calibration": 0, "created": "2016-05-17T17:30:55.237786", "state": "completed", "project_id": 315, "id": 62361, "priority_0": 0.0}, {"info": {"url": "https://farm8.staticflickr.com/7710/26801733950_25cafda712.jpg", "url_m": "https://farm8.staticflickr.com/7710/26801733950_25cafda712_m.jpg", "link": "https://www.flickr.com/photos/115096994@N02/26801733950", "url_b": "https://farm8.staticflickr.com/7710/26801733950_25cafda712_b.jpg", "title": "DubiousBronzeAge_0295_DubiousBronzeAge_0296_fb"}, "n_answers": 3, "quorum": 0, "calibration": 0, "created": "2016-05-17T17:30:55.270702", "state": "completed", "project_id": 315, "id": 62362, "priority_0": 0.0}, {"info": {"url": "https://farm8.staticflickr.com/7147/26472365793_90f5bc15ee.jpg", "url_m": "https://farm8.staticflickr.com/7147/26472365793_90f5bc15ee_m.jpg", "link": "https://www.flickr.com/photos/115096994@N02/26472365793", "url_b": "https://farm8.staticflickr.com/7147/26472365793_90f5bc15ee_b.jpg", "title": "DubiousBronzeAge_0297_DubiousBronzeAge_0298_fb"}, "n_answers": 3, "quorum": 0, "calibration": 0, "created": "2016-05-17T17:30:55.304791", "state": "completed", "project_id": 315, "id": 62363, "priority_0": 0.0}, {"info": {"url": "https://farm8.staticflickr.com/7473/26472365763_b2e5680be2.jpg", "url_m": "https://farm8.staticflickr.com/7473/26472365763_b2e5680be2_m.jpg", "link": "https://www.flickr.com/photos/115096994@N02/26472365763", "url_b": "https://farm8.staticflickr.com/7473/26472365763_b2e5680be2_b.jpg", "title": "DubiousBronzeAge_0299_DubiousBronzeAge_0300_fb"}, "n_answers": 3, "quorum": 0, "calibration": 0, "created": "2016-05-17T17:30:55.337696", "state": "completed", "project_id": 315, "id": 62364, "priority_0": 0.0}, {"info": {"url": "https://farm8.staticflickr.com/7460/26472365423_965ab8cc1a.jpg", "url_m": "https://farm8.staticflickr.com/7460/26472365423_965ab8cc1a_m.jpg", "link": "https://www.flickr.com/photos/115096994@N02/26472365423", "url_b": "https://farm8.staticflickr.com/7460/26472365423_965ab8cc1a_b.jpg", "title": "DubiousBronzeAge_0301_DubiousBronzeAge_0302_fb"}, "n_answers": 3, "quorum": 0, "calibration": 0, "created": "2016-05-17T17:30:55.371319", "state": "completed", "project_id": 315, "id": 62365, "priority_0": 0.0}, {"info": {"url": "https://farm8.staticflickr.com/7385/26801732730_8570790544.jpg", "url_m": "https://farm8.staticflickr.com/7385/26801732730_8570790544_m.jpg", "link": "https://www.flickr.com/photos/115096994@N02/26801732730", "url_b": "https://farm8.staticflickr.com/7385/26801732730_8570790544_b.jpg", "title": "DubiousBronzeAge_0303_DubiousBronzeAge_0304_fb"}, "n_answers": 3, "quorum": 0, "calibration": 0, "created": "2016-05-17T17:30:55.404497", "state": "completed", "project_id": 315, "id": 62366, "priority_0": 0.0}, {"info": {"url": "https://farm8.staticflickr.com/7040/27042859216_cc061947e5.jpg", "url_m": "https://farm8.staticflickr.com/7040/27042859216_cc061947e5_m.jpg", "link": "https://www.flickr.com/photos/115096994@N02/27042859216", "url_b": "https://farm8.staticflickr.com/7040/27042859216_cc061947e5_b.jpg", "title": "DubiousBronzeAge_0305_DubiousBronzeAge_0306_fb"}, "n_answers": 3, "quorum": 0, "calibration": 0, "created": "2016-05-17T17:30:55.438028", "state": "completed", "project_id": 315, "id": 62367, "priority_0": 0.0}]