[{"info": {"weight": "", "patina": "dull patina dark greeny brown.", "site": "Ireland[;]Label: \"Belfast (near)[;]Tully, near Portelemon\" ", "surface": "smooth", "toSearch": "Tully, Enniskillen, Fermanagh BT93, Royaume-Uni", "remarks": "", "dateDiscoveryMonth": "None", "objectType": "Dagger", "gridRef": "", "lon": "-7.809483999999998", "geojson": {"geometry": {"type": "Point", "coordinates": ["-7.809483999999998", "54.440224"]}, "crs": {"type": "name", "properties": {"name": "urn:ogc:def:crs:OGC:1.3:CRS84"}}, "type": "Feature", "properties": {}}, "thickness": "blade 2.5", "width": "blade17; tang 18.5", "other": "", "composition": "", "associations": "", "description": "Sharp edges, slightly jagged.", "collection": "Sotheby's Sale, 19. 11. 24. 652.[;]Collection of W.J. Knowles, MRIA, of Flixton Place, Ballymena.", "dateDiscoveryDay": "None", "lat": "54.440224", "dateDiscoveryYear": "None", "rightCorner": "I", "length": "68.5", "edge": "", "publications": ""}, "user_id": 580, "task_id": 38321, "created": "2015-05-06T07:20:52.512568", "finish_time": "2015-05-06T07:20:52.512590", "calibration": null, "user_ip": null, "timeout": null, "project_id": 194, "id": 52755}, {"info": {"weight": "", "patina": "mostly polished patina, light green. stained.", "site": "Ireland[;]Antrim[;]Loughguile[;]1870", "surface": "smooth. traces of slight encrustement.", "toSearch": "Loughguile, Ballymena, Ballymoney BT44, Royaume-Uni", "remarks": "", "dateDiscoveryMonth": "None", "objectType": "Rivetted Dagger", "gridRef": "", "lon": "-6.30543119999993", "geojson": {"geometry": {"type": "Point", "coordinates": ["-6.30543119999993", "55.0619265"]}, "crs": {"type": "name", "properties": {"name": "urn:ogc:def:crs:OGC:1.3:CRS84"}}, "type": "Feature", "properties": {}}, "thickness": "blade 2", "width": "blade 25; hilt plate 39.5", "other": "", "composition": "", "associations": "found inside an urn (earthen) with bones.", "description": "2 rivets, 9 to 9.5 long. Sharp edges slightly broken. Traces of hafting between rivets.", "collection": "Sotheby's Sale, 19. 11. 24. 690.[;]Collection of W.J. Knowles, MRIA, of Flixton Place, Ballymena.", "dateDiscoveryDay": "None", "lat": "55.0619265", "dateDiscoveryYear": "1870", "rightCorner": "II", "length": "79.5", "edge": "", "publications": "Illusd. in Abercromby's Bronze Age Pottery, Vol. II, p. 163, fig. 47."}, "user_id": 580, "task_id": 38322, "created": "2015-05-06T07:27:54.067041", "finish_time": "2015-05-06T07:27:54.067069", "calibration": null, "user_ip": null, "timeout": null, "project_id": 194, "id": 52756}, {"info": {"weight": "", "patina": "no patina", "site": "Ireland[;]label: \"Co Antrim[;]Bushmills near.[;]1899\"", "surface": "smooth. Cleaned & polished golden bronze. Tiny pittings all over.", "toSearch": "Bushmills, Bushmills, District de Moyle BT57, Royaume-Uni", "remarks": "", "dateDiscoveryMonth": "None", "objectType": "Rivetted Dagger", "gridRef": "", "lon": "-6.52346", "geojson": {"geometry": {"type": "Point", "coordinates": ["-6.52346", "55.20506"]}, "crs": {"type": "name", "properties": {"name": "urn:ogc:def:crs:OGC:1.3:CRS84"}}, "type": "Feature", "properties": {}}, "thickness": "blade 2.5", "width": "blade 49; 63", "other": "", "composition": "", "associations": "", "description": "", "collection": "Sotheby's Sale, 19. 11. 24. 652.[;]Collection of W.J. Knowles, MRIA, of Flixton Place, Ballymena.", "dateDiscoveryDay": "None", "lat": "55.20506", "dateDiscoveryYear": "1899", "rightCorner": "Var.", "length": "96", "edge": "", "publications": ""}, "user_id": 580, "task_id": 38323, "created": "2015-05-06T07:30:15.875318", "finish_time": "2015-05-06T07:30:15.875344", "calibration": null, "user_ip": null, "timeout": null, "project_id": 194, "id": 52757}, {"info": {"weight": "", "patina": "medium green over golden bronze", "site": "Ireland[;]Co Antrim[;]Label: \"Carnstrove[;]In peat bank\"", "surface": "smooth. & curiously grained like a piece of leather cloth.", "toSearch": "District d'Antrim, Royaume-Uni", "remarks": "", "dateDiscoveryMonth": "None", "objectType": "Dagger", "gridRef": "", "lon": "-6.286465899999939", "geojson": {"geometry": {"type": "Point", "coordinates": ["-6.286465899999939", "54.666248"]}, "crs": {"type": "name", "properties": {"name": "urn:ogc:def:crs:OGC:1.3:CRS84"}}, "type": "Feature", "properties": {}}, "thickness": "blade 3", "width": "blade 19.5; hilt plate 29", "other": "", "composition": "", "associations": "", "description": "", "collection": "Sotheby's Sale, 19. 11. 24. 648.[;]Collection of W.J. Knowles, MRIA, of Flixton Place, Ballymena.", "dateDiscoveryDay": "None", "lat": "54.666248", "dateDiscoveryYear": "None", "rightCorner": "Var.", "length": "83", "edge": "", "publications": ""}, "user_id": 580, "task_id": 38324, "created": "2015-05-06T07:36:15.559558", "finish_time": "2015-05-06T07:36:15.559587", "calibration": null, "user_ip": null, "timeout": null, "project_id": 194, "id": 52758}, {"info": {"weight": "178", "patina": "greenish patina on brown.", "site": "Ireland[;]Said to have belonged to the Sefet of Doherty, called Kings of Noris, a district in the Barony of Innishowen, Donegal.[;]Ireland, Co. Donegal.", "surface": "in fair condition", "toSearch": "Co. Donegal, Irlande", "remarks": "", "dateDiscoveryMonth": "None", "objectType": "Dagger", "gridRef": "", "lon": "-7.9954086999999845", "geojson": {"geometry": {"type": "Point", "coordinates": ["-7.9954086999999845", "54.8661152"]}, "crs": {"type": "name", "properties": {"name": "urn:ogc:def:crs:OGC:1.3:CRS84"}}, "type": "Feature", "properties": {}}, "thickness": "7", "width": "66; centre 40", "other": "", "composition": "", "associations": "", "description": "Dagger, bronze; leaf shaped, with three rivet holes; engraved on both sides with rows of parallel lines converging towards the point.", "collection": "Royal Scottish Museum, Edinburgh[;]Reg. No. 1890. 525.", "dateDiscoveryDay": "None", "lat": "54.8661152", "dateDiscoveryYear": "None", "rightCorner": "Var.", "length": "192", "edge": "", "publications": ""}, "user_id": 580, "task_id": 38325, "created": "2015-05-06T07:52:27.800195", "finish_time": "2015-05-06T07:52:27.800223", "calibration": null, "user_ip": null, "timeout": null, "project_id": 194, "id": 52759}, {"info": {"weight": "", "patina": "", "site": "Ireland[;]Co. Down[;]Garrachy", "surface": "", "toSearch": "Comt\u00e9 de Down, Royaume-Uni", "remarks": "", "dateDiscoveryMonth": "None", "objectType": "Dagger / Dirk", "gridRef": "", "lon": "-5.748485399999936", "geojson": {"geometry": {"type": "Point", "coordinates": ["-5.748485399999936", "54.3412911"]}, "crs": {"type": "name", "properties": {"name": "urn:ogc:def:crs:OGC:1.3:CRS84"}}, "type": "Feature", "properties": {}}, "thickness": "", "width": "", "other": "", "composition": "", "associations": "", "description": "Small flat triangular dagger with triangular butt end 3 rivets.", "collection": "BM. W.G. 1605", "dateDiscoveryDay": "None", "lat": "54.3412911", "dateDiscoveryYear": "None", "rightCorner": "", "length": "", "edge": "", "publications": ""}, "user_id": 580, "task_id": 38326, "created": "2015-05-06T08:53:14.561989", "finish_time": "2015-05-06T08:53:14.562016", "calibration": null, "user_ip": null, "timeout": null, "project_id": 194, "id": 52760}, {"info": {"weight": "", "patina": "", "site": "Ireland[;]Galway[;]Eyre Court", "surface": "bronze colour", "toSearch": "Eyrecourt, Co. Galway, Irlande", "remarks": "Not in PPS 1946", "dateDiscoveryMonth": "None", "objectType": "Razor", "gridRef": "", "lon": "-8.13142700000003", "geojson": {"geometry": {"type": "Point", "coordinates": ["-8.13142700000003", "53.1997171"]}, "crs": {"type": "name", "properties": {"name": "urn:ogc:def:crs:OGC:1.3:CRS84"}}, "type": "Feature", "properties": {}}, "thickness": "", "width": "tang 5; blade 21", "other": "", "composition": "", "associations": "", "description": "Blade is flat", "collection": "Salisbury, S. Wilts and Blackmore Museum.[;]B 316. (1)", "dateDiscoveryDay": "None", "lat": "53.1997171", "dateDiscoveryYear": "None", "rightCorner": "I B", "length": "88", "edge": "", "publications": ""}, "user_id": 580, "task_id": 38327, "created": "2015-05-06T08:56:28.968003", "finish_time": "2015-05-06T08:56:28.968028", "calibration": null, "user_ip": null, "timeout": null, "project_id": 194, "id": 52761}, {"info": {"weight": "", "patina": "", "site": "Ireland[;]Galway", "surface": "", "toSearch": "Galway, Irlande", "remarks": "", "dateDiscoveryMonth": "None", "objectType": "Dagger / Dirk", "gridRef": "", "lon": "-9.056790500000034", "geojson": {"geometry": {"type": "Point", "coordinates": ["-9.056790500000034", "53.270668"]}, "crs": {"type": "name", "properties": {"name": "urn:ogc:def:crs:OGC:1.3:CRS84"}}, "type": "Feature", "properties": {}}, "thickness": "", "width": "", "other": "", "composition": "", "associations": "", "description": "3 rivets; 4 grooves down each side of blade.", "collection": "BM W.G. 1603", "dateDiscoveryDay": "None", "lat": "53.270668", "dateDiscoveryYear": "None", "rightCorner": "? A", "length": "", "edge": "", "publications": ""}, "user_id": 580, "task_id": 38328, "created": "2015-05-06T09:01:25.216708", "finish_time": "2015-05-06T09:01:25.216734", "calibration": null, "user_ip": null, "timeout": null, "project_id": 194, "id": 52762}, {"info": {"weight": "35.43", "patina": "a little black patina", "site": "Ireland", "surface": "roughish, golden bronze visible", "toSearch": "Irlande", "remarks": "From Sir Henry Dryden's collection", "dateDiscoveryMonth": "None", "objectType": "Dagger Blade", "gridRef": "", "lon": "-8.243889999999965", "geojson": {"geometry": {"type": "Point", "coordinates": ["-8.243889999999965", "53.41291"]}, "crs": {"type": "name", "properties": {"name": "urn:ogc:def:crs:OGC:1.3:CRS84"}}, "type": "Feature", "properties": {}}, "thickness": "2.5", "width": "43 (widest part) & 19", "other": "", "composition": "", "associations": "", "description": "", "collection": "Private Collection[;]W.C. Wells Esq.[;]2 Maybank Avenue, Sudbury, Harrow[;]21. 6. 20.", "dateDiscoveryDay": "None", "lat": "53.41291", "dateDiscoveryYear": "None", "rightCorner": "III", "length": "115", "edge": "", "publications": ""}, "user_id": 580, "task_id": 38329, "created": "2015-05-06T09:11:31.926187", "finish_time": "2015-05-06T09:11:31.926213", "calibration": null, "user_ip": null, "timeout": null, "project_id": 194, "id": 52763}, {"info": {"weight": "48.8", "patina": "dark brown.", "site": "Ireland", "surface": "smooth", "toSearch": "Irlande", "remarks": "", "dateDiscoveryMonth": "None", "objectType": "Dagger", "gridRef": "", "lon": "-8.243889999999965", "geojson": {"geometry": {"type": "Point", "coordinates": ["-8.243889999999965", "53.41291"]}, "crs": {"type": "name", "properties": {"name": "urn:ogc:def:crs:OGC:1.3:CRS84"}}, "type": "Feature", "properties": {}}, "thickness": "3", "width": "33", "other": "", "composition": "", "associations": "", "description": "", "collection": "Alnwick Castle No. 406.", "dateDiscoveryDay": "None", "lat": "53.41291", "dateDiscoveryYear": "None", "rightCorner": "III", "length": "138", "edge": "", "publications": ""}, "user_id": 580, "task_id": 38330, "created": "2015-05-06T09:12:33.639177", "finish_time": "2015-05-06T09:12:33.639205", "calibration": null, "user_ip": null, "timeout": null, "project_id": 194, "id": 52764}, {"info": {"weight": "155.1", "patina": "bronze patina with green stains.", "site": "Ireland", "surface": "smooth", "toSearch": "Irlande", "remarks": "", "dateDiscoveryMonth": "None", "objectType": "Dagger", "gridRef": "", "lon": "-8.243889999999965", "geojson": {"geometry": {"type": "Point", "coordinates": ["-8.243889999999965", "53.41291"]}, "crs": {"type": "name", "properties": {"name": "urn:ogc:def:crs:OGC:1.3:CRS84"}}, "type": "Feature", "properties": {}}, "thickness": "2", "width": "61", "other": "", "composition": "", "associations": "", "description": "Four rivets in situ.", "collection": "Alnwick Castle No. 409.", "dateDiscoveryDay": "None", "lat": "53.41291", "dateDiscoveryYear": "None", "rightCorner": "IV", "length": "242", "edge": "", "publications": ""}, "user_id": 580, "task_id": 38331, "created": "2015-05-06T09:14:17.114600", "finish_time": "2015-05-06T09:14:17.114629", "calibration": null, "user_ip": null, "timeout": null, "project_id": 194, "id": 52765}, {"info": {"weight": "64.7", "patina": "dark brown", "site": "Ireland", "surface": "slightly pitted", "toSearch": "Irlande", "remarks": "of Croghan Erin?", "dateDiscoveryMonth": "None", "objectType": "Ogival Dagger", "gridRef": "", "lon": "-8.243889999999965", "geojson": {"geometry": {"type": "Point", "coordinates": ["-8.243889999999965", "53.41291"]}, "crs": {"type": "name", "properties": {"name": "urn:ogc:def:crs:OGC:1.3:CRS84"}}, "type": "Feature", "properties": {}}, "thickness": "5", "width": "Butt 49; centre 21", "other": "", "composition": "", "associations": "", "description": "", "collection": "Alnwick Castle No. 403.", "dateDiscoveryDay": "None", "lat": "53.41291", "dateDiscoveryYear": "None", "rightCorner": "Frag.", "length": "162", "edge": "", "publications": ""}, "user_id": 580, "task_id": 38332, "created": "2015-05-06T09:17:13.853233", "finish_time": "2015-05-06T09:17:13.853258", "calibration": null, "user_ip": null, "timeout": null, "project_id": 194, "id": 52766}, {"info": {"weight": "20.56", "patina": "", "site": "Ireland (north of)", "surface": "yellow bronze", "toSearch": "Irlande du Nord, Royaume-Uni", "remarks": "", "dateDiscoveryMonth": "None", "objectType": "Knife-dagger", "gridRef": "", "lon": "-6.49231450000002", "geojson": {"geometry": {"type": "Point", "coordinates": ["-6.49231450000002", "54.7877149"]}, "crs": {"type": "name", "properties": {"name": "urn:ogc:def:crs:OGC:1.3:CRS84"}}, "type": "Feature", "properties": {}}, "thickness": "2.5", "width": "37", "other": "", "composition": "", "associations": "", "description": "A low ridge marks the begining of part of butt inserted in haft. Two zig-zag lines of punched dots on each side down centre of blade.", "collection": "Ashmolean Museum, Oxford.[;]1886 N\u00b0 5776.[;]Antrim Collection[;]Given to the University by Lord Antrim.", "dateDiscoveryDay": "None", "lat": "54.7877149", "dateDiscoveryYear": "None", "rightCorner": "Var.", "length": "99", "edge": "", "publications": ""}, "user_id": 580, "task_id": 38333, "created": "2015-05-06T09:20:21.216587", "finish_time": "2015-05-06T09:20:21.216611", "calibration": null, "user_ip": null, "timeout": null, "project_id": 194, "id": 52767}, {"info": {"weight": "29.1", "patina": "Dirty green.", "site": "Ireland (north of)", "surface": "", "toSearch": "Irlande du Nord, Royaume-Uni", "remarks": "", "dateDiscoveryMonth": "None", "objectType": "Knife dagger", "gridRef": "", "lon": "-6.49231450000002", "geojson": {"geometry": {"type": "Point", "coordinates": ["-6.49231450000002", "54.7877149"]}, "crs": {"type": "name", "properties": {"name": "urn:ogc:def:crs:OGC:1.3:CRS84"}}, "type": "Feature", "properties": {}}, "thickness": "3.5", "width": "33", "other": "", "composition": "", "associations": "", "description": "", "collection": "Ashmolean Museum, Oxford.[;]1886 N\u00b0 5823.[;]Antrim Collection[;]Given to the University by Lord Antrim.", "dateDiscoveryDay": "None", "lat": "54.7877149", "dateDiscoveryYear": "None", "rightCorner": "Frag.", "length": "66.5", "edge": "", "publications": ""}, "user_id": 580, "task_id": 38334, "created": "2015-05-06T09:22:21.210872", "finish_time": "2015-05-06T09:22:21.210900", "calibration": null, "user_ip": null, "timeout": null, "project_id": 194, "id": 52768}, {"info": {"weight": "", "patina": "", "site": "Ireland (probably)", "surface": "", "toSearch": "Irlande", "remarks": "", "dateDiscoveryMonth": "None", "objectType": "Dagger", "gridRef": "", "lon": "-8.243889999999965", "geojson": {"geometry": {"type": "Point", "coordinates": ["-8.243889999999965", "53.41291"]}, "crs": {"type": "name", "properties": {"name": "urn:ogc:def:crs:OGC:1.3:CRS84"}}, "type": "Feature", "properties": {}}, "thickness": "", "width": "", "other": "", "composition": "", "associations": "", "description": "Triangular, with rounded damaged butt, 3 rivet holes.", "collection": "BM. 48. 11-1. 20 ", "dateDiscoveryDay": "None", "lat": "53.41291", "dateDiscoveryYear": "None", "rightCorner": "", "length": "", "edge": "", "publications": ""}, "user_id": 580, "task_id": 38335, "created": "2015-05-06T09:23:33.083413", "finish_time": "2015-05-06T09:23:33.083435", "calibration": null, "user_ip": null, "timeout": null, "project_id": 194, "id": 52769}, {"info": {"weight": "", "patina": "", "site": "Ireland (acc. label)", "surface": "", "toSearch": "Irlande", "remarks": "", "dateDiscoveryMonth": "None", "objectType": "Rivetted Dagger", "gridRef": "", "lon": "-8.243889999999965", "geojson": {"geometry": {"type": "Point", "coordinates": ["-8.243889999999965", "53.41291"]}, "crs": {"type": "name", "properties": {"name": "urn:ogc:def:crs:OGC:1.3:CRS84"}}, "type": "Feature", "properties": {}}, "thickness": "", "width": "", "other": "", "composition": "", "associations": "", "description": "4 rivets / notches. Flat blade. Sub-triangular.", "collection": "BM. Unregistered.", "dateDiscoveryDay": "None", "lat": "53.41291", "dateDiscoveryYear": "None", "rightCorner": "", "length": "", "edge": "", "publications": ""}, "user_id": 580, "task_id": 38336, "created": "2015-05-06T09:24:58.968196", "finish_time": "2015-05-06T09:24:58.968221", "calibration": null, "user_ip": null, "timeout": null, "project_id": 194, "id": 52770}, {"info": {"weight": "", "patina": "", "site": "Ireland (north)", "surface": "", "toSearch": "Irlande du Nord, Royaume-Uni", "remarks": "", "dateDiscoveryMonth": "None", "objectType": "Tanged Dagger", "gridRef": "", "lon": "-6.49231450000002", "geojson": {"geometry": {"type": "Point", "coordinates": ["-6.49231450000002", "54.7877149"]}, "crs": {"type": "name", "properties": {"name": "urn:ogc:def:crs:OGC:1.3:CRS84"}}, "type": "Feature", "properties": {}}, "thickness": "", "width": "", "other": "", "composition": "", "associations": "", "description": "Flat blade, rudimentary tang, 4 rivets in semicircular disposition.", "collection": "BM. 77. 1-16. 3 (ex A.W. Franks)", "dateDiscoveryDay": "None", "lat": "54.7877149", "dateDiscoveryYear": "None", "rightCorner": "", "length": "", "edge": "", "publications": ""}, "user_id": 580, "task_id": 38337, "created": "2015-05-06T09:26:22.816369", "finish_time": "2015-05-06T09:26:22.816392", "calibration": null, "user_ip": null, "timeout": null, "project_id": 194, "id": 52771}, {"info": {"weight": "", "patina": "", "site": "Ireland[;]No provenance", "surface": "", "toSearch": "Irlande", "remarks": "", "dateDiscoveryMonth": "None", "objectType": "Ogival Dagger", "gridRef": "", "lon": "-8.243889999999965", "geojson": {"geometry": {"type": "Point", "coordinates": ["-8.243889999999965", "53.41291"]}, "crs": {"type": "name", "properties": {"name": "urn:ogc:def:crs:OGC:1.3:CRS84"}}, "type": "Feature", "properties": {}}, "thickness": "", "width": "", "other": "", "composition": "", "associations": "", "description": "Butt damaged.", "collection": "BM. 54. 7-14. 238[;] (Cooke Collection)", "dateDiscoveryDay": "None", "lat": "53.41291", "dateDiscoveryYear": "None", "rightCorner": "", "length": "", "edge": "", "publications": ""}, "user_id": 580, "task_id": 38338, "created": "2015-05-06T09:28:34.661414", "finish_time": "2015-05-06T09:28:34.661442", "calibration": null, "user_ip": null, "timeout": null, "project_id": 194, "id": 52772}, {"info": {"weight": "", "patina": "", "site": "No provenance[;](probably Ireland)", "surface": "", "toSearch": "", "remarks": "", "dateDiscoveryMonth": "None", "objectType": "Dagger", "gridRef": "", "lon": "-8.243889999999965", "geojson": {"geometry": {"type": "Point", "coordinates": ["-8.243889999999965", "53.41291"]}, "crs": {"type": "name", "properties": {"name": "urn:ogc:def:crs:OGC:1.3:CRS84"}}, "type": "Feature", "properties": {}}, "thickness": "", "width": "", "other": "", "composition": "", "associations": "", "description": "Short triangular piece, with 2 rivets in rounded butt.", "collection": "BM. Unregistered.", "dateDiscoveryDay": "None", "lat": "53.41291", "dateDiscoveryYear": "None", "rightCorner": "", "length": "", "edge": "", "publications": ""}, "user_id": 580, "task_id": 38339, "created": "2015-05-06T09:29:40.258768", "finish_time": "2015-05-06T09:29:40.258796", "calibration": null, "user_ip": null, "timeout": null, "project_id": 194, "id": 52773}, {"info": {"weight": "", "patina": "", "site": "Unknown provenance[;](probably Ireland)", "surface": "", "toSearch": "", "remarks": "", "dateDiscoveryMonth": "None", "objectType": "Knife / Dagger", "gridRef": "", "lon": "-8.243889999999965", "geojson": {"geometry": {"type": "Point", "coordinates": ["-8.243889999999965", "53.41291"]}, "crs": {"type": "name", "properties": {"name": "urn:ogc:def:crs:OGC:1.3:CRS84"}}, "type": "Feature", "properties": {}}, "thickness": "", "width": "", "other": "", "composition": "", "associations": "", "description": "Pointed shoulder, notched rectangular butt.", "collection": "BM. Unregistered.", "dateDiscoveryDay": "None", "lat": "53.41291", "dateDiscoveryYear": "None", "rightCorner": "", "length": "", "edge": "", "publications": ""}, "user_id": 580, "task_id": 38340, "created": "2015-05-06T09:30:49.925488", "finish_time": "2015-05-06T09:30:49.925517", "calibration": null, "user_ip": null, "timeout": null, "project_id": 194, "id": 52774}, {"info": {"weight": "", "patina": "", "site": "? Ireland", "surface": "", "toSearch": "", "remarks": "", "dateDiscoveryMonth": "None", "objectType": "Dagger", "gridRef": "", "lon": "-8.243889999999965", "geojson": {"geometry": {"type": "Point", "coordinates": ["-8.243889999999965", "53.41291"]}, "crs": {"type": "name", "properties": {"name": "urn:ogc:def:crs:OGC:1.3:CRS84"}}, "type": "Feature", "properties": {}}, "thickness": "", "width": "", "other": "", "composition": "", "associations": "", "description": "", "collection": "BM. 61. 2-1. 5.", "dateDiscoveryDay": "None", "lat": "53.41291", "dateDiscoveryYear": "None", "rightCorner": "", "length": "", "edge": "", "publications": ""}, "user_id": 580, "task_id": 38341, "created": "2015-05-06T09:31:25.692402", "finish_time": "2015-05-06T09:31:25.692431", "calibration": null, "user_ip": null, "timeout": null, "project_id": 194, "id": 52775}, {"info": {"weight": "", "patina": "", "site": "No provenance[;]Ireland.", "surface": "", "toSearch": "Irlande", "remarks": "", "dateDiscoveryMonth": "None", "objectType": "Flange-hilted Dagger", "gridRef": "", "lon": "-8.243889999999965", "geojson": {"geometry": {"type": "Point", "coordinates": ["-8.243889999999965", "53.41291"]}, "crs": {"type": "name", "properties": {"name": "urn:ogc:def:crs:OGC:1.3:CRS84"}}, "type": "Feature", "properties": {}}, "thickness": "", "width": "", "other": "", "composition": "", "associations": "", "description": "", "collection": "BM. 54. 7-14. 287[;](Cooke Collection)", "dateDiscoveryDay": "None", "lat": "53.41291", "dateDiscoveryYear": "None", "rightCorner": "", "length": "", "edge": "", "publications": ""}, "user_id": 580, "task_id": 38342, "created": "2015-05-06T09:32:33.033941", "finish_time": "2015-05-06T09:32:33.033969", "calibration": null, "user_ip": null, "timeout": null, "project_id": 194, "id": 52776}, {"info": {"weight": "77", "patina": "Black patina, bright metal at the point, running up into the black.", "site": "Ireland[;]King's Co[;]Edenderry", "surface": "smooth", "toSearch": "Edenderry, Co. Offaly, Irlande", "remarks": "", "dateDiscoveryMonth": "None", "objectType": "Dagger", "gridRef": "", "lon": "-7.0505832000000055", "geojson": {"geometry": {"type": "Point", "coordinates": ["-7.0505832000000055", "53.34328430000001"]}, "crs": {"type": "name", "properties": {"name": "urn:ogc:def:crs:OGC:1.3:CRS84"}}, "type": "Feature", "properties": {}}, "thickness": "4", "width": "blade 49.5; widest 20", "other": "", "composition": "", "associations": "", "description": "Flat midrib & bevelled round cutting edge. 2 Rivet holes. hilt plate is uneven.", "collection": "Museum of Archaeology & Ethnology, Cambridge[;]No. 171 Murray Collection.", "dateDiscoveryDay": "None", "lat": "53.34328430000001", "dateDiscoveryYear": "None", "rightCorner": "B", "length": "142", "edge": "", "publications": ""}, "user_id": 580, "task_id": 38343, "created": "2015-05-06T09:35:30.413019", "finish_time": "2015-05-06T09:35:30.413047", "calibration": null, "user_ip": null, "timeout": null, "project_id": 194, "id": 52777}, {"info": {"weight": "35", "patina": "dark brown patina with metal showing through & some bright green.", "site": "Ireland[;]King's Co[;]Edenderry", "surface": "very slightly corroded granular.", "toSearch": "Edenderry, Co. Offaly, Irlande", "remarks": "Probably 'D' originally", "dateDiscoveryMonth": "None", "objectType": "Dagger", "gridRef": "", "lon": "-7.0505832000000055", "geojson": {"geometry": {"type": "Point", "coordinates": ["-7.0505832000000055", "53.34328430000001"]}, "crs": {"type": "name", "properties": {"name": "urn:ogc:def:crs:OGC:1.3:CRS84"}}, "type": "Feature", "properties": {}}, "thickness": "2", "width": "blade 20; at hilt 27; 20", "other": "", "composition": "", "associations": "", "description": "2 notches & 2 rivet holes. Very faint bevel. Blade is slightly bent.", "collection": "Museum of Archaeology & Ethnology, Cambridge[;]Murray Collection (not numbered).", "dateDiscoveryDay": "None", "lat": "53.34328430000001", "dateDiscoveryYear": "None", "rightCorner": "C", "length": "150.5", "edge": "", "publications": ""}, "user_id": 580, "task_id": 38344, "created": "2015-05-06T09:40:06.990071", "finish_time": "2015-05-06T09:40:06.990096", "calibration": null, "user_ip": null, "timeout": null, "project_id": 194, "id": 52778}, {"info": {"weight": "82", "patina": "light & dark brown patina", "site": "Ireland[;]King's Co[;]Edenderry", "surface": "smooth & dull", "toSearch": "Edenderry, Co. Offaly, Irlande", "remarks": "", "dateDiscoveryMonth": "None", "objectType": "Dagger", "gridRef": "", "lon": "-7.0505832000000055", "geojson": {"geometry": {"type": "Point", "coordinates": ["-7.0505832000000055", "53.34328430000001"]}, "crs": {"type": "name", "properties": {"name": "urn:ogc:def:crs:OGC:1.3:CRS84"}}, "type": "Feature", "properties": {}}, "thickness": "blade 6.5", "width": "hilt plate 56; blade 31", "other": "", "composition": "", "associations": "", "description": "Decorated on either side of a central raised band, with 3 grooves & a line of dots along its outer edge. A bubble hole in centre of blade. Hilt plate rounded with notched base & 2 rivet holes.", "collection": "Museum of Archaeology & Ethnology, Cambridge[;]No. 169 Murray Collection.", "dateDiscoveryDay": "None", "lat": "53.34328430000001", "dateDiscoveryYear": "None", "rightCorner": "II", "length": "123.5", "edge": "", "publications": ""}, "user_id": 580, "task_id": 38345, "created": "2015-05-06T09:44:38.798711", "finish_time": "2015-05-06T09:44:38.798735", "calibration": null, "user_ip": null, "timeout": null, "project_id": 194, "id": 52779}, {"info": {"weight": "", "patina": "brown.", "site": "Ireland[;]Limerick[;]Limerick (near)", "surface": "", "toSearch": "Limerick, Irlande", "remarks": "", "dateDiscoveryMonth": "None", "objectType": "Dagger", "gridRef": "", "lon": "-8.630497500000047", "geojson": {"geometry": {"type": "Point", "coordinates": ["-8.630497500000047", "52.6680204"]}, "crs": {"type": "name", "properties": {"name": "urn:ogc:def:crs:OGC:1.3:CRS84"}}, "type": "Feature", "properties": {}}, "thickness": "", "width": "blade 22; hilt plate 53; Rivets 16 & 17", "other": "", "composition": "", "associations": "", "description": "This appears to have been very much larger, but ground down by use.", "collection": "Salisbury, S. Wilts and Blackmore Museum.[;]205 Brackstone Collection", "dateDiscoveryDay": "None", "lat": "52.6680204", "dateDiscoveryYear": "None", "rightCorner": "Var.", "length": "148", "edge": "", "publications": ""}, "user_id": 580, "task_id": 38346, "created": "2015-05-06T09:47:16.462334", "finish_time": "2015-05-06T09:47:16.462359", "calibration": null, "user_ip": null, "timeout": null, "project_id": 194, "id": 52780}, {"info": {"weight": "", "patina": "", "site": "Ireland[;]Meath", "surface": "", "toSearch": "Comt\u00e9 de Meath, Co. Meath, Irlande", "remarks": "", "dateDiscoveryMonth": "None", "objectType": "Dagger", "gridRef": "", "lon": "-6.6564169000000675", "geojson": {"geometry": {"type": "Point", "coordinates": ["-6.6564169000000675", "53.60554800000001"]}, "crs": {"type": "name", "properties": {"name": "urn:ogc:def:crs:OGC:1.3:CRS84"}}, "type": "Feature", "properties": {}}, "thickness": "", "width": "", "other": "", "composition": "", "associations": "", "description": "", "collection": "BM. W.G. 1604", "dateDiscoveryDay": "None", "lat": "53.60554800000001", "dateDiscoveryYear": "None", "rightCorner": "", "length": "", "edge": "", "publications": ""}, "user_id": 580, "task_id": 38347, "created": "2015-05-06T09:49:14.935823", "finish_time": "2015-05-06T09:49:14.935847", "calibration": null, "user_ip": null, "timeout": null, "project_id": 194, "id": 52781}, {"info": {"weight": "", "patina": "", "site": "Ireland[;]Co Offaly[;]Birr (nr.)", "surface": "", "toSearch": "Birr, Co. Offaly, Irlande", "remarks": "", "dateDiscoveryMonth": "None", "objectType": "Dirk / Dagger", "gridRef": "", "lon": "-7.909688200000005", "geojson": {"geometry": {"type": "Point", "coordinates": ["-7.909688200000005", "53.0980052"]}, "crs": {"type": "name", "properties": {"name": "urn:ogc:def:crs:OGC:1.3:CRS84"}}, "type": "Feature", "properties": {}}, "thickness": "", "width": "", "other": "", "composition": "", "associations": "", "description": "Rounded & raised central rib.", "collection": "BM. 54. 7-14. 240", "dateDiscoveryDay": "None", "lat": "53.0980052", "dateDiscoveryYear": "None", "rightCorner": "", "length": "", "edge": "", "publications": ""}, "user_id": 580, "task_id": 38348, "created": "2015-05-06T09:51:02.892730", "finish_time": "2015-05-06T09:51:02.892756", "calibration": null, "user_ip": null, "timeout": null, "project_id": 194, "id": 52782}, {"info": {"weight": "", "patina": "", "site": "Ireland[;]Co Westmeath.", "surface": "smooth. golden bronze colour, dark brown stains.", "toSearch": "Comt\u00e9 de Westmeath, Co. Westmeath, Irlande", "remarks": "Not in PPS 1946", "dateDiscoveryMonth": "None", "objectType": "Razor", "gridRef": "", "lon": "-7.465321700000004", "geojson": {"geometry": {"type": "Point", "coordinates": ["-7.465321700000004", "53.5345308"]}, "crs": {"type": "name", "properties": {"name": "urn:ogc:def:crs:OGC:1.3:CRS84"}}, "type": "Feature", "properties": {}}, "thickness": "nearly 2", "width": "17", "other": "", "composition": "", "associations": "", "description": "Sharp edges.", "collection": "Private Collection[;]Professor Sir Lucas White-King, CSI, LLD, FSA[;]late of Roebuck Hall, Co Dublin.[;]Sold by Auction at Sotheby's. 9. 11. 21. Lot 144.", "dateDiscoveryDay": "None", "lat": "53.5345308", "dateDiscoveryYear": "None", "rightCorner": "I B", "length": "95.5", "edge": "", "publications": ""}, "user_id": 580, "task_id": 38349, "created": "2015-05-06T09:53:36.610071", "finish_time": "2015-05-06T09:53:36.610096", "calibration": null, "user_ip": null, "timeout": null, "project_id": 194, "id": 52783}, {"info": {"weight": "", "patina": "traces of dark brown, in hollows.", "site": "Ireland[;]Co Westmeath", "surface": "smooth, golden bronze with darker stains.", "toSearch": "Comt\u00e9 de Westmeath, Co. Westmeath, Irlande", "remarks": "", "dateDiscoveryMonth": "None", "objectType": "Dagger", "gridRef": "", "lon": "-7.465321700000004", "geojson": {"geometry": {"type": "Point", "coordinates": ["-7.465321700000004", "53.5345308"]}, "crs": {"type": "name", "properties": {"name": "urn:ogc:def:crs:OGC:1.3:CRS84"}}, "type": "Feature", "properties": {}}, "thickness": "3", "width": "29", "other": "", "composition": "", "associations": "", "description": "The blade is fluted", "collection": "Private Collection[;]Professor Sir Lucas White-King, CSI, LLD, FSA[;]late of Roebuck Hall, Co Dublin.[;]Sold by Auction at Sotheby's. 9. 11. 21. Lot 144.", "dateDiscoveryDay": "None", "lat": "53.5345308", "dateDiscoveryYear": "None", "rightCorner": "Var.", "length": "85", "edge": "", "publications": ""}, "user_id": 580, "task_id": 38350, "created": "2015-05-06T09:57:25.941671", "finish_time": "2015-05-06T09:57:25.941700", "calibration": null, "user_ip": null, "timeout": null, "project_id": 194, "id": 52784}, {"info": {"weight": "21.5", "patina": "green.", "site": "Ireland[;]Co. Wicklow[;]Meeting of the Waters. In tumulus", "surface": "very much corroded.", "toSearch": "Co. Wicklow, Irlande", "remarks": "", "dateDiscoveryMonth": "None", "objectType": "Dagger", "gridRef": "", "lon": "-6.410363999999959", "geojson": {"geometry": {"type": "Point", "coordinates": ["-6.410363999999959", "53.0000259"]}, "crs": {"type": "name", "properties": {"name": "urn:ogc:def:crs:OGC:1.3:CRS84"}}, "type": "Feature", "properties": {}}, "thickness": "", "width": "31", "other": "", "composition": "", "associations": "Found with Cinerary Urn & two fossilised candles.", "description": "Two rivets in holes.", "collection": "Alnwick Castle No. 408.", "dateDiscoveryDay": "None", "lat": "53.0000259", "dateDiscoveryYear": "None", "rightCorner": "III", "length": "92", "edge": "", "publications": ""}, "user_id": 580, "task_id": 38351, "created": "2015-05-06T10:00:24.908341", "finish_time": "2015-05-06T10:00:24.908366", "calibration": null, "user_ip": null, "timeout": null, "project_id": 194, "id": 52785}, {"info": {"weight": "", "patina": "dark greeny brown.", "site": "Ireland., Belfast (near)., Tully. Near Postelman } label", "surface": "Smooth dull", "toSearch": "Belfast, Belfast, UK", "remarks": "", "dateDiscoveryMonth": "None", "objectType": "Dagger.", "gridRef": "Belfast, Belfast, UK", "lon": "-5.930119999999988", "geojson": {"geometry": {"type": "Point", "coordinates": ["-5.930119999999988", "54.59728500000001"]}, "crs": {"type": "name", "properties": {"name": "urn:ogc:def:crs:OGC:1.3:CRS84"}}, "type": "Feature", "properties": {}}, "thickness": "blade 2.5", "width": "blade 17. tang 18.5", "other": "Some of the handwriting was difficult to decipher. I made my best possible judgement. Also some information appears to be missing. ", "composition": "Sharp edges. slightly jagged. ", "associations": "", "description": "", "collection": "Sotheby's Sale 19.11.24. 652.\r\nColln. of W. ]. Knowles. .MRIA.\r\nof Flixton Place. Ballymena. ", "dateDiscoveryDay": "None", "lat": "54.59728500000001", "dateDiscoveryYear": "None", "rightCorner": "I", "length": "68.5", "edge": "", "publications": ""}, "user_id": 677, "task_id": 38321, "created": "2015-05-06T23:35:05.137911", "finish_time": "2015-05-06T23:35:05.137939", "calibration": null, "user_ip": null, "timeout": null, "project_id": 194, "id": 52880}, {"info": {"weight": "", "patina": "light green - stained.", "site": "Ireland., Autriun, Liughguile, 1870", "surface": "smooth. traces of slight enerustiment. mostly polished", "toSearch": "Ireland", "remarks": "", "dateDiscoveryMonth": "None", "objectType": "Rivetted. Dagger ", "gridRef": "Ireland", "lon": "-8.243889999999965", "geojson": {"geometry": {"type": "Point", "coordinates": ["-8.243889999999965", "53.41291"]}, "crs": {"type": "name", "properties": {"name": "urn:ogc:def:crs:OGC:1.3:CRS84"}}, "type": "Feature", "properties": {}}, "thickness": "blade 2.", "width": "blade 25 hilt plate 39.5", "other": "Some of the handwriting was difficult to decipher. I made my best possible judgement. Also some information appears to be missing. ", "composition": "2 rivets - 9. to 9.5 long. Sharp edges slightly broken. Traces of hafting between rivets.  ", "associations": "found inside an win (earthen) with bones.", "description": "", "collection": "Sotheby's Sale 19.11.24. 690.\r\nColln. of W. I. Knowles MRIA.\r\nof Flixton Place. Ballymena", "dateDiscoveryDay": "None", "lat": "53.41291", "dateDiscoveryYear": "1870", "rightCorner": "II", "length": "79.5", "edge": "", "publications": "Illis.d. in Abereromby's Bronze Age Pottery, Vol II, p163. fig 47."}, "user_id": 677, "task_id": 38322, "created": "2015-05-06T23:42:41.434556", "finish_time": "2015-05-06T23:42:41.434585", "calibration": null, "user_ip": null, "timeout": null, "project_id": 194, "id": 52881}, {"info": {"weight": "", "patina": "Dull patina dark greeny brown.", "site": "Ireland[;]Antrim[;]Label: Belfast (near); Tully, Near Portelemon", "surface": "Smooth", "toSearch": "Belfast, Belfast, UK", "remarks": "", "dateDiscoveryMonth": "None", "objectType": "Dagger", "gridRef": "", "lon": "-5.930119999999988", "geojson": {"geometry": {"type": "Point", "coordinates": ["-5.930119999999988", "54.59728500000001"]}, "crs": {"type": "name", "properties": {"name": "urn:ogc:def:crs:OGC:1.3:CRS84"}}, "type": "Feature", "properties": {}}, "thickness": "blade 2.5", "width": "blade 17; tang 18.5", "other": "", "composition": "", "associations": "", "description": "Sharp edges, slightly jagged.", "collection": "Sotheby's Sale, 19.11.24; 652[;]Collection of W. J. Knowles, MRIA of Flixton Place, Ballymena", "dateDiscoveryDay": "None", "lat": "54.59728500000001", "dateDiscoveryYear": "None", "rightCorner": "I", "length": "68.5", "edge": "", "publications": ""}, "user_id": 433, "task_id": 38321, "created": "2015-05-09T12:04:09.374422", "finish_time": "2015-05-09T12:04:09.374450", "calibration": null, "user_ip": null, "timeout": null, "project_id": 194, "id": 53023}, {"info": {"weight": "", "patina": "Mostly polished patina light green - stained.", "site": "Ireland[;]Antrim[;]Loughguile[;]1870", "surface": "Smooth. Traces of encrustment", "toSearch": "Loughguile, Ballymena, Ballymoney BT44, UK", "remarks": "", "dateDiscoveryMonth": "None", "objectType": "Rivetted Dagger", "gridRef": "", "lon": "-6.30543119999993", "geojson": {"geometry": {"type": "Point", "coordinates": ["-6.30543119999993", "55.0619265"]}, "crs": {"type": "name", "properties": {"name": "urn:ogc:def:crs:OGC:1.3:CRS84"}}, "type": "Feature", "properties": {}}, "thickness": "blade 2", "width": "blade 25; hilt plate 39.5", "other": "", "composition": "", "associations": "Found inside an urn (earthen) with bones.", "description": "2 rivets 9 to 9.5mm long. Sharp edges slightly broken. Traces of hafting between rivets.", "collection": "Sotheby's Sale, 19.11.24; 690[;]Collection of W. J. Knowles MRIA[;]of Flixton Place, Ballymena", "dateDiscoveryDay": "None", "lat": "55.0619265", "dateDiscoveryYear": "1870", "rightCorner": "II", "length": "79.5", "edge": "", "publications": "Illustrated in Abercromby's Bronze Age Pottery, Vol. II, p. 163, fig. 47"}, "user_id": 433, "task_id": 38322, "created": "2015-05-09T12:07:47.526874", "finish_time": "2015-05-09T12:07:47.526902", "calibration": null, "user_ip": null, "timeout": null, "project_id": 194, "id": 53024}, {"info": {"weight": "", "patina": "", "site": "Ireland[;]Label: Co. Antrim; Bushmills (near)[;]1899", "surface": "Smooth, cleaned and polished golden bronze. Tiny pittings all over.", "toSearch": "Bushmills, Bushmills, Moyle BT57, UK", "remarks": "", "dateDiscoveryMonth": "None", "objectType": "Rivetted Dagger", "gridRef": "", "lon": "-6.52346", "geojson": {"geometry": {"type": "Point", "coordinates": ["-6.52346", "55.20506"]}, "crs": {"type": "name", "properties": {"name": "urn:ogc:def:crs:OGC:1.3:CRS84"}}, "type": "Feature", "properties": {}}, "thickness": "blade 2.5", "width": "blade 49; 63", "other": "", "composition": "", "associations": "", "description": "", "collection": "Sotheby's Sale, 19.11.24; 652[;]Collection of W. J. Knowles, MRIA of Flixton Place, Ballymena", "dateDiscoveryDay": "None", "lat": "55.20506", "dateDiscoveryYear": "1899", "rightCorner": "Var.", "length": "96", "edge": "", "publications": ""}, "user_id": 433, "task_id": 38323, "created": "2015-05-09T12:11:03.944882", "finish_time": "2015-05-09T12:11:03.944908", "calibration": null, "user_ip": null, "timeout": null, "project_id": 194, "id": 53025}, {"info": {"weight": "", "patina": "Medium green - over golden bronze", "site": "Ireland[;]Co. Antrim[;]Label: Carnstrone, In peat bank", "surface": "Smooth and curiously grained like a piece of leather cloth.", "toSearch": "Antrim, Antrim, Antrim BT41, UK", "remarks": "", "dateDiscoveryMonth": "None", "objectType": "Dagger", "gridRef": "", "lon": "-6.2072498", "geojson": {"geometry": {"type": "Point", "coordinates": ["-6.2072498", "54.7195338"]}, "crs": {"type": "name", "properties": {"name": "urn:ogc:def:crs:OGC:1.3:CRS84"}}, "type": "Feature", "properties": {}}, "thickness": "blade 3", "width": "blade 19.5; hilt plate 29", "other": "", "composition": "", "associations": "", "description": "", "collection": "Sotheby's Sale, 19.11.24[;]648[;]Collection of W. J. Knowles, MRIA of Flixton Place, Ballymena", "dateDiscoveryDay": "None", "lat": "54.7195338", "dateDiscoveryYear": "None", "rightCorner": "Var.", "length": "83", "edge": "", "publications": ""}, "user_id": 433, "task_id": 38324, "created": "2015-05-10T09:16:22.985636", "finish_time": "2015-05-10T09:16:22.985662", "calibration": null, "user_ip": null, "timeout": null, "project_id": 194, "id": 53101}, {"info": {"weight": "178", "patina": "Greenish patina on brown.", "site": "Ireland[;]Co. Donegal[;]Said to have belonged to the Sept of Doherty, called Kings of Noris, a district in the Barony of Innishowen, Donegal", "surface": "In fair condition.", "toSearch": "Inishowen, Co. Donegal, Ireland", "remarks": "", "dateDiscoveryMonth": "None", "objectType": "Dagger", "gridRef": "", "lon": "-7.333333300000049", "geojson": {"geometry": {"type": "Point", "coordinates": ["-7.333333300000049", "55.2"]}, "crs": {"type": "name", "properties": {"name": "urn:ogc:def:crs:OGC:1.3:CRS84"}}, "type": "Feature", "properties": {}}, "thickness": "7", "width": "66; centre 40", "other": "", "composition": "", "associations": "", "description": "Dagger, bronze; leaf-shaped with three rivet holes: engraved on both sides with rows of parallel lives converging towards the point.", "collection": "Royal Scottish Museum, Edinburgh[;]Reg. No. 1890.525", "dateDiscoveryDay": "None", "lat": "55.2", "dateDiscoveryYear": "None", "rightCorner": "Var", "length": "192", "edge": "", "publications": ""}, "user_id": 433, "task_id": 38325, "created": "2015-05-10T09:19:41.845547", "finish_time": "2015-05-10T09:19:41.845575", "calibration": null, "user_ip": null, "timeout": null, "project_id": 194, "id": 53102}, {"info": {"weight": "", "patina": "", "site": "Ireland[;]Co. Down[;]Garrachy", "surface": "", "toSearch": "Down, UK", "remarks": "", "dateDiscoveryMonth": "None", "objectType": "Dagger/Dirk", "gridRef": "", "lon": "-5.748485399999936", "geojson": {"geometry": {"type": "Point", "coordinates": ["-5.748485399999936", "54.3412911"]}, "crs": {"type": "name", "properties": {"name": "urn:ogc:def:crs:OGC:1.3:CRS84"}}, "type": "Feature", "properties": {}}, "thickness": "", "width": "", "other": "", "composition": "", "associations": "", "description": "Small flat triangular dagger with triangular butt end 3 rivets.", "collection": "British Museum, W. G. 1605", "dateDiscoveryDay": "None", "lat": "54.3412911", "dateDiscoveryYear": "None", "rightCorner": "", "length": "", "edge": "", "publications": ""}, "user_id": 433, "task_id": 38326, "created": "2015-05-10T09:22:42.159236", "finish_time": "2015-05-10T09:22:42.159263", "calibration": null, "user_ip": null, "timeout": null, "project_id": 194, "id": 53103}, {"info": {"weight": "", "patina": "", "site": "Ireland[;]Galway[;]Eyre Court", "surface": "Bronze colour", "toSearch": "Eyre Square, Galway, Ireland", "remarks": "Not in PPS1946", "dateDiscoveryMonth": "None", "objectType": "Razor", "gridRef": "", "lon": "-9.048678699999982", "geojson": {"geometry": {"type": "Point", "coordinates": ["-9.048678699999982", "53.2747105"]}, "crs": {"type": "name", "properties": {"name": "urn:ogc:def:crs:OGC:1.3:CRS84"}}, "type": "Feature", "properties": {}}, "thickness": "", "width": "tang 5; blade 21", "other": "", "composition": "", "associations": "", "description": "Blade is flat.", "collection": "Salisbury, S. Wilts and Blackmoore Museum[;]B316 (1)", "dateDiscoveryDay": "None", "lat": "53.2747105", "dateDiscoveryYear": "None", "rightCorner": "IB", "length": "88", "edge": "", "publications": ""}, "user_id": 433, "task_id": 38327, "created": "2015-05-10T09:26:11.819532", "finish_time": "2015-05-10T09:26:11.819561", "calibration": null, "user_ip": null, "timeout": null, "project_id": 194, "id": 53104}, {"info": {"weight": "", "patina": "", "site": "Ireland[;]Galway", "surface": "", "toSearch": "Galway, Ireland", "remarks": "", "dateDiscoveryMonth": "None", "objectType": "Dagger/Dirk", "gridRef": "", "lon": "-9.056790500000034", "geojson": {"geometry": {"type": "Point", "coordinates": ["-9.056790500000034", "53.270668"]}, "crs": {"type": "name", "properties": {"name": "urn:ogc:def:crs:OGC:1.3:CRS84"}}, "type": "Feature", "properties": {}}, "thickness": "", "width": "", "other": "", "composition": "", "associations": "", "description": "3 rivets; 4 grooves down each side of blade", "collection": "British Museum, W.G.1603", "dateDiscoveryDay": "None", "lat": "53.270668", "dateDiscoveryYear": "None", "rightCorner": "?A", "length": "", "edge": "", "publications": ""}, "user_id": 433, "task_id": 38328, "created": "2015-05-10T09:27:13.174182", "finish_time": "2015-05-10T09:27:13.174210", "calibration": null, "user_ip": null, "timeout": null, "project_id": 194, "id": 53105}, {"info": {"weight": "35.43", "patina": "A little black patina.", "site": "Ireland", "surface": "Roughish, golden bronze visible", "toSearch": "Ireland", "remarks": "", "dateDiscoveryMonth": "None", "objectType": "Dagger Blade", "gridRef": "", "lon": "-8.243889999999965", "geojson": {"geometry": {"type": "Point", "coordinates": ["-8.243889999999965", "53.41291"]}, "crs": {"type": "name", "properties": {"name": "urn:ogc:def:crs:OGC:1.3:CRS84"}}, "type": "Feature", "properties": {}}, "thickness": "2.5", "width": "43 (widest part) + 19", "other": "", "composition": "", "associations": "", "description": "From Sir Henry Dryden's collection.", "collection": "Private Collection[;]W.C. Wells, Esq.[;]2 Maybank Avenue, Sudbury, Harrow[;]21.6.20", "dateDiscoveryDay": "None", "lat": "53.41291", "dateDiscoveryYear": "None", "rightCorner": "III", "length": "115", "edge": "", "publications": ""}, "user_id": 433, "task_id": 38329, "created": "2015-05-10T09:29:21.546490", "finish_time": "2015-05-10T09:29:21.546518", "calibration": null, "user_ip": null, "timeout": null, "project_id": 194, "id": 53106}, {"info": {"weight": "48.8", "patina": "Dark brown patina", "site": "Ireland", "surface": "Smooth", "toSearch": "Ireland", "remarks": "", "dateDiscoveryMonth": "None", "objectType": "", "gridRef": "", "lon": "-8.243889999999965", "geojson": {"geometry": {"type": "Point", "coordinates": ["-8.243889999999965", "53.41291"]}, "crs": {"type": "name", "properties": {"name": "urn:ogc:def:crs:OGC:1.3:CRS84"}}, "type": "Feature", "properties": {}}, "thickness": "3", "width": "33", "other": "", "composition": "", "associations": "", "description": "", "collection": "Alnwick Castle, No. 406", "dateDiscoveryDay": "None", "lat": "53.41291", "dateDiscoveryYear": "None", "rightCorner": "III", "length": "138", "edge": "", "publications": ""}, "user_id": 433, "task_id": 38330, "created": "2015-05-10T09:31:13.631735", "finish_time": "2015-05-10T09:31:13.631758", "calibration": null, "user_ip": null, "timeout": null, "project_id": 194, "id": 53107}, {"info": {"weight": "155.1", "patina": "Bronze patina with green strains.", "site": "Ireland", "surface": "Smooth", "toSearch": "Ireland", "remarks": "", "dateDiscoveryMonth": "None", "objectType": "Dagger", "gridRef": "", "lon": "-8.243889999999965", "geojson": {"geometry": {"type": "Point", "coordinates": ["-8.243889999999965", "53.41291"]}, "crs": {"type": "name", "properties": {"name": "urn:ogc:def:crs:OGC:1.3:CRS84"}}, "type": "Feature", "properties": {}}, "thickness": "2", "width": "61", "other": "", "composition": "", "associations": "", "description": "Four rivets in situ.", "collection": "Alnwick Castle, No. 409", "dateDiscoveryDay": "None", "lat": "53.41291", "dateDiscoveryYear": "None", "rightCorner": "IV", "length": "242", "edge": "", "publications": ""}, "user_id": 433, "task_id": 38331, "created": "2015-05-10T09:32:17.953091", "finish_time": "2015-05-10T09:32:17.953113", "calibration": null, "user_ip": null, "timeout": null, "project_id": 194, "id": 53108}, {"info": {"weight": "64.7", "patina": "Dark brown patina", "site": "Ireland", "surface": "Slightly pitted", "toSearch": "Ireland", "remarks": "cf. Crogha-Era?", "dateDiscoveryMonth": "None", "objectType": "Ogival Dagger", "gridRef": "", "lon": "-8.243889999999965", "geojson": {"geometry": {"type": "Point", "coordinates": ["-8.243889999999965", "53.41291"]}, "crs": {"type": "name", "properties": {"name": "urn:ogc:def:crs:OGC:1.3:CRS84"}}, "type": "Feature", "properties": {}}, "thickness": "5", "width": "Butt 49; centre 21", "other": "", "composition": "", "associations": "", "description": "", "collection": "Alnwick Castle, No. 403", "dateDiscoveryDay": "None", "lat": "53.41291", "dateDiscoveryYear": "None", "rightCorner": "Frag.", "length": "162", "edge": "", "publications": ""}, "user_id": 433, "task_id": 38332, "created": "2015-05-10T09:34:20.815894", "finish_time": "2015-05-10T09:34:20.815916", "calibration": null, "user_ip": null, "timeout": null, "project_id": 194, "id": 53109}, {"info": {"weight": "20.56", "patina": "", "site": "Ireland (north of)", "surface": "Yellow bronze.", "toSearch": "Ireland", "remarks": "", "dateDiscoveryMonth": "None", "objectType": "Knife-Dagger", "gridRef": "", "lon": "-8.243889999999965", "geojson": {"geometry": {"type": "Point", "coordinates": ["-8.243889999999965", "53.41291"]}, "crs": {"type": "name", "properties": {"name": "urn:ogc:def:crs:OGC:1.3:CRS84"}}, "type": "Feature", "properties": {}}, "thickness": "2.5", "width": "37", "other": "", "composition": "", "associations": "", "description": "A low ridge marks the beginning of part of butt inserted in haft. Two zig-zag lines of punched dots on each side down centre of blade.", "collection": "Ashmolean Museum, Oxford[;]1886 No. 5776[;]Antrim Collection[;]Given to the University by Lord Antrim", "dateDiscoveryDay": "None", "lat": "53.41291", "dateDiscoveryYear": "None", "rightCorner": "Var.", "length": "99", "edge": "", "publications": ""}, "user_id": 433, "task_id": 38333, "created": "2015-05-10T09:39:42.930231", "finish_time": "2015-05-10T09:39:42.930260", "calibration": null, "user_ip": null, "timeout": null, "project_id": 194, "id": 53110}, {"info": {"weight": "29.1", "patina": "Dirty green patina.", "site": "Ireland (north of)", "surface": "", "toSearch": "Ireland", "remarks": "", "dateDiscoveryMonth": "None", "objectType": "Knife Dagger", "gridRef": "", "lon": "-8.243889999999965", "geojson": {"geometry": {"type": "Point", "coordinates": ["-8.243889999999965", "53.41291"]}, "crs": {"type": "name", "properties": {"name": "urn:ogc:def:crs:OGC:1.3:CRS84"}}, "type": "Feature", "properties": {}}, "thickness": "3.5", "width": "33", "other": "", "composition": "", "associations": "", "description": "", "collection": "Ashmolean Museum, Oxford[;]1886 No. 5823[;]Antrim Collection[;]Given to the university by Lord Antrim", "dateDiscoveryDay": "None", "lat": "53.41291", "dateDiscoveryYear": "None", "rightCorner": "Frag.", "length": "66.5", "edge": "", "publications": ""}, "user_id": 433, "task_id": 38334, "created": "2015-05-10T09:43:46.777166", "finish_time": "2015-05-10T09:43:46.777194", "calibration": null, "user_ip": null, "timeout": null, "project_id": 194, "id": 53111}, {"info": {"weight": "", "patina": "", "site": "Ireland (probably)", "surface": "", "toSearch": "Ireland", "remarks": "", "dateDiscoveryMonth": "None", "objectType": "Dagger", "gridRef": "", "lon": "-8.243889999999965", "geojson": {"geometry": {"type": "Point", "coordinates": ["-8.243889999999965", "53.41291"]}, "crs": {"type": "name", "properties": {"name": "urn:ogc:def:crs:OGC:1.3:CRS84"}}, "type": "Feature", "properties": {}}, "thickness": "", "width": "", "other": "", "composition": "", "associations": "", "description": "Triangular, with rounded damaged butt, 3 rivet-holes.", "collection": "British Museum, 48.11-1.20", "dateDiscoveryDay": "None", "lat": "53.41291", "dateDiscoveryYear": "None", "rightCorner": "", "length": "", "edge": "", "publications": ""}, "user_id": 433, "task_id": 38335, "created": "2015-05-10T09:45:03.376717", "finish_time": "2015-05-10T09:45:03.376743", "calibration": null, "user_ip": null, "timeout": null, "project_id": 194, "id": 53112}, {"info": {"weight": "", "patina": "", "site": "Ireland (acc. label)", "surface": "", "toSearch": "Ireland", "remarks": "", "dateDiscoveryMonth": "None", "objectType": "Rivetted Dagger", "gridRef": "", "lon": "-8.243889999999965", "geojson": {"geometry": {"type": "Point", "coordinates": ["-8.243889999999965", "53.41291"]}, "crs": {"type": "name", "properties": {"name": "urn:ogc:def:crs:OGC:1.3:CRS84"}}, "type": "Feature", "properties": {}}, "thickness": "", "width": "", "other": "", "composition": "", "associations": "", "description": "4 rivets/notches. Flat blade. Sub-triangular.", "collection": "British Museum (unregistered)", "dateDiscoveryDay": "None", "lat": "53.41291", "dateDiscoveryYear": "None", "rightCorner": "", "length": "", "edge": "", "publications": ""}, "user_id": 433, "task_id": 38336, "created": "2015-05-10T09:45:57.692357", "finish_time": "2015-05-10T09:45:57.692386", "calibration": null, "user_ip": null, "timeout": null, "project_id": 194, "id": 53113}, {"info": {"weight": "", "patina": "", "site": "Ireland (north)", "surface": "", "toSearch": "Ireland", "remarks": "", "dateDiscoveryMonth": "None", "objectType": "Tanged Dagger", "gridRef": "", "lon": "-8.243889999999965", "geojson": {"geometry": {"type": "Point", "coordinates": ["-8.243889999999965", "53.41291"]}, "crs": {"type": "name", "properties": {"name": "urn:ogc:def:crs:OGC:1.3:CRS84"}}, "type": "Feature", "properties": {}}, "thickness": "", "width": "", "other": "", "composition": "", "associations": "", "description": "Flat blade, rudimentary tang, 4 rivets in semicircular disposition.", "collection": "British Museum, 77.1-16.3[;](ex. A. W. Franks)", "dateDiscoveryDay": "None", "lat": "53.41291", "dateDiscoveryYear": "None", "rightCorner": "", "length": "", "edge": "", "publications": ""}, "user_id": 433, "task_id": 38337, "created": "2015-05-10T09:47:09.954334", "finish_time": "2015-05-10T09:47:09.954363", "calibration": null, "user_ip": null, "timeout": null, "project_id": 194, "id": 53114}, {"info": {"weight": "", "patina": "", "site": "Ireland[;]No provenance", "surface": "", "toSearch": "Ireland", "remarks": "", "dateDiscoveryMonth": "None", "objectType": "Ogival Dagger", "gridRef": "", "lon": "-8.243889999999965", "geojson": {"geometry": {"type": "Point", "coordinates": ["-8.243889999999965", "53.41291"]}, "crs": {"type": "name", "properties": {"name": "urn:ogc:def:crs:OGC:1.3:CRS84"}}, "type": "Feature", "properties": {}}, "thickness": "", "width": "", "other": "", "composition": "", "associations": "", "description": "Butt damaged.", "collection": "British Museum, 54.7-14.238[;](Cooke Collection)", "dateDiscoveryDay": "None", "lat": "53.41291", "dateDiscoveryYear": "None", "rightCorner": "", "length": "", "edge": "", "publications": ""}, "user_id": 433, "task_id": 38338, "created": "2015-05-10T09:48:32.794655", "finish_time": "2015-05-10T09:48:32.794683", "calibration": null, "user_ip": null, "timeout": null, "project_id": 194, "id": 53115}, {"info": {"weight": "", "patina": "", "site": "No provenance.[;](Probably Ireland)", "surface": "", "toSearch": "Ireland", "remarks": "", "dateDiscoveryMonth": "None", "objectType": "Dagger", "gridRef": "", "lon": "-8.243889999999965", "geojson": {"geometry": {"type": "Point", "coordinates": ["-8.243889999999965", "53.41291"]}, "crs": {"type": "name", "properties": {"name": "urn:ogc:def:crs:OGC:1.3:CRS84"}}, "type": "Feature", "properties": {}}, "thickness": "", "width": "", "other": "", "composition": "", "associations": "", "description": "Short triangular piece, with 2 rivets in rounded butt.", "collection": "British Museum, Unregistered", "dateDiscoveryDay": "None", "lat": "53.41291", "dateDiscoveryYear": "None", "rightCorner": "", "length": "", "edge": "", "publications": ""}, "user_id": 433, "task_id": 38339, "created": "2015-05-10T09:49:30.870339", "finish_time": "2015-05-10T09:49:30.870368", "calibration": null, "user_ip": null, "timeout": null, "project_id": 194, "id": 53116}, {"info": {"weight": "", "patina": "", "site": "Unknown provenance (Probably Ireland)", "surface": "", "toSearch": "Ireland", "remarks": "", "dateDiscoveryMonth": "None", "objectType": "Knife/Dagger", "gridRef": "", "lon": "-8.243889999999965", "geojson": {"geometry": {"type": "Point", "coordinates": ["-8.243889999999965", "53.41291"]}, "crs": {"type": "name", "properties": {"name": "urn:ogc:def:crs:OGC:1.3:CRS84"}}, "type": "Feature", "properties": {}}, "thickness": "", "width": "", "other": "", "composition": "", "associations": "", "description": "Pointed shoulder, notched rectangular butt.", "collection": "British Museum, Unregistered.", "dateDiscoveryDay": "None", "lat": "53.41291", "dateDiscoveryYear": "None", "rightCorner": "", "length": "", "edge": "", "publications": ""}, "user_id": 433, "task_id": 38340, "created": "2015-05-10T09:50:25.415415", "finish_time": "2015-05-10T09:50:25.415443", "calibration": null, "user_ip": null, "timeout": null, "project_id": 194, "id": 53117}, {"info": {"weight": "", "patina": "", "site": "?Ireland", "surface": "", "toSearch": "Ireland", "remarks": "", "dateDiscoveryMonth": "None", "objectType": "Dagger", "gridRef": "", "lon": "-8.243889999999965", "geojson": {"geometry": {"type": "Point", "coordinates": ["-8.243889999999965", "53.41291"]}, "crs": {"type": "name", "properties": {"name": "urn:ogc:def:crs:OGC:1.3:CRS84"}}, "type": "Feature", "properties": {}}, "thickness": "", "width": "", "other": "", "composition": "", "associations": "", "description": "", "collection": "British Museum, 61.2-1.5", "dateDiscoveryDay": "None", "lat": "53.41291", "dateDiscoveryYear": "None", "rightCorner": "", "length": "", "edge": "", "publications": ""}, "user_id": 433, "task_id": 38341, "created": "2015-05-10T09:50:56.438016", "finish_time": "2015-05-10T09:50:56.438041", "calibration": null, "user_ip": null, "timeout": null, "project_id": 194, "id": 53118}, {"info": {"weight": "", "patina": "", "site": "No provenance[;]Ireland", "surface": "", "toSearch": "Ireland", "remarks": "", "dateDiscoveryMonth": "None", "objectType": "Flange-Hilted Dagger", "gridRef": "", "lon": "-8.243889999999965", "geojson": {"geometry": {"type": "Point", "coordinates": ["-8.243889999999965", "53.41291"]}, "crs": {"type": "name", "properties": {"name": "urn:ogc:def:crs:OGC:1.3:CRS84"}}, "type": "Feature", "properties": {}}, "thickness": "", "width": "", "other": "", "composition": "", "associations": "", "description": "", "collection": "British Museum, 54.7-14.287[;](Cooke Collection)", "dateDiscoveryDay": "None", "lat": "53.41291", "dateDiscoveryYear": "None", "rightCorner": "", "length": "", "edge": "", "publications": ""}, "user_id": 433, "task_id": 38342, "created": "2015-05-10T09:51:54.480492", "finish_time": "2015-05-10T09:51:54.480520", "calibration": null, "user_ip": null, "timeout": null, "project_id": 194, "id": 53119}, {"info": {"weight": "77", "patina": "Black patina bright metal at the point, running up into the black.", "site": "Ireland[;]Kings Co.[;]Edenderry", "surface": "Smooth", "toSearch": "Edenderry, Co. Offaly, Ireland", "remarks": "", "dateDiscoveryMonth": "None", "objectType": "Dagger", "gridRef": "", "lon": "-7.0505832000000055", "geojson": {"geometry": {"type": "Point", "coordinates": ["-7.0505832000000055", "53.34328430000001"]}, "crs": {"type": "name", "properties": {"name": "urn:ogc:def:crs:OGC:1.3:CRS84"}}, "type": "Feature", "properties": {}}, "thickness": "4", "width": "blade 49.5 widest; 20", "other": "", "composition": "", "associations": "", "description": "Flat midrib and bevelled round cutting edge. 2 rivet holes. Hilt plate is uneven.", "collection": "Museum of Archaeology and Ethnology, Cambridge[;]No. 171, Murray Collection", "dateDiscoveryDay": "None", "lat": "53.34328430000001", "dateDiscoveryYear": "None", "rightCorner": "B", "length": "142", "edge": "", "publications": ""}, "user_id": 433, "task_id": 38343, "created": "2015-05-10T09:55:01.060044", "finish_time": "2015-05-10T09:55:01.060071", "calibration": null, "user_ip": null, "timeout": null, "project_id": 194, "id": 53120}, {"info": {"weight": "35", "patina": "Dark brown patina with metal showing through and some bright green.", "site": "Ireland[;]King's Co.[;]Edenderry", "surface": "Very slightly corroded granular.", "toSearch": "Edenderry, Co. Offaly, Ireland", "remarks": "Probably 'D' originally.", "dateDiscoveryMonth": "None", "objectType": "Dagger", "gridRef": "", "lon": "-7.0505832000000055", "geojson": {"geometry": {"type": "Point", "coordinates": ["-7.0505832000000055", "53.34328430000001"]}, "crs": {"type": "name", "properties": {"name": "urn:ogc:def:crs:OGC:1.3:CRS84"}}, "type": "Feature", "properties": {}}, "thickness": "2", "width": "blade 20; at hilt 27, 20", "other": "", "composition": "", "associations": "", "description": "2 notches and 2 rivet holes. Very faint bevel. Blade is slightly bent.", "collection": "Museum of Archaeology & Ethnology, Cambridge[;]Murray Collection (not numbered)", "dateDiscoveryDay": "None", "lat": "53.34328430000001", "dateDiscoveryYear": "None", "rightCorner": "C", "length": "150.5", "edge": "", "publications": ""}, "user_id": 433, "task_id": 38344, "created": "2015-05-10T09:57:14.889593", "finish_time": "2015-05-10T09:57:14.889619", "calibration": null, "user_ip": null, "timeout": null, "project_id": 194, "id": 53121}, {"info": {"weight": "82", "patina": "Light and dark brown patina.", "site": "Ireland[;]Kings Co.[;]Edenderry", "surface": "Smooth and dull.", "toSearch": "Edenderry, Co. Offaly, Ireland", "remarks": "", "dateDiscoveryMonth": "None", "objectType": "Dagger", "gridRef": "", "lon": "-7.0505832000000055", "geojson": {"geometry": {"type": "Point", "coordinates": ["-7.0505832000000055", "53.34328430000001"]}, "crs": {"type": "name", "properties": {"name": "urn:ogc:def:crs:OGC:1.3:CRS84"}}, "type": "Feature", "properties": {}}, "thickness": "blade 6.5", "width": "hilt plate 56; blade 31", "other": "", "composition": "", "associations": "", "description": "Decorated on either side of a central raised band, with 3 grooves and a line of dots along its outer edge. A bubble hole in centre of blade. Hilt plate rounded with notched base and 2 rivet holes.", "collection": "Museum of Archaeology and Ethnology, Cambridge[;]No. 169, Murray Collection", "dateDiscoveryDay": "None", "lat": "53.34328430000001", "dateDiscoveryYear": "None", "rightCorner": "II", "length": "123.5", "edge": "", "publications": ""}, "user_id": 433, "task_id": 38345, "created": "2015-05-10T09:59:44.208358", "finish_time": "2015-05-10T09:59:44.208385", "calibration": null, "user_ip": null, "timeout": null, "project_id": 194, "id": 53122}, {"info": {"weight": "", "patina": "brown", "site": "Ireland[;]Limerick[;]Limerick (near)", "surface": "", "toSearch": "Limerick, Ireland", "remarks": "", "dateDiscoveryMonth": "None", "objectType": "Dagger", "gridRef": "", "lon": "-8.630497500000047", "geojson": {"geometry": {"type": "Point", "coordinates": ["-8.630497500000047", "52.6680204"]}, "crs": {"type": "name", "properties": {"name": "urn:ogc:def:crs:OGC:1.3:CRS84"}}, "type": "Feature", "properties": {}}, "thickness": "", "width": "blade 22; hilt plate 53; Rivets 16 + 17", "other": "", "composition": "", "associations": "", "description": "This appears to have been very much larger, but ground down by use.", "collection": "Salisbury, S. Wilts and Blackmore Museum[;]205 Brackstone Collection", "dateDiscoveryDay": "None", "lat": "52.6680204", "dateDiscoveryYear": "None", "rightCorner": "Var.", "length": "148", "edge": "", "publications": ""}, "user_id": 433, "task_id": 38346, "created": "2015-05-10T10:11:28.982911", "finish_time": "2015-05-10T10:11:28.982941", "calibration": null, "user_ip": null, "timeout": null, "project_id": 194, "id": 53123}, {"info": {"weight": "", "patina": "", "site": "Ireland[;]Meath", "surface": "", "toSearch": "Meath, Co. Meath, Ireland", "remarks": "", "dateDiscoveryMonth": "None", "objectType": "Dagger", "gridRef": "", "lon": "-6.6564169000000675", "geojson": {"geometry": {"type": "Point", "coordinates": ["-6.6564169000000675", "53.60554800000001"]}, "crs": {"type": "name", "properties": {"name": "urn:ogc:def:crs:OGC:1.3:CRS84"}}, "type": "Feature", "properties": {}}, "thickness": "", "width": "", "other": "", "composition": "", "associations": "", "description": "", "collection": "British Museum, W.G. 1604", "dateDiscoveryDay": "None", "lat": "53.60554800000001", "dateDiscoveryYear": "None", "rightCorner": "", "length": "", "edge": "", "publications": ""}, "user_id": 433, "task_id": 38347, "created": "2015-05-10T10:12:07.569772", "finish_time": "2015-05-10T10:12:07.569798", "calibration": null, "user_ip": null, "timeout": null, "project_id": 194, "id": 53124}, {"info": {"weight": "", "patina": "", "site": "Ireland[;]Co. Offaly[;]Birr (near)", "surface": "", "toSearch": "Birr, Co. Offaly, Ireland", "remarks": "", "dateDiscoveryMonth": "None", "objectType": "Dirk/Dagger", "gridRef": "", "lon": "-7.909688200000005", "geojson": {"geometry": {"type": "Point", "coordinates": ["-7.909688200000005", "53.0980052"]}, "crs": {"type": "name", "properties": {"name": "urn:ogc:def:crs:OGC:1.3:CRS84"}}, "type": "Feature", "properties": {}}, "thickness": "", "width": "", "other": "", "composition": "", "associations": "", "description": "Rounded and raised central rib.", "collection": "British Museum, 54.7-14.240", "dateDiscoveryDay": "None", "lat": "53.0980052", "dateDiscoveryYear": "None", "rightCorner": "", "length": "", "edge": "", "publications": ""}, "user_id": 433, "task_id": 38348, "created": "2015-05-10T10:30:00.451801", "finish_time": "2015-05-10T10:30:00.451827", "calibration": null, "user_ip": null, "timeout": null, "project_id": 194, "id": 53125}, {"info": {"weight": "", "patina": "", "site": "Ireland[;]Co. Westmeath", "surface": "Smooth. Golden bronze colour, dark brown stains.", "toSearch": "Westmeath, Co. Westmeath, Ireland", "remarks": "Not in PPS 1946", "dateDiscoveryMonth": "None", "objectType": "Razor", "gridRef": "", "lon": "-7.465321700000004", "geojson": {"geometry": {"type": "Point", "coordinates": ["-7.465321700000004", "53.5345308"]}, "crs": {"type": "name", "properties": {"name": "urn:ogc:def:crs:OGC:1.3:CRS84"}}, "type": "Feature", "properties": {}}, "thickness": "nearly 2", "width": "17", "other": "", "composition": "", "associations": "", "description": "Sharp edges.", "collection": "Private Collection[;]Professor Sir Lucas White-King, CSI, LLD, FSA[;]Late of Roebuck Hall, Co. Dublin[;]Sold by auction at Sotheby's 9.11.21, Lot 144", "dateDiscoveryDay": "None", "lat": "53.5345308", "dateDiscoveryYear": "None", "rightCorner": "IB", "length": "95.5", "edge": "", "publications": ""}, "user_id": 433, "task_id": 38349, "created": "2015-05-10T10:37:49.359899", "finish_time": "2015-05-10T10:37:49.359922", "calibration": null, "user_ip": null, "timeout": null, "project_id": 194, "id": 53126}, {"info": {"weight": "", "patina": "Traces of dark brown in hollows.", "site": "Ireland[;]Co. Westmeath", "surface": "Smooth. Golden bronze with darker stains.", "toSearch": "Westmeath, Co. Westmeath, Ireland", "remarks": "", "dateDiscoveryMonth": "None", "objectType": "Dagger", "gridRef": "", "lon": "-7.465321700000004", "geojson": {"geometry": {"type": "Point", "coordinates": ["-7.465321700000004", "53.5345308"]}, "crs": {"type": "name", "properties": {"name": "urn:ogc:def:crs:OGC:1.3:CRS84"}}, "type": "Feature", "properties": {}}, "thickness": "3", "width": "29", "other": "", "composition": "", "associations": "", "description": "The blade is fluted.", "collection": "Private Collection[;]Professor Sir Lucas White-King, CSI, LLD, FSA[;]Late of Roebuck Hall, Co. Dublin[;]Sold by Auction at Sotheby's 9.11.21, Lot 144", "dateDiscoveryDay": "None", "lat": "53.5345308", "dateDiscoveryYear": "None", "rightCorner": "Var.", "length": "85", "edge": "", "publications": ""}, "user_id": 433, "task_id": 38350, "created": "2015-05-10T10:39:38.770265", "finish_time": "2015-05-10T10:39:38.770290", "calibration": null, "user_ip": null, "timeout": null, "project_id": 194, "id": 53127}, {"info": {"weight": "21.5", "patina": "Green patina", "site": "Ireland[;]Co. Wicklow[;]Meeting of the Waters In Tumulus", "surface": "Very much corroded.", "toSearch": "Co. Wicklow, Ireland", "remarks": "", "dateDiscoveryMonth": "None", "objectType": "Dagger", "gridRef": "", "lon": "-6.410363999999959", "geojson": {"geometry": {"type": "Point", "coordinates": ["-6.410363999999959", "53.0000259"]}, "crs": {"type": "name", "properties": {"name": "urn:ogc:def:crs:OGC:1.3:CRS84"}}, "type": "Feature", "properties": {}}, "thickness": "", "width": "31", "other": "", "composition": "", "associations": "Found with Cinerary urn and two fossilized candles.", "description": "Two rivets in holes.", "collection": "Alnwick Castle, No. 408", "dateDiscoveryDay": "None", "lat": "53.0000259", "dateDiscoveryYear": "None", "rightCorner": "III", "length": "92", "edge": "", "publications": ""}, "user_id": 433, "task_id": 38351, "created": "2015-05-10T10:42:54.077683", "finish_time": "2015-05-10T10:42:54.077709", "calibration": null, "user_ip": null, "timeout": null, "project_id": 194, "id": 53130}, {"info": {"weight": "-", "patina": "no patina", "site": "Ireland [;] Co Antrim [;] Bushmills near. [;] 1899 (Label)", "surface": "smooth, cleaned + polished golden bronze.  Tiny pittings all over", "toSearch": "Bushmills, Bushmills, Moyle BT57, UK", "remarks": "-", "dateDiscoveryMonth": "None", "objectType": "Riveted Dagger", "gridRef": "-", "lon": "-6.52346", "geojson": {"geometry": {"type": "Point", "coordinates": ["-6.52346", "55.20506"]}, "crs": {"type": "name", "properties": {"name": "urn:ogc:def:crs:OGC:1.3:CRS84"}}, "type": "Feature", "properties": {}}, "thickness": "2.5", "width": "49.63", "other": "-", "composition": "-", "associations": "-", "description": "-", "collection": "Sotheby\u2019s Sale 19.11.24 [;]  652 [;] Coll\u2019n of W.J. Knowles MRIA of Flixton Place, Ballymena     ", "dateDiscoveryDay": "None", "lat": "55.20506", "dateDiscoveryYear": "None", "rightCorner": "Var", "length": "96", "edge": "-", "publications": "-"}, "user_id": 727, "task_id": 38323, "created": "2015-05-12T19:32:28.079155", "finish_time": "2015-05-12T19:32:28.079180", "calibration": null, "user_ip": null, "timeout": null, "project_id": 194, "id": 53312}, {"info": {"weight": "-", "patina": "medium green-over golden bronze", "site": "Ireland [;] Co. Antrim [;] Carnstrove [;] in peat bank (label)", "surface": "smooth + curiously grained like a piece of leather cloth.", "toSearch": "Antrim, Antrim, Antrim BT41, UK", "remarks": "-", "dateDiscoveryMonth": "None", "objectType": "Dagger", "gridRef": "-", "lon": "-6.2072498", "geojson": {"geometry": {"type": "Point", "coordinates": ["-6.2072498", "54.7195338"]}, "crs": {"type": "name", "properties": {"name": "urn:ogc:def:crs:OGC:1.3:CRS84"}}, "type": "Feature", "properties": {}}, "thickness": "3", "width": "See description", "other": "-", "composition": "-", "associations": "-", "description": "Width: blade 19.5, hilt plate 29.", "collection": "Sotheby\u2019s Sale 19.11.24 [;]  648 [;] Coll\u2019n of W.J. Knowles MRIA of Flixton Place, Ballymena     ", "dateDiscoveryDay": "None", "lat": "54.7195338", "dateDiscoveryYear": "None", "rightCorner": "Var", "length": "83", "edge": "-", "publications": "-"}, "user_id": 727, "task_id": 38324, "created": "2015-05-12T19:36:06.287847", "finish_time": "2015-05-12T19:36:06.287871", "calibration": null, "user_ip": null, "timeout": null, "project_id": 194, "id": 53313}, {"info": {"weight": "178", "patina": "greenish on Brown", "site": "Ireland [;] Co. Donegal", "surface": "in fair condition", "toSearch": "Donegal, Ireland", "remarks": "-", "dateDiscoveryMonth": "None", "objectType": "Dagger", "gridRef": "-", "lon": "-8.110546", "geojson": {"geometry": {"type": "Point", "coordinates": ["-8.110546", "54.6541972"]}, "crs": {"type": "name", "properties": {"name": "urn:ogc:def:crs:OGC:1.3:CRS84"}}, "type": "Feature", "properties": {}}, "thickness": "7", "width": "See description", "other": "Width: 60mm is written over.  Could be 66", "composition": "-", "associations": "-", "description": "Width: 60 mm, centre 40 mm.\r\n\"Said to have belonged to the Sept of Doherty, called Kings of Noris, a district in the Barony of Innis, however, Donegal.\"\r\nDagger, bronze; leaf-shaped with the three rivet holes; engraved on both sides with rows of parallel lines converging towards the point.", "collection": "Royal Scottish Museum [;] Edinburgh [;] Reg. No.  1890.  525", "dateDiscoveryDay": "None", "lat": "54.6541972", "dateDiscoveryYear": "None", "rightCorner": "Var", "length": "192", "edge": "-", "publications": "-"}, "user_id": 727, "task_id": 38325, "created": "2015-05-12T19:47:51.754730", "finish_time": "2015-05-12T19:47:51.754755", "calibration": null, "user_ip": null, "timeout": null, "project_id": 194, "id": 53314}, {"info": {"weight": "-", "patina": "-", "site": "Ireland [;] Co. Down [;] Carrachy", "surface": "-", "toSearch": "Down, UK", "remarks": "-", "dateDiscoveryMonth": "None", "objectType": "Dagger/Dirk", "gridRef": "-", "lon": "-5.748485399999936", "geojson": {"geometry": {"type": "Point", "coordinates": ["-5.748485399999936", "54.3412911"]}, "crs": {"type": "name", "properties": {"name": "urn:ogc:def:crs:OGC:1.3:CRS84"}}, "type": "Feature", "properties": {}}, "thickness": "-", "width": "-", "other": "-", "composition": "-", "associations": "-", "description": "Small flat triangular dagger with triangular butt end, 3 rivets", "collection": "BM. W.G. 1605", "dateDiscoveryDay": "None", "lat": "54.3412911", "dateDiscoveryYear": "None", "rightCorner": "-", "length": "-", "edge": "-", "publications": "-"}, "user_id": 727, "task_id": 38326, "created": "2015-05-12T19:50:07.536282", "finish_time": "2015-05-12T19:50:07.536305", "calibration": null, "user_ip": null, "timeout": null, "project_id": 194, "id": 53315}, {"info": {"weight": "-", "patina": "-", "site": "Ireland [;] Galway [;] Eyre Court", "surface": "bronze color", "toSearch": "Galway, Ireland", "remarks": "In a different hand: \"Not in PPS 1946\"", "dateDiscoveryMonth": "None", "objectType": "Razor", "gridRef": "-", "lon": "-9.056790500000034", "geojson": {"geometry": {"type": "Point", "coordinates": ["-9.056790500000034", "53.270668"]}, "crs": {"type": "name", "properties": {"name": "urn:ogc:def:crs:OGC:1.3:CRS84"}}, "type": "Feature", "properties": {}}, "thickness": "-", "width": "See description", "other": "In Collection: B 316: (1) the 1 is in a circle", "composition": "-", "associations": "-", "description": "Width: tang 5, blade 21.\r\nBlade is flat.", "collection": "Salisbury, S. Wilts and Blackmore Museum [;] B 316 (1)     ", "dateDiscoveryDay": "None", "lat": "53.270668", "dateDiscoveryYear": "None", "rightCorner": "IB", "length": "88", "edge": "-", "publications": "-"}, "user_id": 727, "task_id": 38327, "created": "2015-05-12T19:54:51.860606", "finish_time": "2015-05-12T19:54:51.860633", "calibration": null, "user_ip": null, "timeout": null, "project_id": 194, "id": 53316}, {"info": {"weight": "-", "patina": "-", "site": "Ireland [;] Galway", "surface": "-", "toSearch": "Galway, Ireland", "remarks": "-", "dateDiscoveryMonth": "None", "objectType": "Dagger/Dirk", "gridRef": "-", "lon": "-9.056790500000034", "geojson": {"geometry": {"type": "Point", "coordinates": ["-9.056790500000034", "53.270668"]}, "crs": {"type": "name", "properties": {"name": "urn:ogc:def:crs:OGC:1.3:CRS84"}}, "type": "Feature", "properties": {}}, "thickness": "-", "width": "-", "other": "-", "composition": "-", "associations": "-", "description": "3 rivets; 4 grooves down each side of blade.", "collection": "BM  W.G. 1603", "dateDiscoveryDay": "None", "lat": "53.270668", "dateDiscoveryYear": "None", "rightCorner": "?A", "length": "-", "edge": "-", "publications": "-"}, "user_id": 727, "task_id": 38328, "created": "2015-05-12T19:56:36.531974", "finish_time": "2015-05-12T19:56:36.531998", "calibration": null, "user_ip": null, "timeout": null, "project_id": 194, "id": 53317}, {"info": {"weight": "35.43", "patina": "a little black patina", "site": "Ireland", "surface": "roughish. golden bronze visible", "toSearch": "Ireland", "remarks": "", "dateDiscoveryMonth": "None", "objectType": "Dagger Blade", "gridRef": "Ireland", "lon": "-8.243889999999965", "geojson": {"geometry": {"type": "Point", "coordinates": ["-8.243889999999965", "53.41291"]}, "crs": {"type": "name", "properties": {"name": "urn:ogc:def:crs:OGC:1.3:CRS84"}}, "type": "Feature", "properties": {}}, "thickness": "2.5", "width": "43 (widest part) & 19", "other": "Some of the handwriting was difficult to decipher/ follow. I made my best possible judgement. Also some information appears to be missing.", "composition": "From Sir Henry Dryden's collection", "associations": "", "description": "", "collection": "Private Collection\r\nW.C. Wells Esq.\r\n2 Maybank Avenue. Sudburry. Harow 21.6.20.", "dateDiscoveryDay": "None", "lat": "53.41291", "dateDiscoveryYear": "None", "rightCorner": "III", "length": "115", "edge": "", "publications": ""}, "user_id": 677, "task_id": 38329, "created": "2015-05-13T08:32:08.120692", "finish_time": "2015-05-13T08:32:08.120719", "calibration": null, "user_ip": null, "timeout": null, "project_id": 194, "id": 53338}, {"info": {"weight": "48.8", "patina": "", "site": "Ireland", "surface": "smooth dark brown.", "toSearch": "Ireland", "remarks": "", "dateDiscoveryMonth": "None", "objectType": "Dagger", "gridRef": "Ireland", "lon": "-8.243889999999965", "geojson": {"geometry": {"type": "Point", "coordinates": ["-8.243889999999965", "53.41291"]}, "crs": {"type": "name", "properties": {"name": "urn:ogc:def:crs:OGC:1.3:CRS84"}}, "type": "Feature", "properties": {}}, "thickness": "3", "width": "33", "other": "There does appear to be information missing.", "composition": "", "associations": "", "description": "", "collection": "Alnwick Castle No. 406.", "dateDiscoveryDay": "None", "lat": "53.41291", "dateDiscoveryYear": "None", "rightCorner": "III", "length": "138", "edge": "", "publications": ""}, "user_id": 677, "task_id": 38330, "created": "2015-05-13T08:34:27.350680", "finish_time": "2015-05-13T08:34:27.350708", "calibration": null, "user_ip": null, "timeout": null, "project_id": 194, "id": 53339}, {"info": {"weight": "15.51", "patina": "with green stains.", "site": "Ireland", "surface": "smooth bronze", "toSearch": "Ireland", "remarks": "", "dateDiscoveryMonth": "None", "objectType": "R Dagger", "gridRef": "Ireland", "lon": "-8.243889999999965", "geojson": {"geometry": {"type": "Point", "coordinates": ["-8.243889999999965", "53.41291"]}, "crs": {"type": "name", "properties": {"name": "urn:ogc:def:crs:OGC:1.3:CRS84"}}, "type": "Feature", "properties": {}}, "thickness": "2", "width": "61", "other": "There does appear to be information missing.", "composition": "Four rivets in situ.", "associations": "", "description": "", "collection": "Alnwick Castle No. 409.", "dateDiscoveryDay": "None", "lat": "53.41291", "dateDiscoveryYear": "None", "rightCorner": "IV", "length": "242", "edge": "", "publications": ""}, "user_id": 677, "task_id": 38331, "created": "2015-05-13T08:39:16.808010", "finish_time": "2015-05-13T08:39:16.808033", "calibration": null, "user_ip": null, "timeout": null, "project_id": 194, "id": 53340}, {"info": {"weight": "64.7", "patina": "", "site": "Ireland.", "surface": "slightly fritted dark brown.", "toSearch": "Ireland", "remarks": "of. Grofhan-Ered? ", "dateDiscoveryMonth": "None", "objectType": "Oqival Dagger", "gridRef": "Ireland", "lon": "-8.243889999999965", "geojson": {"geometry": {"type": "Point", "coordinates": ["-8.243889999999965", "53.41291"]}, "crs": {"type": "name", "properties": {"name": "urn:ogc:def:crs:OGC:1.3:CRS84"}}, "type": "Feature", "properties": {}}, "thickness": "5", "width": "Butt 49 centre 21.", "other": "Some of the handwriting was difficult to decipher. I made my best possible judgement. Also some information appears to be missing. ", "composition": "", "associations": "", "description": "", "collection": "Alnwick Castle No. 403.", "dateDiscoveryDay": "None", "lat": "53.41291", "dateDiscoveryYear": "None", "rightCorner": "Frag.", "length": "162", "edge": "", "publications": ""}, "user_id": 677, "task_id": 38332, "created": "2015-05-13T08:53:46.910557", "finish_time": "2015-05-13T08:53:46.910582", "calibration": null, "user_ip": null, "timeout": null, "project_id": 194, "id": 53347}, {"info": {"weight": "20.56", "patina": "", "site": "Ireland (north of)", "surface": "", "toSearch": "Ireland", "remarks": "", "dateDiscoveryMonth": "None", "objectType": "Knife - dagger", "gridRef": "Ireland", "lon": "-8.243889999999965", "geojson": {"geometry": {"type": "Point", "coordinates": ["-8.243889999999965", "53.41291"]}, "crs": {"type": "name", "properties": {"name": "urn:ogc:def:crs:OGC:1.3:CRS84"}}, "type": "Feature", "properties": {}}, "thickness": "2.5", "width": "37", "other": "Some of the handwriting was difficult to decipher. I made my best possible judgement. Also some information appears to be missing.", "composition": "", "associations": "", "description": "A low ridge marks the beginning of part of butt inserted in haft. Two zig-zag lines of punched dots on each side down centre of blade.", "collection": "Ashmolean Museum, Oxford.\r\n1886 Antrium Collection.\r\nGiven to the University by Lord Antrim.  ", "dateDiscoveryDay": "None", "lat": "53.41291", "dateDiscoveryYear": "None", "rightCorner": "Var.", "length": "99", "edge": "", "publications": ""}, "user_id": 677, "task_id": 38333, "created": "2015-05-14T11:53:29.614767", "finish_time": "2015-05-14T11:53:29.614793", "calibration": null, "user_ip": null, "timeout": null, "project_id": 194, "id": 53428}, {"info": {"weight": "29.1", "patina": "Dirty green patina.", "site": "Ireland (north of)", "surface": "", "toSearch": "Ireland", "remarks": "", "dateDiscoveryMonth": "None", "objectType": "Knife dagger.", "gridRef": "Ireland", "lon": "-8.243889999999965", "geojson": {"geometry": {"type": "Point", "coordinates": ["-8.243889999999965", "53.41291"]}, "crs": {"type": "name", "properties": {"name": "urn:ogc:def:crs:OGC:1.3:CRS84"}}, "type": "Feature", "properties": {}}, "thickness": "3.5", "width": "33", "other": "Some of the handwriting was difficult to decipher. I made my best possible judgement. Also some information appears to be missing.", "composition": "", "associations": "", "description": "", "collection": "Ashmolean Museum, Oxford.\r\n1886 No. 5823.\r\nAntrim Collection.\r\ngiven to the University by Lord Antrim. ", "dateDiscoveryDay": "None", "lat": "53.41291", "dateDiscoveryYear": "None", "rightCorner": "Frag.", "length": "66.5", "edge": "", "publications": ""}, "user_id": 677, "task_id": 38334, "created": "2015-05-14T11:57:47.652225", "finish_time": "2015-05-14T11:57:47.652252", "calibration": null, "user_ip": null, "timeout": null, "project_id": 194, "id": 53429}, {"info": {"weight": "", "patina": "", "site": "Ireland (probably)", "surface": "", "toSearch": "", "remarks": "", "dateDiscoveryMonth": "None", "objectType": "DAGGER", "gridRef": "", "lon": "", "thickness": "", "width": "", "other": "", "composition": "", "associations": "", "description": "Triangular, with rounded damaged butt, 3 rivet-holes.", "collection": "BM. 48.11-1.20", "dateDiscoveryDay": "None", "lat": "", "dateDiscoveryYear": "None", "rightCorner": "", "length": "", "edge": "", "publications": ""}, "user_id": 817, "task_id": 38335, "created": "2015-05-14T13:29:20.227627", "finish_time": "2015-05-14T13:29:20.227652", "calibration": null, "user_ip": null, "timeout": null, "project_id": 194, "id": 53430}, {"info": {"weight": "", "patina": "", "site": "Ireland (acc. label)", "surface": "", "toSearch": "", "remarks": "", "dateDiscoveryMonth": "None", "objectType": "RIVETTED DAGGER", "gridRef": "", "lon": "", "thickness": "", "width": "", "other": "", "composition": "", "associations": "", "description": "4 rivets/notches. Flat blade. Sub-triangular.", "collection": "BM. Uncategorised.", "dateDiscoveryDay": "None", "lat": "", "dateDiscoveryYear": "None", "rightCorner": "", "length": "", "edge": "", "publications": ""}, "user_id": 817, "task_id": 38336, "created": "2015-05-14T13:43:31.002189", "finish_time": "2015-05-14T13:43:31.002210", "calibration": null, "user_ip": null, "timeout": null, "project_id": 194, "id": 53431}, {"info": {"weight": "", "patina": "", "site": "Ireland (north)", "surface": "", "toSearch": "", "remarks": "", "dateDiscoveryMonth": "None", "objectType": "TANGED DAGGER", "gridRef": "", "lon": "", "thickness": "", "width": "", "other": "", "composition": "", "associations": "", "description": "Flat blade, [...] tang, 4 rivets in semicircular disposition.", "collection": "BM. 77.1-16.3[;](ex A.W. Franks)", "dateDiscoveryDay": "None", "lat": "", "dateDiscoveryYear": "None", "rightCorner": "", "length": "", "edge": "", "publications": ""}, "user_id": 817, "task_id": 38337, "created": "2015-05-14T13:45:10.577450", "finish_time": "2015-05-14T13:45:10.577478", "calibration": null, "user_ip": null, "timeout": null, "project_id": 194, "id": 53432}, {"info": {"weight": "", "patina": "", "site": "Ireland[;]No provenance", "surface": "", "toSearch": "", "remarks": "", "dateDiscoveryMonth": "None", "objectType": "OGIVAL DAGGER", "gridRef": "", "lon": "", "thickness": "", "width": "", "other": "", "composition": "", "associations": "", "description": "Butt damaged.", "collection": "BM. 54.7-14.238[;](Cooke Colln).", "dateDiscoveryDay": "None", "lat": "", "dateDiscoveryYear": "None", "rightCorner": "", "length": "", "edge": "", "publications": ""}, "user_id": 817, "task_id": 38338, "created": "2015-05-14T13:46:09.006976", "finish_time": "2015-05-14T13:46:09.007003", "calibration": null, "user_ip": null, "timeout": null, "project_id": 194, "id": 53433}, {"info": {"weight": "", "patina": "", "site": "No provenance[;](probably Ireland)", "surface": "", "toSearch": "", "remarks": "", "dateDiscoveryMonth": "None", "objectType": "DAGGER", "gridRef": "", "lon": "", "thickness": "", "width": "", "other": "", "composition": "", "associations": "", "description": "Short triangular piece, with 2 rivets in rounded butt.", "collection": "BM. Uncategorised.", "dateDiscoveryDay": "None", "lat": "", "dateDiscoveryYear": "None", "rightCorner": "", "length": "", "edge": "", "publications": ""}, "user_id": 817, "task_id": 38339, "created": "2015-05-14T13:47:09.235974", "finish_time": "2015-05-14T13:47:09.236003", "calibration": null, "user_ip": null, "timeout": null, "project_id": 194, "id": 53434}, {"info": {"weight": "", "patina": "", "site": "Unknown provenance[;](probably Ireland).", "surface": "", "toSearch": "", "remarks": "", "dateDiscoveryMonth": "None", "objectType": "KNIFE/DAGGER", "gridRef": "", "lon": "", "thickness": "", "width": "", "other": "", "composition": "", "associations": "", "description": "Pointed shoulder, notched rectangular butt.", "collection": "BM. Uncategorised.", "dateDiscoveryDay": "None", "lat": "", "dateDiscoveryYear": "None", "rightCorner": "", "length": "", "edge": "", "publications": ""}, "user_id": 817, "task_id": 38340, "created": "2015-05-14T13:54:40.731647", "finish_time": "2015-05-14T13:54:40.731671", "calibration": null, "user_ip": null, "timeout": null, "project_id": 194, "id": 53435}, {"info": {"weight": "", "patina": "", "site": "? Ireland", "surface": "", "toSearch": "", "remarks": "", "dateDiscoveryMonth": "None", "objectType": "DAGGER", "gridRef": "", "lon": "", "thickness": "", "width": "", "other": "", "composition": "", "associations": "", "description": "", "collection": "BM. 61.2-1.5.", "dateDiscoveryDay": "None", "lat": "", "dateDiscoveryYear": "None", "rightCorner": "", "length": "", "edge": "", "publications": ""}, "user_id": 817, "task_id": 38341, "created": "2015-05-14T13:55:13.847725", "finish_time": "2015-05-14T13:55:13.847754", "calibration": null, "user_ip": null, "timeout": null, "project_id": 194, "id": 53436}, {"info": {"weight": "", "patina": "", "site": "No provenance[;]Ireland.", "surface": "", "toSearch": "", "remarks": "", "dateDiscoveryMonth": "None", "objectType": "FLANGE-HILTED DAGGER", "gridRef": "", "lon": "", "thickness": "", "width": "", "other": "", "composition": "", "associations": "", "description": "", "collection": "BM. 54.7-14.287[;](Cooke Colln)", "dateDiscoveryDay": "None", "lat": "", "dateDiscoveryYear": "None", "rightCorner": "", "length": "", "edge": "", "publications": ""}, "user_id": 817, "task_id": 38342, "created": "2015-05-14T13:56:06.347112", "finish_time": "2015-05-14T13:56:06.347137", "calibration": null, "user_ip": null, "timeout": null, "project_id": 194, "id": 53437}, {"info": {"weight": "77", "patina": "Black patina bright metal at the point, running up into the black", "site": "Ireland[;]Kings Co[;]Edenderry", "surface": "smooth", "toSearch": "Edenderry, Co. Offaly, Ireland", "remarks": "", "dateDiscoveryMonth": "None", "objectType": "Dagger", "gridRef": "", "lon": "-7.0505832000000055", "geojson": {"geometry": {"type": "Point", "coordinates": ["-7.0505832000000055", "53.34328430000001"]}, "crs": {"type": "name", "properties": {"name": "urn:ogc:def:crs:OGC:1.3:CRS84"}}, "type": "Feature", "properties": {}}, "thickness": "4", "width": "49.5", "other": "Width shows \u201cblade 49.5mm  widest 20mm\u201d.", "composition": "", "associations": "", "description": "Flat midrib & bevelled round cutting edge. 2 Rivet holes. hilt plate is uneven.", "collection": "Museum of Archaeology & Ethnology, Cambridge[;]No 171 Murray Colln.", "dateDiscoveryDay": "None", "lat": "53.34328430000001", "dateDiscoveryYear": "None", "rightCorner": "B", "length": "142", "edge": "", "publications": ""}, "user_id": 817, "task_id": 38343, "created": "2015-05-14T14:00:51.895286", "finish_time": "2015-05-14T14:00:51.895309", "calibration": null, "user_ip": null, "timeout": null, "project_id": 194, "id": 53438}, {"info": {"weight": "35", "patina": "dark brown patina with metal showing through & some bright green.", "site": "Ireland[;]King\u2019s Co[;]Edenderry.", "surface": "very slightly corroded granular", "toSearch": "", "remarks": "Probably 'D' originally", "dateDiscoveryMonth": "None", "objectType": "Dagger", "gridRef": "", "lon": "-7.0505832000000055", "geojson": {"geometry": {"type": "Point", "coordinates": ["-7.0505832000000055", "53.34328430000001"]}, "crs": {"type": "name", "properties": {"name": "urn:ogc:def:crs:OGC:1.3:CRS84"}}, "type": "Feature", "properties": {}}, "thickness": "2", "width": "20", "other": "Width shows \"blade 20mm  at hilt. 27mm  20mm\". ", "composition": "", "associations": "", "description": "2 notches & 2 rivet holes. Very faint bevel. Blade is slightly bent. ", "collection": "Museum of Archaeology & Ethnology, Cambridge[;]Murray Colln. (not numbered).", "dateDiscoveryDay": "None", "lat": "53.34328430000001", "dateDiscoveryYear": "None", "rightCorner": "C", "length": "150.5", "edge": "", "publications": ""}, "user_id": 817, "task_id": 38344, "created": "2015-05-14T14:16:38.854236", "finish_time": "2015-05-14T14:16:38.854257", "calibration": null, "user_ip": null, "timeout": null, "project_id": 194, "id": 53439}, {"info": {"weight": "82", "patina": "light & dark brown", "site": "Ireland[;]King\u2019s Co[;]Edenderry.", "surface": "smooth & dull", "toSearch": "Edenderry, Co. Offaly, Ireland", "remarks": "", "dateDiscoveryMonth": "None", "objectType": "Dagger.", "gridRef": "", "lon": "-7.0505832000000055", "geojson": {"geometry": {"type": "Point", "coordinates": ["-7.0505832000000055", "53.34328430000001"]}, "crs": {"type": "name", "properties": {"name": "urn:ogc:def:crs:OGC:1.3:CRS84"}}, "type": "Feature", "properties": {}}, "thickness": "6.5", "width": "31", "other": "Width shows \"hilt plate 56mm  blade 31mm\". Thickness shows \"blade 6.5mm\".", "composition": "", "associations": "", "description": "Decorated on either side of a central raised band, with 3 grooves & a line of dots along its outer edge. A bubble hole in centre of blade. Hilt plate rounded with notched base & 2 rivet holes.", "collection": "Museum of Archaeology & Ethnology, Cambridge[;]No 169 Murray Colln.", "dateDiscoveryDay": "None", "lat": "53.34328430000001", "dateDiscoveryYear": "None", "rightCorner": "II", "length": "123.5", "edge": "", "publications": ""}, "user_id": 817, "task_id": 38345, "created": "2015-05-14T14:20:51.070904", "finish_time": "2015-05-14T14:20:51.070930", "calibration": null, "user_ip": null, "timeout": null, "project_id": 194, "id": 53440}, {"info": {"weight": "", "patina": "brown.", "site": "Ireland.[;]Limerick[;]Limerick (near)", "surface": "", "toSearch": "", "remarks": "", "dateDiscoveryMonth": "None", "objectType": "Dagger.", "gridRef": "", "lon": "-7.0505832000000055", "geojson": {"geometry": {"type": "Point", "coordinates": ["-7.0505832000000055", "53.34328430000001"]}, "crs": {"type": "name", "properties": {"name": "urn:ogc:def:crs:OGC:1.3:CRS84"}}, "type": "Feature", "properties": {}}, "thickness": "", "width": "22", "other": "Width shows \"blade 22  hilt 53.  |  Rivets 16mm & 17mm\" ", "composition": "", "associations": "", "description": "This appears to have been very much larger, but ground down by use.", "collection": "Salisbury, S. Wilts[;]and Blackmore Museum.[;]205 Brackstone Colln.", "dateDiscoveryDay": "None", "lat": "53.34328430000001", "dateDiscoveryYear": "None", "rightCorner": "Var.", "length": "148", "edge": "", "publications": ""}, "user_id": 817, "task_id": 38346, "created": "2015-05-14T14:23:57.088820", "finish_time": "2015-05-14T14:23:57.088845", "calibration": null, "user_ip": null, "timeout": null, "project_id": 194, "id": 53441}, {"info": {"weight": "", "patina": "", "site": "Ireland[;]Meath", "surface": "", "toSearch": "", "remarks": "", "dateDiscoveryMonth": "None", "objectType": "DAGGER", "gridRef": "", "lon": "-7.0505832000000055", "geojson": {"geometry": {"type": "Point", "coordinates": ["-7.0505832000000055", "53.34328430000001"]}, "crs": {"type": "name", "properties": {"name": "urn:ogc:def:crs:OGC:1.3:CRS84"}}, "type": "Feature", "properties": {}}, "thickness": "", "width": "", "other": "", "composition": "", "associations": "", "description": "", "collection": "BM.[;]W.G. 1604", "dateDiscoveryDay": "None", "lat": "53.34328430000001", "dateDiscoveryYear": "None", "rightCorner": "", "length": "", "edge": "", "publications": ""}, "user_id": 817, "task_id": 38347, "created": "2015-05-14T14:24:54.371380", "finish_time": "2015-05-14T14:24:54.371405", "calibration": null, "user_ip": null, "timeout": null, "project_id": 194, "id": 53442}, {"info": {"weight": "", "patina": "", "site": "Ireland[;]Co. Offaly[;][...] (nr.)", "surface": "", "toSearch": "", "remarks": "", "dateDiscoveryMonth": "None", "objectType": "DIRK/DAGGER", "gridRef": "", "lon": "-7.0505832000000055", "geojson": {"geometry": {"type": "Point", "coordinates": ["-7.0505832000000055", "53.34328430000001"]}, "crs": {"type": "name", "properties": {"name": "urn:ogc:def:crs:OGC:1.3:CRS84"}}, "type": "Feature", "properties": {}}, "thickness": "", "width": "", "other": "", "composition": "", "associations": "", "description": "Rounded & raised central rib.", "collection": "BM. 54.7-14.240", "dateDiscoveryDay": "None", "lat": "53.34328430000001", "dateDiscoveryYear": "None", "rightCorner": "", "length": "", "edge": "", "publications": ""}, "user_id": 817, "task_id": 38348, "created": "2015-05-14T14:26:11.056207", "finish_time": "2015-05-14T14:26:11.056231", "calibration": null, "user_ip": null, "timeout": null, "project_id": 194, "id": 53443}, {"info": {"weight": "", "patina": "", "site": "Ireland.[;]Co Westmeath.", "surface": "smooth. golden bronze colour, dark brown stains.", "toSearch": "", "remarks": "Not in PPS 1946.", "dateDiscoveryMonth": "None", "objectType": "RAZOR", "gridRef": "", "lon": "-7.0505832000000055", "geojson": {"geometry": {"type": "Point", "coordinates": ["-7.0505832000000055", "53.34328430000001"]}, "crs": {"type": "name", "properties": {"name": "urn:ogc:def:crs:OGC:1.3:CRS84"}}, "type": "Feature", "properties": {}}, "thickness": "2", "width": "17", "other": "Thickness shows \"nearly 2mm\".", "composition": "", "associations": "", "description": "Sharp edges.", "collection": "Private[;]Professor Sir Lucas White-King CSI. LLD. FSA.[;]Late of Roebuck Hall. Co Dublin.[;]Sold by Auction at Sotheby's 9.11.21.[;]Lot 144.", "dateDiscoveryDay": "None", "lat": "53.34328430000001", "dateDiscoveryYear": "None", "rightCorner": "IB", "length": "95.5", "edge": "", "publications": ""}, "user_id": 817, "task_id": 38349, "created": "2015-05-14T14:32:00.426830", "finish_time": "2015-05-14T14:32:00.426856", "calibration": null, "user_ip": null, "timeout": null, "project_id": 194, "id": 53444}, {"info": {"weight": "", "patina": "traces of dark brown, in hollows.", "site": "Ireland.[;]Co Westmeath.", "surface": "smooth. golden bronze with darker stains.", "toSearch": "", "remarks": "", "dateDiscoveryMonth": "None", "objectType": "Dagger", "gridRef": "", "lon": "-7.0505832000000055", "geojson": {"geometry": {"type": "Point", "coordinates": ["-7.0505832000000055", "53.34328430000001"]}, "crs": {"type": "name", "properties": {"name": "urn:ogc:def:crs:OGC:1.3:CRS84"}}, "type": "Feature", "properties": {}}, "thickness": "3", "width": "29", "other": "", "composition": "", "associations": "", "description": "The blade is fluted", "collection": "Private[;]Professor Sir Lucas White-King CSI. LLD. FSA.[;]Late of Roebuck Hall. Co Dublin.[;]Sold by Auction at Sotheby's 9.11.21.[;]Lot 144.", "dateDiscoveryDay": "None", "lat": "53.34328430000001", "dateDiscoveryYear": "None", "rightCorner": "Var.", "length": "85", "edge": "", "publications": ""}, "user_id": 817, "task_id": 38350, "created": "2015-05-14T14:34:43.525700", "finish_time": "2015-05-14T14:34:43.525726", "calibration": null, "user_ip": null, "timeout": null, "project_id": 194, "id": 53445}, {"info": {"weight": "21.5", "patina": "green.", "site": "Ireland[;]Co. Wicklow[;]Meeting of the Waters In Tumulus", "surface": "very much corroded.", "toSearch": "", "remarks": "", "dateDiscoveryMonth": "None", "objectType": "Dagger", "gridRef": "", "lon": "-7.0505832000000055", "geojson": {"geometry": {"type": "Point", "coordinates": ["-7.0505832000000055", "53.34328430000001"]}, "crs": {"type": "name", "properties": {"name": "urn:ogc:def:crs:OGC:1.3:CRS84"}}, "type": "Feature", "properties": {}}, "thickness": "", "width": "31", "other": "", "composition": "", "associations": "Found with Cinerary Urn & two fossilised Candles.", "description": "Two rivets in holes.", "collection": "Alnwick Castle No. 408.", "dateDiscoveryDay": "None", "lat": "53.34328430000001", "dateDiscoveryYear": "None", "rightCorner": "III", "length": "92", "edge": "", "publications": ""}, "user_id": 817, "task_id": 38351, "created": "2015-05-14T14:37:17.384586", "finish_time": "2015-05-14T14:37:17.384613", "calibration": null, "user_ip": null, "timeout": null, "project_id": 194, "id": 53446}]