[{"info": {"weight": "", "patina": "", "site": "england[;]yorkshire[;]york[;]found in a field near york", "surface": "", "toSearch": "york", "dateDiscoveryMonth": "None", "objectType": "Arrowhead", "gridRef": "", "geojson": {"geometry": {"type": "Point", "coordinates": [-1.0815361, 53.9590555]}, "crs": {"type": "name", "properties": {"name": "urn:ogc:def:crs:OGC:1.3:CRS84"}}, "type": "Feature", "properties": {}}, "thickness": "", "width": "", "other": "", "composition": "", "optionsAccuracy": "10000", "associations": "", "Find spot marker": "Find spot marker", "description": "Socketed arrowhead.  Complete", "collection": "Private - Mr Edward C. Parry-Jones[;]The Manor, Trelogan, nr Holywell, [...] CH8 9BY", "dateDiscoveryDay": "None", "remarks": "", "dateDiscoveryYear": "None", "rightCorner": "", "length": "40", "edge": "", "publications": ""}, "user_id": 541, "task_id": 11011, "created": "2014-08-21T10:55:46.015282", "finish_time": "2014-08-21T10:55:46.015303", "calibration": null, "app_id": 42, "user_ip": null, "timeout": null, "id": 13207}, {"info": {"weight": "", "patina": "", "site": "england [;] yorkshire [;] york [;] found in a field near york", "surface": "", "toSearch": "york", "dateDiscoveryMonth": "None", "objectType": "ARROWHEAD", "gridRef": "", "geojson": {"geometry": {"type": "Point", "coordinates": [-1.0815361, 53.95905550000002]}, "crs": {"type": "name", "properties": {"name": "urn:ogc:def:crs:OGC:1.3:CRS84"}}, "type": "Feature", "properties": {}}, "thickness": "", "width": "", "other": "I put the 'Typology' and 'Condition' information in the 'Description' box. And I put the 'Circumstances' information in the 'Site' box", "composition": "", "optionsAccuracy": "10000", "associations": "SINGLE FIND", "Find spot marker": "Find spot marker", "description": "Socketed Arrowhead [;] Complete", "collection": "PRIVATE - Mr Edward C. Parry-Jones [;] The Mause, Trelogan, nr Holywell, Clwyd [;] CH8 9BY", "dateDiscoveryDay": "None", "remarks": "", "dateDiscoveryYear": "None", "rightCorner": "", "length": "40", "edge": "", "publications": ""}, "user_id": 473, "task_id": 11011, "created": "2014-08-21T11:38:12.393277", "finish_time": "2014-08-21T11:38:12.393298", "calibration": null, "app_id": 42, "user_ip": null, "timeout": null, "id": 13216}, {"info": {"weight": "", "patina": "dark green", "site": "wiltshire[;]eastknoyle[;]found sept 1992 by mr. biss metal-detecting in a ploughed field. the object was 3-6\" deep", "surface": "dark green p. intact; possible waxy coating", "toSearch": "east knoyle", "dateDiscoveryMonth": "9", "objectType": "ARROWHEAD, BARBED AND TANGED", "gridRef": "ST 8788 3332", "geojson": {"geometry": {"type": "Point", "coordinates": [-2.173337043408205, 51.074599841328336]}, "crs": {"type": "name", "properties": {"name": "urn:ogc:def:crs:OGC:1.3:CRS84"}}, "type": "Feature", "properties": {}}, "thickness": "3.2[;]MaxT e.bev. 2.0", "width": "31.5", "other": "6 cross section drawings of arrowhead on reverse with text, \"Submitted Object \"Eastknoyle\" Wilts (Mr. T Biss) S. Needham.\" and \"drawn:- Scale 1:1 SPC 29/1/93\"[;]Tang appears to have an avulsion on one side separating the metal from the bottom portion of the tang.", "composition": "", "optionsAccuracy": "10000", "associations": "", "Find spot marker": "Find spot marker", "description": "TYPOLOGY: good loz. section with neat e. bevels; barbs; taper to inner edges as well, but more blunt than outer; tang flat with crudely chambered sides[;]MANUFACTURE: Grinding marks along e. bevels - localised secondary bevel; bifacial grinding out of notches under barbs; tiny lip of metal where ridge on spur flattened against tang face.[;]CONDITION: edges pretty sharp with only minor damage", "collection": "Biss, Mr. T. - private (1993)[;]12 Upton, East Knoyle, Salisbury, Wilts.", "dateDiscoveryDay": "None", "remarks": "PIF[;]Rec.: Sn. Jan 93[;]Source: Sb. A.[;]Add.: (Receipt no. 725)", "dateDiscoveryYear": "1992", "rightCorner": "", "length": "61.2", "edge": "", "publications": ""}, "user_id": 243, "task_id": 11012, "created": "2014-08-21T13:49:09.538345", "finish_time": "2014-08-21T13:49:09.538367", "calibration": null, "app_id": 42, "user_ip": null, "timeout": null, "id": 13249}, {"info": {"weight": "", "patina": "brown to black", "site": "locality unknown", "surface": "", "toSearch": "liverpool", "dateDiscoveryMonth": "None", "objectType": "Arrowhead", "gridRef": "35 gms", "geojson": {"geometry": {"type": "Point", "coordinates": [-2.9805393, 53.405471899999995]}, "crs": {"type": "name", "properties": {"name": "urn:ogc:def:crs:OGC:1.3:CRS84"}}, "type": "Feature", "properties": {}}, "thickness": "blade 2.75", "width": "", "other": "No accuracy on geolocation reference.[;]2 cross section drawings of arrowhead on reverse.[;]Arrowhead appears to be barbed and tanged.[;]Fairly wide edge bevel, edge fairly worn and chipped.[;]Tip rounded.[;]Base of tang slightly wider.", "composition": "", "optionsAccuracy": "10000", "associations": "", "Find spot marker": "Find spot marker", "description": "", "collection": "Liverpool Museum[;]7225", "dateDiscoveryDay": "None", "remarks": "", "dateDiscoveryYear": "None", "rightCorner": "", "length": "30", "edge": "blade 16", "publications": ""}, "user_id": 243, "task_id": 11013, "created": "2014-08-21T13:52:15.651593", "finish_time": "2014-08-21T13:52:15.651614", "calibration": null, "app_id": 42, "user_ip": null, "timeout": null, "id": 13250}, {"info": {"weight": "14-17 gms", "patina": "", "site": "locality unknown.", "surface": "smooth dark bronze", "toSearch": "dorset", "dateDiscoveryMonth": "None", "objectType": "Arrowhead.", "gridRef": "", "geojson": {"geometry": {"type": "Point", "coordinates": [-2.333333, 50.75]}, "crs": {"type": "name", "properties": {"name": "urn:ogc:def:crs:OGC:1.3:CRS84"}}, "type": "Feature", "properties": {}}, "thickness": "4 blade.", "width": "7 tang", "other": "2 cross section drawings of arrowhead on reverse.[;]Arrowhead is leaf shaped?[;]Tang extends below blade and connects to blade in a \"V\" shape.", "composition": "", "optionsAccuracy": "10000", "associations": "", "Find spot marker": "Find spot marker", "description": "", "collection": "Farnham Museum[;]Dorset.", "dateDiscoveryDay": "None", "remarks": "", "dateDiscoveryYear": "None", "rightCorner": "", "length": "60", "edge": "13 blade", "publications": ""}, "user_id": 243, "task_id": 11014, "created": "2014-08-21T13:54:06.489806", "finish_time": "2014-08-21T13:54:06.489826", "calibration": null, "app_id": 42, "user_ip": null, "timeout": null, "id": 13251}, {"info": {"weight": "14-17 gms", "patina": "", "site": "locality unknown.", "surface": "Smooth. dark bronze", "toSearch": "dorset", "dateDiscoveryMonth": "None", "objectType": "Arrowhead.", "gridRef": "", "geojson": {"geometry": {"type": "Point", "coordinates": [-2.333333, 50.75]}, "crs": {"type": "name", "properties": {"name": "urn:ogc:def:crs:OGC:1.3:CRS84"}}, "type": "Feature", "properties": {}}, "thickness": "3.5 blade", "width": "tang 8", "other": "No accuracy on geolocation reference.[;]2 cross section drawings of arrowhead on reverse.[;]Arrowhead is tanged and barbed.[;]Barbs very short on tang side.[;]Tang appears slightly damaged, or notches roughly formed.[;]Possible midrib running down centre of blade?[;]Blade long and somewhat leaf shaped, edge tip rounded.", "composition": "", "optionsAccuracy": "10000", "associations": "", "Find spot marker": "Find spot marker", "description": "", "collection": "Farnham Museum[;]Dorset.", "dateDiscoveryDay": "None", "remarks": "", "dateDiscoveryYear": "None", "rightCorner": "", "length": "60.", "edge": "blade 12", "publications": ""}, "user_id": 243, "task_id": 11015, "created": "2014-08-21T13:56:13.255307", "finish_time": "2014-08-21T13:56:13.255329", "calibration": null, "app_id": 42, "user_ip": null, "timeout": null, "id": 13253}, {"info": {"weight": "7.08", "patina": "black.", "site": "locality unknown", "surface": "smooth", "toSearch": "dorset", "dateDiscoveryMonth": "None", "objectType": "Arrowhead.", "gridRef": "", "geojson": {"geometry": {"type": "Point", "coordinates": [-2.333333, 50.75]}, "crs": {"type": "name", "properties": {"name": "urn:ogc:def:crs:OGC:1.3:CRS84"}}, "type": "Feature", "properties": {}}, "thickness": "4", "width": "", "other": "No accuracy on geolocation reference.[;]2 cross section drawings of arrowhead on reverse.[;]Arrowhead is barbed, likely tanged.[;]Barbs extremely small or very much worn.[;]Object is roughly oval shaped.[;]Tip rounded.", "composition": "", "optionsAccuracy": "10000", "associations": "", "Find spot marker": "Find spot marker", "description": "", "collection": "Farnham Museum[;]Dorset.", "dateDiscoveryDay": "None", "remarks": "", "dateDiscoveryYear": "None", "rightCorner": "", "length": "60", "edge": "blade 13", "publications": ""}, "user_id": 243, "task_id": 11016, "created": "2014-08-21T13:57:51.125689", "finish_time": "2014-08-21T13:57:51.125708", "calibration": null, "app_id": 42, "user_ip": null, "timeout": null, "id": 13254}, {"info": {"weight": "", "patina": "slight.", "site": "locality unknown.", "surface": "", "toSearch": "", "dateDiscoveryMonth": "None", "objectType": "Arrowhead", "gridRef": "", "geojson": {"geometry": {"type": "Point", "coordinates": [-3.540247175000001, 52.61966934439084]}, "crs": {"type": "name", "properties": {"name": "urn:ogc:def:crs:OGC:1.3:CRS84"}}, "type": "Feature", "properties": {}}, "thickness": "blade 3", "width": "", "other": "No accuracy on geolocation reference.[;]1 side profile drawing of arrowhead on reverse.[;]Arrowhead is tanged and barbed.[;]Tang extends quite far below barbs, else drawing shows remnant of wood shaft.[;]Barbs cut into blade quite far but notches do not extend all the way up barbs.[;]Tang is roughly triangular with wider mouth.[;]Edge has a chip on one side.[;]Tip pointed.", "composition": "", "optionsAccuracy": "10000", "associations": "", "Find spot marker": "Find spot marker", "description": "", "collection": "Peabody Museum. Harvard University[;]Haynes Colln. By bequest 1912.\\[;]Cambridge. Mass.[;]E2236", "dateDiscoveryDay": "None", "remarks": "", "dateDiscoveryYear": "None", "rightCorner": "", "length": "80", "edge": "blade 17", "publications": ""}, "user_id": 243, "task_id": 11017, "created": "2014-08-21T14:00:27.131968", "finish_time": "2014-08-21T14:00:27.131989", "calibration": null, "app_id": 42, "user_ip": null, "timeout": null, "id": 13255}, {"info": {"weight": "", "patina": "", "site": "locality unknown", "surface": "breccia incrustation", "toSearch": "", "dateDiscoveryMonth": "None", "objectType": "Arrowhead.", "gridRef": "", "geojson": {"geometry": {"type": "Point", "coordinates": [-3.7160284250000024, 53.673879786364196]}, "crs": {"type": "name", "properties": {"name": "urn:ogc:def:crs:OGC:1.3:CRS84"}}, "type": "Feature", "properties": {}}, "thickness": "blade 6", "width": "Socket 8", "other": "No accuracy on geolocation reference.[;]2 cross section drawings of arrowhead on reverse.[;]Arrowhead is tanged and barbed.[;]Socket wall of tang is broken on one side near base.  Socket extends up through blade creating tapering midrib.[;]Blade wavy, widening near centre, then taper to tip.[;]Tip fairly pointed but blunt.", "composition": "", "optionsAccuracy": "10000", "associations": "", "Find spot marker": "Find spot marker", "description": "Socket broken", "collection": "Peabody Museum[;]E 2232.[;]Harvard University[;]Cambridge. Mass.[;]Bequest of Prof. Hy. W. Haynes. 1912.", "dateDiscoveryDay": "None", "remarks": "", "dateDiscoveryYear": "None", "rightCorner": "", "length": "40", "edge": "blade 15", "publications": ""}, "user_id": 243, "task_id": 11018, "created": "2014-08-21T14:08:21.455115", "finish_time": "2014-08-21T14:08:21.455134", "calibration": null, "app_id": 42, "user_ip": null, "timeout": null, "id": 13256}, {"info": {"weight": "", "patina": "", "site": "", "surface": "", "toSearch": "", "dateDiscoveryMonth": "None", "objectType": "", "gridRef": "", "geojson": {"geometry": {"type": "Point", "coordinates": [-3.2765753, 54.70235450000004]}, "crs": {"type": "name", "properties": {"name": "urn:ogc:def:crs:OGC:1.3:CRS84"}}, "type": "Feature", "properties": {}}, "thickness": "", "width": "", "other": "", "composition": "", "optionsAccuracy": "100", "associations": "", "Find spot marker": "Find spot marker", "description": "", "collection": "", "dateDiscoveryDay": "None", "remarks": "", "dateDiscoveryYear": "None", "rightCorner": "", "length": "", "edge": "", "publications": ""}, "user_id": 1, "task_id": 11012, "created": "2014-08-21T16:04:24.873666", "finish_time": "2014-08-21T16:04:24.873687", "calibration": null, "app_id": 42, "user_ip": null, "timeout": null, "id": 13289}, {"info": {"weight": "35", "patina": "brown to black", "site": "locality unknown", "surface": "", "toSearch": "", "dateDiscoveryMonth": "None", "objectType": "Arrowhead", "gridRef": "", "geojson": {"geometry": {"type": "Point", "coordinates": [-3.2765753, 54.70235450000002]}, "crs": {"type": "name", "properties": {"name": "urn:ogc:def:crs:OGC:1.3:CRS84"}}, "type": "Feature", "properties": {}}, "thickness": "blade 2.75", "width": "Blade 16", "other": "the weight is given at top left of card:\r\n35 gms", "composition": "", "optionsAccuracy": "100", "associations": "", "Find spot marker": "Find spot marker", "description": "", "collection": "Liverpool Museum  7225", "dateDiscoveryDay": "None", "remarks": "", "dateDiscoveryYear": "None", "rightCorner": "", "length": "30", "edge": "", "publications": ""}, "user_id": 411, "task_id": 11013, "created": "2014-08-21T16:36:52.439339", "finish_time": "2014-08-21T16:36:52.439360", "calibration": null, "app_id": 42, "user_ip": null, "timeout": null, "id": 13290}, {"info": {"weight": "14.17", "patina": "", "site": "locality unknown", "surface": "smooth dark bronze", "toSearch": "", "dateDiscoveryMonth": "None", "objectType": "Arrowhead.", "gridRef": "", "geojson": {"geometry": {"type": "Point", "coordinates": [-3.2765753, 54.70235450000002]}, "crs": {"type": "name", "properties": {"name": "urn:ogc:def:crs:OGC:1.3:CRS84"}}, "type": "Feature", "properties": {}}, "thickness": "4 blade", "width": "13 blade  7 tang", "other": "", "composition": "", "optionsAccuracy": "100", "associations": "", "Find spot marker": "Find spot marker", "description": "", "collection": "Farnham Museum\r\nDorset", "dateDiscoveryDay": "None", "remarks": "", "dateDiscoveryYear": "None", "rightCorner": "", "length": "60", "edge": "", "publications": ""}, "user_id": 411, "task_id": 11014, "created": "2014-08-21T16:41:16.212927", "finish_time": "2014-08-21T16:41:16.212948", "calibration": null, "app_id": 42, "user_ip": null, "timeout": null, "id": 13293}, {"info": {"weight": "", "patina": "", "site": "locality unknown", "surface": "smooth. dark bronze", "toSearch": "", "dateDiscoveryMonth": "None", "objectType": "Arrowhead.", "gridRef": "", "geojson": {"geometry": {"type": "Point", "coordinates": [-3.2765753, 54.70235450000002]}, "crs": {"type": "name", "properties": {"name": "urn:ogc:def:crs:OGC:1.3:CRS84"}}, "type": "Feature", "properties": {}}, "thickness": "3.5 blade", "width": "Blade 12   tang 8", "other": "", "composition": "", "optionsAccuracy": "100", "associations": "", "Find spot marker": "Find spot marker", "description": "", "collection": "Farnham Museum\r\nDorset.", "dateDiscoveryDay": "None", "remarks": "", "dateDiscoveryYear": "None", "rightCorner": "", "length": "60.", "edge": "", "publications": ""}, "user_id": 411, "task_id": 11015, "created": "2014-08-21T16:45:54.351959", "finish_time": "2014-08-21T16:45:54.351980", "calibration": null, "app_id": 42, "user_ip": null, "timeout": null, "id": 13295}, {"info": {"weight": "7.08", "patina": "black", "site": "locality unknown", "surface": "smooth", "toSearch": "", "dateDiscoveryMonth": "None", "objectType": "Arrowhead.", "gridRef": "", "geojson": {"geometry": {"type": "Point", "coordinates": [-3.2765753, 54.70235450000002]}, "crs": {"type": "name", "properties": {"name": "urn:ogc:def:crs:OGC:1.3:CRS84"}}, "type": "Feature", "properties": {}}, "thickness": "4.", "width": "blade 13", "other": "", "composition": "", "optionsAccuracy": "100", "associations": "", "Find spot marker": "Find spot marker", "description": "", "collection": "Farnham Museum\r\nDorset.", "dateDiscoveryDay": "None", "remarks": "", "dateDiscoveryYear": "None", "rightCorner": "", "length": "60.", "edge": "", "publications": ""}, "user_id": 411, "task_id": 11016, "created": "2014-08-21T16:48:09.293883", "finish_time": "2014-08-21T16:48:09.293905", "calibration": null, "app_id": 42, "user_ip": null, "timeout": null, "id": 13296}, {"info": {"weight": "", "patina": "slight", "site": "locality unknown.", "surface": "", "toSearch": "", "dateDiscoveryMonth": "None", "objectType": "Arrowhead", "gridRef": "", "geojson": {"geometry": {"type": "Point", "coordinates": [-3.2765753, 54.70235450000002]}, "crs": {"type": "name", "properties": {"name": "urn:ogc:def:crs:OGC:1.3:CRS84"}}, "type": "Feature", "properties": {}}, "thickness": "blade 3", "width": "blade 17", "other": "", "composition": "", "optionsAccuracy": "100", "associations": "", "Find spot marker": "Find spot marker", "description": "", "collection": "Peabody Museum. Harvard University\r\nCambridge. Mass\r\nE2236\r\nHaynes Colln.\r\nBy bequest 1912.", "dateDiscoveryDay": "None", "remarks": "", "dateDiscoveryYear": "None", "rightCorner": "", "length": "80", "edge": "", "publications": ""}, "user_id": 411, "task_id": 11017, "created": "2014-08-21T16:51:21.412846", "finish_time": "2014-08-21T16:51:21.412867", "calibration": null, "app_id": 42, "user_ip": null, "timeout": null, "id": 13298}, {"info": {"weight": "", "patina": "", "site": "locality unknown", "surface": "breccia incrustation", "toSearch": "", "dateDiscoveryMonth": "None", "objectType": "Arrowhead", "gridRef": "", "geojson": {"geometry": {"type": "Point", "coordinates": [-3.2765753, 54.70235450000004]}, "crs": {"type": "name", "properties": {"name": "urn:ogc:def:crs:OGC:1.3:CRS84"}}, "type": "Feature", "properties": {}}, "thickness": "6", "width": "15", "other": "Included blade width 15mm, but didn't know where to put socket weight (8mm)", "composition": "", "optionsAccuracy": "100", "associations": "", "Find spot marker": "Find spot marker", "description": "Socket broken", "collection": "Peabody Museum E2232 [;] Harvard University [;] Cambridge. Mass. [;] Bequest of Prof. Hy. W. Haynes. 1912.", "dateDiscoveryDay": "None", "remarks": "", "dateDiscoveryYear": "None", "rightCorner": "", "length": "40", "edge": "", "publications": ""}, "user_id": 473, "task_id": 11018, "created": "2014-08-21T17:03:53.580142", "finish_time": "2014-08-21T17:03:53.580163", "calibration": null, "app_id": 42, "user_ip": null, "timeout": null, "id": 13301}, {"info": {"weight": "", "patina": "", "site": "locality unknown", "surface": "encrusted in hollows.", "toSearch": "", "dateDiscoveryMonth": "None", "objectType": "Arrowhead", "gridRef": "", "geojson": {"geometry": {"type": "Point", "coordinates": [-3.2765753, 54.70235450000004]}, "crs": {"type": "name", "properties": {"name": "urn:ogc:def:crs:OGC:1.3:CRS84"}}, "type": "Feature", "properties": {}}, "thickness": "4", "width": "9.5", "other": "Need another section for the socket measurements. Only transcribed the blade measurements, pending is: socket width and thickness.", "composition": "", "optionsAccuracy": "100", "associations": "", "Find spot marker": "Find spot marker", "description": "Socket broken off.", "collection": "Peabody Museum E2234 [;] Harvard University [;] Cambridge. Mass. [;] Bequest of Prof. Hy. W. Haynes. 1912.", "dateDiscoveryDay": "None", "remarks": "", "dateDiscoveryYear": "None", "rightCorner": "", "length": "42.5", "edge": "", "publications": ""}, "user_id": 473, "task_id": 11019, "created": "2014-08-21T17:09:04.123694", "finish_time": "2014-08-21T17:09:04.123714", "calibration": null, "app_id": 42, "user_ip": null, "timeout": null, "id": 13303}, {"info": {"weight": "", "patina": "light", "site": "unknown", "surface": "", "toSearch": "", "dateDiscoveryMonth": "None", "objectType": "Arrowhead", "gridRef": "", "geojson": {"geometry": {"type": "Point", "coordinates": [-3.2765753, 54.70235450000004]}, "crs": {"type": "name", "properties": {"name": "urn:ogc:def:crs:OGC:1.3:CRS84"}}, "type": "Feature", "properties": {}}, "thickness": "3", "width": "blade 13, tang 8.5", "other": "", "composition": "", "optionsAccuracy": "100", "associations": "", "Find spot marker": "Find spot marker", "description": "", "collection": "Peabody Museum E2229 [;] Harvard University [;] Cambridge. Mass. [;] Bequest of Prof. Hy. W. Haynes. 1912.", "dateDiscoveryDay": "None", "remarks": "", "dateDiscoveryYear": "None", "rightCorner": "", "length": "56", "edge": "", "publications": ""}, "user_id": 473, "task_id": 11020, "created": "2014-08-21T17:22:15.014902", "finish_time": "2014-08-21T17:22:15.014924", "calibration": null, "app_id": 42, "user_ip": null, "timeout": null, "id": 13309}, {"info": {"weight": "", "patina": "light.", "site": "locality unknown", "surface": "", "toSearch": "", "dateDiscoveryMonth": "None", "objectType": "Arrowhead", "gridRef": "", "geojson": {"geometry": {"type": "Point", "coordinates": [-3.2765753, 54.70235450000004]}, "crs": {"type": "name", "properties": {"name": "urn:ogc:def:crs:OGC:1.3:CRS84"}}, "type": "Feature", "properties": {}}, "thickness": "blade 4, socket 7.5", "width": "15 blade, 7.5 socket", "other": "", "composition": "", "optionsAccuracy": "100", "associations": "", "Find spot marker": "Find spot marker", "description": "Perforation at A", "collection": "Peabody Museum [;] Harvard University E2230 [;] Cambridge. Mass. [;] Bequest of Prof. H. W. Haynes. 1912.", "dateDiscoveryDay": "None", "remarks": "", "dateDiscoveryYear": "None", "rightCorner": "", "length": "46", "edge": "", "publications": ""}, "user_id": 473, "task_id": 11021, "created": "2014-08-21T17:28:25.748156", "finish_time": "2014-08-21T17:28:25.748177", "calibration": null, "app_id": 42, "user_ip": null, "timeout": null, "id": 13310}, {"info": {"weight": "", "patina": "", "site": "locality unknown.", "surface": "", "toSearch": "", "dateDiscoveryMonth": "None", "objectType": "Arrow Heads", "gridRef": "", "geojson": {"geometry": {"type": "Point", "coordinates": [-3.2765753, 54.70235450000004]}, "crs": {"type": "name", "properties": {"name": "urn:ogc:def:crs:OGC:1.3:CRS84"}}, "type": "Feature", "properties": {}}, "thickness": "", "width": "", "other": "", "composition": "bronze", "optionsAccuracy": "100", "associations": "", "Find spot marker": "Find spot marker", "description": "", "collection": "Chadwick Museum [;] Bolton", "dateDiscoveryDay": "None", "remarks": "", "dateDiscoveryYear": "None", "rightCorner": "", "length": "", "edge": "", "publications": ""}, "user_id": 473, "task_id": 11022, "created": "2014-08-21T17:29:23.859342", "finish_time": "2014-08-21T17:29:23.859363", "calibration": null, "app_id": 42, "user_ip": null, "timeout": null, "id": 13311}, {"info": {"weight": "", "patina": "", "site": "locality unknown", "surface": "encrusted in hollows.", "toSearch": "", "dateDiscoveryMonth": "None", "objectType": "Arrowhead.", "gridRef": "", "geojson": {"geometry": {"type": "Point", "coordinates": [-2.7492315499999993, 53.93339971419255]}, "crs": {"type": "name", "properties": {"name": "urn:ogc:def:crs:OGC:1.3:CRS84"}}, "type": "Feature", "properties": {}}, "thickness": "blade 4[;]Socket 7", "width": "socket 7", "other": "2 cross section drawings of arrowhead on reverse.[;]Arrowhead appears to be slightly bent or otherwise misshapen.[;]Arrowhead is notched and tanged.[;]Portion of blade missing and encrusted over?", "composition": "", "optionsAccuracy": "10000", "associations": "", "Find spot marker": "Find spot marker", "description": "Socket broken off.", "collection": "Peabody Museum[;]E2234[;]Harvard University[;]Cambridge, Mass.[;]Bequest of Prof. Hy. W. Haynes. 1912.", "dateDiscoveryDay": "None", "remarks": "", "dateDiscoveryYear": "None", "rightCorner": "", "length": "42.5", "edge": "blade 9.5", "publications": ""}, "user_id": 243, "task_id": 11019, "created": "2014-08-21T18:17:46.869318", "finish_time": "2014-08-21T18:17:46.869339", "calibration": null, "app_id": 42, "user_ip": null, "timeout": null, "id": 13318}, {"info": {"weight": "", "patina": "light patina", "site": "unknown", "surface": "", "toSearch": "", "dateDiscoveryMonth": "None", "objectType": "Arrow head.", "gridRef": "", "geojson": {"geometry": {"type": "Point", "coordinates": [-3.2765753, 54.70235450000004]}, "crs": {"type": "name", "properties": {"name": "urn:ogc:def:crs:OGC:1.3:CRS84"}}, "type": "Feature", "properties": {}}, "thickness": "blade 3", "width": "tang 8.5", "other": "No accuracy on geolocation reference.[;]1 cross section drawing of arrowhead on reverse with text \"depression of 1.5mm\" pointing to mid-line of blade and \"circular\" pointing to widest point of tang.[;]Tanged and barbed.[;]Notches under barbs are deeply grooved, one crossing the centre line.[;]Mid-line \"depression\" runs from tip to top of one groove where in angles over onto one barb.[;]Tip is quite rounded.", "composition": "", "optionsAccuracy": "10000", "associations": "", "Find spot marker": "Find spot marker", "description": "", "collection": "Peabody Museum[;]E2229[;]Harvard University[;]Cambridge. Mass.[;]Bequest of Prof. Hy. W. Haynes. 1912.", "dateDiscoveryDay": "None", "remarks": "", "dateDiscoveryYear": "None", "rightCorner": "", "length": "56.", "edge": "blade 13", "publications": ""}, "user_id": 243, "task_id": 11020, "created": "2014-08-21T18:21:34.338323", "finish_time": "2014-08-21T18:21:34.338343", "calibration": null, "app_id": 42, "user_ip": null, "timeout": null, "id": 13319}, {"info": {"weight": "", "patina": "Light.", "site": "locality unknown", "surface": "", "toSearch": "", "dateDiscoveryMonth": "None", "objectType": "Arrow head.", "gridRef": "", "geojson": {"geometry": {"type": "Point", "coordinates": [-3.2765753, 54.70235450000004]}, "crs": {"type": "name", "properties": {"name": "urn:ogc:def:crs:OGC:1.3:CRS84"}}, "type": "Feature", "properties": {}}, "thickness": "blade 4[;]socket 7.5", "width": "7.5 socket.", "other": "No accuracy on geolocation reference.[;]2 cross section drawings of arrowhead on reverse with text \"A\" pointing to hole in top portion of tang.[;]Arrowhead is tanged and barbed.[;]Object is fairly triangular with pointed tip.[;]Tang and socket extend up into blade.", "composition": "", "optionsAccuracy": "10000", "associations": "", "Find spot marker": "Find spot marker", "description": "Perforation at A", "collection": "Peabody Museum[;]E2230.[;]Harvard University[;]Cambridge. Mass.[;]Bequest of Prof. Hy. W. Haynes. 1912.", "dateDiscoveryDay": "None", "remarks": "", "dateDiscoveryYear": "None", "rightCorner": "", "length": "46", "edge": "15 blade", "publications": ""}, "user_id": 243, "task_id": 11021, "created": "2014-08-21T18:24:01.623650", "finish_time": "2014-08-21T18:24:01.623671", "calibration": null, "app_id": 42, "user_ip": null, "timeout": null, "id": 13320}, {"info": {"weight": "", "patina": "", "site": "locality unknown.", "surface": "", "toSearch": "", "dateDiscoveryMonth": "None", "objectType": "Arrow Heads", "gridRef": "", "geojson": {"geometry": {"type": "Point", "coordinates": [-3.2765753, 54.70235450000004]}, "crs": {"type": "name", "properties": {"name": "urn:ogc:def:crs:OGC:1.3:CRS84"}}, "type": "Feature", "properties": {}}, "thickness": "", "width": "", "other": "No accuracy on geolocation reference.[;]Appears to be a collection of 12 arrowheads and arrowhead fragments individually listed in side profile drawings on reverse. As follows from left column top-to-bottom to right column top-to-bottom.[;]L 35, W 13, Wt 6gms - midrib, fairly decayed, blade only.[;]L 34, W 14, Wt 3.5gms - Angular, diamond shaped, multiple bevels, blade only.[;]L 47, W 15, Wt 5gms - Somewhat diamond shaped, likely socketed and barbed, tang socket creates tapering midrib.[;]L 48, W 16, Wt 17gms - Triangular, tanged and barbed, tang quite small, tip square and blunt probably missing.[;]L 66, Wbl 12, Wsocket 10, Wt 7gms - Probably quite damaged and decayed, tang/socket? nearly as long as blade.[;]L 16, W 8, Wt 1gm. - Fragment, portion of blade.[;]L 12, W 9, Wt 1.5gms - Fragment, portion of blade.[;]L 18, W 7, Wt 1gm. - Triangular, relatively thick tang, mid rib or depression, edge bevels.[;]L 16, W 10, Wt 2gms - Triangular, barbed and tanged, tang quite short and stout, barb worn away on one side.[;]L 20, W 9, Wt 1.5gms - Somewhat triangular, possibly socketed?", "composition": "bronze", "optionsAccuracy": "10000", "associations": "", "Find spot marker": "Find spot marker", "description": "", "collection": "Chadwick Museum[;]Bolton", "dateDiscoveryDay": "None", "remarks": "", "dateDiscoveryYear": "None", "rightCorner": "", "length": "", "edge": "", "publications": ""}, "user_id": 243, "task_id": 11022, "created": "2014-08-21T18:32:49.473019", "finish_time": "2014-08-21T18:32:49.473038", "calibration": null, "app_id": 42, "user_ip": null, "timeout": null, "id": 13322}, {"info": {"weight": "", "patina": "", "site": "locality unknown", "surface": "A Smooth, dark brown bronze, some medium green patina[;]B cleaned. Dark Indian Red Colour, which may be the remains of patina[;]C Smooth brownish colour. Some grey green patina.[;]D Smooth, slight powdery, light green patina on dark bronze[;]E Smooth, light green patina, partly covered with soil.", "toSearch": "", "dateDiscoveryMonth": "None", "objectType": "Arrow heads.", "gridRef": "", "geojson": {"geometry": {"type": "Point", "coordinates": [-3.2765753, 54.70235450000004]}, "crs": {"type": "name", "properties": {"name": "urn:ogc:def:crs:OGC:1.3:CRS84"}}, "type": "Feature", "properties": {}}, "thickness": "A 8[;]B 12, 8.5[;]C 11[;]D 8.5[;]E 12", "width": "A 18[;]B 18.5, 17[;]C 18[;]D 16[;]E 17.5", "other": "No accuracy on geolocation reference.[;]5 side profile drawings of arrow heads on reverse as follows.[;]A with text \"8mm thick\" pointing to midrib and \"tang bent\" pointing to tang near blade. Tang quite long, barbed, pointed tip.[;]B with text 12mm thick pointing to blade where it meets tang. Also a top cross section profile of blade which is diamond shaped. Tang is quite long, and merges into blade where it wraps around to barbs.[;]C with text \"11mm thick\" pointing to blade just above tang, and \"tang bent\" pointing to tang just below blade, tang and barbs quite long.[;]D with text \"8.5mm thick\" pointing to blade at tang., tang is drawn bent to one side, barbs extant but blunted and worn down. Blade triangular with some chips and blunted, square tip.[;]E with text \"12mm thick\" pointing to bottom of blade where it meets tang. Very triangular shaped, tanged with no barbs.[;]Also text on reverse of card \"All sections similar to section of B\" referring to diamond-shaped top cross-section.", "composition": "", "optionsAccuracy": "10000", "associations": "", "Find spot marker": "Find spot marker", "description": "", "collection": "Sold at Sotheby's - 22nd / July 1926.[;]Lot 199.[;]owner unknown", "dateDiscoveryDay": "None", "remarks": "Also one other in this lot. made of iron. (not drawn)", "dateDiscoveryYear": "None", "rightCorner": "", "length": "A 90[;]B 102.5[;]C 93[;]D 67.5[;]E 47", "edge": "", "publications": ""}, "user_id": 243, "task_id": 11023, "created": "2014-08-21T18:40:37.920250", "finish_time": "2014-08-21T18:40:37.920271", "calibration": null, "app_id": 42, "user_ip": null, "timeout": null, "id": 13324}, {"info": {"weight": "", "patina": "", "site": "locality unknown", "surface": "A: smooth, dark brown bronze, some medium green patina ;  B: cleaned, dark indian red colour, which may be the remains of patina ; C: smooth brownish colour.  Some grey green patina ; D: smooth, slight powdery, light green patina over dark bronze ; E: smooth, light green patina, partly covered with soil", "toSearch": "", "dateDiscoveryMonth": "None", "objectType": "Arrowheads", "gridRef": "", "geojson": {"geometry": {"type": "Point", "coordinates": [-3.2765753, 54.70235450000002]}, "crs": {"type": "name", "properties": {"name": "urn:ogc:def:crs:OGC:1.3:CRS84"}}, "type": "Feature", "properties": {}}, "thickness": "A: 8 ; B: 12 8.5 ; C: 11 ; D: 8.5 ; E: 12", "width": "A: 18 ; B: 18.5 17 ; C: 18 ; D: 16 ; E: 17.5", "other": "These finds were not Georeferenced as the find site is unknown.\r\n\r\nThe card refers to an auction lot of 5 spearheads.", "composition": "", "optionsAccuracy": "100", "associations": "", "Find spot marker": "Find spot marker", "description": "", "collection": "Sold at Sotheby's, 22nd July 1926, Lot 199, owner unknown", "dateDiscoveryDay": "None", "remarks": "Also one other in this lot, made of iron (not drawn)", "dateDiscoveryYear": "None", "rightCorner": "not given", "length": "A: 90 ; B: 102.5 ; C: 93 ; D: 67.5 ; E: 47", "edge": "", "publications": ""}, "user_id": 528, "task_id": 11023, "created": "2014-08-21T18:54:28.933684", "finish_time": "2014-08-21T18:54:28.933703", "calibration": null, "app_id": 42, "user_ip": null, "timeout": null, "id": 13326}, {"info": {"weight": "", "patina": "", "site": "locality unknown", "surface": "A: smooth, slightly encrusted dark green patina ; B: encrusted over with whitish soil, dark green patina ; C: cleaned.  No patina.  Dark blackish brown colour.  Tang is bent at end", "toSearch": "", "dateDiscoveryMonth": "None", "objectType": "Arrowheads", "gridRef": "", "geojson": {"geometry": {"type": "Point", "coordinates": [-3.2765753, 54.70235450000002]}, "crs": {"type": "name", "properties": {"name": "urn:ogc:def:crs:OGC:1.3:CRS84"}}, "type": "Feature", "properties": {}}, "thickness": "A: 10 ; B: 11 ; C: 10", "width": "A: 14 ; B: 19 ; C: 16", "other": "The items could not be Georeferenced as the find location(s) are unknown.\r\n\r\n", "composition": "", "optionsAccuracy": "100", "associations": "", "Find spot marker": "Find spot marker", "description": "", "collection": "Sold at Sotheby's 22nd July 1926, Lot 198, owner unknown", "dateDiscoveryDay": "None", "remarks": "Similar in sections to those in Lot 199.  There is another in this lot, but made of iron, not drawn\r\n\r\n(2 cards)", "dateDiscoveryYear": "None", "rightCorner": "not given", "length": "A: 70 ; B: 76 ; C: 90", "edge": "", "publications": ""}, "user_id": 528, "task_id": 11024, "created": "2014-08-21T19:02:10.785367", "finish_time": "2014-08-21T19:02:10.785389", "calibration": null, "app_id": 42, "user_ip": null, "timeout": null, "id": 13328}, {"info": {"weight": "", "patina": "A: Dark green patina[;]B: Dark green patina", "site": "locality unknown", "surface": "A: Smooth. Slightly encrusted.[;]B: Encrusted over with whitish soil. C: Cleaned. No patina. Dark blackish brown colour. Tang is bent at end", "toSearch": "", "dateDiscoveryMonth": "None", "objectType": "Arrow Heads", "gridRef": "", "geojson": {"geometry": {"type": "Point", "coordinates": [-3.2765753, 54.70235450000004]}, "crs": {"type": "name", "properties": {"name": "urn:ogc:def:crs:OGC:1.3:CRS84"}}, "type": "Feature", "properties": {}}, "thickness": "A: 10[;]B 11[;]C 10", "width": "A: 14[;]B 19[;] C 16", "other": "", "composition": "", "optionsAccuracy": "100", "associations": "", "Find spot marker": "Find spot marker", "description": "", "collection": "Sold at Sotheby's 22nd July 1926.[;]Owner unknown[;]Lot 198", "dateDiscoveryDay": "None", "remarks": "Similar in sections to those in Lot 199. There is another in this lot but made of iron not drawn[;](2 cards)", "dateDiscoveryYear": "None", "rightCorner": "", "length": "A: 70[;]B: 76[;]C: 90", "edge": "", "publications": ""}, "user_id": 64, "task_id": 11024, "created": "2014-08-21T19:04:07.420150", "finish_time": "2014-08-21T19:04:07.420171", "calibration": null, "app_id": 42, "user_ip": null, "timeout": null, "id": 13329}, {"info": {"weight": "", "patina": "A: matte medium green patina[;]B: Slightly matte green patina over dark bronze", "site": "locality unknown", "surface": "A: Smooth. slightly corrosive. Some bubble holes on blade[;]B: Smooth.", "toSearch": "", "dateDiscoveryMonth": "None", "objectType": "Arrow heads", "gridRef": "", "geojson": {"geometry": {"type": "Point", "coordinates": [-3.2765753, 54.70235450000004]}, "crs": {"type": "name", "properties": {"name": "urn:ogc:def:crs:OGC:1.3:CRS84"}}, "type": "Feature", "properties": {}}, "thickness": "A: 5. 10[;]B: 7. 10.5", "width": "A: 22. 18[;]B: 18. 14", "other": "", "composition": "", "optionsAccuracy": "100", "associations": "", "Find spot marker": "Find spot marker", "description": "", "collection": "Sold at Sotheby's 22nd July 1926.[;]owner unknown[;]Lot 198", "dateDiscoveryDay": "None", "remarks": "There is another in this lot, but made of iron[;]not drawn[;](2 cards)", "dateDiscoveryYear": "None", "rightCorner": "", "length": "A: 79[;]B: 93.5", "edge": "", "publications": ""}, "user_id": 64, "task_id": 11025, "created": "2014-08-21T19:10:00.171579", "finish_time": "2014-08-21T19:10:00.171600", "calibration": null, "app_id": 42, "user_ip": null, "timeout": null, "id": 13331}, {"info": {"weight": "", "patina": "", "site": "locality unknown", "surface": "A: smooth, slightly corrosive matte medium green patina, some bubble holes on blade ; B: smooth, slightly matte green patina over dark bronze", "toSearch": "", "dateDiscoveryMonth": "None", "objectType": "Arrowheads", "gridRef": "", "geojson": {"geometry": {"type": "Point", "coordinates": [-3.2765753, 54.70235450000002]}, "crs": {"type": "name", "properties": {"name": "urn:ogc:def:crs:OGC:1.3:CRS84"}}, "type": "Feature", "properties": {}}, "thickness": "A: 5 10 ; B: 7 10.5", "width": "A: 22.18 ; B: 18.14", "other": "Items could not be Georeferenced as find location(s) are unknown.\r\n\r\nCard describes 2 spearheads auctioned as a lot.", "composition": "", "optionsAccuracy": "100", "associations": "", "Find spot marker": "Find spot marker", "description": "", "collection": "Sold at Sotheby's 22nd July 1926, Lot 198, owner unknown", "dateDiscoveryDay": "None", "remarks": "There is another in this lot, but made of iron, not drawn\r\n(2 cards)", "dateDiscoveryYear": "None", "rightCorner": "not given", "length": "A: 79 ; B: 93.5", "edge": "", "publications": ""}, "user_id": 528, "task_id": 11025, "created": "2014-08-21T19:12:31.467520", "finish_time": "2014-08-21T19:12:31.467540", "calibration": null, "app_id": 42, "user_ip": null, "timeout": null, "id": 13333}, {"info": {"weight": "", "patina": "", "site": "locality unknown", "surface": "", "toSearch": "", "dateDiscoveryMonth": "None", "objectType": "Arrow heads", "gridRef": "", "geojson": {"geometry": {"type": "Point", "coordinates": [-3.2765753, 54.70235450000004]}, "crs": {"type": "name", "properties": {"name": "urn:ogc:def:crs:OGC:1.3:CRS84"}}, "type": "Feature", "properties": {}}, "thickness": "A: -[;]B: 1[;]C: 8.5", "width": "A: 9[;]B: 10.5[;]C: 21", "other": "", "composition": "", "optionsAccuracy": "100", "associations": "", "Find spot marker": "Find spot marker", "description": "Dark bronze nearly covered with encrusted dark green patina. Small hole in blade through which is a ring holding label.[;]B: In centre of blade is a hole* or depression now filled with a lighter green coloured patina. Smooth thick medium green patina. *Smaller other side[;]C: Smooth. Dark brown thin patina partly covered with light grey green", "collection": "Sold at Sotheby's 22nd July 1926.[;]owner unknown[;]Lot 200", "dateDiscoveryDay": "None", "remarks": "There is another card for this lot (1 item is Roman, & another made of iron) not drawn", "dateDiscoveryYear": "None", "rightCorner": "", "length": "A: 20.5[;]B: 76[;]C: 68", "edge": "", "publications": ""}, "user_id": 64, "task_id": 11026, "created": "2014-08-21T19:16:57.405098", "finish_time": "2014-08-21T19:16:57.405119", "calibration": null, "app_id": 42, "user_ip": null, "timeout": null, "id": 13335}, {"info": {"weight": "24.4", "patina": "Bronze", "site": "locality unknown", "surface": "Slightly pitted", "toSearch": "", "dateDiscoveryMonth": "None", "objectType": "Arrow Head", "gridRef": "", "geojson": {"geometry": {"type": "Point", "coordinates": [-3.2765753, 54.70235450000004]}, "crs": {"type": "name", "properties": {"name": "urn:ogc:def:crs:OGC:1.3:CRS84"}}, "type": "Feature", "properties": {}}, "thickness": "2", "width": "25", "other": "", "composition": "", "optionsAccuracy": "100", "associations": "", "Find spot marker": "Find spot marker", "description": "", "collection": "Carlisle Museum 248[;]R.F.412", "dateDiscoveryDay": "None", "remarks": "", "dateDiscoveryYear": "None", "rightCorner": "", "length": "82", "edge": "", "publications": ""}, "user_id": 64, "task_id": 11027, "created": "2014-08-21T19:18:20.061134", "finish_time": "2014-08-21T19:18:20.061154", "calibration": null, "app_id": 42, "user_ip": null, "timeout": null, "id": 13336}, {"info": {"weight": "7", "patina": "", "site": "", "surface": "", "toSearch": "", "dateDiscoveryMonth": "None", "objectType": "Arrow-head", "gridRef": "", "geojson": {"geometry": {"type": "Point", "coordinates": [-3.2765753, 54.70235450000004]}, "crs": {"type": "name", "properties": {"name": "urn:ogc:def:crs:OGC:1.3:CRS84"}}, "type": "Feature", "properties": {}}, "thickness": "", "width": "", "other": "", "composition": "Bronze", "optionsAccuracy": "100", "associations": "", "Find spot marker": "Find spot marker", "description": "", "collection": "B'ham Natural History Museum", "dateDiscoveryDay": "None", "remarks": "No particulars on this whatever", "dateDiscoveryYear": "None", "rightCorner": "", "length": "45", "edge": "", "publications": ""}, "user_id": 64, "task_id": 11028, "created": "2014-08-21T19:20:26.157648", "finish_time": "2014-08-21T19:20:26.157671", "calibration": null, "app_id": 42, "user_ip": null, "timeout": null, "id": 13337}, {"info": {"weight": "", "patina": "", "site": "locality unknown", "surface": "", "toSearch": "", "dateDiscoveryMonth": "None", "objectType": "Arrowheads", "gridRef": "", "geojson": {"geometry": {"type": "Point", "coordinates": [-3.2765753, 54.70235450000004]}, "crs": {"type": "name", "properties": {"name": "urn:ogc:def:crs:OGC:1.3:CRS84"}}, "type": "Feature", "properties": {}}, "thickness": "", "width": "A: blade 10 socket 6[;]B: blade 11 socket 6[;]C: blade 10 socket 6[;]D: blade 12 socket 9", "other": "", "composition": "", "optionsAccuracy": "100", "associations": "", "Find spot marker": "Find spot marker", "description": "A: Flanged. broken tip[;]B: Light green patina[;]C: Good condition sharp edges & point[;]D: broken & cracked. corroded", "collection": "Museum Observatory Dumfries", "dateDiscoveryDay": "None", "remarks": "", "dateDiscoveryYear": "None", "rightCorner": "", "length": "A: 28[;]B: 29[;]C: 36[;]D: 38", "edge": "", "publications": "Reports on Local Museums in Scotland. Anderson & Black 1887. p415-6"}, "user_id": 64, "task_id": 11029, "created": "2014-08-21T19:24:54.340117", "finish_time": "2014-08-21T19:24:54.340138", "calibration": null, "app_id": 42, "user_ip": null, "timeout": null, "id": 13338}, {"info": {"weight": "", "patina": "rough patina in places", "site": "locality unknown", "surface": "", "toSearch": "", "dateDiscoveryMonth": "None", "objectType": "Arrow head", "gridRef": "", "geojson": {"geometry": {"type": "Point", "coordinates": [-3.2765753, 54.70235450000004]}, "crs": {"type": "name", "properties": {"name": "urn:ogc:def:crs:OGC:1.3:CRS84"}}, "type": "Feature", "properties": {}}, "thickness": "", "width": "10.5 blade", "other": "", "composition": "", "optionsAccuracy": "100", "associations": "", "Find spot marker": "Find spot marker", "description": "Edges damaged. One flange bent over.", "collection": "Peabody Museum[;]Harvard University[;]Cambridge. Mass.[;]Bequest of Prof. Hy. W. Haynes 1912", "dateDiscoveryDay": "None", "remarks": "", "dateDiscoveryYear": "None", "rightCorner": "", "length": "35", "edge": "", "publications": ""}, "user_id": 64, "task_id": 11030, "created": "2014-08-21T19:27:20.833325", "finish_time": "2014-08-21T19:27:20.833345", "calibration": null, "app_id": 42, "user_ip": null, "timeout": null, "id": 13339}, {"info": {"weight": "", "patina": "very heavy", "site": "locality unknown", "surface": "", "toSearch": "", "dateDiscoveryMonth": "None", "objectType": "Arrow head", "gridRef": "", "geojson": {"geometry": {"type": "Point", "coordinates": [-3.2765753, 54.70235450000004]}, "crs": {"type": "name", "properties": {"name": "urn:ogc:def:crs:OGC:1.3:CRS84"}}, "type": "Feature", "properties": {}}, "thickness": "", "width": "blade 11", "other": "", "composition": "", "optionsAccuracy": "100", "associations": "", "Find spot marker": "Find spot marker", "description": "", "collection": "Peabody Museum[;]Harvard University[;]Cambridhe. Mass.[;]Bequest of Prof. Hy. W. Haynes 1912", "dateDiscoveryDay": "None", "remarks": "", "dateDiscoveryYear": "None", "rightCorner": "", "length": "28", "edge": "", "publications": ""}, "user_id": 64, "task_id": 11031, "created": "2014-08-21T19:28:51.702664", "finish_time": "2014-08-21T19:28:51.702685", "calibration": null, "app_id": 42, "user_ip": null, "timeout": null, "id": 13340}, {"info": {"weight": "", "patina": "medium", "site": "locality unknown", "surface": "", "toSearch": "", "dateDiscoveryMonth": "None", "objectType": "Arrow head", "gridRef": "", "geojson": {"geometry": {"type": "Point", "coordinates": [-3.2765753, 54.70235450000004]}, "crs": {"type": "name", "properties": {"name": "urn:ogc:def:crs:OGC:1.3:CRS84"}}, "type": "Feature", "properties": {}}, "thickness": "4.5 blade", "width": "blade 17", "other": "", "composition": "", "optionsAccuracy": "100", "associations": "", "Find spot marker": "Find spot marker", "description": "", "collection": "Peabody Museum[;]E2350[;]\r\nHarvard University[;]Cambridge Mass[;]Bequest of Prof. Hy. W. Haynes. 1912", "dateDiscoveryDay": "None", "remarks": "", "dateDiscoveryYear": "None", "rightCorner": "", "length": "47", "edge": "", "publications": ""}, "user_id": 64, "task_id": 11032, "created": "2014-08-21T19:30:41.154807", "finish_time": "2014-08-21T19:30:41.154829", "calibration": null, "app_id": 42, "user_ip": null, "timeout": null, "id": 13341}, {"info": {"weight": "", "patina": "medium", "site": "locality unknown", "surface": "", "toSearch": "", "dateDiscoveryMonth": "None", "objectType": "Arrow head", "gridRef": "", "geojson": {"geometry": {"type": "Point", "coordinates": [-3.2765753, 54.70235450000004]}, "crs": {"type": "name", "properties": {"name": "urn:ogc:def:crs:OGC:1.3:CRS84"}}, "type": "Feature", "properties": {}}, "thickness": "", "width": "blade 12", "other": "", "composition": "", "optionsAccuracy": "100", "associations": "", "Find spot marker": "Find spot marker", "description": "", "collection": "Peabody Museum[;]E2233[;]Harvard Museum[;]Cambridge. Mass.[;]Bequest of Prof. Hy. W. Haynes. 1912", "dateDiscoveryDay": "None", "remarks": "", "dateDiscoveryYear": "None", "rightCorner": "", "length": "32", "edge": "", "publications": ""}, "user_id": 64, "task_id": 11033, "created": "2014-08-21T19:32:15.736593", "finish_time": "2014-08-21T19:32:15.736611", "calibration": null, "app_id": 42, "user_ip": null, "timeout": null, "id": 13342}, {"info": {"weight": "8", "patina": "", "site": "unknown", "surface": "", "toSearch": "", "dateDiscoveryMonth": "None", "objectType": "ARROWHEAD", "gridRef": "", "geojson": {"geometry": {"type": "Point", "coordinates": [-3.2765753, 54.70235450000004]}, "crs": {"type": "name", "properties": {"name": "urn:ogc:def:crs:OGC:1.3:CRS84"}}, "type": "Feature", "properties": {}}, "thickness": "", "width": "blade width 16", "other": "Modern card, fields do not match data entry template\r\n", "composition": "", "optionsAccuracy": "100", "associations": "", "Find spot marker": "Find spot marker", "description": "Typology: Arrowhead, tanged with square section tang terminating in flattened end[;]\r\nCondition: complete", "collection": "PRIVATE (1999) Pritchard, Mr D[;]20 Rushton Crescent, Bournemouth[;]BH3 7AF", "dateDiscoveryDay": "None", "remarks": "", "dateDiscoveryYear": "None", "rightCorner": "", "length": "79[;]length of tang 35", "edge": "", "publications": ""}, "user_id": 64, "task_id": 11034, "created": "2014-08-21T19:35:15.583799", "finish_time": "2014-08-21T19:35:15.583817", "calibration": null, "app_id": 42, "user_ip": null, "timeout": null, "id": 13343}, {"info": {"weight": "", "patina": "A: Some reddish brown patina[;]B: Thin reddish brown patina & dark bronze tang", "site": "locality unknown", "surface": "A: Cleaned. dark golden bronze.[;]B: Smooth", "toSearch": "", "dateDiscoveryMonth": "None", "objectType": "Arrow heads", "gridRef": "", "geojson": {"geometry": {"type": "Point", "coordinates": [-3.2765753, 54.70235450000004]}, "crs": {"type": "name", "properties": {"name": "urn:ogc:def:crs:OGC:1.3:CRS84"}}, "type": "Feature", "properties": {}}, "thickness": "A: 9. 3. 11.5[;]B: 9.75", "width": "A: 18[;]B: 17.25", "other": "", "composition": "", "optionsAccuracy": "100", "associations": "", "Find spot marker": "Find spot marker", "description": "", "collection": "Sold at Sotheby's 22nd July 1926.[;]owner unknown[;]Lot 200", "dateDiscoveryDay": "None", "remarks": "There is another card for this lot (1 item is Roman & another made of iron)[;]not drawn", "dateDiscoveryYear": "None", "rightCorner": "", "length": "A: 94[;]B: 99", "edge": "", "publications": ""}, "user_id": 64, "task_id": 11035, "created": "2014-08-21T19:39:39.630667", "finish_time": "2014-08-21T19:39:39.630687", "calibration": null, "app_id": 42, "user_ip": null, "timeout": null, "id": 13345}, {"info": {"weight": "", "patina": "", "site": "england[;]lancastershire[;]nateby[;]found in a field", "surface": "", "toSearch": "", "dateDiscoveryMonth": "None", "objectType": "ARROWHEAD", "gridRef": "", "geojson": {"geometry": {"type": "Point", "coordinates": [-3.2765753, 54.70235450000004]}, "crs": {"type": "name", "properties": {"name": "urn:ogc:def:crs:OGC:1.3:CRS84"}}, "type": "Feature", "properties": {}}, "thickness": "", "width": "", "other": "", "composition": "reported to be of copper", "optionsAccuracy": "100", "associations": "", "Find spot marker": "Find spot marker", "description": "Barbed and tanged Arrowhead", "collection": "?", "dateDiscoveryDay": "None", "remarks": "info from Dr A J White[;]Lancaster Museums Service", "dateDiscoveryYear": "None", "rightCorner": "", "length": "", "edge": "", "publications": ""}, "user_id": 64, "task_id": 11036, "created": "2014-08-21T19:41:58.147003", "finish_time": "2014-08-21T19:41:58.147024", "calibration": null, "app_id": 42, "user_ip": null, "timeout": null, "id": 13346}, {"info": {"weight": "", "patina": "", "site": "locality unknown", "surface": "", "toSearch": "", "dateDiscoveryMonth": "None", "objectType": "Arrow heads.", "gridRef": "", "geojson": {"geometry": {"type": "Point", "coordinates": [-3.2765753, 54.70235450000004]}, "crs": {"type": "name", "properties": {"name": "urn:ogc:def:crs:OGC:1.3:CRS84"}}, "type": "Feature", "properties": {}}, "thickness": "A /[;]B 1mm (just over)[;]C 8.5", "width": "A 9[;]B 10.5[;]C 21", "other": "No accuracy on geolocation reference.[;]3 arrowheads drawn on reverse.[;]A. Triangular, tri-bladed arrowhead with central socket?, roughly triangular on side profile.  Has text \"hole\" pointing to small hole on bottom of blade. Very vague possible barbs.[;]B. Quite long, almost spoon-shaped. Tang extremely long with text \"round section\" point toward end, tang slightly bent to one side. Blade is oval-shaped with a triangular tip attached to one end.[;]C. 3 cross section drawings.  Tanged and barbed. Pointed tip, roughly triangular.", "composition": "", "optionsAccuracy": "1000", "associations": "", "Find spot marker": "Find spot marker", "description": "A. Dark bronze. nearly covered with encrusted dark green patina. Small hole in blade through which is a ring holding label[;]B. In centre of blade is a hole* or depression. now filled with a lighter green coloured patina. Smooth. thick medium green patina. * smaller other side.[;]C. Smooth. Dark brown thin patina, party covered with light grey green.", "collection": "Sold at Sotheby's 22nd July 1926. Lot 200[;]owner unknown", "dateDiscoveryDay": "None", "remarks": "There is another card for this lot (1 item is Roman, & another made of iron). not drawn.", "dateDiscoveryYear": "None", "rightCorner": "", "length": "A 20.5[;]B 76[;]C 68", "edge": "", "publications": ""}, "user_id": 243, "task_id": 11026, "created": "2014-08-21T19:59:35.728617", "finish_time": "2014-08-21T19:59:35.728637", "calibration": null, "app_id": 42, "user_ip": null, "timeout": null, "id": 13348}, {"info": {"weight": "24.4", "patina": "Bronze.", "site": "locality unknown", "surface": "Slightly pitted", "toSearch": "", "dateDiscoveryMonth": "None", "objectType": "Arrow Head.", "gridRef": "", "geojson": {"geometry": {"type": "Point", "coordinates": [-3.2765753, 54.70235450000004]}, "crs": {"type": "name", "properties": {"name": "urn:ogc:def:crs:OGC:1.3:CRS84"}}, "type": "Feature", "properties": {}}, "thickness": "2", "width": "25", "other": "No accuracy on geolocation reference.[;]One side profile drawing on reverse.[;]Blade is diamond-shaped. Midrib extending from tang almost to blade tip. 2 side bevels? on rear portion (facing tang) of blade, bevels (ridges?) connect to tang. Tang nearly as long as blade, widens at butt.", "composition": "", "optionsAccuracy": "10000", "associations": "", "Find spot marker": "Find spot marker", "description": "", "collection": "Carlisle Museum. 248[;]R.F. 412.", "dateDiscoveryDay": "None", "remarks": "", "dateDiscoveryYear": "None", "rightCorner": "", "length": "82", "edge": "", "publications": ""}, "user_id": 243, "task_id": 11027, "created": "2014-08-21T20:01:46.377704", "finish_time": "2014-08-21T20:01:46.377725", "calibration": null, "app_id": 42, "user_ip": null, "timeout": null, "id": 13349}, {"info": {"weight": "7", "patina": "", "site": "", "surface": "", "toSearch": "", "dateDiscoveryMonth": "None", "objectType": "Arrow-head.", "gridRef": "", "geojson": {"geometry": {"type": "Point", "coordinates": [-3.2765753, 54.70235450000004]}, "crs": {"type": "name", "properties": {"name": "urn:ogc:def:crs:OGC:1.3:CRS84"}}, "type": "Feature", "properties": {}}, "thickness": "", "width": "", "other": "3 cross section drawings of arrowhead on reverse with text, \"no73. Jany 21st 1921 E.C. middeton Hardwick RS Streetly.[;]Cross section of blade is diamond shaped, side profile is triangular.[;]Socket below blade with intact mouth, socket appears to create a slight midrib? 2 notches on socket.[;]Tip rounded.", "composition": "Bronze", "optionsAccuracy": "10000", "associations": "", "Find spot marker": "Find spot marker", "description": "", "collection": "Bham Natural History Museum", "dateDiscoveryDay": "None", "remarks": "No particulars or nos whatever", "dateDiscoveryYear": "None", "rightCorner": "", "length": "45", "edge": "", "publications": ""}, "user_id": 243, "task_id": 11028, "created": "2014-08-21T20:06:06.376229", "finish_time": "2014-08-21T20:06:06.376248", "calibration": null, "app_id": 42, "user_ip": null, "timeout": null, "id": 13350}, {"info": {"weight": "", "patina": "", "site": "locality unknown", "surface": "A  small hole in blade through which is a ring holding label B Smooth. thick medium green patina smaller than other side", "toSearch": "", "dateDiscoveryMonth": "None", "objectType": "Arrow heads", "gridRef": "", "geojson": {"geometry": {"type": "Point", "coordinates": [-3.2765753, 54.70235450000002]}, "crs": {"type": "name", "properties": {"name": "urn:ogc:def:crs:OGC:1.3:CRS84"}}, "type": "Feature", "properties": {}}, "thickness": "", "width": "A 9, B 10.5, C 21", "other": "", "composition": "Dark bronze, nearly covered with encrusted dark green patina. B in center of blade is  a hole or depression, now filled with lighter green colored patina. C smooth. dark brown thin patina, partly covered with light grey green", "optionsAccuracy": "100", "associations": "", "Find spot marker": "Find spot marker", "description": "", "collection": "Sold at Sotheby's 22nd July 1926   Lot 200\r\nOwner unknown", "dateDiscoveryDay": "None", "remarks": "There is another card for this lot\r\n(1 item is Roman and another made of iron)\r\nNot drawn", "dateDiscoveryYear": "None", "rightCorner": "", "length": "A 20.5, B 76, C 68", "edge": "", "publications": ""}, "user_id": 482, "task_id": 11026, "created": "2014-08-21T20:07:12.563082", "finish_time": "2014-08-21T20:07:12.563104", "calibration": null, "app_id": 42, "user_ip": null, "timeout": null, "id": 13351}, {"info": {"weight": "24.4", "patina": "Slightly pitted bronze", "site": "locality unknown", "surface": "", "toSearch": "", "dateDiscoveryMonth": "None", "objectType": "Arrow head", "gridRef": "", "geojson": {"geometry": {"type": "Point", "coordinates": [-3.2765753, 54.70235450000002]}, "crs": {"type": "name", "properties": {"name": "urn:ogc:def:crs:OGC:1.3:CRS84"}}, "type": "Feature", "properties": {}}, "thickness": "2", "width": "25", "other": "", "composition": "", "optionsAccuracy": "100", "associations": "", "Find spot marker": "Find spot marker", "description": "", "collection": "Carlisle museum 248 RF 412", "dateDiscoveryDay": "None", "remarks": "", "dateDiscoveryYear": "None", "rightCorner": "", "length": "82", "edge": "", "publications": ""}, "user_id": 482, "task_id": 11027, "created": "2014-08-21T20:11:02.189005", "finish_time": "2014-08-21T20:11:02.189026", "calibration": null, "app_id": 42, "user_ip": null, "timeout": null, "id": 13352}, {"info": {"weight": "A 3.7[;]B 4.5[;]C 2.26[;]D 5.1", "patina": "", "site": "locality unknown", "surface": "", "toSearch": "", "dateDiscoveryMonth": "None", "objectType": "Arrowheads", "gridRef": "", "geojson": {"geometry": {"type": "Point", "coordinates": [-3.2765753, 54.70235450000004]}, "crs": {"type": "name", "properties": {"name": "urn:ogc:def:crs:OGC:1.3:CRS84"}}, "type": "Feature", "properties": {}}, "thickness": "", "width": "Sockets, A 6[;]B 6[;]C 6[;]D 9.", "other": "No accuracy on geolocation reference.[;]4 cross sections of arrowheads on reverse.[;]A. Tri-bladed with socket on lower half of blade, roughly diamond shaped on side profile, blades relatively thick.[;]B. Tri-faced, no distinct blades, pyramid shaped top profile. Appears to be socketed?[;]C. Tri-bladed, socket on lower half of blade. Blades relatively thin, appears to be a more intact version of A.[;]D. Tri-bladed, socket on lower half of blade, socket is fairly large. Roughly diamond shaped on side profile, fairly worn.", "composition": "", "optionsAccuracy": "10000", "associations": "", "Find spot marker": "Find spot marker", "description": "A. Flanged. broken tip[;]B Light green patina[;]C Good condition sharp edges & point.[;]D. broken & cracked. corroded", "collection": "Museum Observatory[;]Dumfries.", "dateDiscoveryDay": "None", "remarks": "", "dateDiscoveryYear": "None", "rightCorner": "", "length": "A 28[;]B 29[;]C 36[;]D 38", "edge": "Blades, A 10[;]B 11[;]C 10[;]D 12", "publications": "Reports on Local Museums in Scotland. Anderson & Bleach 1887. p 415-6"}, "user_id": 243, "task_id": 11029, "created": "2014-08-21T20:11:29.876824", "finish_time": "2014-08-21T20:11:29.876842", "calibration": null, "app_id": 42, "user_ip": null, "timeout": null, "id": 13353}, {"info": {"weight": "", "patina": "rough patina in places", "site": "locality unknown.", "surface": "", "toSearch": "", "dateDiscoveryMonth": "None", "objectType": "Arrowhead.", "gridRef": "Secn.", "geojson": {"geometry": {"type": "Point", "coordinates": [-3.2765753, 54.70235450000004]}, "crs": {"type": "name", "properties": {"name": "urn:ogc:def:crs:OGC:1.3:CRS84"}}, "type": "Feature", "properties": {}}, "thickness": "", "width": "", "other": "3 cross section drawings of arrowhead on reverse.[;]Tri-bladed, socket on lower half.", "composition": "", "optionsAccuracy": "10000", "associations": "", "Find spot marker": "Find spot marker", "description": "Edges damaged. one flange bent over.", "collection": "Peabody Museum[;]E2231[;]Harvard University[;]Cambridge. Mass.[;]Bequest of Prof. Hy. W. Haynes. 1912.", "dateDiscoveryDay": "None", "remarks": "", "dateDiscoveryYear": "None", "rightCorner": "", "length": "35", "edge": "10.5 blade", "publications": ""}, "user_id": 243, "task_id": 11030, "created": "2014-08-21T20:13:10.605887", "finish_time": "2014-08-21T20:13:10.605908", "calibration": null, "app_id": 42, "user_ip": null, "timeout": null, "id": 13354}, {"info": {"weight": "", "patina": "very heavy patina", "site": "locality unknown", "surface": "", "toSearch": "", "dateDiscoveryMonth": "None", "objectType": "Arrow head.", "gridRef": "Secn.", "geojson": {"geometry": {"type": "Point", "coordinates": [-3.2765753, 54.70235450000004]}, "crs": {"type": "name", "properties": {"name": "urn:ogc:def:crs:OGC:1.3:CRS84"}}, "type": "Feature", "properties": {}}, "thickness": "", "width": "", "other": "No accuracy on Geolocation reference.[;]3 cross section drawings of arrowhead on reverse.[;]Roughly diamond shaped on side profile. Tri-bladed, socket on bottom.", "composition": "", "optionsAccuracy": "10000", "associations": "", "Find spot marker": "Find spot marker", "description": "", "collection": "Peabody Museum[;]E2352[;]Harvard University[;]Cambridge. Mass[;]Bequest of Prof. Hy. W. Haynes. 1912.", "dateDiscoveryDay": "None", "remarks": "", "dateDiscoveryYear": "None", "rightCorner": "", "length": "28", "edge": "blade 11", "publications": ""}, "user_id": 243, "task_id": 11031, "created": "2014-08-21T20:14:38.302837", "finish_time": "2014-08-21T20:14:38.302858", "calibration": null, "app_id": 42, "user_ip": null, "timeout": null, "id": 13355}, {"info": {"weight": "A: 3.7 ; B: 4.5 ; C: 2.26 ; D: 5.1", "patina": "", "site": "locality unknown", "surface": "", "toSearch": "", "dateDiscoveryMonth": "None", "objectType": "Arrowheads", "gridRef": "", "geojson": {"geometry": {"type": "Point", "coordinates": [-3.2765753, 54.70235450000002]}, "crs": {"type": "name", "properties": {"name": "urn:ogc:def:crs:OGC:1.3:CRS84"}}, "type": "Feature", "properties": {}}, "thickness": "", "width": "A: blade 10 socket 6 ; B: blade 11 socket 6 ; C: blade 10 socket 6 ; D: blade 12 socket 9", "other": "", "composition": "", "optionsAccuracy": "100", "associations": "", "Find spot marker": "Find spot marker", "description": "A: Flanged, broken tip : B: light green patina ; C: good condition, sharp edges and point ; D: broken and cracked, corroded", "collection": "Museum Observatory, Dumfries", "dateDiscoveryDay": "None", "remarks": "Objects not Georeferenced as find location(s) unknown", "dateDiscoveryYear": "None", "rightCorner": "not stated", "length": "A: 28 ; B: 29 ; C: 36 ; D: 38", "edge": "", "publications": "Reports on Local Museums in Scotland, Anderson and Black, 1887, pp. 415-6"}, "user_id": 528, "task_id": 11029, "created": "2014-08-21T20:14:58.834388", "finish_time": "2014-08-21T20:14:58.834409", "calibration": null, "app_id": 42, "user_ip": null, "timeout": null, "id": 13356}, {"info": {"weight": "", "patina": "medium patina", "site": "locality unknown", "surface": "", "toSearch": "", "dateDiscoveryMonth": "None", "objectType": "Arrow head.", "gridRef": "? original & Secn", "geojson": {"geometry": {"type": "Point", "coordinates": [-3.2765753, 54.70235450000004]}, "crs": {"type": "name", "properties": {"name": "urn:ogc:def:crs:OGC:1.3:CRS84"}}, "type": "Feature", "properties": {}}, "thickness": "4.5 blade", "width": "", "other": "2 cross section drawings of arrowhead on reverse.[;]Top profile is diamond shaped. Side profile is roughly triangular.[;]Arrowhead is tanged, tang appears slightly offset from centre.", "composition": "", "optionsAccuracy": "10000", "associations": "", "Find spot marker": "Find spot marker", "description": "", "collection": "Peabody Museum[;]E2352[;]Harvard University[;]Cambridge. Mass[;]Bequest of Prof. Hy. W. Haynes. 1912.", "dateDiscoveryDay": "None", "remarks": "", "dateDiscoveryYear": "None", "rightCorner": "", "length": "47", "edge": "blade 17", "publications": ""}, "user_id": 243, "task_id": 11032, "created": "2014-08-21T20:16:09.101156", "finish_time": "2014-08-21T20:16:09.101177", "calibration": null, "app_id": 42, "user_ip": null, "timeout": null, "id": 13357}, {"info": {"weight": "", "patina": "medium patina", "site": "locality unknown.", "surface": "", "toSearch": "", "dateDiscoveryMonth": "None", "objectType": "Arrow head.", "gridRef": "", "geojson": {"geometry": {"type": "Point", "coordinates": [-3.2765753, 54.70235450000004]}, "crs": {"type": "name", "properties": {"name": "urn:ogc:def:crs:OGC:1.3:CRS84"}}, "type": "Feature", "properties": {}}, "thickness": "", "width": "", "other": "No accuracy on geolocation reference.[;]3 cross section drawings of arrowhead on reverse.[;]Tri-bladed. Side profile roughly diamond shaped, socket on bottom half of blade.", "composition": "", "optionsAccuracy": "10000", "associations": "", "Find spot marker": "Find spot marker", "description": "", "collection": "Peabody Museum[;]E2233[;]Harvard University[;]Cambridge. Mass[;]Bequest of Prof. Hy. W. Haynes. 1912.", "dateDiscoveryDay": "None", "remarks": "", "dateDiscoveryYear": "None", "rightCorner": "Secn.", "length": "32", "edge": "blade 12", "publications": ""}, "user_id": 243, "task_id": 11033, "created": "2014-08-21T20:17:33.536092", "finish_time": "2014-08-21T20:17:33.536112", "calibration": null, "app_id": 42, "user_ip": null, "timeout": null, "id": 13358}, {"info": {"weight": "8", "patina": "", "site": "unknown", "surface": "", "toSearch": "", "dateDiscoveryMonth": "None", "objectType": "ARROWHEAD", "gridRef": "", "geojson": {"geometry": {"type": "Point", "coordinates": [-3.2765753, 54.70235450000004]}, "crs": {"type": "name", "properties": {"name": "urn:ogc:def:crs:OGC:1.3:CRS84"}}, "type": "Feature", "properties": {}}, "thickness": "", "width": "", "other": "No accuracy in geolocation reference.[;]1 side profile picture of arrowhead on reverse.", "composition": "", "optionsAccuracy": "10000", "associations": "?", "Find spot marker": "Find spot marker", "description": "Arrowhead, tanged with square section tang terminating in flattened end.[;]CONDITION: complete", "collection": "PRIVATE (1999), Pritchard, Mr D[;]20 Rushton Crescent, Bournmouth[;]BH3 7AF", "dateDiscoveryDay": "None", "remarks": "Purchased by Mr Pritchard.", "dateDiscoveryYear": "None", "rightCorner": "", "length": "79[;]Length of Tang 35", "edge": "Blade 16", "publications": ""}, "user_id": 243, "task_id": 11034, "created": "2014-08-21T20:19:40.844112", "finish_time": "2014-08-21T20:19:40.844132", "calibration": null, "app_id": 42, "user_ip": null, "timeout": null, "id": 13359}, {"info": {"weight": "", "patina": "", "site": "locality unknown.", "surface": "A. Cleaned. dark golden bronze Some reddish brown patina[;]B. Smooth. thin reddish brown patina. & dark bronze tang", "toSearch": "", "dateDiscoveryMonth": "None", "objectType": "Arrowheads.", "gridRef": "", "geojson": {"geometry": {"type": "Point", "coordinates": [-3.2765753, 54.70235450000004]}, "crs": {"type": "name", "properties": {"name": "urn:ogc:def:crs:OGC:1.3:CRS84"}}, "type": "Feature", "properties": {}}, "thickness": "A 9., 3, 11.5[;]B 9.75", "width": "A 18[;]B 17.25", "other": "No accuracy on geolocation reference.[;]Cross section drawings of 2 arrowheads on reverse.[;]A. 3 cross section drawings (other two probably apply to both objects) with text, \"11.5 thick\" pointing to blade just above tang. Tang quite long. Arrowhead is barbed, barbs fairly long. Roughly triangular side profile. Top profile is diamond shaped.[;]B. 1 side profile drawing with text \"9.75 thick\" pointing to blade just above tang, and also \"tang bent\" pointing to tang. Tang quite long. Arrowhead is barbed. Roughly triangular side profile, with blade rounding toward tip but still ending in point.", "composition": "", "optionsAccuracy": "10000", "associations": "", "Find spot marker": "Find spot marker", "description": "", "collection": "Sold at Sotheby's[;]22nd July 1926. Lot 200.[;]owner unknown", "dateDiscoveryDay": "None", "remarks": "There is another card for this lot. (1 item is Roman. & another made of iron) not drawn", "dateDiscoveryYear": "None", "rightCorner": "", "length": "A 94[;]B 99", "edge": "", "publications": ""}, "user_id": 243, "task_id": 11035, "created": "2014-08-21T20:25:14.111164", "finish_time": "2014-08-21T20:25:14.111184", "calibration": null, "app_id": 42, "user_ip": null, "timeout": null, "id": 13360}, {"info": {"weight": "", "patina": "in places", "site": "locality unknown", "surface": "Rough", "toSearch": "", "dateDiscoveryMonth": "None", "objectType": "Arrow Head", "gridRef": "", "geojson": {"geometry": {"type": "Point", "coordinates": [-3.2765753, 54.70235450000002]}, "crs": {"type": "name", "properties": {"name": "urn:ogc:def:crs:OGC:1.3:CRS84"}}, "type": "Feature", "properties": {}}, "thickness": "", "width": "10.5", "other": "", "composition": "Edges damaged. One flange bent over", "optionsAccuracy": "100", "associations": "", "Find spot marker": "Find spot marker", "description": "", "collection": "Peabody Museum  E 2231\r\nHarvard University\r\nCambridge, Mass.\r\nBequest of Prof. Hy, W Haynes 1912", "dateDiscoveryDay": "None", "remarks": "", "dateDiscoveryYear": "None", "rightCorner": "", "length": "35", "edge": "", "publications": ""}, "user_id": 482, "task_id": 11030, "created": "2014-08-21T20:26:32.032237", "finish_time": "2014-08-21T20:26:32.032257", "calibration": null, "app_id": 42, "user_ip": null, "timeout": null, "id": 13362}, {"info": {"weight": "", "patina": "", "site": "england[;]lancastershire[;]nateby[;]found in a field", "surface": "", "toSearch": "nateby", "dateDiscoveryMonth": "None", "objectType": "ARROWHEAD", "gridRef": "", "geojson": {"geometry": {"type": "Point", "coordinates": [-2.3471451476074225, 54.45716346065859]}, "crs": {"type": "name", "properties": {"name": "urn:ogc:def:crs:OGC:1.3:CRS84"}}, "type": "Feature", "properties": {}}, "thickness": "", "width": "", "other": "No drawing on reverse.", "composition": "reported to be copper", "optionsAccuracy": "1000", "associations": "?", "Find spot marker": "Find spot marker", "description": "Barbed and tanged Arrowhead", "collection": "?", "dateDiscoveryDay": "None", "remarks": "", "dateDiscoveryYear": "None", "rightCorner": "", "length": "", "edge": "", "publications": "info from Dr A.S. White[;]Lancaster Museum Senate"}, "user_id": 243, "task_id": 11036, "created": "2014-08-21T20:26:50.009245", "finish_time": "2014-08-21T20:26:50.009267", "calibration": null, "app_id": 42, "user_ip": null, "timeout": null, "id": 13363}, {"info": {"weight": "14.17", "patina": "dark green", "site": "wales.[;]glamorgan[;]penard[;]langrove", "surface": "Smooth with slt. encrustment of emerald green at the point. ", "toSearch": "penarth", "dateDiscoveryMonth": "None", "objectType": "Arrowhead.", "gridRef": "", "geojson": {"geometry": {"type": "Point", "coordinates": [-3.1733022999999996, 51.43596800000002]}, "crs": {"type": "name", "properties": {"name": "urn:ogc:def:crs:OGC:1.3:CRS84"}}, "type": "Feature", "properties": {}}, "thickness": "8[;]10.5", "width": "", "other": "Limited confidence in geolocation accuracy.[;]Penard is written over \"Langrove Goven\"? on Site.[;]2 cross section drawings of arrowhead on reverse.[;]2 bladed with midrib?[;]Tanged[;]Barbed, but one barb has been completely broken away and lost.[;]Side profile is fairly triangular with intact tip.", "composition": "", "optionsAccuracy": "10000", "associations": "One of a hoard", "Find spot marker": "Find spot marker", "description": "", "collection": "National Museum of Wales. 15. 277/3[;]donor Miss. Emily Talbot", "dateDiscoveryDay": "None", "remarks": "", "dateDiscoveryYear": "None", "rightCorner": "{Red Dot}", "length": "54", "edge": "blade (at section) 16.5", "publications": "Pw, No. 535"}, "user_id": 243, "task_id": 11037, "created": "2014-08-21T20:32:50.719153", "finish_time": "2014-08-21T20:32:50.719174", "calibration": null, "app_id": 42, "user_ip": null, "timeout": null, "id": 13366}, {"info": {"weight": "14.17", "patina": "dark green", "site": "wales.[;]glamorgan[;]penard[;]langrove", "surface": "smooth with slt. encrustment of emerald green at the point.", "toSearch": "penarth", "dateDiscoveryMonth": "None", "objectType": "Arrowhead.", "gridRef": "", "geojson": {"geometry": {"type": "Point", "coordinates": [-3.1733022999999996, 51.43596800000002]}, "crs": {"type": "name", "properties": {"name": "urn:ogc:def:crs:OGC:1.3:CRS84"}}, "type": "Feature", "properties": {}}, "thickness": "8[;]10.5", "width": "", "other": "Limited confidence in geolocation accuracy.[;]Card is exact duplicate of - https://www.flickr.com/photos/MicroPasts/14739519088/sizes/k/", "composition": "", "optionsAccuracy": "10000", "associations": "One of a hoard", "Find spot marker": "Find spot marker", "description": "", "collection": "National Museum of Wales. 15. 277/3[;]donor Miss Emily Talbot", "dateDiscoveryDay": "None", "remarks": "", "dateDiscoveryYear": "None", "rightCorner": "{Red Dot}", "length": "54", "edge": "blade (at section) 16.5", "publications": "Pw, No. 535"}, "user_id": 243, "task_id": 11038, "created": "2014-08-21T20:35:03.343163", "finish_time": "2014-08-21T20:35:03.343184", "calibration": null, "app_id": 42, "user_ip": null, "timeout": null, "id": 13368}, {"info": {"weight": "", "patina": "", "site": "england[;]lancastershire[;]nateby", "surface": "", "toSearch": "nateby", "dateDiscoveryMonth": "None", "objectType": "ARROWHEAD", "gridRef": "", "geojson": {"geometry": {"type": "Point", "coordinates": [-2.3472738936401365, 54.45696388272155]}, "crs": {"type": "name", "properties": {"name": "urn:ogc:def:crs:OGC:1.3:CRS84"}}, "type": "Feature", "properties": {}}, "thickness": "", "width": "", "other": "No drawing on reverse.[;]Card is an exact duplicate of another in this set.", "composition": "reported to be of copper", "optionsAccuracy": "1000", "associations": "", "Find spot marker": "Find spot marker", "description": "Barbed and tanged Arrowhead", "collection": "?", "dateDiscoveryDay": "None", "remarks": "", "dateDiscoveryYear": "None", "rightCorner": "", "length": "", "edge": "", "publications": "info from Dr A S White[;]Lancaster Museum Senate"}, "user_id": 243, "task_id": 11039, "created": "2014-08-21T20:36:19.323248", "finish_time": "2014-08-21T20:36:19.323268", "calibration": null, "app_id": 42, "user_ip": null, "timeout": null, "id": 13370}, {"info": {"weight": "14.17", "patina": "Dark green", "site": "wales[;] glamorgan[;] penard[;] langrove", "surface": "Smooth with slight encrustment of emerald green at the point.", "toSearch": "glamorgan, wales", "dateDiscoveryMonth": "None", "objectType": "Arrowhead", "gridRef": "", "geojson": {"geometry": {"type": "Point", "coordinates": [-3.9507090999999996, 51.61450799999999]}, "crs": {"type": "name", "properties": {"name": "urn:ogc:def:crs:OGC:1.3:CRS84"}}, "type": "Feature", "properties": {}}, "thickness": "8[;] 10.5", "width": "Blade (at section) 16.5", "other": "", "composition": "", "optionsAccuracy": "10000", "associations": "One of a hoard", "Find spot marker": "Find spot marker", "description": "", "collection": "National Museum of Wales 15.277/3 Donor Miss Emily Talbot", "dateDiscoveryDay": "None", "remarks": "", "dateDiscoveryYear": "None", "rightCorner": "Red Dot", "length": "54", "edge": "", "publications": "PW Number 535"}, "user_id": 1, "task_id": 11037, "created": "2014-08-21T21:24:57.287734", "finish_time": "2014-08-21T21:24:57.287756", "calibration": null, "app_id": 42, "user_ip": null, "timeout": null, "id": 13375}, {"info": {"weight": "14.17", "patina": "dark green", "site": "wales, glamorgan, penard, langrove", "surface": "Smooth with sl[igh]t encrustment  of emerald green at the point.", "toSearch": "gower glamorgan", "dateDiscoveryMonth": "None", "objectType": "Arrowhead", "gridRef": "", "geojson": {"geometry": {"type": "Point", "coordinates": [-3.8781561450562, 51.61800124999997]}, "crs": {"type": "name", "properties": {"name": "urn:ogc:def:crs:OGC:1.3:CRS84"}}, "type": "Feature", "properties": {}}, "thickness": "8  10.5", "width": "16.5", "other": "", "composition": "", "optionsAccuracy": "1000", "associations": "One of a hoard", "Find spot marker": "Find spot marker", "description": "", "collection": "National Museum of Wales. 15. 277\r\ndonor Miss Emily Talbot", "dateDiscoveryDay": "None", "remarks": "", "dateDiscoveryYear": "None", "rightCorner": "", "length": "54", "edge": "", "publications": ""}, "user_id": 482, "task_id": 11037, "created": "2014-08-21T21:34:16.386998", "finish_time": "2014-08-21T21:34:16.387020", "calibration": null, "app_id": 42, "user_ip": null, "timeout": null, "id": 13376}, {"info": {"weight": "", "patina": "", "site": "england[;]lancashire[;]nateby", "surface": "", "toSearch": "nateby, england", "dateDiscoveryMonth": "None", "objectType": "Arrowhead", "gridRef": "", "geojson": {"geometry": {"type": "Point", "coordinates": [-2.3486901, 54.4562903]}, "crs": {"type": "name", "properties": {"name": "urn:ogc:def:crs:OGC:1.3:CRS84"}}, "type": "Feature", "properties": {}}, "thickness": "", "width": "", "other": "Discovery: Found in a field", "composition": "", "optionsAccuracy": "1000", "associations": "", "Find spot marker": "Find spot marker", "description": "Barbed and tanged arrowhead", "collection": "?", "dateDiscoveryDay": "None", "remarks": "", "dateDiscoveryYear": "None", "rightCorner": "", "length": "", "edge": "", "publications": "Info from Dr AJ White Lancaster Museums Service"}, "user_id": 1, "task_id": 11039, "created": "2014-08-21T21:40:41.013667", "finish_time": "2014-08-21T21:40:41.013687", "calibration": null, "app_id": 42, "user_ip": null, "timeout": null, "id": 13377}, {"info": {"weight": "14.17", "patina": "dark green", "site": "wales.[;]glamorgan[;]penard[;]langrove", "surface": "smooth with slt. encrustment of emerald green at the point.", "toSearch": "swansea", "dateDiscoveryMonth": "None", "objectType": "Arrowhead.", "gridRef": "", "geojson": {"geometry": {"type": "Point", "coordinates": [-4.073804518945316, 51.58436008835528]}, "crs": {"type": "name", "properties": {"name": "urn:ogc:def:crs:OGC:1.3:CRS84"}}, "type": "Feature", "properties": {}}, "thickness": "8[;]10.5", "width": "", "other": "", "composition": "", "optionsAccuracy": "10000", "associations": "One of a hoard", "Find spot marker": "Find spot marker", "description": "", "collection": "National Museum of Wales. 15.277/3[;]donor Miss. Emily Talbot", "dateDiscoveryDay": "None", "remarks": "", "dateDiscoveryYear": "None", "rightCorner": "", "length": "54", "edge": "blade (at section) 16.5", "publications": "PW, No. 535"}, "user_id": 181, "task_id": 11038, "created": "2014-08-22T02:39:25.746444", "finish_time": "2014-08-22T02:39:25.746465", "calibration": null, "app_id": 42, "user_ip": null, "timeout": null, "id": 13390}]