[{"info": {"url": "https://farm6.staticflickr.com/5727/20845014163_90810617be.jpg", "url_m": "https://farm6.staticflickr.com/5727/20845014163_90810617be_m.jpg", "link": "https://www.flickr.com/photos/115096994@N02/20845014163", "url_b": "https://farm6.staticflickr.com/5727/20845014163_90810617be_b.jpg", "title": "Antrim_HatchetAxe0001_Antrim_HatchetAxe0002_fb"}, "n_answers": 3, "quorum": 0, "calibration": 0, "created": "2015-09-16T13:50:58.081567", "state": "completed", "project_id": 250, "id": 44898, "priority_0": 0.0}, {"info": {"url": "https://farm1.staticflickr.com/563/21455124212_ca4691686f.jpg", "url_m": "https://farm1.staticflickr.com/563/21455124212_ca4691686f_m.jpg", "link": "https://www.flickr.com/photos/115096994@N02/21455124212", "url_b": "https://farm1.staticflickr.com/563/21455124212_ca4691686f_b.jpg", "title": "Antrim_HatchetAxe0003_Antrim_HatchetAxe0004_fb"}, "n_answers": 3, "quorum": 0, "calibration": 0, "created": "2015-09-16T13:50:58.130771", "state": "completed", "project_id": 250, "id": 44899, "priority_0": 0.0}, {"info": {"url": "https://farm6.staticflickr.com/5656/21278053600_8ee8453a45.jpg", "url_m": "https://farm6.staticflickr.com/5656/21278053600_8ee8453a45_m.jpg", "link": "https://www.flickr.com/photos/115096994@N02/21278053600", "url_b": "https://farm6.staticflickr.com/5656/21278053600_8ee8453a45_b.jpg", "title": "Antrim_SocketAxeUII30001_Antrim_SocketAxeUII30002_fb"}, "n_answers": 3, "quorum": 0, "calibration": 0, "created": "2015-09-16T13:50:58.162640", "state": "completed", "project_id": 250, "id": 44900, "priority_0": 0.0}, {"info": {"url": "https://farm6.staticflickr.com/5773/21455123922_89df148696.jpg", "url_m": "https://farm6.staticflickr.com/5773/21455123922_89df148696_m.jpg", "link": "https://www.flickr.com/photos/115096994@N02/21455123922", "url_b": "https://farm6.staticflickr.com/5773/21455123922_89df148696_b.jpg", "title": "Antrim_SocketAxeUII30003_Antrim_SocketAxeUII30004_fb"}, "n_answers": 3, "quorum": 0, "calibration": 0, "created": "2015-09-16T13:50:58.194037", "state": "completed", "project_id": 250, "id": 44901, "priority_0": 0.0}, {"info": {"url": "https://farm1.staticflickr.com/754/20845014343_3df77d68d5.jpg", "url_m": "https://farm1.staticflickr.com/754/20845014343_3df77d68d5_m.jpg", "link": "https://www.flickr.com/photos/115096994@N02/20845014343", "url_b": "https://farm1.staticflickr.com/754/20845014343_3df77d68d5_b.jpg", "title": "Antrim_SocketAxeUIIfrag0001_Antrim_SocketAxeUIIfrag0002_fb"}, "n_answers": 3, "quorum": 0, "calibration": 0, "created": "2015-09-16T13:50:58.227346", "state": "completed", "project_id": 250, "id": 44902, "priority_0": 0.0}, {"info": {"url": "https://farm6.staticflickr.com/5715/21279195149_ebd629998d.jpg", "url_m": "https://farm6.staticflickr.com/5715/21279195149_ebd629998d_m.jpg", "link": "https://www.flickr.com/photos/115096994@N02/21279195149", "url_b": "https://farm6.staticflickr.com/5715/21279195149_ebd629998d_b.jpg", "title": "Antrim_SocketAxeUT30001_Antrim_SocketAxeUT30002_fb"}, "n_answers": 3, "quorum": 0, "calibration": 0, "created": "2015-09-16T13:50:58.254344", "state": "completed", "project_id": 250, "id": 44903, "priority_0": 0.0}, {"info": {"url": "https://farm6.staticflickr.com/5641/21439881136_7a0cfd5479.jpg", "url_m": "https://farm6.staticflickr.com/5641/21439881136_7a0cfd5479_m.jpg", "link": "https://www.flickr.com/photos/115096994@N02/21439881136", "url_b": "https://farm6.staticflickr.com/5641/21439881136_7a0cfd5479_b.jpg", "title": "Antrim_SocketAxeUT30003_Antrim_SocketAxeUT30004_fb"}, "n_answers": 3, "quorum": 0, "calibration": 0, "created": "2015-09-16T13:50:58.285474", "state": "completed", "project_id": 250, "id": 44904, "priority_0": 0.0}, {"info": {"url": "https://farm6.staticflickr.com/5723/21279194809_c3ac4bf2b0.jpg", "url_m": "https://farm6.staticflickr.com/5723/21279194809_c3ac4bf2b0_m.jpg", "link": "https://www.flickr.com/photos/115096994@N02/21279194809", "url_b": "https://farm6.staticflickr.com/5723/21279194809_c3ac4bf2b0_b.jpg", "title": "Antrim_SocketAxeUT30005_Antrim_SocketAxeUT30006_fb"}, "n_answers": 3, "quorum": 0, "calibration": 0, "created": "2015-09-16T13:50:58.312493", "state": "completed", "project_id": 250, "id": 44905, "priority_0": 0.0}, {"info": {"url": "https://farm6.staticflickr.com/5690/21474678751_937300c9b9.jpg", "url_m": "https://farm6.staticflickr.com/5690/21474678751_937300c9b9_m.jpg", "link": "https://www.flickr.com/photos/115096994@N02/21474678751", "url_b": "https://farm6.staticflickr.com/5690/21474678751_937300c9b9_b.jpg", "title": "Antrim_SocketAxeUT30007_Antrim_SocketAxeUT30008_fb"}, "n_answers": 3, "quorum": 0, "calibration": 0, "created": "2015-09-16T13:50:58.345384", "state": "completed", "project_id": 250, "id": 44906, "priority_0": 0.0}, {"info": {"url": "https://farm6.staticflickr.com/5807/20843396074_c441aed601.jpg", "url_m": "https://farm6.staticflickr.com/5807/20843396074_c441aed601_m.jpg", "link": "https://www.flickr.com/photos/115096994@N02/20843396074", "url_b": "https://farm6.staticflickr.com/5807/20843396074_c441aed601_b.jpg", "title": "Antrim_UnloopedSocketAxe0001_Antrim_UnloopedSocketAxe0002_fb"}, "n_answers": 3, "quorum": 0, "calibration": 0, "created": "2015-09-16T13:50:58.376772", "state": "completed", "project_id": 250, "id": 44907, "priority_0": 0.0}, {"info": {"url": "https://farm1.staticflickr.com/726/21439880756_5246106050.jpg", "url_m": "https://farm1.staticflickr.com/726/21439880756_5246106050_m.jpg", "link": "https://www.flickr.com/photos/115096994@N02/21439880756", "url_b": "https://farm1.staticflickr.com/726/21439880756_5246106050_b.jpg", "title": "Armagh_SocketAxeUII30001_Armagh_SocketAxeUII30002_fb"}, "n_answers": 3, "quorum": 0, "calibration": 0, "created": "2015-09-16T13:50:58.426510", "state": "completed", "project_id": 250, "id": 44908, "priority_0": 0.0}, {"info": {"url": "https://farm1.staticflickr.com/577/21278052800_24ffb912bd.jpg", "url_m": "https://farm1.staticflickr.com/577/21278052800_24ffb912bd_m.jpg", "link": "https://www.flickr.com/photos/115096994@N02/21278052800", "url_b": "https://farm1.staticflickr.com/577/21278052800_24ffb912bd_b.jpg", "title": "Armagh_SocketAxeUIII20001_Armagh_SocketAxeUIII20002_fb"}, "n_answers": 3, "quorum": 0, "calibration": 0, "created": "2015-09-16T13:50:58.453946", "state": "completed", "project_id": 250, "id": 44909, "priority_0": 0.0}, {"info": {"url": "https://farm6.staticflickr.com/5651/21278052790_9bc7edde75.jpg", "url_m": "https://farm6.staticflickr.com/5651/21278052790_9bc7edde75_m.jpg", "link": "https://www.flickr.com/photos/115096994@N02/21278052790", "url_b": "https://farm6.staticflickr.com/5651/21278052790_9bc7edde75_b.jpg", "title": "Armagh_SocketAxeUT30001_Armagh_SocketAxeUT30002_fb"}, "n_answers": 3, "quorum": 0, "calibration": 0, "created": "2015-09-16T13:50:58.485157", "state": "completed", "project_id": 250, "id": 44910, "priority_0": 0.0}, {"info": {"url": "https://farm6.staticflickr.com/5751/21474677961_31c0dc43cd.jpg", "url_m": "https://farm6.staticflickr.com/5751/21474677961_31c0dc43cd_m.jpg", "link": "https://www.flickr.com/photos/115096994@N02/21474677961", "url_b": "https://farm6.staticflickr.com/5751/21474677961_31c0dc43cd_b.jpg", "title": "Armagh_SocketAxeUT30003_Armagh_SocketAxeUT30004_fb"}, "n_answers": 3, "quorum": 0, "calibration": 0, "created": "2015-09-16T13:50:58.511914", "state": "completed", "project_id": 250, "id": 44911, "priority_0": 0.0}, {"info": {"url": "https://farm1.staticflickr.com/587/21279194099_70ca67a568.jpg", "url_m": "https://farm1.staticflickr.com/587/21279194099_70ca67a568_m.jpg", "link": "https://www.flickr.com/photos/115096994@N02/21279194099", "url_b": "https://farm1.staticflickr.com/587/21279194099_70ca67a568_b.jpg", "title": "Carlow_SocketAxeUII10001_Carlow_SocketAxeUII10002_fb"}, "n_answers": 3, "quorum": 0, "calibration": 0, "created": "2015-09-16T13:50:58.543307", "state": "completed", "project_id": 250, "id": 44912, "priority_0": 0.0}, {"info": {"url": "https://farm6.staticflickr.com/5758/21278052810_65be20983c.jpg", "url_m": "https://farm6.staticflickr.com/5758/21278052810_65be20983c_m.jpg", "link": "https://www.flickr.com/photos/115096994@N02/21278052810", "url_b": "https://farm6.staticflickr.com/5758/21278052810_65be20983c_b.jpg", "title": "Clare_SocketAxeUII20001_Clare_SocketAxeUII20002_fb"}, "n_answers": 3, "quorum": 0, "calibration": 0, "created": "2015-09-16T13:50:58.570174", "state": "completed", "project_id": 250, "id": 44913, "priority_0": 0.0}, {"info": {"url": "https://farm1.staticflickr.com/602/21278266158_2e7db8fb6e.jpg", "url_m": "https://farm1.staticflickr.com/602/21278266158_2e7db8fb6e_m.jpg", "link": "https://www.flickr.com/photos/115096994@N02/21278266158", "url_b": "https://farm1.staticflickr.com/602/21278266158_2e7db8fb6e_b.jpg", "title": "Clwyd_MiscDirk0001_Clwyd_MiscDirk0002_fb"}, "n_answers": 3, "quorum": 0, "calibration": 0, "created": "2015-09-16T13:50:58.601428", "state": "completed", "project_id": 250, "id": 44914, "priority_0": 0.0}, {"info": {"url": "https://farm1.staticflickr.com/645/21279193749_d1baaea5c6.jpg", "url_m": "https://farm1.staticflickr.com/645/21279193749_d1baaea5c6_m.jpg", "link": "https://www.flickr.com/photos/115096994@N02/21279193749", "url_b": "https://farm1.staticflickr.com/645/21279193749_d1baaea5c6_b.jpg", "title": "Clwyd_MiscSpearhead0001_Clwyd_MiscSpearhead0002_fb"}, "n_answers": 3, "quorum": 0, "calibration": 0, "created": "2015-09-16T13:50:58.629056", "state": "completed", "project_id": 250, "id": 44915, "priority_0": 0.0}, {"info": {"url": "https://farm1.staticflickr.com/635/21455122792_499e6549ac.jpg", "url_m": "https://farm1.staticflickr.com/635/21455122792_499e6549ac_m.jpg", "link": "https://www.flickr.com/photos/115096994@N02/21455122792", "url_b": "https://farm1.staticflickr.com/635/21455122792_499e6549ac_b.jpg", "title": "Cork_SocketAxeUT20001_Cork_SocketAxeUT20002_fb"}, "n_answers": 3, "quorum": 0, "calibration": 0, "created": "2015-09-16T13:50:58.659654", "state": "completed", "project_id": 250, "id": 44916, "priority_0": 0.0}, {"info": {"url": "https://farm1.staticflickr.com/678/21439880096_e310e174c0.jpg", "url_m": "https://farm1.staticflickr.com/678/21439880096_e310e174c0_m.jpg", "link": "https://www.flickr.com/photos/115096994@N02/21439880096", "url_b": "https://farm1.staticflickr.com/678/21439880096_e310e174c0_b.jpg", "title": "Cork_SocketAxeUT30001_Cork_SocketAxeUT30002_fb"}, "n_answers": 3, "quorum": 0, "calibration": 0, "created": "2015-09-16T13:50:58.687258", "state": "completed", "project_id": 250, "id": 44917, "priority_0": 0.0}, {"info": {"url": "https://farm1.staticflickr.com/741/21279193509_c6aa3d360e.jpg", "url_m": "https://farm1.staticflickr.com/741/21279193509_c6aa3d360e_m.jpg", "link": "https://www.flickr.com/photos/115096994@N02/21279193509", "url_b": "https://farm1.staticflickr.com/741/21279193509_c6aa3d360e_b.jpg", "title": "Derry_MiscCastFrag0001_Derry_MiscCastFrag0002_fb"}, "n_answers": 3, "quorum": 0, "calibration": 0, "created": "2015-09-16T13:50:58.718049", "state": "completed", "project_id": 250, "id": 44918, "priority_0": 0.0}, {"info": {"url": "https://farm1.staticflickr.com/578/21278265928_531e009b6f.jpg", "url_m": "https://farm1.staticflickr.com/578/21278265928_531e009b6f_m.jpg", "link": "https://www.flickr.com/photos/115096994@N02/21278265928", "url_b": "https://farm1.staticflickr.com/578/21278265928_531e009b6f_b.jpg", "title": "Donegal_SocketAxeUII30001_Donegal_SocketAxeUII30002_fb"}, "n_answers": 3, "quorum": 0, "calibration": 0, "created": "2015-09-16T13:50:58.745104", "state": "completed", "project_id": 250, "id": 44919, "priority_0": 0.0}, {"info": {"url": "https://farm6.staticflickr.com/5763/21278051780_5d91d0b0c9.jpg", "url_m": "https://farm6.staticflickr.com/5763/21278051780_5d91d0b0c9_m.jpg", "link": "https://www.flickr.com/photos/115096994@N02/21278051780", "url_b": "https://farm6.staticflickr.com/5763/21278051780_5d91d0b0c9_b.jpg", "title": "Down_MiscSocketPunch0001_Down_MiscSocketPunch0002_fb"}, "n_answers": 3, "quorum": 0, "calibration": 0, "created": "2015-09-16T13:50:58.776153", "state": "completed", "project_id": 250, "id": 44920, "priority_0": 0.0}, {"info": {"url": "https://farm1.staticflickr.com/604/21278051720_87700a4e96.jpg", "url_m": "https://farm1.staticflickr.com/604/21278051720_87700a4e96_m.jpg", "link": "https://www.flickr.com/photos/115096994@N02/21278051720", "url_b": "https://farm1.staticflickr.com/604/21278051720_87700a4e96_b.jpg", "title": "Down_SocketAxeUT10001_Down_SocketAxeUT10002_fb"}, "n_answers": 3, "quorum": 0, "calibration": 0, "created": "2015-09-16T13:50:58.803305", "state": "completed", "project_id": 250, "id": 44921, "priority_0": 0.0}, {"info": {"url": "https://farm1.staticflickr.com/659/20845012003_f610ed22ba.jpg", "url_m": "https://farm1.staticflickr.com/659/20845012003_f610ed22ba_m.jpg", "link": "https://www.flickr.com/photos/115096994@N02/20845012003", "url_b": "https://farm1.staticflickr.com/659/20845012003_f610ed22ba_b.jpg", "title": "Down_SocketAxeUT30001_Down_SocketAxeUT30002_fb"}, "n_answers": 3, "quorum": 0, "calibration": 0, "created": "2015-09-16T13:50:58.834483", "state": "completed", "project_id": 250, "id": 44922, "priority_0": 0.0}, {"info": {"url": "https://farm1.staticflickr.com/650/21466091515_dd7bd41366.jpg", "url_m": "https://farm1.staticflickr.com/650/21466091515_dd7bd41366_m.jpg", "link": "https://www.flickr.com/photos/115096994@N02/21466091515", "url_b": "https://farm1.staticflickr.com/650/21466091515_dd7bd41366_b.jpg", "title": "Fermanagh_SocketAxeUII10001_Fermanagh_SocketAxeUII10002_fb"}, "n_answers": 3, "quorum": 0, "calibration": 0, "created": "2015-09-16T13:50:58.861367", "state": "completed", "project_id": 250, "id": 44923, "priority_0": 0.0}, {"info": {"url": "https://farm6.staticflickr.com/5677/21455121972_abca6b360a.jpg", "url_m": "https://farm6.staticflickr.com/5677/21455121972_abca6b360a_m.jpg", "link": "https://www.flickr.com/photos/115096994@N02/21455121972", "url_b": "https://farm6.staticflickr.com/5677/21455121972_abca6b360a_b.jpg", "title": "Fermanagh_SocketAxeUII20001_Fermanagh_SocketAxeUII20002_fb"}, "n_answers": 3, "quorum": 0, "calibration": 0, "created": "2015-09-16T13:50:58.892964", "state": "completed", "project_id": 250, "id": 44924, "priority_0": 0.0}, {"info": {"url": "https://farm1.staticflickr.com/711/21439879426_324d813bfe.jpg", "url_m": "https://farm1.staticflickr.com/711/21439879426_324d813bfe_m.jpg", "link": "https://www.flickr.com/photos/115096994@N02/21439879426", "url_b": "https://farm1.staticflickr.com/711/21439879426_324d813bfe_b.jpg", "title": "Fermanagh_SocketAxeUT10001_Fermanagh_SocketAxeUT10002_fb"}, "n_answers": 3, "quorum": 0, "calibration": 0, "created": "2015-09-16T13:50:58.919646", "state": "completed", "project_id": 250, "id": 44925, "priority_0": 0.0}, {"info": {"url": "https://farm1.staticflickr.com/586/21474676431_fe59440e72.jpg", "url_m": "https://farm1.staticflickr.com/586/21474676431_fe59440e72_m.jpg", "link": "https://www.flickr.com/photos/115096994@N02/21474676431", "url_b": "https://farm1.staticflickr.com/586/21474676431_fe59440e72_b.jpg", "title": "Galway_SocketAxeUII20001_Galway_SocketAxeUII20002_fb"}, "n_answers": 3, "quorum": 0, "calibration": 0, "created": "2015-09-16T13:50:58.944691", "state": "completed", "project_id": 250, "id": 44926, "priority_0": 0.0}, {"info": {"url": "https://farm6.staticflickr.com/5759/21278265208_780ea2e410.jpg", "url_m": "https://farm6.staticflickr.com/5759/21278265208_780ea2e410_m.jpg", "link": "https://www.flickr.com/photos/115096994@N02/21278265208", "url_b": "https://farm6.staticflickr.com/5759/21278265208_780ea2e410_b.jpg", "title": "Galway_SocketAxeUII30001_Galway_SocketAxeUII30002_fb"}, "n_answers": 3, "quorum": 0, "calibration": 0, "created": "2015-09-16T13:50:58.969628", "state": "completed", "project_id": 250, "id": 44927, "priority_0": 0.0}, {"info": {"url": "https://farm6.staticflickr.com/5694/20845011573_d0ebb85414.jpg", "url_m": "https://farm6.staticflickr.com/5694/20845011573_d0ebb85414_m.jpg", "link": "https://www.flickr.com/photos/115096994@N02/20845011573", "url_b": "https://farm6.staticflickr.com/5694/20845011573_d0ebb85414_b.jpg", "title": "Irish_HatchetAxe0001_Irish_HatchetAxe0002_fb"}, "n_answers": 3, "quorum": 0, "calibration": 0, "created": "2015-09-16T13:50:58.995080", "state": "completed", "project_id": 250, "id": 44928, "priority_0": 0.0}, {"info": {"url": "https://farm1.staticflickr.com/703/21278264918_7bebe364f9.jpg", "url_m": "https://farm1.staticflickr.com/703/21278264918_7bebe364f9_m.jpg", "link": "https://www.flickr.com/photos/115096994@N02/21278264918", "url_b": "https://farm1.staticflickr.com/703/21278264918_7bebe364f9_b.jpg", "title": "Irish_HatchetAxe0003_Irish_HatchetAxe0004_fb"}, "n_answers": 3, "quorum": 0, "calibration": 0, "created": "2015-09-16T13:50:59.025655", "state": "completed", "project_id": 250, "id": 44929, "priority_0": 0.0}, {"info": {"url": "https://farm6.staticflickr.com/5808/21278264808_ba361d2c7f.jpg", "url_m": "https://farm6.staticflickr.com/5808/21278264808_ba361d2c7f_m.jpg", "link": "https://www.flickr.com/photos/115096994@N02/21278264808", "url_b": "https://farm6.staticflickr.com/5808/21278264808_ba361d2c7f_b.jpg", "title": "Irish_HatchetAxe0005_Irish_HatchetAxe0006_fb"}, "n_answers": 3, "quorum": 0, "calibration": 0, "created": "2015-09-16T13:50:59.052721", "state": "completed", "project_id": 250, "id": 44930, "priority_0": 0.0}, {"info": {"url": "https://farm6.staticflickr.com/5633/21455121422_4cae337946.jpg", "url_m": "https://farm6.staticflickr.com/5633/21455121422_4cae337946_m.jpg", "link": "https://www.flickr.com/photos/115096994@N02/21455121422", "url_b": "https://farm6.staticflickr.com/5633/21455121422_4cae337946_b.jpg", "title": "Irish_HatchetAxe0007_Irish_HatchetAxe0008_fb"}, "n_answers": 3, "quorum": 0, "calibration": 0, "created": "2015-09-16T13:50:59.077505", "state": "completed", "project_id": 250, "id": 44931, "priority_0": 0.0}, {"info": {"url": "https://farm6.staticflickr.com/5771/20843393794_213396704a.jpg", "url_m": "https://farm6.staticflickr.com/5771/20843393794_213396704a_m.jpg", "link": "https://www.flickr.com/photos/115096994@N02/20843393794", "url_b": "https://farm6.staticflickr.com/5771/20843393794_213396704a_b.jpg", "title": "Irish_HatchetAxe0009_Irish_HatchetAxe0010_fb"}, "n_answers": 3, "quorum": 0, "calibration": 0, "created": "2015-09-16T13:50:59.102700", "state": "completed", "project_id": 250, "id": 44932, "priority_0": 0.0}, {"info": {"url": "https://farm6.staticflickr.com/5650/21466090815_024f2f565d.jpg", "url_m": "https://farm6.staticflickr.com/5650/21466090815_024f2f565d_m.jpg", "link": "https://www.flickr.com/photos/115096994@N02/21466090815", "url_b": "https://farm6.staticflickr.com/5650/21466090815_024f2f565d_b.jpg", "title": "Irish_HatchetAxe0011_Irish_HatchetAxe0012_fb"}, "n_answers": 3, "quorum": 0, "calibration": 0, "created": "2015-09-16T13:50:59.128072", "state": "completed", "project_id": 250, "id": 44933, "priority_0": 0.0}, {"info": {"url": "https://farm6.staticflickr.com/5780/21474676051_e34661c149.jpg", "url_m": "https://farm6.staticflickr.com/5780/21474676051_e34661c149_m.jpg", "link": "https://www.flickr.com/photos/115096994@N02/21474676051", "url_b": "https://farm6.staticflickr.com/5780/21474676051_e34661c149_b.jpg", "title": "Irish_HatchetAxe0013_Irish_HatchetAxe0014_fb"}, "n_answers": 3, "quorum": 0, "calibration": 0, "created": "2015-09-16T13:50:59.152659", "state": "completed", "project_id": 250, "id": 44934, "priority_0": 0.0}, {"info": {"url": "https://farm6.staticflickr.com/5678/21455120852_138b031ebf.jpg", "url_m": "https://farm6.staticflickr.com/5678/21455120852_138b031ebf_m.jpg", "link": "https://www.flickr.com/photos/115096994@N02/21455120852", "url_b": "https://farm6.staticflickr.com/5678/21455120852_138b031ebf_b.jpg", "title": "Irish_MiscSocketAxe0001_Irish_MiscSocketAxe0002_fb"}, "n_answers": 3, "quorum": 0, "calibration": 0, "created": "2015-09-16T13:50:59.177666", "state": "completed", "project_id": 250, "id": 44935, "priority_0": 0.0}, {"info": {"url": "https://farm6.staticflickr.com/5827/21279191989_08dca8f477.jpg", "url_m": "https://farm6.staticflickr.com/5827/21279191989_08dca8f477_m.jpg", "link": "https://www.flickr.com/photos/115096994@N02/21279191989", "url_b": "https://farm6.staticflickr.com/5827/21279191989_08dca8f477_b.jpg", "title": "Irish_MiscSocketPunch0001_Irish_MiscSocketPunch0002_fb"}, "n_answers": 3, "quorum": 0, "calibration": 0, "created": "2015-09-16T13:50:59.202933", "state": "completed", "project_id": 250, "id": 44936, "priority_0": 0.0}, {"info": {"url": "https://farm6.staticflickr.com/5812/20845010783_1980476e11.jpg", "url_m": "https://farm6.staticflickr.com/5812/20845010783_1980476e11_m.jpg", "link": "https://www.flickr.com/photos/115096994@N02/20845010783", "url_b": "https://farm6.staticflickr.com/5812/20845010783_1980476e11_b.jpg", "title": "Irish_SocketAxeUIfrag0001_Irish_SocketAxeUIfrag0002_fb"}, "n_answers": 3, "quorum": 0, "calibration": 0, "created": "2015-09-16T13:50:59.227939", "state": "completed", "project_id": 250, "id": 44937, "priority_0": 0.0}, {"info": {"url": "https://farm6.staticflickr.com/5619/21455120662_f9f58d788d.jpg", "url_m": "https://farm6.staticflickr.com/5619/21455120662_f9f58d788d_m.jpg", "link": "https://www.flickr.com/photos/115096994@N02/21455120662", "url_b": "https://farm6.staticflickr.com/5619/21455120662_f9f58d788d_b.jpg", "title": "Irish_SocketAxeUII20001_Irish_SocketAxeUII20002_fb"}, "n_answers": 3, "quorum": 0, "calibration": 0, "created": "2015-09-16T13:50:59.259641", "state": "completed", "project_id": 250, "id": 44938, "priority_0": 0.0}, {"info": {"url": "https://farm6.staticflickr.com/5777/21279191719_abf67503f9.jpg", "url_m": "https://farm6.staticflickr.com/5777/21279191719_abf67503f9_m.jpg", "link": "https://www.flickr.com/photos/115096994@N02/21279191719", "url_b": "https://farm6.staticflickr.com/5777/21279191719_abf67503f9_b.jpg", "title": "Irish_SocketAxeUII20003_Irish_SocketAxeUII20004_fb"}, "n_answers": 3, "quorum": 0, "calibration": 0, "created": "2015-09-16T13:50:59.287055", "state": "completed", "project_id": 250, "id": 44939, "priority_0": 0.0}, {"info": {"url": "https://farm1.staticflickr.com/602/21455120422_ac48afae7c.jpg", "url_m": "https://farm1.staticflickr.com/602/21455120422_ac48afae7c_m.jpg", "link": "https://www.flickr.com/photos/115096994@N02/21455120422", "url_b": "https://farm1.staticflickr.com/602/21455120422_ac48afae7c_b.jpg", "title": "Irish_SocketAxeUII20005_Irish_SocketAxeUII20006_fb"}, "n_answers": 3, "quorum": 0, "calibration": 0, "created": "2015-09-16T13:50:59.318020", "state": "completed", "project_id": 250, "id": 44940, "priority_0": 0.0}, {"info": {"url": "https://farm6.staticflickr.com/5831/21278263818_33390388b4.jpg", "url_m": "https://farm6.staticflickr.com/5831/21278263818_33390388b4_m.jpg", "link": "https://www.flickr.com/photos/115096994@N02/21278263818", "url_b": "https://farm6.staticflickr.com/5831/21278263818_33390388b4_b.jpg", "title": "Irish_SocketAxeUII20007_Irish_SocketAxeUII20008_fb"}, "n_answers": 3, "quorum": 0, "calibration": 0, "created": "2015-09-16T13:50:59.455351", "state": "completed", "project_id": 250, "id": 44941, "priority_0": 0.0}, {"info": {"url": "https://farm1.staticflickr.com/765/20843392724_7acb241ccb.jpg", "url_m": "https://farm1.staticflickr.com/765/20843392724_7acb241ccb_m.jpg", "link": "https://www.flickr.com/photos/115096994@N02/20843392724", "url_b": "https://farm1.staticflickr.com/765/20843392724_7acb241ccb_b.jpg", "title": "Irish_SocketAxeUII20009_Irish_SocketAxeUII20010_fb"}, "n_answers": 3, "quorum": 0, "calibration": 0, "created": "2015-09-16T13:50:59.495196", "state": "completed", "project_id": 250, "id": 44942, "priority_0": 0.0}, {"info": {"url": "https://farm6.staticflickr.com/5730/21278049500_4419c047ee.jpg", "url_m": "https://farm6.staticflickr.com/5730/21278049500_4419c047ee_m.jpg", "link": "https://www.flickr.com/photos/115096994@N02/21278049500", "url_b": "https://farm6.staticflickr.com/5730/21278049500_4419c047ee_b.jpg", "title": "Irish_SocketAxeUII20011_Irish_SocketAxeUII20012_fb"}, "n_answers": 3, "quorum": 0, "calibration": 0, "created": "2015-09-16T13:50:59.551717", "state": "completed", "project_id": 250, "id": 44943, "priority_0": 0.0}, {"info": {"url": "https://farm6.staticflickr.com/5632/21466089545_2bd2b6d2c0.jpg", "url_m": "https://farm6.staticflickr.com/5632/21466089545_2bd2b6d2c0_m.jpg", "link": "https://www.flickr.com/photos/115096994@N02/21466089545", "url_b": "https://farm6.staticflickr.com/5632/21466089545_2bd2b6d2c0_b.jpg", "title": "Irish_SocketAxeUII20013_Irish_SocketAxeUII20014_fb"}, "n_answers": 3, "quorum": 0, "calibration": 0, "created": "2015-09-16T13:50:59.592367", "state": "completed", "project_id": 250, "id": 44944, "priority_0": 0.0}, {"info": {"url": "https://farm6.staticflickr.com/5657/21439877216_bcfb0803a3.jpg", "url_m": "https://farm6.staticflickr.com/5657/21439877216_bcfb0803a3_m.jpg", "link": "https://www.flickr.com/photos/115096994@N02/21439877216", "url_b": "https://farm6.staticflickr.com/5657/21439877216_bcfb0803a3_b.jpg", "title": "Irish_SocketAxeUII30001_Irish_SocketAxeUII30002_fb"}, "n_answers": 3, "quorum": 0, "calibration": 0, "created": "2015-09-16T13:50:59.619570", "state": "completed", "project_id": 250, "id": 44945, "priority_0": 0.0}, {"info": {"url": "https://farm6.staticflickr.com/5643/21279190999_f7d3c710f6.jpg", "url_m": "https://farm6.staticflickr.com/5643/21279190999_f7d3c710f6_m.jpg", "link": "https://www.flickr.com/photos/115096994@N02/21279190999", "url_b": "https://farm6.staticflickr.com/5643/21279190999_f7d3c710f6_b.jpg", "title": "Irish_SocketAxeUII30003_Irish_SocketAxeUII30004_fb"}, "n_answers": 3, "quorum": 0, "calibration": 0, "created": "2015-09-16T13:50:59.729076", "state": "completed", "project_id": 250, "id": 44946, "priority_0": 0.0}, {"info": {"url": "https://farm1.staticflickr.com/631/21278263148_d87bed9fd2.jpg", "url_m": "https://farm1.staticflickr.com/631/21278263148_d87bed9fd2_m.jpg", "link": "https://www.flickr.com/photos/115096994@N02/21278263148", "url_b": "https://farm1.staticflickr.com/631/21278263148_d87bed9fd2_b.jpg", "title": "Irish_SocketAxeUII30005_Irish_SocketAxeUII30006_fb"}, "n_answers": 3, "quorum": 0, "calibration": 0, "created": "2015-09-16T13:50:59.761802", "state": "completed", "project_id": 250, "id": 44947, "priority_0": 0.0}, {"info": {"url": "https://farm6.staticflickr.com/5813/20845009423_abae46e242.jpg", "url_m": "https://farm6.staticflickr.com/5813/20845009423_abae46e242_m.jpg", "link": "https://www.flickr.com/photos/115096994@N02/20845009423", "url_b": "https://farm6.staticflickr.com/5813/20845009423_abae46e242_b.jpg", "title": "Irish_SocketAxeUII30007_Irish_SocketAxeUII30008_fb"}, "n_answers": 3, "quorum": 0, "calibration": 0, "created": "2015-09-16T13:50:59.792597", "state": "completed", "project_id": 250, "id": 44948, "priority_0": 0.0}, {"info": {"url": "https://farm1.staticflickr.com/621/21278048660_090e068587.jpg", "url_m": "https://farm1.staticflickr.com/621/21278048660_090e068587_m.jpg", "link": "https://www.flickr.com/photos/115096994@N02/21278048660", "url_b": "https://farm1.staticflickr.com/621/21278048660_090e068587_b.jpg", "title": "Irish_SocketAxeUII30009_Irish_SocketAxeUII30010_fb"}, "n_answers": 3, "quorum": 0, "calibration": 0, "created": "2015-09-16T13:50:59.832402", "state": "completed", "project_id": 250, "id": 44949, "priority_0": 0.0}, {"info": {"url": "https://farm1.staticflickr.com/624/21455119412_917a35f174.jpg", "url_m": "https://farm1.staticflickr.com/624/21455119412_917a35f174_m.jpg", "link": "https://www.flickr.com/photos/115096994@N02/21455119412", "url_b": "https://farm1.staticflickr.com/624/21455119412_917a35f174_b.jpg", "title": "Irish_SocketAxeUII30011_Irish_SocketAxeUII30012_fb"}, "n_answers": 3, "quorum": 0, "calibration": 0, "created": "2015-09-16T13:50:59.857822", "state": "completed", "project_id": 250, "id": 44950, "priority_0": 0.0}, {"info": {"url": "https://farm1.staticflickr.com/574/20845009223_65a7e6328e.jpg", "url_m": "https://farm1.staticflickr.com/574/20845009223_65a7e6328e_m.jpg", "link": "https://www.flickr.com/photos/115096994@N02/20845009223", "url_b": "https://farm1.staticflickr.com/574/20845009223_65a7e6328e_b.jpg", "title": "Irish_SocketAxeUII30013_Irish_SocketAxeUII30014_fb"}, "n_answers": 3, "quorum": 0, "calibration": 0, "created": "2015-09-16T13:50:59.882488", "state": "completed", "project_id": 250, "id": 44951, "priority_0": 0.0}, {"info": {"url": "https://farm1.staticflickr.com/672/21474673651_894a94b4fa.jpg", "url_m": "https://farm1.staticflickr.com/672/21474673651_894a94b4fa_m.jpg", "link": "https://www.flickr.com/photos/115096994@N02/21474673651", "url_b": "https://farm1.staticflickr.com/672/21474673651_894a94b4fa_b.jpg", "title": "Irish_SocketAxeUII30015_Irish_SocketAxeUII30016_fb"}, "n_answers": 3, "quorum": 0, "calibration": 0, "created": "2015-09-16T13:50:59.907285", "state": "completed", "project_id": 250, "id": 44952, "priority_0": 0.0}, {"info": {"url": "https://farm6.staticflickr.com/5683/21474673581_d1883ff737.jpg", "url_m": "https://farm6.staticflickr.com/5683/21474673581_d1883ff737_m.jpg", "link": "https://www.flickr.com/photos/115096994@N02/21474673581", "url_b": "https://farm6.staticflickr.com/5683/21474673581_d1883ff737_b.jpg", "title": "Irish_SocketAxeUII30017_Irish_SocketAxeUII30018_fb"}, "n_answers": 3, "quorum": 0, "calibration": 0, "created": "2015-09-16T13:50:59.932251", "state": "completed", "project_id": 250, "id": 44953, "priority_0": 0.0}, {"info": {"url": "https://farm6.staticflickr.com/5641/21466088445_e171e97320.jpg", "url_m": "https://farm6.staticflickr.com/5641/21466088445_e171e97320_m.jpg", "link": "https://www.flickr.com/photos/115096994@N02/21466088445", "url_b": "https://farm6.staticflickr.com/5641/21466088445_e171e97320_b.jpg", "title": "Irish_SocketAxeUII30019_Irish_SocketAxeUII30020_fb"}, "n_answers": 3, "quorum": 0, "calibration": 0, "created": "2015-09-16T13:50:59.957288", "state": "completed", "project_id": 250, "id": 44954, "priority_0": 0.0}, {"info": {"url": "https://farm6.staticflickr.com/5623/21278262508_2874e0f2bf.jpg", "url_m": "https://farm6.staticflickr.com/5623/21278262508_2874e0f2bf_m.jpg", "link": "https://www.flickr.com/photos/115096994@N02/21278262508", "url_b": "https://farm6.staticflickr.com/5623/21278262508_2874e0f2bf_b.jpg", "title": "Irish_SocketAxeUII30021_Irish_SocketAxeUII30022_fb"}, "n_answers": 3, "quorum": 0, "calibration": 0, "created": "2015-09-16T13:50:59.990443", "state": "completed", "project_id": 250, "id": 44955, "priority_0": 0.0}, {"info": {"url": "https://farm6.staticflickr.com/5692/21279190249_9996eb11aa.jpg", "url_m": "https://farm6.staticflickr.com/5692/21279190249_9996eb11aa_m.jpg", "link": "https://www.flickr.com/photos/115096994@N02/21279190249", "url_b": "https://farm6.staticflickr.com/5692/21279190249_9996eb11aa_b.jpg", "title": "Irish_SocketAxeUII30023_Irish_SocketAxeUII30024_fb"}, "n_answers": 3, "quorum": 0, "calibration": 0, "created": "2015-09-16T13:51:00.016948", "state": "completed", "project_id": 250, "id": 44956, "priority_0": 0.0}, {"info": {"url": "https://farm1.staticflickr.com/578/21278262338_efaee720ee.jpg", "url_m": "https://farm1.staticflickr.com/578/21278262338_efaee720ee_m.jpg", "link": "https://www.flickr.com/photos/115096994@N02/21278262338", "url_b": "https://farm1.staticflickr.com/578/21278262338_efaee720ee_b.jpg", "title": "Irish_SocketAxeUII30025_Irish_SocketAxeUII30026_fb"}, "n_answers": 3, "quorum": 0, "calibration": 0, "created": "2015-09-16T13:51:00.041829", "state": "completed", "project_id": 250, "id": 44957, "priority_0": 0.0}, {"info": {"url": "https://farm6.staticflickr.com/5620/20845008623_4690a3e8ff.jpg", "url_m": "https://farm6.staticflickr.com/5620/20845008623_4690a3e8ff_m.jpg", "link": "https://www.flickr.com/photos/115096994@N02/20845008623", "url_b": "https://farm6.staticflickr.com/5620/20845008623_4690a3e8ff_b.jpg", "title": "Irish_SocketAxeUII30027_Irish_SocketAxeUII30028_fb"}, "n_answers": 3, "quorum": 0, "calibration": 0, "created": "2015-09-16T13:51:00.066761", "state": "completed", "project_id": 250, "id": 44958, "priority_0": 0.0}, {"info": {"url": "https://farm6.staticflickr.com/5833/21279189779_a6406f69c4.jpg", "url_m": "https://farm6.staticflickr.com/5833/21279189779_a6406f69c4_m.jpg", "link": "https://www.flickr.com/photos/115096994@N02/21279189779", "url_b": "https://farm6.staticflickr.com/5833/21279189779_a6406f69c4_b.jpg", "title": "Irish_SocketAxeUII30029_Irish_SocketAxeUII30030_fb"}, "n_answers": 3, "quorum": 0, "calibration": 0, "created": "2015-09-16T13:51:00.091823", "state": "completed", "project_id": 250, "id": 44959, "priority_0": 0.0}, {"info": {"url": "https://farm1.staticflickr.com/602/21474672991_0a97e27802.jpg", "url_m": "https://farm1.staticflickr.com/602/21474672991_0a97e27802_m.jpg", "link": "https://www.flickr.com/photos/115096994@N02/21474672991", "url_b": "https://farm1.staticflickr.com/602/21474672991_0a97e27802_b.jpg", "title": "Irish_SocketAxeUIIfrag0001_Irish_SocketAxeUIIfrag0002_fb"}, "n_answers": 3, "quorum": 0, "calibration": 0, "created": "2015-09-16T13:51:00.117212", "state": "completed", "project_id": 250, "id": 44960, "priority_0": 0.0}, {"info": {"url": "https://farm6.staticflickr.com/5624/21466087935_e4efc45339.jpg", "url_m": "https://farm6.staticflickr.com/5624/21466087935_e4efc45339_m.jpg", "link": "https://www.flickr.com/photos/115096994@N02/21466087935", "url_b": "https://farm6.staticflickr.com/5624/21466087935_e4efc45339_b.jpg", "title": "Irish_SocketAxeUT10001_Irish_SocketAxeUT10002_fb"}, "n_answers": 3, "quorum": 0, "calibration": 0, "created": "2015-09-16T13:51:00.142467", "state": "completed", "project_id": 250, "id": 44961, "priority_0": 0.0}, {"info": {"url": "https://farm6.staticflickr.com/5699/21278262378_b38ee35a76.jpg", "url_m": "https://farm6.staticflickr.com/5699/21278262378_b38ee35a76_m.jpg", "link": "https://www.flickr.com/photos/115096994@N02/21278262378", "url_b": "https://farm6.staticflickr.com/5699/21278262378_b38ee35a76_b.jpg", "title": "Irish_SocketAxeUT10003_Irish_SocketAxeUT10004_fb"}, "n_answers": 3, "quorum": 0, "calibration": 0, "created": "2015-09-16T13:51:00.166955", "state": "completed", "project_id": 250, "id": 44962, "priority_0": 0.0}, {"info": {"url": "https://farm6.staticflickr.com/5761/20845008073_db288dd51b.jpg", "url_m": "https://farm6.staticflickr.com/5761/20845008073_db288dd51b_m.jpg", "link": "https://www.flickr.com/photos/115096994@N02/20845008073", "url_b": "https://farm6.staticflickr.com/5761/20845008073_db288dd51b_b.jpg", "title": "Irish_SocketAxeUT20001_Irish_SocketAxeUT20002_fb"}, "n_answers": 3, "quorum": 0, "calibration": 0, "created": "2015-09-16T13:51:00.191931", "state": "completed", "project_id": 250, "id": 44963, "priority_0": 0.0}, {"info": {"url": "https://farm6.staticflickr.com/5704/21279189269_d3bc19cf9f.jpg", "url_m": "https://farm6.staticflickr.com/5704/21279189269_d3bc19cf9f_m.jpg", "link": "https://www.flickr.com/photos/115096994@N02/21279189269", "url_b": "https://farm6.staticflickr.com/5704/21279189269_d3bc19cf9f_b.jpg", "title": "Irish_SocketAxeUT20003_Irish_SocketAxeUT20004_fb"}, "n_answers": 3, "quorum": 0, "calibration": 0, "created": "2015-09-16T13:51:00.216894", "state": "completed", "project_id": 250, "id": 44964, "priority_0": 0.0}, {"info": {"url": "https://farm1.staticflickr.com/676/21279189359_7c45124db0.jpg", "url_m": "https://farm1.staticflickr.com/676/21279189359_7c45124db0_m.jpg", "link": "https://www.flickr.com/photos/115096994@N02/21279189359", "url_b": "https://farm1.staticflickr.com/676/21279189359_7c45124db0_b.jpg", "title": "Irish_SocketAxeUT20005_Irish_SocketAxeUT20006_fb"}, "n_answers": 3, "quorum": 0, "calibration": 0, "created": "2015-09-16T13:51:00.241898", "state": "completed", "project_id": 250, "id": 44965, "priority_0": 0.0}, {"info": {"url": "https://farm6.staticflickr.com/5670/20843390464_03ae084379.jpg", "url_m": "https://farm6.staticflickr.com/5670/20843390464_03ae084379_m.jpg", "link": "https://www.flickr.com/photos/115096994@N02/20843390464", "url_b": "https://farm6.staticflickr.com/5670/20843390464_03ae084379_b.jpg", "title": "Irish_SocketAxeUT20007_Irish_SocketAxeUT20008_fb"}, "n_answers": 3, "quorum": 0, "calibration": 0, "created": "2015-09-16T13:51:00.266918", "state": "completed", "project_id": 250, "id": 44966, "priority_0": 0.0}, {"info": {"url": "https://farm1.staticflickr.com/676/21278046890_89fd532474.jpg", "url_m": "https://farm1.staticflickr.com/676/21278046890_89fd532474_m.jpg", "link": "https://www.flickr.com/photos/115096994@N02/21278046890", "url_b": "https://farm1.staticflickr.com/676/21278046890_89fd532474_b.jpg", "title": "Irish_SocketAxeUT20009_Irish_SocketAxeUT20010_fb"}, "n_answers": 3, "quorum": 0, "calibration": 0, "created": "2015-09-16T13:51:00.291986", "state": "completed", "project_id": 250, "id": 44967, "priority_0": 0.0}, {"info": {"url": "https://farm6.staticflickr.com/5640/21279188949_ed64d7694c.jpg", "url_m": "https://farm6.staticflickr.com/5640/21279188949_ed64d7694c_m.jpg", "link": "https://www.flickr.com/photos/115096994@N02/21279188949", "url_b": "https://farm6.staticflickr.com/5640/21279188949_ed64d7694c_b.jpg", "title": "Irish_SocketAxeUT30001_Irish_SocketAxeUT30002_fb"}, "n_answers": 3, "quorum": 0, "calibration": 0, "created": "2015-09-16T13:51:00.317048", "state": "completed", "project_id": 250, "id": 44968, "priority_0": 0.0}, {"info": {"url": "https://farm6.staticflickr.com/5629/21439874886_e86421df52.jpg", "url_m": "https://farm6.staticflickr.com/5629/21439874886_e86421df52_m.jpg", "link": "https://www.flickr.com/photos/115096994@N02/21439874886", "url_b": "https://farm6.staticflickr.com/5629/21439874886_e86421df52_b.jpg", "title": "Irish_SocketAxeUT30003_Irish_SocketAxeUT30004_fb"}, "n_answers": 3, "quorum": 0, "calibration": 0, "created": "2015-09-16T13:51:00.366208", "state": "completed", "project_id": 250, "id": 44969, "priority_0": 0.0}, {"info": {"url": "https://farm6.staticflickr.com/5661/21466086885_425eb2a0df.jpg", "url_m": "https://farm6.staticflickr.com/5661/21466086885_425eb2a0df_m.jpg", "link": "https://www.flickr.com/photos/115096994@N02/21466086885", "url_b": "https://farm6.staticflickr.com/5661/21466086885_425eb2a0df_b.jpg", "title": "Irish_SocketAxeUT30005_Irish_SocketAxeUT30006_fb"}, "n_answers": 3, "quorum": 0, "calibration": 0, "created": "2015-09-16T13:51:00.390517", "state": "completed", "project_id": 250, "id": 44970, "priority_0": 0.0}, {"info": {"url": "https://farm6.staticflickr.com/5693/21439874716_10af36df9c.jpg", "url_m": "https://farm6.staticflickr.com/5693/21439874716_10af36df9c_m.jpg", "link": "https://www.flickr.com/photos/115096994@N02/21439874716", "url_b": "https://farm6.staticflickr.com/5693/21439874716_10af36df9c_b.jpg", "title": "Irish_SocketAxeUT30007_Irish_SocketAxeUT30008_fb"}, "n_answers": 3, "quorum": 0, "calibration": 0, "created": "2015-09-16T13:51:00.415795", "state": "completed", "project_id": 250, "id": 44971, "priority_0": 0.0}, {"info": {"url": "https://farm6.staticflickr.com/5672/21455117672_39ae06e3f2.jpg", "url_m": "https://farm6.staticflickr.com/5672/21455117672_39ae06e3f2_m.jpg", "link": "https://www.flickr.com/photos/115096994@N02/21455117672", "url_b": "https://farm6.staticflickr.com/5672/21455117672_39ae06e3f2_b.jpg", "title": "Irish_SocketAxeUT30009_Irish_SocketAxeUT30010_fb"}, "n_answers": 3, "quorum": 0, "calibration": 0, "created": "2015-09-16T13:51:00.441488", "state": "completed", "project_id": 250, "id": 44972, "priority_0": 0.0}, {"info": {"url": "https://farm1.staticflickr.com/689/21278046400_6b642b80da.jpg", "url_m": "https://farm1.staticflickr.com/689/21278046400_6b642b80da_m.jpg", "link": "https://www.flickr.com/photos/115096994@N02/21278046400", "url_b": "https://farm1.staticflickr.com/689/21278046400_6b642b80da_b.jpg", "title": "Irish_SocketAxeUT30011_Irish_SocketAxeUT30012_fb"}, "n_answers": 3, "quorum": 0, "calibration": 0, "created": "2015-09-16T13:51:00.465697", "state": "completed", "project_id": 250, "id": 44973, "priority_0": 0.0}, {"info": {"url": "https://farm6.staticflickr.com/5794/21466086405_39757aa406.jpg", "url_m": "https://farm6.staticflickr.com/5794/21466086405_39757aa406_m.jpg", "link": "https://www.flickr.com/photos/115096994@N02/21466086405", "url_b": "https://farm6.staticflickr.com/5794/21466086405_39757aa406_b.jpg", "title": "Irish_SocketAxeUT30013_Irish_SocketAxeUT30014_fb"}, "n_answers": 3, "quorum": 0, "calibration": 0, "created": "2015-09-16T13:51:00.490712", "state": "completed", "project_id": 250, "id": 44974, "priority_0": 0.0}, {"info": {"url": "https://farm6.staticflickr.com/5707/21278046180_7dced1be8a.jpg", "url_m": "https://farm6.staticflickr.com/5707/21278046180_7dced1be8a_m.jpg", "link": "https://www.flickr.com/photos/115096994@N02/21278046180", "url_b": "https://farm6.staticflickr.com/5707/21278046180_7dced1be8a_b.jpg", "title": "Irish_UnloopedSocketAxe0001_Irish_UnloopedSocketAxe0002_fb"}, "n_answers": 3, "quorum": 0, "calibration": 0, "created": "2015-09-16T13:51:00.515878", "state": "completed", "project_id": 250, "id": 44975, "priority_0": 0.0}, {"info": {"url": "https://farm6.staticflickr.com/5761/21466086205_c6a22d36ec.jpg", "url_m": "https://farm6.staticflickr.com/5761/21466086205_c6a22d36ec_m.jpg", "link": "https://www.flickr.com/photos/115096994@N02/21466086205", "url_b": "https://farm6.staticflickr.com/5761/21466086205_c6a22d36ec_b.jpg", "title": "Irish_UnloopedSocketAxe0003_Irish_UnloopedSocketAxe0004_fb"}, "n_answers": 3, "quorum": 0, "calibration": 0, "created": "2015-09-16T13:51:00.540967", "state": "completed", "project_id": 250, "id": 44976, "priority_0": 0.0}, {"info": {"url": "https://farm1.staticflickr.com/703/21278046200_b8795e5796.jpg", "url_m": "https://farm1.staticflickr.com/703/21278046200_b8795e5796_m.jpg", "link": "https://www.flickr.com/photos/115096994@N02/21278046200", "url_b": "https://farm1.staticflickr.com/703/21278046200_b8795e5796_b.jpg", "title": "Irish_UnloopedSocketAxe0005_Irish_UnloopedSocketAxe0006_fb"}, "n_answers": 3, "quorum": 0, "calibration": 0, "created": "2015-09-16T13:51:00.565883", "state": "completed", "project_id": 250, "id": 44977, "priority_0": 0.0}, {"info": {"url": "https://farm1.staticflickr.com/584/21439874166_9046e181f1.jpg", "url_m": "https://farm1.staticflickr.com/584/21439874166_9046e181f1_m.jpg", "link": "https://www.flickr.com/photos/115096994@N02/21439874166", "url_b": "https://farm1.staticflickr.com/584/21439874166_9046e181f1_b.jpg", "title": "Irish_UnloopedSocketAxe0007_Irish_UnloopedSocketAxe0008_fb"}, "n_answers": 3, "quorum": 0, "calibration": 0, "created": "2015-09-16T13:51:00.591244", "state": "completed", "project_id": 250, "id": 44978, "priority_0": 0.0}, {"info": {"url": "https://farm6.staticflickr.com/5617/21455116742_257b6dbc01.jpg", "url_m": "https://farm6.staticflickr.com/5617/21455116742_257b6dbc01_m.jpg", "link": "https://www.flickr.com/photos/115096994@N02/21455116742", "url_b": "https://farm6.staticflickr.com/5617/21455116742_257b6dbc01_b.jpg", "title": "Irish_UnloopedSocketAxe0009_Irish_UnloopedSocketAxe0010_fb"}, "n_answers": 3, "quorum": 0, "calibration": 0, "created": "2015-09-16T13:51:00.625351", "state": "completed", "project_id": 250, "id": 44979, "priority_0": 0.0}, {"info": {"url": "https://farm6.staticflickr.com/5664/20843389134_ef23feab32.jpg", "url_m": "https://farm6.staticflickr.com/5664/20843389134_ef23feab32_m.jpg", "link": "https://www.flickr.com/photos/115096994@N02/20843389134", "url_b": "https://farm6.staticflickr.com/5664/20843389134_ef23feab32_b.jpg", "title": "Kildare_DoubleAxe0001_Kildare_DoubleAxe0002_fb"}, "n_answers": 3, "quorum": 0, "calibration": 0, "created": "2015-09-16T13:51:00.651158", "state": "completed", "project_id": 250, "id": 44980, "priority_0": 0.0}, {"info": {"url": "https://farm6.staticflickr.com/5630/21278260188_282e795501.jpg", "url_m": "https://farm6.staticflickr.com/5630/21278260188_282e795501_m.jpg", "link": "https://www.flickr.com/photos/115096994@N02/21278260188", "url_b": "https://farm6.staticflickr.com/5630/21278260188_282e795501_b.jpg", "title": "Kildare_UnloopedSocketAxe0001_Kildare_UnloopedSocketAxe0002_fb"}, "n_answers": 3, "quorum": 0, "calibration": 0, "created": "2015-09-16T13:51:00.676963", "state": "completed", "project_id": 250, "id": 44981, "priority_0": 0.0}, {"info": {"url": "https://farm6.staticflickr.com/5742/20843389154_6e7bb5de69.jpg", "url_m": "https://farm6.staticflickr.com/5742/20843389154_6e7bb5de69_m.jpg", "link": "https://www.flickr.com/photos/115096994@N02/20843389154", "url_b": "https://farm6.staticflickr.com/5742/20843389154_6e7bb5de69_b.jpg", "title": "Kings_HatchetAxe0001_Kings_HatchetAxe0002_fb"}, "n_answers": 3, "quorum": 0, "calibration": 0, "created": "2015-09-16T13:51:00.707448", "state": "completed", "project_id": 250, "id": 44982, "priority_0": 0.0}, {"info": {"url": "https://farm1.staticflickr.com/691/21455116252_b428bf122e.jpg", "url_m": "https://farm1.staticflickr.com/691/21455116252_b428bf122e_m.jpg", "link": "https://www.flickr.com/photos/115096994@N02/21455116252", "url_b": "https://farm1.staticflickr.com/691/21455116252_b428bf122e_b.jpg", "title": "Kings_SocketAxeUII10001_Kings_SocketAxeUII10002_fb"}, "n_answers": 3, "quorum": 0, "calibration": 0, "created": "2015-09-16T13:51:00.737488", "state": "completed", "project_id": 250, "id": 44983, "priority_0": 0.0}, {"info": {"url": "https://farm1.staticflickr.com/601/21466085435_e9eb724d4e.jpg", "url_m": "https://farm1.staticflickr.com/601/21466085435_e9eb724d4e_m.jpg", "link": "https://www.flickr.com/photos/115096994@N02/21466085435", "url_b": "https://farm1.staticflickr.com/601/21466085435_e9eb724d4e_b.jpg", "title": "Kings_SocketAxeUII20001_Kings_SocketAxeUII20002_fb"}, "n_answers": 3, "quorum": 0, "calibration": 0, "created": "2015-09-16T13:51:01.387369", "state": "completed", "project_id": 250, "id": 44984, "priority_0": 0.0}, {"info": {"url": "https://farm1.staticflickr.com/644/21474670381_013151e809.jpg", "url_m": "https://farm1.staticflickr.com/644/21474670381_013151e809_m.jpg", "link": "https://www.flickr.com/photos/115096994@N02/21474670381", "url_b": "https://farm1.staticflickr.com/644/21474670381_013151e809_b.jpg", "title": "Kings_SocketAxeUII30001_Kings_SocketAxeUII30002_fb"}, "n_answers": 3, "quorum": 0, "calibration": 0, "created": "2015-09-16T13:51:01.671434", "state": "completed", "project_id": 250, "id": 44985, "priority_0": 0.0}, {"info": {"url": "https://farm6.staticflickr.com/5715/21455115852_c8602b713d.jpg", "url_m": "https://farm6.staticflickr.com/5715/21455115852_c8602b713d_m.jpg", "link": "https://www.flickr.com/photos/115096994@N02/21455115852", "url_b": "https://farm6.staticflickr.com/5715/21455115852_c8602b713d_b.jpg", "title": "Kings_SocketAxeUII30003_Kings_SocketAxeUII30004_fb"}, "n_answers": 3, "quorum": 0, "calibration": 0, "created": "2015-09-16T13:51:01.752175", "state": "completed", "project_id": 250, "id": 44986, "priority_0": 0.0}, {"info": {"url": "https://farm1.staticflickr.com/595/20843388424_dae2c5bdc9.jpg", "url_m": "https://farm1.staticflickr.com/595/20843388424_dae2c5bdc9_m.jpg", "link": "https://www.flickr.com/photos/115096994@N02/20843388424", "url_b": "https://farm1.staticflickr.com/595/20843388424_dae2c5bdc9_b.jpg", "title": "Kings_UnloopedSocketAxe0001_Kings_UnloopedSocketAxe0002_fb"}, "n_answers": 3, "quorum": 0, "calibration": 0, "created": "2015-09-16T13:51:01.780493", "state": "completed", "project_id": 250, "id": 44987, "priority_0": 0.0}, {"info": {"url": "https://farm1.staticflickr.com/669/21278259348_67bd094f13.jpg", "url_m": "https://farm1.staticflickr.com/669/21278259348_67bd094f13_m.jpg", "link": "https://www.flickr.com/photos/115096994@N02/21278259348", "url_b": "https://farm1.staticflickr.com/669/21278259348_67bd094f13_b.jpg", "title": "Londonderry_SocketAxeUII10001_Londonderry_SocketAxeUII10002_fb"}, "n_answers": 3, "quorum": 0, "calibration": 0, "created": "2015-09-16T13:51:01.811533", "state": "completed", "project_id": 250, "id": 44988, "priority_0": 0.0}, {"info": {"url": "https://farm1.staticflickr.com/780/20845005663_26ed88872d.jpg", "url_m": "https://farm1.staticflickr.com/780/20845005663_26ed88872d_m.jpg", "link": "https://www.flickr.com/photos/115096994@N02/20845005663", "url_b": "https://farm1.staticflickr.com/780/20845005663_26ed88872d_b.jpg", "title": "Londonderry_SocketAxeUII20001_Londonderry_SocketAxeUII20002_fb"}, "n_answers": 3, "quorum": 0, "calibration": 0, "created": "2015-09-16T13:51:01.838083", "state": "completed", "project_id": 250, "id": 44989, "priority_0": 0.0}, {"info": {"url": "https://farm6.staticflickr.com/5633/20845005513_41ffe76e6c.jpg", "url_m": "https://farm6.staticflickr.com/5633/20845005513_41ffe76e6c_m.jpg", "link": "https://www.flickr.com/photos/115096994@N02/20845005513", "url_b": "https://farm6.staticflickr.com/5633/20845005513_41ffe76e6c_b.jpg", "title": "Longford_HatchetAxe0001_Longford_HatchetAxe0002_fb"}, "n_answers": 3, "quorum": 0, "calibration": 0, "created": "2015-09-16T13:51:01.863177", "state": "completed", "project_id": 250, "id": 44990, "priority_0": 0.0}, {"info": {"url": "https://farm6.staticflickr.com/5830/21474669741_ab91bcd869.jpg", "url_m": "https://farm6.staticflickr.com/5830/21474669741_ab91bcd869_m.jpg", "link": "https://www.flickr.com/photos/115096994@N02/21474669741", "url_b": "https://farm6.staticflickr.com/5830/21474669741_ab91bcd869_b.jpg", "title": "Mayo_SocketAxeUII10001_Mayo_SocketAxeUII10002_fb"}, "n_answers": 3, "quorum": 0, "calibration": 0, "created": "2015-09-16T13:51:01.888184", "state": "completed", "project_id": 250, "id": 44991, "priority_0": 0.0}, {"info": {"url": "https://farm1.staticflickr.com/642/20843387814_16a46dc3ce.jpg", "url_m": "https://farm1.staticflickr.com/642/20843387814_16a46dc3ce_m.jpg", "link": "https://www.flickr.com/photos/115096994@N02/20843387814", "url_b": "https://farm1.staticflickr.com/642/20843387814_16a46dc3ce_b.jpg", "title": "Mayo_SocketAxeUII30001_Mayo_SocketAxeUII30002_fb"}, "n_answers": 3, "quorum": 0, "calibration": 0, "created": "2015-09-16T13:51:01.914016", "state": "completed", "project_id": 250, "id": 44992, "priority_0": 0.0}, {"info": {"url": "https://farm1.staticflickr.com/753/21466084325_c58c5fd3e4.jpg", "url_m": "https://farm1.staticflickr.com/753/21466084325_c58c5fd3e4_m.jpg", "link": "https://www.flickr.com/photos/115096994@N02/21466084325", "url_b": "https://farm1.staticflickr.com/753/21466084325_c58c5fd3e4_b.jpg", "title": "Monaghan_SocketAxeUII30001_Monaghan_SocketAxeUII30002_fb"}, "n_answers": 3, "quorum": 0, "calibration": 0, "created": "2015-09-16T13:51:01.939446", "state": "completed", "project_id": 250, "id": 44993, "priority_0": 0.0}, {"info": {"url": "https://farm6.staticflickr.com/5725/21278258508_465b33e427.jpg", "url_m": "https://farm6.staticflickr.com/5725/21278258508_465b33e427_m.jpg", "link": "https://www.flickr.com/photos/115096994@N02/21278258508", "url_b": "https://farm6.staticflickr.com/5725/21278258508_465b33e427_b.jpg", "title": "Roscommon_SocketAxeUII20001_Roscommon_SocketAxeUII20002_fb"}, "n_answers": 3, "quorum": 0, "calibration": 0, "created": "2015-09-16T13:51:01.970228", "state": "completed", "project_id": 250, "id": 44994, "priority_0": 0.0}, {"info": {"url": "https://farm1.staticflickr.com/637/20843387234_8c248c9ac4.jpg", "url_m": "https://farm1.staticflickr.com/637/20843387234_8c248c9ac4_m.jpg", "link": "https://www.flickr.com/photos/115096994@N02/20843387234", "url_b": "https://farm1.staticflickr.com/637/20843387234_8c248c9ac4_b.jpg", "title": "Tyrone_MiscSocketPunch0001_Tyrone_MiscSocketPunch0002_fb"}, "n_answers": 3, "quorum": 0, "calibration": 0, "created": "2015-09-16T13:51:01.999208", "state": "completed", "project_id": 250, "id": 44995, "priority_0": 0.0}, {"info": {"url": "https://farm1.staticflickr.com/707/21474669641_3eca4f2ed2.jpg", "url_m": "https://farm1.staticflickr.com/707/21474669641_3eca4f2ed2_m.jpg", "link": "https://www.flickr.com/photos/115096994@N02/21474669641", "url_b": "https://farm1.staticflickr.com/707/21474669641_3eca4f2ed2_b.jpg", "title": "Tyrone_SocketAxeUII10001_Tyrone_SocketAxeUII10002_fb"}, "n_answers": 3, "quorum": 0, "calibration": 0, "created": "2015-09-16T13:51:02.029948", "state": "completed", "project_id": 250, "id": 44996, "priority_0": 0.0}, {"info": {"url": "https://farm1.staticflickr.com/763/21278258768_9f78d5453a.jpg", "url_m": "https://farm1.staticflickr.com/763/21278258768_9f78d5453a_m.jpg", "link": "https://www.flickr.com/photos/115096994@N02/21278258768", "url_b": "https://farm1.staticflickr.com/763/21278258768_9f78d5453a_b.jpg", "title": "Westmeath_SocketAxeUT30001_Westmeath_SocketAxeUT30002_fb"}, "n_answers": 3, "quorum": 0, "calibration": 0, "created": "2015-09-16T13:51:02.057550", "state": "completed", "project_id": 250, "id": 44997, "priority_0": 0.0}, {"info": {"url": "https://farm1.staticflickr.com/722/20843387444_2eb10c2686.jpg", "url_m": "https://farm1.staticflickr.com/722/20843387444_2eb10c2686_m.jpg", "link": "https://www.flickr.com/photos/115096994@N02/20843387444", "url_b": "https://farm1.staticflickr.com/722/20843387444_2eb10c2686_b.jpg", "title": "Wicklow_HatchetAxe0001_Wicklow_HatchetAxe0002_fb"}, "n_answers": 3, "quorum": 0, "calibration": 0, "created": "2015-09-16T13:51:02.088384", "state": "completed", "project_id": 250, "id": 44998, "priority_0": 0.0}, {"info": {"url": "https://farm1.staticflickr.com/688/21474668941_02e77fd3df.jpg", "url_m": "https://farm1.staticflickr.com/688/21474668941_02e77fd3df_m.jpg", "link": "https://www.flickr.com/photos/115096994@N02/21474668941", "url_b": "https://farm1.staticflickr.com/688/21474668941_02e77fd3df_b.jpg", "title": "Wicklow_SocketAxeUII30001_Wicklow_SocketAxeUII30002_fb"}, "n_answers": 3, "quorum": 0, "calibration": 0, "created": "2015-09-16T13:51:02.116459", "state": "completed", "project_id": 250, "id": 44999, "priority_0": 0.0}]