[{"info": {"url_m": "https://farm6.staticflickr.com/5608/15413819409_efc5ae743d_m.jpg", "link": "https://www.flickr.com/photos/MicroPasts/15413819409", "url_b": "https://farm6.staticflickr.com/5608/15413819409_efc5ae743d_b.jpg"}, "n_answers": 2, "quorum": 0, "calibration": 0, "created": "2014-10-22T14:18:30.770127", "app_id": 73, "state": "completed", "id": 15341, "priority_0": 0.0}, {"info": {"url_m": "https://farm4.staticflickr.com/3939/14980278853_2a5f8ccd37_m.jpg", "link": "https://www.flickr.com/photos/MicroPasts/14980278853", "url_b": "https://farm4.staticflickr.com/3939/14980278853_2a5f8ccd37_b.jpg"}, "n_answers": 2, "quorum": 0, "calibration": 0, "created": "2014-10-22T14:18:33.877643", "app_id": 73, "state": "completed", "id": 15342, "priority_0": 0.0}, {"info": {"url_m": "https://farm4.staticflickr.com/3938/15576764616_b06eff9625_m.jpg", "link": "https://www.flickr.com/photos/MicroPasts/15576764616", "url_b": "https://farm4.staticflickr.com/3938/15576764616_b06eff9625_b.jpg"}, "n_answers": 2, "quorum": 0, "calibration": 0, "created": "2014-10-22T14:18:36.931887", "app_id": 73, "state": "completed", "id": 15343, "priority_0": 0.0}, {"info": {"url_m": "https://farm6.staticflickr.com/5602/15414442687_52518956cd_m.jpg", "link": "https://www.flickr.com/photos/MicroPasts/15414442687", "url_b": "https://farm6.staticflickr.com/5602/15414442687_52518956cd_b.jpg"}, "n_answers": 2, "quorum": 0, "calibration": 0, "created": "2014-10-22T14:18:39.983763", "app_id": 73, "state": "completed", "id": 15344, "priority_0": 0.0}, {"info": {"url_m": "https://farm4.staticflickr.com/3944/15414838870_eb9d909dd5_m.jpg", "link": "https://www.flickr.com/photos/MicroPasts/15414838870", "url_b": "https://farm4.staticflickr.com/3944/15414838870_eb9d909dd5_b.jpg"}, "n_answers": 2, "quorum": 0, "calibration": 0, "created": "2014-10-22T14:18:43.041685", "app_id": 73, "state": "completed", "id": 15345, "priority_0": 0.0}, {"info": {"url_m": "https://farm4.staticflickr.com/3938/15413819009_83c389a957_m.jpg", "link": "https://www.flickr.com/photos/MicroPasts/15413819009", "url_b": "https://farm4.staticflickr.com/3938/15413819009_83c389a957_b.jpg"}, "n_answers": 2, "quorum": 0, "calibration": 0, "created": "2014-10-22T14:18:46.099822", "app_id": 73, "state": "completed", "id": 15346, "priority_0": 0.0}, {"info": {"url_m": "https://farm4.staticflickr.com/3940/15413818909_674a35fd7e_m.jpg", "link": "https://www.flickr.com/photos/MicroPasts/15413818909", "url_b": "https://farm4.staticflickr.com/3940/15413818909_674a35fd7e_b.jpg"}, "n_answers": 2, "quorum": 0, "calibration": 0, "created": "2014-10-22T14:18:49.407106", "app_id": 73, "state": "completed", "id": 15347, "priority_0": 0.0}, {"info": {"url_m": "https://farm6.staticflickr.com/5608/14980278303_a9fc5f6995_m.jpg", "link": "https://www.flickr.com/photos/MicroPasts/14980278303", "url_b": "https://farm6.staticflickr.com/5608/14980278303_a9fc5f6995_b.jpg"}, "n_answers": 2, "quorum": 0, "calibration": 0, "created": "2014-10-22T14:18:52.456877", "app_id": 73, "state": "completed", "id": 15348, "priority_0": 0.0}, {"info": {"url_m": "https://farm6.staticflickr.com/5610/14980278253_2b7ebc78d5_m.jpg", "link": "https://www.flickr.com/photos/MicroPasts/14980278253", "url_b": "https://farm6.staticflickr.com/5610/14980278253_2b7ebc78d5_b.jpg"}, "n_answers": 2, "quorum": 0, "calibration": 0, "created": "2014-10-22T14:18:55.517665", "app_id": 73, "state": "completed", "id": 15349, "priority_0": 0.0}, {"info": {"url_m": "https://farm6.staticflickr.com/5608/15597775281_82b4bafeca_m.jpg", "link": "https://www.flickr.com/photos/MicroPasts/15597775281", "url_b": "https://farm6.staticflickr.com/5608/15597775281_82b4bafeca_b.jpg"}, "n_answers": 2, "quorum": 0, "calibration": 0, "created": "2014-10-22T14:18:58.576803", "app_id": 73, "state": "completed", "id": 15350, "priority_0": 0.0}, {"info": {"url_m": "https://farm6.staticflickr.com/5608/15413818479_5f358ce87f_m.jpg", "link": "https://www.flickr.com/photos/MicroPasts/15413818479", "url_b": "https://farm6.staticflickr.com/5608/15413818479_5f358ce87f_b.jpg"}, "n_answers": 2, "quorum": 0, "calibration": 0, "created": "2014-10-22T14:19:01.772442", "app_id": 73, "state": "completed", "id": 15351, "priority_0": 0.0}, {"info": {"url_m": "https://farm4.staticflickr.com/3936/14980277983_ceb59e5af9_m.jpg", "link": "https://www.flickr.com/photos/MicroPasts/14980277983", "url_b": "https://farm4.staticflickr.com/3936/14980277983_ceb59e5af9_b.jpg"}, "n_answers": 2, "quorum": 0, "calibration": 0, "created": "2014-10-22T14:19:04.833383", "app_id": 73, "state": "completed", "id": 15352, "priority_0": 0.0}, {"info": {"url_m": "https://farm4.staticflickr.com/3950/15601272122_7de9c85edb_m.jpg", "link": "https://www.flickr.com/photos/MicroPasts/15601272122", "url_b": "https://farm4.staticflickr.com/3950/15601272122_7de9c85edb_b.jpg"}, "n_answers": 2, "quorum": 0, "calibration": 0, "created": "2014-10-22T14:19:07.889670", "app_id": 73, "state": "completed", "id": 15353, "priority_0": 0.0}, {"info": {"url_m": "https://farm4.staticflickr.com/3947/15597775041_76fdd9664c_m.jpg", "link": "https://www.flickr.com/photos/MicroPasts/15597775041", "url_b": "https://farm4.staticflickr.com/3947/15597775041_76fdd9664c_b.jpg"}, "n_answers": 2, "quorum": 0, "calibration": 0, "created": "2014-10-22T14:19:10.949531", "app_id": 73, "state": "completed", "id": 15354, "priority_0": 0.0}, {"info": {"url_m": "https://farm4.staticflickr.com/3946/15601272042_2bd768afd5_m.jpg", "link": "https://www.flickr.com/photos/MicroPasts/15601272042", "url_b": "https://farm4.staticflickr.com/3946/15601272042_2bd768afd5_b.jpg"}, "n_answers": 2, "quorum": 0, "calibration": 0, "created": "2014-10-22T14:19:14.005955", "app_id": 73, "state": "completed", "id": 15355, "priority_0": 0.0}, {"info": {"url_m": "https://farm4.staticflickr.com/3945/15414837990_993351ba2e_m.jpg", "link": "https://www.flickr.com/photos/MicroPasts/15414837990", "url_b": "https://farm4.staticflickr.com/3945/15414837990_993351ba2e_b.jpg"}, "n_answers": 2, "quorum": 0, "calibration": 0, "created": "2014-10-22T14:19:17.048104", "app_id": 73, "state": "completed", "id": 15356, "priority_0": 0.0}, {"info": {"url_m": "https://farm6.staticflickr.com/5614/15601271992_f10c14fc3f_m.jpg", "link": "https://www.flickr.com/photos/MicroPasts/15601271992", "url_b": "https://farm6.staticflickr.com/5614/15601271992_f10c14fc3f_b.jpg"}, "n_answers": 2, "quorum": 0, "calibration": 0, "created": "2014-10-22T14:19:20.129546", "app_id": 73, "state": "completed", "id": 15357, "priority_0": 0.0}, {"info": {"url_m": "https://farm4.staticflickr.com/3942/14980277603_eaa3733008_m.jpg", "link": "https://www.flickr.com/photos/MicroPasts/14980277603", "url_b": "https://farm4.staticflickr.com/3942/14980277603_eaa3733008_b.jpg"}, "n_answers": 2, "quorum": 0, "calibration": 0, "created": "2014-10-22T14:19:23.182386", "app_id": 73, "state": "completed", "id": 15358, "priority_0": 0.0}, {"info": {"url_m": "https://farm4.staticflickr.com/3932/14980277523_919a6b1ba4_m.jpg", "link": "https://www.flickr.com/photos/MicroPasts/14980277523", "url_b": "https://farm4.staticflickr.com/3932/14980277523_919a6b1ba4_b.jpg"}, "n_answers": 2, "quorum": 0, "calibration": 0, "created": "2014-10-22T14:19:26.245154", "app_id": 73, "state": "completed", "id": 15359, "priority_0": 0.0}, {"info": {"url_m": "https://farm6.staticflickr.com/5613/15414441377_eb9a78c8e1_m.jpg", "link": "https://www.flickr.com/photos/MicroPasts/15414441377", "url_b": "https://farm6.staticflickr.com/5613/15414441377_eb9a78c8e1_b.jpg"}, "n_answers": 2, "quorum": 0, "calibration": 0, "created": "2014-10-22T14:19:29.298664", "app_id": 73, "state": "completed", "id": 15360, "priority_0": 0.0}, {"info": {"url_m": "https://farm4.staticflickr.com/3937/14980277403_75da2fe3c8_m.jpg", "link": "https://www.flickr.com/photos/MicroPasts/14980277403", "url_b": "https://farm4.staticflickr.com/3937/14980277403_75da2fe3c8_b.jpg"}, "n_answers": 2, "quorum": 0, "calibration": 0, "created": "2014-10-22T14:19:32.354549", "app_id": 73, "state": "completed", "id": 15361, "priority_0": 0.0}, {"info": {"url_m": "https://farm4.staticflickr.com/3949/15601271502_3d63e41ced_m.jpg", "link": "https://www.flickr.com/photos/MicroPasts/15601271502", "url_b": "https://farm4.staticflickr.com/3949/15601271502_3d63e41ced_b.jpg"}, "n_answers": 2, "quorum": 0, "calibration": 0, "created": "2014-10-22T14:19:35.469856", "app_id": 73, "state": "completed", "id": 15362, "priority_0": 0.0}, {"info": {"url_m": "https://farm4.staticflickr.com/3938/15414837640_6b5cc6397f_m.jpg", "link": "https://www.flickr.com/photos/MicroPasts/15414837640", "url_b": "https://farm4.staticflickr.com/3938/15414837640_6b5cc6397f_b.jpg"}, "n_answers": 2, "quorum": 0, "calibration": 0, "created": "2014-10-22T14:19:38.522638", "app_id": 73, "state": "completed", "id": 15363, "priority_0": 0.0}, {"info": {"url_m": "https://farm4.staticflickr.com/3943/15414441107_04c75033ab_m.jpg", "link": "https://www.flickr.com/photos/MicroPasts/15414441107", "url_b": "https://farm4.staticflickr.com/3943/15414441107_04c75033ab_b.jpg"}, "n_answers": 2, "quorum": 0, "calibration": 0, "created": "2014-10-22T14:19:41.578200", "app_id": 73, "state": "completed", "id": 15364, "priority_0": 0.0}, {"info": {"url_m": "https://farm6.staticflickr.com/5606/15576762946_ee837e3348_m.jpg", "link": "https://www.flickr.com/photos/MicroPasts/15576762946", "url_b": "https://farm6.staticflickr.com/5606/15576762946_ee837e3348_b.jpg"}, "n_answers": 2, "quorum": 0, "calibration": 0, "created": "2014-10-22T14:19:44.638916", "app_id": 73, "state": "completed", "id": 15365, "priority_0": 0.0}, {"info": {"url_m": "https://farm6.staticflickr.com/5608/15414326518_4fe1dd8fde_m.jpg", "link": "https://www.flickr.com/photos/MicroPasts/15414326518", "url_b": "https://farm6.staticflickr.com/5608/15414326518_4fe1dd8fde_b.jpg"}, "n_answers": 2, "quorum": 0, "calibration": 0, "created": "2014-10-22T14:19:47.697415", "app_id": 73, "state": "completed", "id": 15366, "priority_0": 0.0}, {"info": {"url_m": "https://farm4.staticflickr.com/3953/14980277033_7e160cb26f_m.jpg", "link": "https://www.flickr.com/photos/MicroPasts/14980277033", "url_b": "https://farm4.staticflickr.com/3953/14980277033_7e160cb26f_b.jpg"}, "n_answers": 2, "quorum": 0, "calibration": 0, "created": "2014-10-22T14:19:50.755680", "app_id": 73, "state": "completed", "id": 15367, "priority_0": 0.0}, {"info": {"url_m": "https://farm4.staticflickr.com/3947/15600434375_29d023ca64_m.jpg", "link": "https://www.flickr.com/photos/MicroPasts/15600434375", "url_b": "https://farm4.staticflickr.com/3947/15600434375_29d023ca64_b.jpg"}, "n_answers": 2, "quorum": 0, "calibration": 0, "created": "2014-10-22T14:19:53.863131", "app_id": 73, "state": "completed", "id": 15368, "priority_0": 0.0}, {"info": {"url_m": "https://farm4.staticflickr.com/3940/15414326398_7ef388ea41_m.jpg", "link": "https://www.flickr.com/photos/MicroPasts/15414326398", "url_b": "https://farm4.staticflickr.com/3940/15414326398_7ef388ea41_b.jpg"}, "n_answers": 2, "quorum": 0, "calibration": 0, "created": "2014-10-22T14:19:56.916843", "app_id": 73, "state": "completed", "id": 15369, "priority_0": 0.0}, {"info": {"url_m": "https://farm6.staticflickr.com/5612/15600434295_fec6d9ac6b_m.jpg", "link": "https://www.flickr.com/photos/MicroPasts/15600434295", "url_b": "https://farm6.staticflickr.com/5612/15600434295_fec6d9ac6b_b.jpg"}, "n_answers": 2, "quorum": 0, "calibration": 0, "created": "2014-10-22T14:19:59.969610", "app_id": 73, "state": "completed", "id": 15370, "priority_0": 0.0}, {"info": {"url_m": "https://farm4.staticflickr.com/3937/14980276943_82d5c31703_m.jpg", "link": "https://www.flickr.com/photos/MicroPasts/14980276943", "url_b": "https://farm4.staticflickr.com/3937/14980276943_82d5c31703_b.jpg"}, "n_answers": 2, "quorum": 0, "calibration": 0, "created": "2014-10-22T14:20:03.021559", "app_id": 73, "state": "completed", "id": 15371, "priority_0": 0.0}, {"info": {"url_m": "https://farm4.staticflickr.com/3946/15414326288_1e49cd456c_m.jpg", "link": "https://www.flickr.com/photos/MicroPasts/15414326288", "url_b": "https://farm4.staticflickr.com/3946/15414326288_1e49cd456c_b.jpg"}, "n_answers": 2, "quorum": 0, "calibration": 0, "created": "2014-10-22T14:20:06.079625", "app_id": 73, "state": "completed", "id": 15372, "priority_0": 0.0}, {"info": {"url_m": "https://farm4.staticflickr.com/3940/15414837270_81d3b2e3df_m.jpg", "link": "https://www.flickr.com/photos/MicroPasts/15414837270", "url_b": "https://farm4.staticflickr.com/3940/15414837270_81d3b2e3df_b.jpg"}, "n_answers": 2, "quorum": 0, "calibration": 0, "created": "2014-10-22T14:20:09.140188", "app_id": 73, "state": "completed", "id": 15373, "priority_0": 0.0}, {"info": {"url_m": "https://farm4.staticflickr.com/3947/15413817389_bec712063f_m.jpg", "link": "https://www.flickr.com/photos/MicroPasts/15413817389", "url_b": "https://farm4.staticflickr.com/3947/15413817389_bec712063f_b.jpg"}, "n_answers": 2, "quorum": 0, "calibration": 0, "created": "2014-10-22T14:20:12.193598", "app_id": 73, "state": "completed", "id": 15374, "priority_0": 0.0}, {"info": {"url_m": "https://farm6.staticflickr.com/5607/15597774021_61fc935082_m.jpg", "link": "https://www.flickr.com/photos/MicroPasts/15597774021", "url_b": "https://farm6.staticflickr.com/5607/15597774021_61fc935082_b.jpg"}, "n_answers": 2, "quorum": 0, "calibration": 0, "created": "2014-10-22T14:20:15.245572", "app_id": 73, "state": "completed", "id": 15375, "priority_0": 0.0}, {"info": {"url_m": "https://farm4.staticflickr.com/3949/15601270972_2f9581c998_m.jpg", "link": "https://www.flickr.com/photos/MicroPasts/15601270972", "url_b": "https://farm4.staticflickr.com/3949/15601270972_2f9581c998_b.jpg"}, "n_answers": 2, "quorum": 0, "calibration": 0, "created": "2014-10-22T14:20:18.286347", "app_id": 73, "state": "completed", "id": 15376, "priority_0": 0.0}, {"info": {"url_m": "https://farm6.staticflickr.com/5612/15414326088_ef0514d113_m.jpg", "link": "https://www.flickr.com/photos/MicroPasts/15414326088", "url_b": "https://farm6.staticflickr.com/5612/15414326088_ef0514d113_b.jpg"}, "n_answers": 2, "quorum": 0, "calibration": 0, "created": "2014-10-22T14:20:21.344913", "app_id": 73, "state": "completed", "id": 15377, "priority_0": 0.0}, {"info": {"url_m": "https://farm4.staticflickr.com/3933/14979695564_e2cb51f1fe_m.jpg", "link": "https://www.flickr.com/photos/MicroPasts/14979695564", "url_b": "https://farm4.staticflickr.com/3933/14979695564_e2cb51f1fe_b.jpg"}, "n_answers": 2, "quorum": 0, "calibration": 0, "created": "2014-10-22T14:20:24.401210", "app_id": 73, "state": "completed", "id": 15378, "priority_0": 0.0}, {"info": {"url_m": "https://farm6.staticflickr.com/5606/15597773861_1a3bb68376_m.jpg", "link": "https://www.flickr.com/photos/MicroPasts/15597773861", "url_b": "https://farm6.staticflickr.com/5606/15597773861_1a3bb68376_b.jpg"}, "n_answers": 2, "quorum": 0, "calibration": 0, "created": "2014-10-22T14:20:27.462242", "app_id": 73, "state": "completed", "id": 15379, "priority_0": 0.0}, {"info": {"url_m": "https://farm6.staticflickr.com/5605/15414440477_518a1e927a_m.jpg", "link": "https://www.flickr.com/photos/MicroPasts/15414440477", "url_b": "https://farm6.staticflickr.com/5605/15414440477_518a1e927a_b.jpg"}, "n_answers": 2, "quorum": 0, "calibration": 0, "created": "2014-10-22T14:20:30.518034", "app_id": 73, "state": "completed", "id": 15380, "priority_0": 0.0}, {"info": {"url_m": "https://farm6.staticflickr.com/5607/15414325948_e3a352e7d4_m.jpg", "link": "https://www.flickr.com/photos/MicroPasts/15414325948", "url_b": "https://farm6.staticflickr.com/5607/15414325948_e3a352e7d4_b.jpg"}, "n_answers": 2, "quorum": 0, "calibration": 0, "created": "2014-10-22T14:20:33.560246", "app_id": 73, "state": "completed", "id": 15381, "priority_0": 0.0}, {"info": {"url_m": "https://farm4.staticflickr.com/3942/15600433945_b9606878c2_m.jpg", "link": "https://www.flickr.com/photos/MicroPasts/15600433945", "url_b": "https://farm4.staticflickr.com/3942/15600433945_b9606878c2_b.jpg"}, "n_answers": 2, "quorum": 0, "calibration": 0, "created": "2014-10-22T14:20:36.609347", "app_id": 73, "state": "completed", "id": 15382, "priority_0": 0.0}, {"info": {"url_m": "https://farm6.staticflickr.com/5601/15414837010_5c4ea68d1e_m.jpg", "link": "https://www.flickr.com/photos/MicroPasts/15414837010", "url_b": "https://farm6.staticflickr.com/5601/15414837010_5c4ea68d1e_b.jpg"}, "n_answers": 2, "quorum": 0, "calibration": 0, "created": "2014-10-22T14:20:39.661924", "app_id": 73, "state": "completed", "id": 15383, "priority_0": 0.0}, {"info": {"url_m": "https://farm4.staticflickr.com/3938/15601270582_f5d16917b4_m.jpg", "link": "https://www.flickr.com/photos/MicroPasts/15601270582", "url_b": "https://farm4.staticflickr.com/3938/15601270582_f5d16917b4_b.jpg"}, "n_answers": 2, "quorum": 0, "calibration": 0, "created": "2014-10-22T14:20:42.716722", "app_id": 73, "state": "completed", "id": 15384, "priority_0": 0.0}, {"info": {"url_m": "https://farm6.staticflickr.com/5607/15414836760_fc213e0bfc_m.jpg", "link": "https://www.flickr.com/photos/MicroPasts/15414836760", "url_b": "https://farm6.staticflickr.com/5607/15414836760_fc213e0bfc_b.jpg"}, "n_answers": 2, "quorum": 0, "calibration": 0, "created": "2014-10-22T14:20:45.825496", "app_id": 73, "state": "completed", "id": 15385, "priority_0": 0.0}, {"info": {"url_m": "https://farm6.staticflickr.com/5610/15413816739_40874f2629_m.jpg", "link": "https://www.flickr.com/photos/MicroPasts/15413816739", "url_b": "https://farm6.staticflickr.com/5610/15413816739_40874f2629_b.jpg"}, "n_answers": 2, "quorum": 0, "calibration": 0, "created": "2014-10-22T14:20:48.884894", "app_id": 73, "state": "completed", "id": 15386, "priority_0": 0.0}, {"info": {"url_m": "https://farm4.staticflickr.com/3939/14980276193_5cdf19783a_m.jpg", "link": "https://www.flickr.com/photos/MicroPasts/14980276193", "url_b": "https://farm4.staticflickr.com/3939/14980276193_5cdf19783a_b.jpg"}, "n_answers": 2, "quorum": 0, "calibration": 0, "created": "2014-10-22T14:20:51.944116", "app_id": 73, "state": "completed", "id": 15387, "priority_0": 0.0}, {"info": {"url_m": "https://farm6.staticflickr.com/5604/15413816689_d0ca038c56_m.jpg", "link": "https://www.flickr.com/photos/MicroPasts/15413816689", "url_b": "https://farm6.staticflickr.com/5604/15413816689_d0ca038c56_b.jpg"}, "n_answers": 2, "quorum": 0, "calibration": 0, "created": "2014-10-22T14:20:55.000103", "app_id": 73, "state": "completed", "id": 15388, "priority_0": 0.0}, {"info": {"url_m": "https://farm4.staticflickr.com/3947/15597773281_bbe8820691_m.jpg", "link": "https://www.flickr.com/photos/MicroPasts/15597773281", "url_b": "https://farm4.staticflickr.com/3947/15597773281_bbe8820691_b.jpg"}, "n_answers": 2, "quorum": 0, "calibration": 0, "created": "2014-10-22T14:20:58.052798", "app_id": 73, "state": "completed", "id": 15389, "priority_0": 0.0}, {"info": {"url_m": "https://farm4.staticflickr.com/3948/15414439887_169533e40c_m.jpg", "link": "https://www.flickr.com/photos/MicroPasts/15414439887", "url_b": "https://farm4.staticflickr.com/3948/15414439887_169533e40c_b.jpg"}, "n_answers": 2, "quorum": 0, "calibration": 0, "created": "2014-10-22T14:21:01.107952", "app_id": 73, "state": "completed", "id": 15390, "priority_0": 0.0}, {"info": {"url_m": "https://farm6.staticflickr.com/5613/15576761696_b482163e28_m.jpg", "link": "https://www.flickr.com/photos/MicroPasts/15576761696", "url_b": "https://farm6.staticflickr.com/5613/15576761696_b482163e28_b.jpg"}, "n_answers": 2, "quorum": 0, "calibration": 0, "created": "2014-10-22T14:21:04.308170", "app_id": 73, "state": "completed", "id": 15391, "priority_0": 0.0}, {"info": {"url_m": "https://farm6.staticflickr.com/5614/15576761546_af7f46b584_m.jpg", "link": "https://www.flickr.com/photos/MicroPasts/15576761546", "url_b": "https://farm6.staticflickr.com/5614/15576761546_af7f46b584_b.jpg"}, "n_answers": 2, "quorum": 0, "calibration": 0, "created": "2014-10-22T14:21:07.368781", "app_id": 73, "state": "completed", "id": 15392, "priority_0": 0.0}, {"info": {"url_m": "https://farm6.staticflickr.com/5607/15600432975_4c004b75f2_m.jpg", "link": "https://www.flickr.com/photos/MicroPasts/15600432975", "url_b": "https://farm6.staticflickr.com/5607/15600432975_4c004b75f2_b.jpg"}, "n_answers": 2, "quorum": 0, "calibration": 0, "created": "2014-10-22T14:21:10.424639", "app_id": 73, "state": "completed", "id": 15393, "priority_0": 0.0}, {"info": {"url_m": "https://farm4.staticflickr.com/3942/14979694544_ecddc1b740_m.jpg", "link": "https://www.flickr.com/photos/MicroPasts/14979694544", "url_b": "https://farm4.staticflickr.com/3942/14979694544_ecddc1b740_b.jpg"}, "n_answers": 2, "quorum": 0, "calibration": 0, "created": "2014-10-22T14:21:13.489473", "app_id": 73, "state": "completed", "id": 15394, "priority_0": 0.0}, {"info": {"url_m": "https://farm4.staticflickr.com/3947/14980275333_090fed7240_m.jpg", "link": "https://www.flickr.com/photos/MicroPasts/14980275333", "url_b": "https://farm4.staticflickr.com/3947/14980275333_090fed7240_b.jpg"}, "n_answers": 2, "quorum": 0, "calibration": 0, "created": "2014-10-22T14:21:16.532781", "app_id": 73, "state": "completed", "id": 15395, "priority_0": 0.0}, {"info": {"url_m": "https://farm4.staticflickr.com/3936/15600432675_a2e792f6c7_m.jpg", "link": "https://www.flickr.com/photos/MicroPasts/15600432675", "url_b": "https://farm4.staticflickr.com/3936/15600432675_a2e792f6c7_b.jpg"}, "n_answers": 2, "quorum": 0, "calibration": 0, "created": "2014-10-22T14:21:19.592405", "app_id": 73, "state": "completed", "id": 15396, "priority_0": 0.0}, {"info": {"url_m": "https://farm4.staticflickr.com/3956/15601269242_07e6753c7b_m.jpg", "link": "https://www.flickr.com/photos/MicroPasts/15601269242", "url_b": "https://farm4.staticflickr.com/3956/15601269242_07e6753c7b_b.jpg"}, "n_answers": 2, "quorum": 0, "calibration": 0, "created": "2014-10-22T14:21:22.650006", "app_id": 73, "state": "completed", "id": 15397, "priority_0": 0.0}, {"info": {"url_m": "https://farm4.staticflickr.com/3939/15413815959_59fe1d569c_m.jpg", "link": "https://www.flickr.com/photos/MicroPasts/15413815959", "url_b": "https://farm4.staticflickr.com/3939/15413815959_59fe1d569c_b.jpg"}, "n_answers": 2, "quorum": 0, "calibration": 0, "created": "2014-10-22T14:21:25.706288", "app_id": 73, "state": "completed", "id": 15398, "priority_0": 0.0}, {"info": {"url_m": "https://farm4.staticflickr.com/3951/15414324688_59fe1d569c_m.jpg", "link": "https://www.flickr.com/photos/MicroPasts/15414324688", "url_b": "https://farm4.staticflickr.com/3951/15414324688_59fe1d569c_b.jpg"}, "n_answers": 2, "quorum": 0, "calibration": 0, "created": "2014-10-22T14:21:28.767267", "app_id": 73, "state": "completed", "id": 15399, "priority_0": 0.0}, {"info": {"url_m": "https://farm4.staticflickr.com/3949/15576760646_1500725e17_m.jpg", "link": "https://www.flickr.com/photos/MicroPasts/15576760646", "url_b": "https://farm4.staticflickr.com/3949/15576760646_1500725e17_b.jpg"}, "n_answers": 2, "quorum": 0, "calibration": 0, "created": "2014-10-22T14:21:31.823948", "app_id": 73, "state": "completed", "id": 15400, "priority_0": 0.0}, {"info": {"url_m": "https://farm4.staticflickr.com/3953/15414835600_4824905009_m.jpg", "link": "https://www.flickr.com/photos/MicroPasts/15414835600", "url_b": "https://farm4.staticflickr.com/3953/15414835600_4824905009_b.jpg"}, "n_answers": 2, "quorum": 0, "calibration": 0, "created": "2014-10-22T14:21:34.865188", "app_id": 73, "state": "completed", "id": 15401, "priority_0": 0.0}, {"info": {"url_m": "https://farm4.staticflickr.com/3949/15414324538_ef1baf9e32_m.jpg", "link": "https://www.flickr.com/photos/MicroPasts/15414324538", "url_b": "https://farm4.staticflickr.com/3949/15414324538_ef1baf9e32_b.jpg"}, "n_answers": 2, "quorum": 0, "calibration": 0, "created": "2014-10-22T14:21:37.922169", "app_id": 73, "state": "completed", "id": 15402, "priority_0": 0.0}, {"info": {"url_m": "https://farm4.staticflickr.com/3953/15601268892_75f88e75b0_m.jpg", "link": "https://www.flickr.com/photos/MicroPasts/15601268892", "url_b": "https://farm4.staticflickr.com/3953/15601268892_75f88e75b0_b.jpg"}, "n_answers": 2, "quorum": 0, "calibration": 0, "created": "2014-10-22T14:21:40.975204", "app_id": 73, "state": "completed", "id": 15403, "priority_0": 0.0}, {"info": {"url_m": "https://farm4.staticflickr.com/3949/15414835530_70b8871f3d_m.jpg", "link": "https://www.flickr.com/photos/MicroPasts/15414835530", "url_b": "https://farm4.staticflickr.com/3949/15414835530_70b8871f3d_b.jpg"}, "n_answers": 2, "quorum": 0, "calibration": 0, "created": "2014-10-22T14:21:44.032775", "app_id": 73, "state": "completed", "id": 15404, "priority_0": 0.0}, {"info": {"url_m": "https://farm4.staticflickr.com/3945/15576760456_9f4fe50307_m.jpg", "link": "https://www.flickr.com/photos/MicroPasts/15576760456", "url_b": "https://farm4.staticflickr.com/3945/15576760456_9f4fe50307_b.jpg"}, "n_answers": 2, "quorum": 0, "calibration": 0, "created": "2014-10-22T14:21:47.088762", "app_id": 73, "state": "completed", "id": 15405, "priority_0": 0.0}, {"info": {"url_m": "https://farm4.staticflickr.com/3938/14980274763_19516d97ce_m.jpg", "link": "https://www.flickr.com/photos/MicroPasts/14980274763", "url_b": "https://farm4.staticflickr.com/3938/14980274763_19516d97ce_b.jpg"}, "n_answers": 2, "quorum": 0, "calibration": 0, "created": "2014-10-22T14:21:50.149778", "app_id": 73, "state": "completed", "id": 15406, "priority_0": 0.0}, {"info": {"url_m": "https://farm6.staticflickr.com/5605/15414438527_493533b6f3_m.jpg", "link": "https://www.flickr.com/photos/MicroPasts/15414438527", "url_b": "https://farm6.staticflickr.com/5605/15414438527_493533b6f3_b.jpg"}, "n_answers": 2, "quorum": 0, "calibration": 0, "created": "2014-10-22T14:21:53.215608", "app_id": 73, "state": "completed", "id": 15407, "priority_0": 0.0}, {"info": {"url_m": "https://farm6.staticflickr.com/5615/15576760406_abf4d1808d_m.jpg", "link": "https://www.flickr.com/photos/MicroPasts/15576760406", "url_b": "https://farm6.staticflickr.com/5615/15576760406_abf4d1808d_b.jpg"}, "n_answers": 2, "quorum": 0, "calibration": 0, "created": "2014-10-22T14:21:56.272421", "app_id": 73, "state": "completed", "id": 15408, "priority_0": 0.0}, {"info": {"url_m": "https://farm6.staticflickr.com/5600/15414438267_4e13f4108b_m.jpg", "link": "https://www.flickr.com/photos/MicroPasts/15414438267", "url_b": "https://farm6.staticflickr.com/5600/15414438267_4e13f4108b_b.jpg"}, "n_answers": 2, "quorum": 0, "calibration": 0, "created": "2014-10-22T14:21:59.333107", "app_id": 73, "state": "completed", "id": 15409, "priority_0": 0.0}, {"info": {"url_m": "https://farm6.staticflickr.com/5606/14980274213_86b866d834_m.jpg", "link": "https://www.flickr.com/photos/MicroPasts/14980274213", "url_b": "https://farm6.staticflickr.com/5606/14980274213_86b866d834_b.jpg"}, "n_answers": 2, "quorum": 0, "calibration": 0, "created": "2014-10-22T14:22:02.387770", "app_id": 73, "state": "completed", "id": 15410, "priority_0": 0.0}]