[{"info": {"url": "https://farm6.staticflickr.com/5730/21784939356_ec014e1142.jpg", "url_m": "https://farm6.staticflickr.com/5730/21784939356_ec014e1142_m.jpg", "link": "https://www.flickr.com/photos/115096994@N02/21784939356", "url_b": "https://farm6.staticflickr.com/5730/21784939356_ec014e1142_b.jpg", "title": "Manx_Sword0003_Manx_Sword0004_fb"}, "n_answers": 3, "quorum": 0, "calibration": 0, "created": "2015-09-29T15:35:18.928420", "state": "completed", "project_id": 253, "id": 46655, "priority_0": 0.0}, {"info": {"url": "https://farm1.staticflickr.com/704/21784941446_3162ce1136.jpg", "url_m": "https://farm1.staticflickr.com/704/21784941446_3162ce1136_m.jpg", "link": "https://www.flickr.com/photos/115096994@N02/21784941446", "url_b": "https://farm1.staticflickr.com/704/21784941446_3162ce1136_b.jpg", "title": "Manx_Sword0001_Manx_Sword0002_fb"}, "n_answers": 3, "quorum": 0, "calibration": 0, "created": "2015-09-29T15:35:18.987121", "state": "completed", "project_id": 253, "id": 46656, "priority_0": 0.0}, {"info": {"url": "https://farm6.staticflickr.com/5755/21623209358_681bd10c57.jpg", "url_m": "https://farm6.staticflickr.com/5755/21623209358_681bd10c57_m.jpg", "link": "https://www.flickr.com/photos/115096994@N02/21623209358", "url_b": "https://farm6.staticflickr.com/5755/21623209358_681bd10c57_b.jpg", "title": "Kent_Sword0017_Kent_Sword0018_fb"}, "n_answers": 3, "quorum": 0, "calibration": 0, "created": "2015-09-29T15:35:19.020189", "state": "completed", "project_id": 253, "id": 46657, "priority_0": 0.0}, {"info": {"url": "https://farm6.staticflickr.com/5741/21189998303_41eb9dc678.jpg", "url_m": "https://farm6.staticflickr.com/5741/21189998303_41eb9dc678_m.jpg", "link": "https://www.flickr.com/photos/115096994@N02/21189998303", "url_b": "https://farm6.staticflickr.com/5741/21189998303_41eb9dc678_b.jpg", "title": "Kent_Sword0015_Kent_Sword0016_fb"}, "n_answers": 3, "quorum": 0, "calibration": 0, "created": "2015-09-29T15:35:19.052699", "state": "completed", "project_id": 253, "id": 46658, "priority_0": 0.0}, {"info": {"url": "https://farm1.staticflickr.com/616/21799291782_e68b31b234.jpg", "url_m": "https://farm1.staticflickr.com/616/21799291782_e68b31b234_m.jpg", "link": "https://www.flickr.com/photos/115096994@N02/21799291782", "url_b": "https://farm1.staticflickr.com/616/21799291782_e68b31b234_b.jpg", "title": "Kent_Sword0013_Kent_Sword0014_fb"}, "n_answers": 3, "quorum": 0, "calibration": 0, "created": "2015-09-29T15:35:19.084176", "state": "completed", "project_id": 253, "id": 46659, "priority_0": 0.0}, {"info": {"url": "https://farm6.staticflickr.com/5821/21799292792_33d4873e1e.jpg", "url_m": "https://farm6.staticflickr.com/5821/21799292792_33d4873e1e_m.jpg", "link": "https://www.flickr.com/photos/115096994@N02/21799292792", "url_b": "https://farm6.staticflickr.com/5821/21799292792_33d4873e1e_b.jpg", "title": "Kent_Sword0011_Kent_Sword0012_fb"}, "n_answers": 3, "quorum": 0, "calibration": 0, "created": "2015-09-29T15:35:19.110776", "state": "completed", "project_id": 253, "id": 46660, "priority_0": 0.0}, {"info": {"url": "https://farm1.staticflickr.com/608/21623213258_58db0ebd3a.jpg", "url_m": "https://farm1.staticflickr.com/608/21623213258_58db0ebd3a_m.jpg", "link": "https://www.flickr.com/photos/115096994@N02/21623213258", "url_b": "https://farm1.staticflickr.com/608/21623213258_58db0ebd3a_b.jpg", "title": "Kent_Sword0009_Kent_Sword0010_fb"}, "n_answers": 3, "quorum": 0, "calibration": 0, "created": "2015-09-29T15:35:19.142553", "state": "completed", "project_id": 253, "id": 46661, "priority_0": 0.0}, {"info": {"url": "https://farm6.staticflickr.com/5752/21811105105_cd1037de0a.jpg", "url_m": "https://farm6.staticflickr.com/5752/21811105105_cd1037de0a_m.jpg", "link": "https://www.flickr.com/photos/115096994@N02/21811105105", "url_b": "https://farm6.staticflickr.com/5752/21811105105_cd1037de0a_b.jpg", "title": "Kent_Sword0007_Kent_Sword0008_fb"}, "n_answers": 3, "quorum": 0, "calibration": 0, "created": "2015-09-29T15:35:19.168997", "state": "completed", "project_id": 253, "id": 46662, "priority_0": 0.0}, {"info": {"url": "https://farm1.staticflickr.com/582/21799295622_d9a5b5f1a3.jpg", "url_m": "https://farm1.staticflickr.com/582/21799295622_d9a5b5f1a3_m.jpg", "link": "https://www.flickr.com/photos/115096994@N02/21799295622", "url_b": "https://farm1.staticflickr.com/582/21799295622_d9a5b5f1a3_b.jpg", "title": "Kent_Sword0005_Kent_Sword0006_fb"}, "n_answers": 3, "quorum": 0, "calibration": 0, "created": "2015-09-29T15:35:19.200419", "state": "completed", "project_id": 253, "id": 46663, "priority_0": 0.0}, {"info": {"url": "https://farm6.staticflickr.com/5736/21624208529_c2edb331b4.jpg", "url_m": "https://farm6.staticflickr.com/5736/21624208529_c2edb331b4_m.jpg", "link": "https://www.flickr.com/photos/115096994@N02/21624208529", "url_b": "https://farm6.staticflickr.com/5736/21624208529_c2edb331b4_b.jpg", "title": "Kent_Sword0003_Kent_Sword0004_fb"}, "n_answers": 3, "quorum": 0, "calibration": 0, "created": "2015-09-29T15:35:19.227297", "state": "completed", "project_id": 253, "id": 46664, "priority_0": 0.0}, {"info": {"url": "https://farm1.staticflickr.com/645/21811109145_1eddcb881b.jpg", "url_m": "https://farm1.staticflickr.com/645/21811109145_1eddcb881b_m.jpg", "link": "https://www.flickr.com/photos/115096994@N02/21811109145", "url_b": "https://farm1.staticflickr.com/645/21811109145_1eddcb881b_b.jpg", "title": "Kent_Sword0001_Kent_Sword0002_fb"}, "n_answers": 3, "quorum": 0, "calibration": 0, "created": "2015-09-29T15:35:19.261258", "state": "completed", "project_id": 253, "id": 46665, "priority_0": 0.0}, {"info": {"url": "https://farm6.staticflickr.com/5742/21624211779_f93c369c2e.jpg", "url_m": "https://farm6.staticflickr.com/5742/21624211779_f93c369c2e_m.jpg", "link": "https://www.flickr.com/photos/115096994@N02/21624211779", "url_b": "https://farm6.staticflickr.com/5742/21624211779_f93c369c2e_b.jpg", "title": "Hertfordshire_Sword0005_Hertfordshire_Sword0006_fb"}, "n_answers": 3, "quorum": 0, "calibration": 0, "created": "2015-09-29T15:35:19.292033", "state": "completed", "project_id": 253, "id": 46666, "priority_0": 0.0}, {"info": {"url": "https://farm1.staticflickr.com/666/21820607761_8172e90d4c.jpg", "url_m": "https://farm1.staticflickr.com/666/21820607761_8172e90d4c_m.jpg", "link": "https://www.flickr.com/photos/115096994@N02/21820607761", "url_b": "https://farm1.staticflickr.com/666/21820607761_8172e90d4c_b.jpg", "title": "Hertfordshire_Sword0003_Hertfordshire_Sword0004_fb"}, "n_answers": 3, "quorum": 0, "calibration": 0, "created": "2015-09-29T15:35:19.318758", "state": "completed", "project_id": 253, "id": 46667, "priority_0": 0.0}, {"info": {"url": "https://farm6.staticflickr.com/5796/21188366724_208d34a526.jpg", "url_m": "https://farm6.staticflickr.com/5796/21188366724_208d34a526_m.jpg", "link": "https://www.flickr.com/photos/115096994@N02/21188366724", "url_b": "https://farm6.staticflickr.com/5796/21188366724_208d34a526_b.jpg", "title": "Hertfordshire_Sword0001_Hertfordshire_Sword0002_fb"}, "n_answers": 3, "quorum": 0, "calibration": 0, "created": "2015-09-29T15:35:19.350267", "state": "completed", "project_id": 253, "id": 46668, "priority_0": 0.0}, {"info": {"url": "https://farm6.staticflickr.com/5799/21624216029_e0b70e7e3c.jpg", "url_m": "https://farm6.staticflickr.com/5799/21624216029_e0b70e7e3c_m.jpg", "link": "https://www.flickr.com/photos/115096994@N02/21624216029", "url_b": "https://farm6.staticflickr.com/5799/21624216029_e0b70e7e3c_b.jpg", "title": "Hereford_Sword0003_Hereford_Sword0004_fb"}, "n_answers": 3, "quorum": 0, "calibration": 0, "created": "2015-09-29T15:35:19.377029", "state": "completed", "project_id": 253, "id": 46669, "priority_0": 0.0}, {"info": {"url": "https://farm1.staticflickr.com/563/21799307142_1ac489dbe1.jpg", "url_m": "https://farm1.staticflickr.com/563/21799307142_1ac489dbe1_m.jpg", "link": "https://www.flickr.com/photos/115096994@N02/21799307142", "url_b": "https://farm1.staticflickr.com/563/21799307142_1ac489dbe1_b.jpg", "title": "Hereford_Sword0001_Hereford_Sword0002_fb"}, "n_answers": 3, "quorum": 0, "calibration": 0, "created": "2015-09-29T15:35:19.408222", "state": "completed", "project_id": 253, "id": 46670, "priority_0": 0.0}, {"info": {"url": "https://farm1.staticflickr.com/628/21190014793_546cbb07c7.jpg", "url_m": "https://farm1.staticflickr.com/628/21190014793_546cbb07c7_m.jpg", "link": "https://www.flickr.com/photos/115096994@N02/21190014793", "url_b": "https://farm1.staticflickr.com/628/21190014793_546cbb07c7_b.jpg", "title": "Hants_Sword0077_Hants_Sword0078_fb"}, "n_answers": 3, "quorum": 0, "calibration": 0, "created": "2015-09-29T15:35:19.435291", "state": "completed", "project_id": 253, "id": 46671, "priority_0": 0.0}, {"info": {"url": "https://farm1.staticflickr.com/704/21623229478_d67dbb7cd4.jpg", "url_m": "https://farm1.staticflickr.com/704/21623229478_d67dbb7cd4_m.jpg", "link": "https://www.flickr.com/photos/115096994@N02/21623229478", "url_b": "https://farm1.staticflickr.com/704/21623229478_d67dbb7cd4_b.jpg", "title": "Hants_Sword0075_Hants_Sword0076_fb"}, "n_answers": 3, "quorum": 0, "calibration": 0, "created": "2015-09-29T15:35:19.466742", "state": "completed", "project_id": 253, "id": 46672, "priority_0": 0.0}, {"info": {"url": "https://farm1.staticflickr.com/586/21190018553_149384c498.jpg", "url_m": "https://farm1.staticflickr.com/586/21190018553_149384c498_m.jpg", "link": "https://www.flickr.com/photos/115096994@N02/21190018553", "url_b": "https://farm1.staticflickr.com/586/21190018553_149384c498_b.jpg", "title": "Hants_Sword0073_Hants_Sword0074_fb"}, "n_answers": 3, "quorum": 0, "calibration": 0, "created": "2015-09-29T15:35:19.493257", "state": "completed", "project_id": 253, "id": 46673, "priority_0": 0.0}, {"info": {"url": "https://farm6.staticflickr.com/5767/21784967216_b8e7d12308.jpg", "url_m": "https://farm6.staticflickr.com/5767/21784967216_b8e7d12308_m.jpg", "link": "https://www.flickr.com/photos/115096994@N02/21784967216", "url_b": "https://farm6.staticflickr.com/5767/21784967216_b8e7d12308_b.jpg", "title": "Hants_Sword0071_Hants_Sword0072_fb"}, "n_answers": 3, "quorum": 0, "calibration": 0, "created": "2015-09-29T15:35:19.518360", "state": "completed", "project_id": 253, "id": 46674, "priority_0": 0.0}, {"info": {"url": "https://farm6.staticflickr.com/5811/21820623021_f7479f6e7a.jpg", "url_m": "https://farm6.staticflickr.com/5811/21820623021_f7479f6e7a_m.jpg", "link": "https://www.flickr.com/photos/115096994@N02/21820623021", "url_b": "https://farm6.staticflickr.com/5811/21820623021_f7479f6e7a_b.jpg", "title": "Hants_Sword0069_Hants_Sword0070_fb"}, "n_answers": 3, "quorum": 0, "calibration": 0, "created": "2015-09-29T15:35:19.543312", "state": "completed", "project_id": 253, "id": 46675, "priority_0": 0.0}, {"info": {"url": "https://farm1.staticflickr.com/673/21820625371_9cc2967822.jpg", "url_m": "https://farm1.staticflickr.com/673/21820625371_9cc2967822_m.jpg", "link": "https://www.flickr.com/photos/115096994@N02/21820625371", "url_b": "https://farm1.staticflickr.com/673/21820625371_9cc2967822_b.jpg", "title": "Hants_Sword0067_Hants_Sword0068_fb"}, "n_answers": 3, "quorum": 0, "calibration": 0, "created": "2015-09-29T15:35:19.568686", "state": "completed", "project_id": 253, "id": 46676, "priority_0": 0.0}, {"info": {"url": "https://farm6.staticflickr.com/5709/21799320002_c1bdb4000f.jpg", "url_m": "https://farm6.staticflickr.com/5709/21799320002_c1bdb4000f_m.jpg", "link": "https://www.flickr.com/photos/115096994@N02/21799320002", "url_b": "https://farm6.staticflickr.com/5709/21799320002_c1bdb4000f_b.jpg", "title": "Hants_Sword0065_Hants_Sword0066_fb"}, "n_answers": 3, "quorum": 0, "calibration": 0, "created": "2015-09-29T15:35:19.599527", "state": "completed", "project_id": 253, "id": 46677, "priority_0": 0.0}, {"info": {"url": "https://farm1.staticflickr.com/642/21820629471_88e9b42f6a.jpg", "url_m": "https://farm1.staticflickr.com/642/21820629471_88e9b42f6a_m.jpg", "link": "https://www.flickr.com/photos/115096994@N02/21820629471", "url_b": "https://farm1.staticflickr.com/642/21820629471_88e9b42f6a_b.jpg", "title": "Hants_Sword0063_Hants_Sword0064_fb"}, "n_answers": 3, "quorum": 0, "calibration": 0, "created": "2015-09-29T15:35:19.626504", "state": "completed", "project_id": 253, "id": 46678, "priority_0": 0.0}, {"info": {"url": "https://farm1.staticflickr.com/633/21623085050_206a34e55a.jpg", "url_m": "https://farm1.staticflickr.com/633/21623085050_206a34e55a_m.jpg", "link": "https://www.flickr.com/photos/115096994@N02/21623085050", "url_b": "https://farm1.staticflickr.com/633/21623085050_206a34e55a_b.jpg", "title": "Hants_Sword0061_Hants_Sword0062_fb"}, "n_answers": 3, "quorum": 0, "calibration": 0, "created": "2015-09-29T15:35:19.651631", "state": "completed", "project_id": 253, "id": 46679, "priority_0": 0.0}, {"info": {"url": "https://farm1.staticflickr.com/724/21811136005_a983c7ac8d.jpg", "url_m": "https://farm1.staticflickr.com/724/21811136005_a983c7ac8d_m.jpg", "link": "https://www.flickr.com/photos/115096994@N02/21811136005", "url_b": "https://farm1.staticflickr.com/724/21811136005_a983c7ac8d_b.jpg", "title": "Hants_Sword0059_Hants_Sword0060_fb"}, "n_answers": 3, "quorum": 0, "calibration": 0, "created": "2015-09-29T15:35:19.676392", "state": "completed", "project_id": 253, "id": 46680, "priority_0": 0.0}, {"info": {"url": "https://farm1.staticflickr.com/777/21784979696_9ed9f2b727.jpg", "url_m": "https://farm1.staticflickr.com/777/21784979696_9ed9f2b727_m.jpg", "link": "https://www.flickr.com/photos/115096994@N02/21784979696", "url_b": "https://farm1.staticflickr.com/777/21784979696_9ed9f2b727_b.jpg", "title": "Hants_Sword0057_Hants_Sword0058_fb"}, "n_answers": 3, "quorum": 0, "calibration": 0, "created": "2015-09-29T15:35:19.701800", "state": "completed", "project_id": 253, "id": 46681, "priority_0": 0.0}, {"info": {"url": "https://farm1.staticflickr.com/568/21190035263_ff8ed96057.jpg", "url_m": "https://farm1.staticflickr.com/568/21190035263_ff8ed96057_m.jpg", "link": "https://www.flickr.com/photos/115096994@N02/21190035263", "url_b": "https://farm1.staticflickr.com/568/21190035263_ff8ed96057_b.jpg", "title": "Hants_Sword0055_Hants_Sword0056_fb"}, "n_answers": 3, "quorum": 0, "calibration": 0, "created": "2015-09-29T15:35:19.726646", "state": "completed", "project_id": 253, "id": 46682, "priority_0": 0.0}, {"info": {"url": "https://farm6.staticflickr.com/5692/21623248618_4cdc3080be.jpg", "url_m": "https://farm6.staticflickr.com/5692/21623248618_4cdc3080be_m.jpg", "link": "https://www.flickr.com/photos/115096994@N02/21623248618", "url_b": "https://farm6.staticflickr.com/5692/21623248618_4cdc3080be_b.jpg", "title": "Hants_Sword0053_Hants_Sword0054_fb"}, "n_answers": 3, "quorum": 0, "calibration": 0, "created": "2015-09-29T15:35:19.751611", "state": "completed", "project_id": 253, "id": 46683, "priority_0": 0.0}, {"info": {"url": "https://farm6.staticflickr.com/5832/21799330882_0c361feba4.jpg", "url_m": "https://farm6.staticflickr.com/5832/21799330882_0c361feba4_m.jpg", "link": "https://www.flickr.com/photos/115096994@N02/21799330882", "url_b": "https://farm6.staticflickr.com/5832/21799330882_0c361feba4_b.jpg", "title": "Hants_Sword0051_Hants_Sword0052_fb"}, "n_answers": 3, "quorum": 0, "calibration": 0, "created": "2015-09-29T15:35:19.776600", "state": "completed", "project_id": 253, "id": 46684, "priority_0": 0.0}, {"info": {"url": "https://farm1.staticflickr.com/652/21190038843_29e073082f.jpg", "url_m": "https://farm1.staticflickr.com/652/21190038843_29e073082f_m.jpg", "link": "https://www.flickr.com/photos/115096994@N02/21190038843", "url_b": "https://farm1.staticflickr.com/652/21190038843_29e073082f_b.jpg", "title": "Hants_Sword0049_Hants_Sword0050_fb"}, "n_answers": 3, "quorum": 0, "calibration": 0, "created": "2015-09-29T15:35:19.801773", "state": "completed", "project_id": 253, "id": 46685, "priority_0": 0.0}, {"info": {"url": "https://farm6.staticflickr.com/5810/21624244369_1f638956c9.jpg", "url_m": "https://farm6.staticflickr.com/5810/21624244369_1f638956c9_m.jpg", "link": "https://www.flickr.com/photos/115096994@N02/21624244369", "url_b": "https://farm6.staticflickr.com/5810/21624244369_1f638956c9_b.jpg", "title": "Hants_Sword0047_Hants_Sword0048_fb"}, "n_answers": 3, "quorum": 0, "calibration": 0, "created": "2015-09-29T15:35:19.826711", "state": "completed", "project_id": 253, "id": 46686, "priority_0": 0.0}, {"info": {"url": "https://farm6.staticflickr.com/5641/21820641371_e043083878.jpg", "url_m": "https://farm6.staticflickr.com/5641/21820641371_e043083878_m.jpg", "link": "https://www.flickr.com/photos/115096994@N02/21820641371", "url_b": "https://farm6.staticflickr.com/5641/21820641371_e043083878_b.jpg", "title": "Hants_Sword0045_Hants_Sword0046_fb"}, "n_answers": 3, "quorum": 0, "calibration": 0, "created": "2015-09-29T15:35:19.852516", "state": "completed", "project_id": 253, "id": 46687, "priority_0": 0.0}, {"info": {"url": "https://farm6.staticflickr.com/5707/21623099270_be637fcf92.jpg", "url_m": "https://farm6.staticflickr.com/5707/21623099270_be637fcf92_m.jpg", "link": "https://www.flickr.com/photos/115096994@N02/21623099270", "url_b": "https://farm6.staticflickr.com/5707/21623099270_be637fcf92_b.jpg", "title": "Hants_Sword0043_Hants_Sword0044_fb"}, "n_answers": 3, "quorum": 0, "calibration": 0, "created": "2015-09-29T15:35:19.883618", "state": "completed", "project_id": 253, "id": 46688, "priority_0": 0.0}, {"info": {"url": "https://farm6.staticflickr.com/5761/21811151565_84690a7d72.jpg", "url_m": "https://farm6.staticflickr.com/5761/21811151565_84690a7d72_m.jpg", "link": "https://www.flickr.com/photos/115096994@N02/21811151565", "url_b": "https://farm6.staticflickr.com/5761/21811151565_84690a7d72_b.jpg", "title": "Hants_Sword0041_Hants_Sword0042_fb"}, "n_answers": 3, "quorum": 0, "calibration": 0, "created": "2015-09-29T15:35:19.910188", "state": "completed", "project_id": 253, "id": 46689, "priority_0": 0.0}, {"info": {"url": "https://farm6.staticflickr.com/5830/21623103880_3ddabc0422.jpg", "url_m": "https://farm6.staticflickr.com/5830/21623103880_3ddabc0422_m.jpg", "link": "https://www.flickr.com/photos/115096994@N02/21623103880", "url_b": "https://farm6.staticflickr.com/5830/21623103880_3ddabc0422_b.jpg", "title": "Hants_Sword0039_Hants_Sword0040_fb"}, "n_answers": 3, "quorum": 0, "calibration": 0, "created": "2015-09-29T15:35:19.935293", "state": "completed", "project_id": 253, "id": 46690, "priority_0": 0.0}, {"info": {"url": "https://farm6.staticflickr.com/5773/21784997756_1e2d5d21e5.jpg", "url_m": "https://farm6.staticflickr.com/5773/21784997756_1e2d5d21e5_m.jpg", "link": "https://www.flickr.com/photos/115096994@N02/21784997756", "url_b": "https://farm6.staticflickr.com/5773/21784997756_1e2d5d21e5_b.jpg", "title": "Hants_Sword0037_Hants_Sword0038_fb"}, "n_answers": 3, "quorum": 0, "calibration": 0, "created": "2015-09-29T15:35:19.960317", "state": "completed", "project_id": 253, "id": 46691, "priority_0": 0.0}, {"info": {"url": "https://farm1.staticflickr.com/760/21190053723_bbdc325635.jpg", "url_m": "https://farm1.staticflickr.com/760/21190053723_bbdc325635_m.jpg", "link": "https://www.flickr.com/photos/115096994@N02/21190053723", "url_b": "https://farm1.staticflickr.com/760/21190053723_bbdc325635_b.jpg", "title": "Hants_Sword0035_Hants_Sword0036_fb"}, "n_answers": 3, "quorum": 0, "calibration": 0, "created": "2015-09-29T15:35:19.985041", "state": "completed", "project_id": 253, "id": 46692, "priority_0": 0.0}, {"info": {"url": "https://farm1.staticflickr.com/620/21623267258_9fa6e91331.jpg", "url_m": "https://farm1.staticflickr.com/620/21623267258_9fa6e91331_m.jpg", "link": "https://www.flickr.com/photos/115096994@N02/21623267258", "url_b": "https://farm1.staticflickr.com/620/21623267258_9fa6e91331_b.jpg", "title": "Hants_Sword0033_Hants_Sword0034_fb"}, "n_answers": 3, "quorum": 0, "calibration": 0, "created": "2015-09-29T15:35:20.010396", "state": "completed", "project_id": 253, "id": 46693, "priority_0": 0.0}, {"info": {"url": "https://farm6.staticflickr.com/5769/21188416134_ab907a3edf.jpg", "url_m": "https://farm6.staticflickr.com/5769/21188416134_ab907a3edf_m.jpg", "link": "https://www.flickr.com/photos/115096994@N02/21188416134", "url_b": "https://farm6.staticflickr.com/5769/21188416134_ab907a3edf_b.jpg", "title": "Hants_Sword0031_Hants_Sword0032_fb"}, "n_answers": 3, "quorum": 0, "calibration": 0, "created": "2015-09-29T15:35:20.035038", "state": "completed", "project_id": 253, "id": 46694, "priority_0": 0.0}, {"info": {"url": "https://farm1.staticflickr.com/728/21623269898_a253f6fe21.jpg", "url_m": "https://farm1.staticflickr.com/728/21623269898_a253f6fe21_m.jpg", "link": "https://www.flickr.com/photos/115096994@N02/21623269898", "url_b": "https://farm1.staticflickr.com/728/21623269898_a253f6fe21_b.jpg", "title": "Hants_Sword0029_Hants_Sword0030_fb"}, "n_answers": 3, "quorum": 0, "calibration": 0, "created": "2015-09-29T15:35:20.060358", "state": "completed", "project_id": 253, "id": 46695, "priority_0": 0.0}, {"info": {"url": "https://farm6.staticflickr.com/5801/21811165795_7aa0192644.jpg", "url_m": "https://farm6.staticflickr.com/5801/21811165795_7aa0192644_m.jpg", "link": "https://www.flickr.com/photos/115096994@N02/21811165795", "url_b": "https://farm6.staticflickr.com/5801/21811165795_7aa0192644_b.jpg", "title": "Hants_Sword0027_Hants_Sword0028_fb"}, "n_answers": 3, "quorum": 0, "calibration": 0, "created": "2015-09-29T15:35:20.085408", "state": "completed", "project_id": 253, "id": 46696, "priority_0": 0.0}, {"info": {"url": "https://farm1.staticflickr.com/770/21799354052_403bd0ea53.jpg", "url_m": "https://farm1.staticflickr.com/770/21799354052_403bd0ea53_m.jpg", "link": "https://www.flickr.com/photos/115096994@N02/21799354052", "url_b": "https://farm1.staticflickr.com/770/21799354052_403bd0ea53_b.jpg", "title": "Hants_Sword0025_Hants_Sword0026_fb"}, "n_answers": 3, "quorum": 0, "calibration": 0, "created": "2015-09-29T15:35:20.110306", "state": "completed", "project_id": 253, "id": 46697, "priority_0": 0.0}, {"info": {"url": "https://farm1.staticflickr.com/577/21624268339_1621cf684b.jpg", "url_m": "https://farm1.staticflickr.com/577/21624268339_1621cf684b_m.jpg", "link": "https://www.flickr.com/photos/115096994@N02/21624268339", "url_b": "https://farm1.staticflickr.com/577/21624268339_1621cf684b_b.jpg", "title": "Hants_Sword0023_Hants_Sword0024_fb"}, "n_answers": 3, "quorum": 0, "calibration": 0, "created": "2015-09-29T15:35:20.135892", "state": "completed", "project_id": 253, "id": 46698, "priority_0": 0.0}, {"info": {"url": "https://farm1.staticflickr.com/584/21623275538_84013b815b.jpg", "url_m": "https://farm1.staticflickr.com/584/21623275538_84013b815b_m.jpg", "link": "https://www.flickr.com/photos/115096994@N02/21623275538", "url_b": "https://farm1.staticflickr.com/584/21623275538_84013b815b_b.jpg", "title": "Hants_Sword0021_Hants_Sword0022_fb"}, "n_answers": 3, "quorum": 0, "calibration": 0, "created": "2015-09-29T15:35:20.160430", "state": "completed", "project_id": 253, "id": 46699, "priority_0": 0.0}, {"info": {"url": "https://farm6.staticflickr.com/5821/21623116730_2abbc4ae38.jpg", "url_m": "https://farm6.staticflickr.com/5821/21623116730_2abbc4ae38_m.jpg", "link": "https://www.flickr.com/photos/115096994@N02/21623116730", "url_b": "https://farm6.staticflickr.com/5821/21623116730_2abbc4ae38_b.jpg", "title": "Hants_Sword0019_Hants_Sword0020_fb"}, "n_answers": 3, "quorum": 0, "calibration": 0, "created": "2015-09-29T15:35:20.185303", "state": "completed", "project_id": 253, "id": 46700, "priority_0": 0.0}, {"info": {"url": "https://farm1.staticflickr.com/753/21811168565_2086402894.jpg", "url_m": "https://farm1.staticflickr.com/753/21811168565_2086402894_m.jpg", "link": "https://www.flickr.com/photos/115096994@N02/21811168565", "url_b": "https://farm1.staticflickr.com/753/21811168565_2086402894_b.jpg", "title": "Hants_Sword0017_Hants_Sword0018_fb"}, "n_answers": 3, "quorum": 0, "calibration": 0, "created": "2015-09-29T15:35:20.210024", "state": "completed", "project_id": 253, "id": 46701, "priority_0": 0.0}, {"info": {"url": "https://farm1.staticflickr.com/683/21799356522_5114979b7a.jpg", "url_m": "https://farm1.staticflickr.com/683/21799356522_5114979b7a_m.jpg", "link": "https://www.flickr.com/photos/115096994@N02/21799356522", "url_b": "https://farm1.staticflickr.com/683/21799356522_5114979b7a_b.jpg", "title": "Hants_Sword0015_Hants_Sword0016_fb"}, "n_answers": 3, "quorum": 0, "calibration": 0, "created": "2015-09-29T15:35:20.235430", "state": "completed", "project_id": 253, "id": 46702, "priority_0": 0.0}, {"info": {"url": "https://farm6.staticflickr.com/5724/21799357022_800365e07a.jpg", "url_m": "https://farm6.staticflickr.com/5724/21799357022_800365e07a_m.jpg", "link": "https://www.flickr.com/photos/115096994@N02/21799357022", "url_b": "https://farm6.staticflickr.com/5724/21799357022_800365e07a_b.jpg", "title": "Hants_Sword0013_Hants_Sword0014_fb"}, "n_answers": 3, "quorum": 0, "calibration": 0, "created": "2015-09-29T15:35:20.267394", "state": "completed", "project_id": 253, "id": 46703, "priority_0": 0.0}, {"info": {"url": "https://farm1.staticflickr.com/648/21624270369_0b4e6dc8d3.jpg", "url_m": "https://farm1.staticflickr.com/648/21624270369_0b4e6dc8d3_m.jpg", "link": "https://www.flickr.com/photos/115096994@N02/21624270369", "url_b": "https://farm1.staticflickr.com/648/21624270369_0b4e6dc8d3_b.jpg", "title": "Hants_Sword0011_Hants_Sword0012_fb"}, "n_answers": 3, "quorum": 0, "calibration": 0, "created": "2015-09-29T15:35:20.294479", "state": "completed", "project_id": 253, "id": 46704, "priority_0": 0.0}, {"info": {"url": "https://farm6.staticflickr.com/5763/21623277518_f33582f184.jpg", "url_m": "https://farm6.staticflickr.com/5763/21623277518_f33582f184_m.jpg", "link": "https://www.flickr.com/photos/115096994@N02/21623277518", "url_b": "https://farm6.staticflickr.com/5763/21623277518_f33582f184_b.jpg", "title": "Hants_Sword0009_Hants_Sword0010_fb"}, "n_answers": 3, "quorum": 0, "calibration": 0, "created": "2015-09-29T15:35:20.325462", "state": "completed", "project_id": 253, "id": 46705, "priority_0": 0.0}, {"info": {"url": "https://farm6.staticflickr.com/5769/21623278878_ac6db72081.jpg", "url_m": "https://farm6.staticflickr.com/5769/21623278878_ac6db72081_m.jpg", "link": "https://www.flickr.com/photos/115096994@N02/21623278878", "url_b": "https://farm6.staticflickr.com/5769/21623278878_ac6db72081_b.jpg", "title": "Hants_Sword0007_Hants_Sword0008_fb"}, "n_answers": 3, "quorum": 0, "calibration": 0, "created": "2015-09-29T15:35:20.352185", "state": "completed", "project_id": 253, "id": 46706, "priority_0": 0.0}, {"info": {"url": "https://farm6.staticflickr.com/5629/21190067673_e3bfde240e.jpg", "url_m": "https://farm6.staticflickr.com/5629/21190067673_e3bfde240e_m.jpg", "link": "https://www.flickr.com/photos/115096994@N02/21190067673", "url_b": "https://farm6.staticflickr.com/5629/21190067673_e3bfde240e_b.jpg", "title": "Hants_Sword0005_Hants_Sword0006_fb"}, "n_answers": 3, "quorum": 0, "calibration": 0, "created": "2015-09-29T15:35:20.377080", "state": "completed", "project_id": 253, "id": 46707, "priority_0": 0.0}, {"info": {"url": "https://farm6.staticflickr.com/5742/21623120590_78e0961fea.jpg", "url_m": "https://farm6.staticflickr.com/5742/21623120590_78e0961fea_m.jpg", "link": "https://www.flickr.com/photos/115096994@N02/21623120590", "url_b": "https://farm6.staticflickr.com/5742/21623120590_78e0961fea_b.jpg", "title": "Hants_Sword0003_Hants_Sword0004_fb"}, "n_answers": 3, "quorum": 0, "calibration": 0, "created": "2015-09-29T15:35:20.402164", "state": "completed", "project_id": 253, "id": 46708, "priority_0": 0.0}, {"info": {"url": "https://farm6.staticflickr.com/5816/21188427494_fb813f1c7f.jpg", "url_m": "https://farm6.staticflickr.com/5816/21188427494_fb813f1c7f_m.jpg", "link": "https://www.flickr.com/photos/115096994@N02/21188427494", "url_b": "https://farm6.staticflickr.com/5816/21188427494_fb813f1c7f_b.jpg", "title": "Hants_Sword0001_Hants_Sword0002_fb"}, "n_answers": 3, "quorum": 0, "calibration": 0, "created": "2015-09-29T15:35:20.429131", "state": "completed", "project_id": 253, "id": 46709, "priority_0": 0.0}, {"info": {"url": "https://farm1.staticflickr.com/742/21188430104_8d3c50d522.jpg", "url_m": "https://farm1.staticflickr.com/742/21188430104_8d3c50d522_m.jpg", "link": "https://www.flickr.com/photos/115096994@N02/21188430104", "url_b": "https://farm1.staticflickr.com/742/21188430104_8d3c50d522_b.jpg", "title": "Gwynedd_Sword0007_Gwynedd_Sword0008_fb"}, "n_answers": 3, "quorum": 0, "calibration": 0, "created": "2015-09-29T15:35:20.458802", "state": "completed", "project_id": 253, "id": 46710, "priority_0": 0.0}, {"info": {"url": "https://farm1.staticflickr.com/747/21799367762_713b8120b7.jpg", "url_m": "https://farm1.staticflickr.com/747/21799367762_713b8120b7_m.jpg", "link": "https://www.flickr.com/photos/115096994@N02/21799367762", "url_b": "https://farm1.staticflickr.com/747/21799367762_713b8120b7_b.jpg", "title": "Gwynedd_Sword0005_Gwynedd_Sword0006_fb"}, "n_answers": 3, "quorum": 0, "calibration": 0, "created": "2015-09-29T15:35:20.485675", "state": "completed", "project_id": 253, "id": 46711, "priority_0": 0.0}, {"info": {"url": "https://farm1.staticflickr.com/766/21623290998_bf1e85ee41.jpg", "url_m": "https://farm1.staticflickr.com/766/21623290998_bf1e85ee41_m.jpg", "link": "https://www.flickr.com/photos/115096994@N02/21623290998", "url_b": "https://farm1.staticflickr.com/766/21623290998_bf1e85ee41_b.jpg", "title": "Gwynedd_Sword0003_Gwynedd_Sword0004_fb"}, "n_answers": 3, "quorum": 0, "calibration": 0, "created": "2015-09-29T15:35:20.510660", "state": "completed", "project_id": 253, "id": 46712, "priority_0": 0.0}, {"info": {"url": "https://farm1.staticflickr.com/781/21820683401_c6159e7f22.jpg", "url_m": "https://farm1.staticflickr.com/781/21820683401_c6159e7f22_m.jpg", "link": "https://www.flickr.com/photos/115096994@N02/21820683401", "url_b": "https://farm1.staticflickr.com/781/21820683401_c6159e7f22_b.jpg", "title": "Gwynedd_Sword0001_Gwynedd_Sword0002_fb"}, "n_answers": 3, "quorum": 0, "calibration": 0, "created": "2015-09-29T15:35:20.535646", "state": "completed", "project_id": 253, "id": 46713, "priority_0": 0.0}, {"info": {"url": "https://farm6.staticflickr.com/5621/21190087653_0d9518bfb5.jpg", "url_m": "https://farm6.staticflickr.com/5621/21190087653_0d9518bfb5_m.jpg", "link": "https://www.flickr.com/photos/115096994@N02/21190087653", "url_b": "https://farm6.staticflickr.com/5621/21190087653_0d9518bfb5_b.jpg", "title": "GreatLon_Sword0016_GreatLon_Sword0017_fb"}, "n_answers": 3, "quorum": 0, "calibration": 0, "created": "2015-09-29T15:35:20.560863", "state": "completed", "project_id": 253, "id": 46714, "priority_0": 0.0}, {"info": {"url": "https://farm1.staticflickr.com/772/21623301568_294e042222.jpg", "url_m": "https://farm1.staticflickr.com/772/21623301568_294e042222_m.jpg", "link": "https://www.flickr.com/photos/115096994@N02/21623301568", "url_b": "https://farm1.staticflickr.com/772/21623301568_294e042222_b.jpg", "title": "GreatLon_Sword0014_GreatLon_Sword0015_fb"}, "n_answers": 3, "quorum": 0, "calibration": 0, "created": "2015-09-29T15:35:20.585724", "state": "completed", "project_id": 253, "id": 46715, "priority_0": 0.0}, {"info": {"url": "https://farm6.staticflickr.com/5679/21623304678_57d341bba3.jpg", "url_m": "https://farm6.staticflickr.com/5679/21623304678_57d341bba3_m.jpg", "link": "https://www.flickr.com/photos/115096994@N02/21623304678", "url_b": "https://farm6.staticflickr.com/5679/21623304678_57d341bba3_b.jpg", "title": "GreatLon_Sword0012_GreatLon_Sword0013_fb"}, "n_answers": 3, "quorum": 0, "calibration": 0, "created": "2015-09-29T15:35:20.613778", "state": "completed", "project_id": 253, "id": 46716, "priority_0": 0.0}, {"info": {"url": "https://farm6.staticflickr.com/5719/21799385962_52cec29847.jpg", "url_m": "https://farm6.staticflickr.com/5719/21799385962_52cec29847_m.jpg", "link": "https://www.flickr.com/photos/115096994@N02/21799385962", "url_b": "https://farm6.staticflickr.com/5719/21799385962_52cec29847_b.jpg", "title": "GreatLon_Sword0009_GreatLon_Sword0010_fb"}, "n_answers": 3, "quorum": 0, "calibration": 0, "created": "2015-09-29T15:35:20.638821", "state": "completed", "project_id": 253, "id": 46717, "priority_0": 0.0}, {"info": {"url": "https://farm1.staticflickr.com/670/21820697751_980ef7cce6.jpg", "url_m": "https://farm1.staticflickr.com/670/21820697751_980ef7cce6_m.jpg", "link": "https://www.flickr.com/photos/115096994@N02/21820697751", "url_b": "https://farm1.staticflickr.com/670/21820697751_980ef7cce6_b.jpg", "title": "GreatLon_Sword0007_GreatLon_Sword0008_fb"}, "n_answers": 3, "quorum": 0, "calibration": 0, "created": "2015-09-29T15:35:20.663503", "state": "completed", "project_id": 253, "id": 46718, "priority_0": 0.0}, {"info": {"url": "https://farm1.staticflickr.com/727/21623153630_ec27c27c4f.jpg", "url_m": "https://farm1.staticflickr.com/727/21623153630_ec27c27c4f_m.jpg", "link": "https://www.flickr.com/photos/115096994@N02/21623153630", "url_b": "https://farm1.staticflickr.com/727/21623153630_ec27c27c4f_b.jpg", "title": "GreatLon_Sword0005_GreatLon_Sword0006_fb"}, "n_answers": 3, "quorum": 0, "calibration": 0, "created": "2015-09-29T15:35:20.688530", "state": "completed", "project_id": 253, "id": 46719, "priority_0": 0.0}, {"info": {"url": "https://farm6.staticflickr.com/5691/21624313399_481b7a78bf.jpg", "url_m": "https://farm6.staticflickr.com/5691/21624313399_481b7a78bf_m.jpg", "link": "https://www.flickr.com/photos/115096994@N02/21624313399", "url_b": "https://farm6.staticflickr.com/5691/21624313399_481b7a78bf_b.jpg", "title": "GreatLon_Sword0003_GreatLon_Sword0004_fb"}, "n_answers": 3, "quorum": 0, "calibration": 0, "created": "2015-09-29T15:35:20.714448", "state": "completed", "project_id": 253, "id": 46720, "priority_0": 0.0}, {"info": {"url": "https://farm1.staticflickr.com/695/21799401492_f8693169f0.jpg", "url_m": "https://farm1.staticflickr.com/695/21799401492_f8693169f0_m.jpg", "link": "https://www.flickr.com/photos/115096994@N02/21799401492", "url_b": "https://farm1.staticflickr.com/695/21799401492_f8693169f0_b.jpg", "title": "GreatLon_Sword0001_GreatLon_Sword0002_fb"}, "n_answers": 3, "quorum": 0, "calibration": 0, "created": "2015-09-29T15:35:20.738897", "state": "completed", "project_id": 253, "id": 46721, "priority_0": 0.0}, {"info": {"url": "https://farm6.staticflickr.com/5694/21624316259_560964c2c6.jpg", "url_m": "https://farm6.staticflickr.com/5694/21624316259_560964c2c6_m.jpg", "link": "https://www.flickr.com/photos/115096994@N02/21624316259", "url_b": "https://farm6.staticflickr.com/5694/21624316259_560964c2c6_b.jpg", "title": "Grampian_Sword0009_Grampian_Sword0010_fb"}, "n_answers": 3, "quorum": 0, "calibration": 0, "created": "2015-09-29T15:35:20.763865", "state": "completed", "project_id": 253, "id": 46722, "priority_0": 0.0}, {"info": {"url": "https://farm6.staticflickr.com/5737/21188470514_4c4842b7b6.jpg", "url_m": "https://farm6.staticflickr.com/5737/21188470514_4c4842b7b6_m.jpg", "link": "https://www.flickr.com/photos/115096994@N02/21188470514", "url_b": "https://farm6.staticflickr.com/5737/21188470514_4c4842b7b6_b.jpg", "title": "Grampian_Sword0007_Grampian_Sword0008_fb"}, "n_answers": 3, "quorum": 0, "calibration": 0, "created": "2015-09-29T15:35:20.789007", "state": "completed", "project_id": 253, "id": 46723, "priority_0": 0.0}, {"info": {"url": "https://farm6.staticflickr.com/5645/21624317819_5aaa08b5ab.jpg", "url_m": "https://farm6.staticflickr.com/5645/21624317819_5aaa08b5ab_m.jpg", "link": "https://www.flickr.com/photos/115096994@N02/21624317819", "url_b": "https://farm6.staticflickr.com/5645/21624317819_5aaa08b5ab_b.jpg", "title": "Grampian_Sword0005_Grampian_Sword0006_fb"}, "n_answers": 3, "quorum": 0, "calibration": 0, "created": "2015-09-29T15:35:20.813995", "state": "completed", "project_id": 253, "id": 46724, "priority_0": 0.0}, {"info": {"url": "https://farm6.staticflickr.com/5655/21624318619_213c7f804f.jpg", "url_m": "https://farm6.staticflickr.com/5655/21624318619_213c7f804f_m.jpg", "link": "https://www.flickr.com/photos/115096994@N02/21624318619", "url_b": "https://farm6.staticflickr.com/5655/21624318619_213c7f804f_b.jpg", "title": "Grampian_Sword0003_Grampian_Sword0004_fb"}, "n_answers": 3, "quorum": 0, "calibration": 0, "created": "2015-09-29T15:35:20.839034", "state": "completed", "project_id": 253, "id": 46725, "priority_0": 0.0}, {"info": {"url": "https://farm6.staticflickr.com/5735/21799406602_8f4fc17b80.jpg", "url_m": "https://farm6.staticflickr.com/5735/21799406602_8f4fc17b80_m.jpg", "link": "https://www.flickr.com/photos/115096994@N02/21799406602", "url_b": "https://farm6.staticflickr.com/5735/21799406602_8f4fc17b80_b.jpg", "title": "Grampian_Sword0001_Grampian_Sword0002_fb"}, "n_answers": 3, "quorum": 0, "calibration": 0, "created": "2015-09-29T15:35:20.864163", "state": "completed", "project_id": 253, "id": 46726, "priority_0": 0.0}, {"info": {"url": "https://farm6.staticflickr.com/5770/21799408132_c76c176f5d.jpg", "url_m": "https://farm6.staticflickr.com/5770/21799408132_c76c176f5d_m.jpg", "link": "https://www.flickr.com/photos/115096994@N02/21799408132", "url_b": "https://farm6.staticflickr.com/5770/21799408132_c76c176f5d_b.jpg", "title": "Essex_Sword0021_Essex_Sword0022_fb"}, "n_answers": 3, "quorum": 0, "calibration": 0, "created": "2015-09-29T15:35:20.888935", "state": "completed", "project_id": 253, "id": 46727, "priority_0": 0.0}, {"info": {"url": "https://farm1.staticflickr.com/579/21190122233_283ec4e4fe.jpg", "url_m": "https://farm1.staticflickr.com/579/21190122233_283ec4e4fe_m.jpg", "link": "https://www.flickr.com/photos/115096994@N02/21190122233", "url_b": "https://farm1.staticflickr.com/579/21190122233_283ec4e4fe_b.jpg", "title": "Essex_Sword0019_Essex_Sword0020_fb"}, "n_answers": 3, "quorum": 0, "calibration": 0, "created": "2015-09-29T15:35:20.913945", "state": "completed", "project_id": 253, "id": 46728, "priority_0": 0.0}, {"info": {"url": "https://farm1.staticflickr.com/620/21624334099_9ee629e539.jpg", "url_m": "https://farm1.staticflickr.com/620/21624334099_9ee629e539_m.jpg", "link": "https://www.flickr.com/photos/115096994@N02/21624334099", "url_b": "https://farm1.staticflickr.com/620/21624334099_9ee629e539_b.jpg", "title": "Essex_Sword0017_Essex_Sword0018_fb"}, "n_answers": 3, "quorum": 0, "calibration": 0, "created": "2015-09-29T15:35:20.939242", "state": "completed", "project_id": 253, "id": 46729, "priority_0": 0.0}, {"info": {"url": "https://farm6.staticflickr.com/5789/21188487364_75085e7e62.jpg", "url_m": "https://farm6.staticflickr.com/5789/21188487364_75085e7e62_m.jpg", "link": "https://www.flickr.com/photos/115096994@N02/21188487364", "url_b": "https://farm6.staticflickr.com/5789/21188487364_75085e7e62_b.jpg", "title": "Essex_Sword0015_Essex_Sword0016_fb"}, "n_answers": 3, "quorum": 0, "calibration": 0, "created": "2015-09-29T15:35:20.963936", "state": "completed", "project_id": 253, "id": 46730, "priority_0": 0.0}, {"info": {"url": "https://farm6.staticflickr.com/5629/21188489724_132ec816ea.jpg", "url_m": "https://farm6.staticflickr.com/5629/21188489724_132ec816ea_m.jpg", "link": "https://www.flickr.com/photos/115096994@N02/21188489724", "url_b": "https://farm6.staticflickr.com/5629/21188489724_132ec816ea_b.jpg", "title": "Essex_Sword0013_Essex_Sword0014_fb"}, "n_answers": 3, "quorum": 0, "calibration": 0, "created": "2015-09-29T15:35:20.989638", "state": "completed", "project_id": 253, "id": 46731, "priority_0": 0.0}, {"info": {"url": "https://farm1.staticflickr.com/777/21811236255_d13ffd1249.jpg", "url_m": "https://farm1.staticflickr.com/777/21811236255_d13ffd1249_m.jpg", "link": "https://www.flickr.com/photos/115096994@N02/21811236255", "url_b": "https://farm1.staticflickr.com/777/21811236255_d13ffd1249_b.jpg", "title": "Essex_Sword0011_Essex_Sword0012_fb"}, "n_answers": 3, "quorum": 0, "calibration": 0, "created": "2015-09-29T15:35:21.014251", "state": "completed", "project_id": 253, "id": 46732, "priority_0": 0.0}, {"info": {"url": "https://farm1.staticflickr.com/728/21811238435_abc218d393.jpg", "url_m": "https://farm1.staticflickr.com/728/21811238435_abc218d393_m.jpg", "link": "https://www.flickr.com/photos/115096994@N02/21811238435", "url_b": "https://farm1.staticflickr.com/728/21811238435_abc218d393_b.jpg", "title": "Essex_Sword0009_Essex_Sword0010_fb"}, "n_answers": 3, "quorum": 0, "calibration": 0, "created": "2015-09-29T15:35:21.039223", "state": "completed", "project_id": 253, "id": 46733, "priority_0": 0.0}, {"info": {"url": "https://farm1.staticflickr.com/712/21623348748_98d1a3d272.jpg", "url_m": "https://farm1.staticflickr.com/712/21623348748_98d1a3d272_m.jpg", "link": "https://www.flickr.com/photos/115096994@N02/21623348748", "url_b": "https://farm1.staticflickr.com/712/21623348748_98d1a3d272_b.jpg", "title": "Essex_Sword0007_Essex_Sword0008_fb"}, "n_answers": 3, "quorum": 0, "calibration": 0, "created": "2015-09-29T15:35:21.064099", "state": "completed", "project_id": 253, "id": 46734, "priority_0": 0.0}, {"info": {"url": "https://farm6.staticflickr.com/5739/21820740241_039303d062.jpg", "url_m": "https://farm6.staticflickr.com/5739/21820740241_039303d062_m.jpg", "link": "https://www.flickr.com/photos/115096994@N02/21820740241", "url_b": "https://farm6.staticflickr.com/5739/21820740241_039303d062_b.jpg", "title": "Essex_Sword0005_Essex_Sword0006_fb"}, "n_answers": 3, "quorum": 0, "calibration": 0, "created": "2015-09-29T15:35:21.089676", "state": "completed", "project_id": 253, "id": 46735, "priority_0": 0.0}, {"info": {"url": "https://farm1.staticflickr.com/740/21623194870_85e82cc604.jpg", "url_m": "https://farm1.staticflickr.com/740/21623194870_85e82cc604_m.jpg", "link": "https://www.flickr.com/photos/115096994@N02/21623194870", "url_b": "https://farm1.staticflickr.com/740/21623194870_85e82cc604_b.jpg", "title": "Essex_Sword0003_Essex_Sword0004_fb"}, "n_answers": 3, "quorum": 0, "calibration": 0, "created": "2015-09-29T15:35:21.114764", "state": "completed", "project_id": 253, "id": 46736, "priority_0": 0.0}, {"info": {"url": "https://farm1.staticflickr.com/615/21785090176_3efb942987.jpg", "url_m": "https://farm1.staticflickr.com/615/21785090176_3efb942987_m.jpg", "link": "https://www.flickr.com/photos/115096994@N02/21785090176", "url_b": "https://farm1.staticflickr.com/615/21785090176_3efb942987_b.jpg", "title": "Essex_Sword0001_Essex_Sword0002_fb"}, "n_answers": 3, "quorum": 0, "calibration": 0, "created": "2015-09-29T15:35:21.139995", "state": "completed", "project_id": 253, "id": 46737, "priority_0": 0.0}, {"info": {"url": "https://farm1.staticflickr.com/614/21785093306_30e0b08eac.jpg", "url_m": "https://farm1.staticflickr.com/614/21785093306_30e0b08eac_m.jpg", "link": "https://www.flickr.com/photos/115096994@N02/21785093306", "url_b": "https://farm1.staticflickr.com/614/21785093306_30e0b08eac_b.jpg", "title": "Dyfed_Sword0013_Dyfed_Sword0014_fb"}, "n_answers": 3, "quorum": 0, "calibration": 0, "created": "2015-09-29T15:35:21.164126", "state": "completed", "project_id": 253, "id": 46738, "priority_0": 0.0}, {"info": {"url": "https://farm6.staticflickr.com/5757/21188511384_858d90b3ff.jpg", "url_m": "https://farm6.staticflickr.com/5757/21188511384_858d90b3ff_m.jpg", "link": "https://www.flickr.com/photos/115096994@N02/21188511384", "url_b": "https://farm6.staticflickr.com/5757/21188511384_858d90b3ff_b.jpg", "title": "Dyfed_Sword0011_Dyfed_Sword0012_fb"}, "n_answers": 3, "quorum": 0, "calibration": 0, "created": "2015-09-29T15:35:21.189617", "state": "completed", "project_id": 253, "id": 46739, "priority_0": 0.0}, {"info": {"url": "https://farm6.staticflickr.com/5693/21820755981_1dc54c9e7d.jpg", "url_m": "https://farm6.staticflickr.com/5693/21820755981_1dc54c9e7d_m.jpg", "link": "https://www.flickr.com/photos/115096994@N02/21820755981", "url_b": "https://farm6.staticflickr.com/5693/21820755981_1dc54c9e7d_b.jpg", "title": "Dyfed_Sword0009_Dyfed_Sword0010_fb"}, "n_answers": 3, "quorum": 0, "calibration": 0, "created": "2015-09-29T15:35:21.222587", "state": "completed", "project_id": 253, "id": 46740, "priority_0": 0.0}, {"info": {"url": "https://farm6.staticflickr.com/5626/21785109366_05ff425d98.jpg", "url_m": "https://farm6.staticflickr.com/5626/21785109366_05ff425d98_m.jpg", "link": "https://www.flickr.com/photos/115096994@N02/21785109366", "url_b": "https://farm6.staticflickr.com/5626/21785109366_05ff425d98_b.jpg", "title": "Dyfed_Sword0007_Dyfed_Sword0008_fb"}, "n_answers": 3, "quorum": 0, "calibration": 0, "created": "2015-09-29T15:35:21.247693", "state": "completed", "project_id": 253, "id": 46741, "priority_0": 0.0}, {"info": {"url": "https://farm1.staticflickr.com/601/21623214330_7863f7bcfa.jpg", "url_m": "https://farm1.staticflickr.com/601/21623214330_7863f7bcfa_m.jpg", "link": "https://www.flickr.com/photos/115096994@N02/21623214330", "url_b": "https://farm1.staticflickr.com/601/21623214330_7863f7bcfa_b.jpg", "title": "Dyfed_Sword0005_Dyfed_Sword0006_fb"}, "n_answers": 3, "quorum": 0, "calibration": 0, "created": "2015-09-29T15:35:21.272179", "state": "completed", "project_id": 253, "id": 46742, "priority_0": 0.0}, {"info": {"url": "https://farm6.staticflickr.com/5631/21785109956_f84a41272a.jpg", "url_m": "https://farm6.staticflickr.com/5631/21785109956_f84a41272a_m.jpg", "link": "https://www.flickr.com/photos/115096994@N02/21785109956", "url_b": "https://farm6.staticflickr.com/5631/21785109956_f84a41272a_b.jpg", "title": "Dyfed_Sword0003_Dyfed_Sword0004_fb"}, "n_answers": 3, "quorum": 0, "calibration": 0, "created": "2015-09-29T15:35:21.298367", "state": "completed", "project_id": 253, "id": 46743, "priority_0": 0.0}, {"info": {"url": "https://farm6.staticflickr.com/5810/21188533414_16bcd30544.jpg", "url_m": "https://farm6.staticflickr.com/5810/21188533414_16bcd30544_m.jpg", "link": "https://www.flickr.com/photos/115096994@N02/21188533414", "url_b": "https://farm6.staticflickr.com/5810/21188533414_16bcd30544_b.jpg", "title": "Dyfed_Sword0001_Dyfed_Sword0002_fb"}, "n_answers": 3, "quorum": 0, "calibration": 0, "created": "2015-09-29T15:35:21.339550", "state": "completed", "project_id": 253, "id": 46744, "priority_0": 0.0}, {"info": {"url": "https://farm6.staticflickr.com/5684/21623381808_357057fbe5.jpg", "url_m": "https://farm6.staticflickr.com/5684/21623381808_357057fbe5_m.jpg", "link": "https://www.flickr.com/photos/115096994@N02/21623381808", "url_b": "https://farm6.staticflickr.com/5684/21623381808_357057fbe5_b.jpg", "title": "Durham_Swords00040005_Durham_Swords00040006_fb"}, "n_answers": 3, "quorum": 0, "calibration": 0, "created": "2015-09-29T15:35:21.364546", "state": "completed", "project_id": 253, "id": 46745, "priority_0": 0.0}, {"info": {"url": "https://farm6.staticflickr.com/5791/21188533054_9d9d3e8ab2.jpg", "url_m": "https://farm6.staticflickr.com/5791/21188533054_9d9d3e8ab2_m.jpg", "link": "https://www.flickr.com/photos/115096994@N02/21188533054", "url_b": "https://farm6.staticflickr.com/5791/21188533054_9d9d3e8ab2_b.jpg", "title": "Durham_Swords0003_Durham_Swords0004_fb"}, "n_answers": 3, "quorum": 0, "calibration": 0, "created": "2015-09-29T15:35:21.389376", "state": "completed", "project_id": 253, "id": 46746, "priority_0": 0.0}, {"info": {"url": "https://farm1.staticflickr.com/648/21188535604_a19713daba.jpg", "url_m": "https://farm1.staticflickr.com/648/21188535604_a19713daba_m.jpg", "link": "https://www.flickr.com/photos/115096994@N02/21188535604", "url_b": "https://farm1.staticflickr.com/648/21188535604_a19713daba_b.jpg", "title": "Durham_Swords0001_Durham_Swords0002_fb"}, "n_answers": 3, "quorum": 0, "calibration": 0, "created": "2015-09-29T15:35:21.414977", "state": "completed", "project_id": 253, "id": 46747, "priority_0": 0.0}, {"info": {"url": "https://farm1.staticflickr.com/731/21623388738_ce6cba6eec.jpg", "url_m": "https://farm1.staticflickr.com/731/21623388738_ce6cba6eec_m.jpg", "link": "https://www.flickr.com/photos/115096994@N02/21623388738", "url_b": "https://farm1.staticflickr.com/731/21623388738_ce6cba6eec_b.jpg", "title": "Dumfries&Galloway_Sword0001_Dumfries&Galloway_Sword0002_fb"}, "n_answers": 3, "quorum": 0, "calibration": 0, "created": "2015-09-29T15:35:21.439509", "state": "completed", "project_id": 253, "id": 46748, "priority_0": 0.0}, {"info": {"url": "https://farm6.staticflickr.com/5642/21811282755_ef492059bc.jpg", "url_m": "https://farm6.staticflickr.com/5642/21811282755_ef492059bc_m.jpg", "link": "https://www.flickr.com/photos/115096994@N02/21811282755", "url_b": "https://farm6.staticflickr.com/5642/21811282755_ef492059bc_b.jpg", "title": "Dorset_Sword0012_Dorset_Sword0013_fb"}, "n_answers": 3, "quorum": 0, "calibration": 0, "created": "2015-09-29T15:35:21.464512", "state": "completed", "project_id": 253, "id": 46749, "priority_0": 0.0}, {"info": {"url": "https://farm6.staticflickr.com/5805/21820783071_050e98fc33.jpg", "url_m": "https://farm6.staticflickr.com/5805/21820783071_050e98fc33_m.jpg", "link": "https://www.flickr.com/photos/115096994@N02/21820783071", "url_b": "https://farm6.staticflickr.com/5805/21820783071_050e98fc33_b.jpg", "title": "Dorset_Sword0010_Dorset_Sword0011_fb"}, "n_answers": 3, "quorum": 0, "calibration": 0, "created": "2015-09-29T15:35:21.489547", "state": "completed", "project_id": 253, "id": 46750, "priority_0": 0.0}, {"info": {"url": "https://farm1.staticflickr.com/731/21624389739_6854888449.jpg", "url_m": "https://farm1.staticflickr.com/731/21624389739_6854888449_m.jpg", "link": "https://www.flickr.com/photos/115096994@N02/21624389739", "url_b": "https://farm1.staticflickr.com/731/21624389739_6854888449_b.jpg", "title": "Dorset_Sword0009_Dorset_Sword0009B_fb"}, "n_answers": 3, "quorum": 0, "calibration": 0, "created": "2015-09-29T15:35:21.514623", "state": "completed", "project_id": 253, "id": 46751, "priority_0": 0.0}, {"info": {"url": "https://farm1.staticflickr.com/695/21799477272_5059097921.jpg", "url_m": "https://farm1.staticflickr.com/695/21799477272_5059097921_m.jpg", "link": "https://www.flickr.com/photos/115096994@N02/21799477272", "url_b": "https://farm1.staticflickr.com/695/21799477272_5059097921_b.jpg", "title": "Dorset_Sword0007_Dorset_Sword0008_fb"}, "n_answers": 3, "quorum": 0, "calibration": 0, "created": "2015-09-29T15:35:21.539547", "state": "completed", "project_id": 253, "id": 46752, "priority_0": 0.0}, {"info": {"url": "https://farm6.staticflickr.com/5809/21188546324_0a389f85af.jpg", "url_m": "https://farm6.staticflickr.com/5809/21188546324_0a389f85af_m.jpg", "link": "https://www.flickr.com/photos/115096994@N02/21188546324", "url_b": "https://farm6.staticflickr.com/5809/21188546324_0a389f85af_b.jpg", "title": "Dorset_Sword0005_Dorset_Sword0006_fb"}, "n_answers": 3, "quorum": 0, "calibration": 0, "created": "2015-09-29T15:35:21.565234", "state": "completed", "project_id": 253, "id": 46753, "priority_0": 0.0}, {"info": {"url": "https://farm6.staticflickr.com/5822/21623399158_1318fa3c4a.jpg", "url_m": "https://farm6.staticflickr.com/5822/21623399158_1318fa3c4a_m.jpg", "link": "https://www.flickr.com/photos/115096994@N02/21623399158", "url_b": "https://farm6.staticflickr.com/5822/21623399158_1318fa3c4a_b.jpg", "title": "Dorset_Sword0003_Dorset_Sword0004_fb"}, "n_answers": 3, "quorum": 0, "calibration": 0, "created": "2015-09-29T15:35:21.589545", "state": "completed", "project_id": 253, "id": 46754, "priority_0": 0.0}, {"info": {"url": "https://farm1.staticflickr.com/677/21623399818_4dfeb917b5.jpg", "url_m": "https://farm1.staticflickr.com/677/21623399818_4dfeb917b5_m.jpg", "link": "https://www.flickr.com/photos/115096994@N02/21623399818", "url_b": "https://farm1.staticflickr.com/677/21623399818_4dfeb917b5_b.jpg", "title": "Dorset_Sword0001_Dorset_Sword0002_fb"}, "n_answers": 3, "quorum": 0, "calibration": 0, "created": "2015-09-29T15:35:21.614510", "state": "completed", "project_id": 253, "id": 46755, "priority_0": 0.0}, {"info": {"url": "https://farm6.staticflickr.com/5835/21785135726_063f1f10cd.jpg", "url_m": "https://farm6.staticflickr.com/5835/21785135726_063f1f10cd_m.jpg", "link": "https://www.flickr.com/photos/115096994@N02/21785135726", "url_b": "https://farm6.staticflickr.com/5835/21785135726_063f1f10cd_b.jpg", "title": "Devon_Sword0005_Devon_Sword0006_fb"}, "n_answers": 3, "quorum": 0, "calibration": 0, "created": "2015-09-29T15:35:21.639687", "state": "completed", "project_id": 253, "id": 46756, "priority_0": 0.0}, {"info": {"url": "https://farm1.staticflickr.com/570/21623404858_7343cf9d8b.jpg", "url_m": "https://farm1.staticflickr.com/570/21623404858_7343cf9d8b_m.jpg", "link": "https://www.flickr.com/photos/115096994@N02/21623404858", "url_b": "https://farm1.staticflickr.com/570/21623404858_7343cf9d8b_b.jpg", "title": "Devon_Sword0003_Devon_Sword0004_fb"}, "n_answers": 3, "quorum": 0, "calibration": 0, "created": "2015-09-29T15:35:21.664782", "state": "completed", "project_id": 253, "id": 46757, "priority_0": 0.0}, {"info": {"url": "https://farm1.staticflickr.com/690/21820795051_5a51fc27f7.jpg", "url_m": "https://farm1.staticflickr.com/690/21820795051_5a51fc27f7_m.jpg", "link": "https://www.flickr.com/photos/115096994@N02/21820795051", "url_b": "https://farm1.staticflickr.com/690/21820795051_5a51fc27f7_b.jpg", "title": "Devon_Sword0001_Devon_Sword0002_fb"}, "n_answers": 3, "quorum": 0, "calibration": 0, "created": "2015-09-29T15:35:21.689635", "state": "completed", "project_id": 253, "id": 46758, "priority_0": 0.0}, {"info": {"url": "https://farm1.staticflickr.com/750/21820795161_98ae5bbbf8.jpg", "url_m": "https://farm1.staticflickr.com/750/21820795161_98ae5bbbf8_m.jpg", "link": "https://www.flickr.com/photos/115096994@N02/21820795161", "url_b": "https://farm1.staticflickr.com/750/21820795161_98ae5bbbf8_b.jpg", "title": "Cumbria_Sword0001_Cumbria_Sword0002_fb"}, "n_answers": 3, "quorum": 0, "calibration": 0, "created": "2015-09-29T15:35:21.714762", "state": "completed", "project_id": 253, "id": 46759, "priority_0": 0.0}, {"info": {"url": "https://farm6.staticflickr.com/5641/21623408928_a04b065378.jpg", "url_m": "https://farm6.staticflickr.com/5641/21623408928_a04b065378_m.jpg", "link": "https://www.flickr.com/photos/115096994@N02/21623408928", "url_b": "https://farm6.staticflickr.com/5641/21623408928_a04b065378_b.jpg", "title": "Cornwall_Sword0003_Cornwall_Sword0004_fb"}, "n_answers": 3, "quorum": 0, "calibration": 0, "created": "2015-09-29T15:35:21.739730", "state": "completed", "project_id": 253, "id": 46760, "priority_0": 0.0}, {"info": {"url": "https://farm6.staticflickr.com/5767/21820797791_46b12bd3e6.jpg", "url_m": "https://farm6.staticflickr.com/5767/21820797791_46b12bd3e6_m.jpg", "link": "https://www.flickr.com/photos/115096994@N02/21820797791", "url_b": "https://farm6.staticflickr.com/5767/21820797791_46b12bd3e6_b.jpg", "title": "Cornwall_Sword0001_Cornwall_Sword0002_fb"}, "n_answers": 3, "quorum": 0, "calibration": 0, "created": "2015-09-29T15:35:21.764797", "state": "completed", "project_id": 253, "id": 46761, "priority_0": 0.0}, {"info": {"url": "https://farm6.staticflickr.com/5700/21820798741_892a99ab30.jpg", "url_m": "https://farm6.staticflickr.com/5700/21820798741_892a99ab30_m.jpg", "link": "https://www.flickr.com/photos/115096994@N02/21820798741", "url_b": "https://farm6.staticflickr.com/5700/21820798741_892a99ab30_b.jpg", "title": "ChannelIslands_Sword0007_ChannelIslands_Sword0008_fb"}, "n_answers": 3, "quorum": 0, "calibration": 0, "created": "2015-09-29T15:35:21.789860", "state": "completed", "project_id": 253, "id": 46762, "priority_0": 0.0}, {"info": {"url": "https://farm1.staticflickr.com/748/21623412138_baa2b3b47a.jpg", "url_m": "https://farm1.staticflickr.com/748/21623412138_baa2b3b47a_m.jpg", "link": "https://www.flickr.com/photos/115096994@N02/21623412138", "url_b": "https://farm1.staticflickr.com/748/21623412138_baa2b3b47a_b.jpg", "title": "ChannelIslands_Sword0005_ChannelIslands_Sword0006_fb"}, "n_answers": 3, "quorum": 0, "calibration": 0, "created": "2015-09-29T15:35:21.814868", "state": "completed", "project_id": 253, "id": 46763, "priority_0": 0.0}, {"info": {"url": "https://farm1.staticflickr.com/768/21623413538_b0b1ced8e3.jpg", "url_m": "https://farm1.staticflickr.com/768/21623413538_b0b1ced8e3_m.jpg", "link": "https://www.flickr.com/photos/115096994@N02/21623413538", "url_b": "https://farm1.staticflickr.com/768/21623413538_b0b1ced8e3_b.jpg", "title": "ChannelIslands_Sword0003_ChannelIslands_Sword0004_fb"}, "n_answers": 3, "quorum": 0, "calibration": 0, "created": "2015-09-29T15:35:21.840298", "state": "completed", "project_id": 253, "id": 46764, "priority_0": 0.0}, {"info": {"url": "https://farm1.staticflickr.com/709/21623254480_214a1a41d2.jpg", "url_m": "https://farm1.staticflickr.com/709/21623254480_214a1a41d2_m.jpg", "link": "https://www.flickr.com/photos/115096994@N02/21623254480", "url_b": "https://farm1.staticflickr.com/709/21623254480_214a1a41d2_b.jpg", "title": "ChannelIslands_Sword0001_ChannelIslands_Sword0002_fb"}, "n_answers": 3, "quorum": 0, "calibration": 0, "created": "2015-09-29T15:35:21.864944", "state": "completed", "project_id": 253, "id": 46765, "priority_0": 0.0}, {"info": {"url": "https://farm1.staticflickr.com/590/21799497642_f5608f734e.jpg", "url_m": "https://farm1.staticflickr.com/590/21799497642_f5608f734e_m.jpg", "link": "https://www.flickr.com/photos/115096994@N02/21799497642", "url_b": "https://farm1.staticflickr.com/590/21799497642_f5608f734e_b.jpg", "title": "CentralScot_Sword0001_CentralScot_Sword0002_fb"}, "n_answers": 3, "quorum": 0, "calibration": 0, "created": "2015-09-29T15:35:21.889982", "state": "completed", "project_id": 253, "id": 46766, "priority_0": 0.0}, {"info": {"url": "https://farm1.staticflickr.com/671/21623259140_f32c5c4e10.jpg", "url_m": "https://farm1.staticflickr.com/671/21623259140_f32c5c4e10_m.jpg", "link": "https://www.flickr.com/photos/115096994@N02/21623259140", "url_b": "https://farm1.staticflickr.com/671/21623259140_f32c5c4e10_b.jpg", "title": "Cambridge_Sword0055_Cambridge_Sword0056_fb"}, "n_answers": 3, "quorum": 0, "calibration": 0, "created": "2015-09-29T15:35:21.914945", "state": "completed", "project_id": 253, "id": 46767, "priority_0": 0.0}, {"info": {"url": "https://farm6.staticflickr.com/5617/21624415069_5c746496dd.jpg", "url_m": "https://farm6.staticflickr.com/5617/21624415069_5c746496dd_m.jpg", "link": "https://www.flickr.com/photos/115096994@N02/21624415069", "url_b": "https://farm6.staticflickr.com/5617/21624415069_5c746496dd_b.jpg", "title": "Cambridge_Sword0053_Cambridge_Sword0054_fb"}, "n_answers": 3, "quorum": 0, "calibration": 0, "created": "2015-09-29T15:35:21.939899", "state": "completed", "project_id": 253, "id": 46768, "priority_0": 0.0}, {"info": {"url": "https://farm6.staticflickr.com/5622/21811316395_bdc55a7b27.jpg", "url_m": "https://farm6.staticflickr.com/5622/21811316395_bdc55a7b27_m.jpg", "link": "https://www.flickr.com/photos/115096994@N02/21811316395", "url_b": "https://farm6.staticflickr.com/5622/21811316395_bdc55a7b27_b.jpg", "title": "Cambridge_Sword0051_Cambridge_Sword0052_fb"}, "n_answers": 3, "quorum": 0, "calibration": 0, "created": "2015-09-29T15:35:21.965083", "state": "completed", "project_id": 253, "id": 46769, "priority_0": 0.0}, {"info": {"url": "https://farm6.staticflickr.com/5630/21623427438_945d5b8011.jpg", "url_m": "https://farm6.staticflickr.com/5630/21623427438_945d5b8011_m.jpg", "link": "https://www.flickr.com/photos/115096994@N02/21623427438", "url_b": "https://farm6.staticflickr.com/5630/21623427438_945d5b8011_b.jpg", "title": "Cambridge_Sword0049_Cambridge_Sword0050_fb"}, "n_answers": 3, "quorum": 0, "calibration": 0, "created": "2015-09-29T15:35:21.989927", "state": "completed", "project_id": 253, "id": 46770, "priority_0": 0.0}, {"info": {"url": "https://farm1.staticflickr.com/718/21190213953_42d1dba34f.jpg", "url_m": "https://farm1.staticflickr.com/718/21190213953_42d1dba34f_m.jpg", "link": "https://www.flickr.com/photos/115096994@N02/21190213953", "url_b": "https://farm1.staticflickr.com/718/21190213953_42d1dba34f_b.jpg", "title": "Cambridge_Sword0047_Cambridge_Sword0048_fb"}, "n_answers": 3, "quorum": 0, "calibration": 0, "created": "2015-09-29T15:35:22.015025", "state": "completed", "project_id": 253, "id": 46771, "priority_0": 0.0}, {"info": {"url": "https://farm6.staticflickr.com/5807/21623431888_a967ab7717.jpg", "url_m": "https://farm6.staticflickr.com/5807/21623431888_a967ab7717_m.jpg", "link": "https://www.flickr.com/photos/115096994@N02/21623431888", "url_b": "https://farm6.staticflickr.com/5807/21623431888_a967ab7717_b.jpg", "title": "Cambridge_Sword0045_Cambridge_Sword0046_fb"}, "n_answers": 3, "quorum": 0, "calibration": 0, "created": "2015-09-29T15:35:22.040047", "state": "completed", "project_id": 253, "id": 46772, "priority_0": 0.0}, {"info": {"url": "https://farm1.staticflickr.com/711/21785168376_bed2d948ec.jpg", "url_m": "https://farm1.staticflickr.com/711/21785168376_bed2d948ec_m.jpg", "link": "https://www.flickr.com/photos/115096994@N02/21785168376", "url_b": "https://farm1.staticflickr.com/711/21785168376_bed2d948ec_b.jpg", "title": "Cambridge_Sword0043_Cambridge_Sword0044_fb"}, "n_answers": 3, "quorum": 0, "calibration": 0, "created": "2015-09-29T15:35:22.065105", "state": "completed", "project_id": 253, "id": 46773, "priority_0": 0.0}, {"info": {"url": "https://farm6.staticflickr.com/5825/21188584114_38fdf95e65.jpg", "url_m": "https://farm6.staticflickr.com/5825/21188584114_38fdf95e65_m.jpg", "link": "https://www.flickr.com/photos/115096994@N02/21188584114", "url_b": "https://farm6.staticflickr.com/5825/21188584114_38fdf95e65_b.jpg", "title": "Cambridge_Sword0041_Cambridge_Sword0042_fb"}, "n_answers": 3, "quorum": 0, "calibration": 0, "created": "2015-09-29T15:35:22.090172", "state": "completed", "project_id": 253, "id": 46774, "priority_0": 0.0}, {"info": {"url": "https://farm1.staticflickr.com/648/21190226113_e5f027deee.jpg", "url_m": "https://farm1.staticflickr.com/648/21190226113_e5f027deee_m.jpg", "link": "https://www.flickr.com/photos/115096994@N02/21190226113", "url_b": "https://farm1.staticflickr.com/648/21190226113_e5f027deee_b.jpg", "title": "Cambridge_Sword0039_Cambridge_Sword0040_fb"}, "n_answers": 3, "quorum": 0, "calibration": 0, "created": "2015-09-29T15:35:22.115772", "state": "completed", "project_id": 253, "id": 46775, "priority_0": 0.0}, {"info": {"url": "https://farm6.staticflickr.com/5784/21624438059_0704189343.jpg", "url_m": "https://farm6.staticflickr.com/5784/21624438059_0704189343_m.jpg", "link": "https://www.flickr.com/photos/115096994@N02/21624438059", "url_b": "https://farm6.staticflickr.com/5784/21624438059_0704189343_b.jpg", "title": "Cambridge_Sword0037_Cambridge_Sword0038_fb"}, "n_answers": 3, "quorum": 0, "calibration": 0, "created": "2015-09-29T15:35:22.320042", "state": "completed", "project_id": 253, "id": 46776, "priority_0": 0.0}, {"info": {"url": "https://farm1.staticflickr.com/607/21190232163_3706d2c18a.jpg", "url_m": "https://farm1.staticflickr.com/607/21190232163_3706d2c18a_m.jpg", "link": "https://www.flickr.com/photos/115096994@N02/21190232163", "url_b": "https://farm1.staticflickr.com/607/21190232163_3706d2c18a_b.jpg", "title": "Cambridge_Sword0035_Cambridge_Sword0036_fb"}, "n_answers": 3, "quorum": 0, "calibration": 0, "created": "2015-09-29T15:35:22.357543", "state": "completed", "project_id": 253, "id": 46777, "priority_0": 0.0}, {"info": {"url": "https://farm1.staticflickr.com/695/21623450228_6cdea1bc87.jpg", "url_m": "https://farm1.staticflickr.com/695/21623450228_6cdea1bc87_m.jpg", "link": "https://www.flickr.com/photos/115096994@N02/21623450228", "url_b": "https://farm1.staticflickr.com/695/21623450228_6cdea1bc87_b.jpg", "title": "Cambridge_Sword0033_Cambridge_Sword0034_fb"}, "n_answers": 3, "quorum": 0, "calibration": 0, "created": "2015-09-29T15:35:22.381924", "state": "completed", "project_id": 253, "id": 46778, "priority_0": 0.0}, {"info": {"url": "https://farm6.staticflickr.com/5715/21820840361_f075a6d72d.jpg", "url_m": "https://farm6.staticflickr.com/5715/21820840361_f075a6d72d_m.jpg", "link": "https://www.flickr.com/photos/115096994@N02/21820840361", "url_b": "https://farm6.staticflickr.com/5715/21820840361_f075a6d72d_b.jpg", "title": "Cambridge_Sword0031_Cambridge_Sword0032_fb"}, "n_answers": 3, "quorum": 0, "calibration": 0, "created": "2015-09-29T15:35:22.406913", "state": "completed", "project_id": 253, "id": 46779, "priority_0": 0.0}, {"info": {"url": "https://farm1.staticflickr.com/679/21190237833_62a0f8290d.jpg", "url_m": "https://farm1.staticflickr.com/679/21190237833_62a0f8290d_m.jpg", "link": "https://www.flickr.com/photos/115096994@N02/21190237833", "url_b": "https://farm1.staticflickr.com/679/21190237833_62a0f8290d_b.jpg", "title": "Cambridge_Sword0029_Cambridge_Sword0030_fb"}, "n_answers": 3, "quorum": 0, "calibration": 0, "created": "2015-09-29T15:35:22.431926", "state": "completed", "project_id": 253, "id": 46780, "priority_0": 0.0}, {"info": {"url": "https://farm1.staticflickr.com/738/21190239493_e541e2448a.jpg", "url_m": "https://farm1.staticflickr.com/738/21190239493_e541e2448a_m.jpg", "link": "https://www.flickr.com/photos/115096994@N02/21190239493", "url_b": "https://farm1.staticflickr.com/738/21190239493_e541e2448a_b.jpg", "title": "Cambridge_Sword0027_Cambridge_Sword0028_fb"}, "n_answers": 3, "quorum": 0, "calibration": 0, "created": "2015-09-29T15:35:22.457057", "state": "completed", "project_id": 253, "id": 46781, "priority_0": 0.0}, {"info": {"url": "https://farm1.staticflickr.com/593/21820846291_a8c64317a0.jpg", "url_m": "https://farm1.staticflickr.com/593/21820846291_a8c64317a0_m.jpg", "link": "https://www.flickr.com/photos/115096994@N02/21820846291", "url_b": "https://farm1.staticflickr.com/593/21820846291_a8c64317a0_b.jpg", "title": "Cambridge_Sword0025_Cambridge_Sword0026_fb"}, "n_answers": 3, "quorum": 0, "calibration": 0, "created": "2015-09-29T15:35:22.481838", "state": "completed", "project_id": 253, "id": 46782, "priority_0": 0.0}, {"info": {"url": "https://farm6.staticflickr.com/5789/21188605934_9b1f06e85c.jpg", "url_m": "https://farm6.staticflickr.com/5789/21188605934_9b1f06e85c_m.jpg", "link": "https://www.flickr.com/photos/115096994@N02/21188605934", "url_b": "https://farm6.staticflickr.com/5789/21188605934_9b1f06e85c_b.jpg", "title": "Cambridge_Sword0023_Cambridge_Sword0024_fb"}, "n_answers": 3, "quorum": 0, "calibration": 0, "created": "2015-09-29T15:35:22.507218", "state": "completed", "project_id": 253, "id": 46783, "priority_0": 0.0}, {"info": {"url": "https://farm1.staticflickr.com/681/21799537352_46be5c7fcd.jpg", "url_m": "https://farm1.staticflickr.com/681/21799537352_46be5c7fcd_m.jpg", "link": "https://www.flickr.com/photos/115096994@N02/21799537352", "url_b": "https://farm1.staticflickr.com/681/21799537352_46be5c7fcd_b.jpg", "title": "Cambridge_Sword0021_Cambridge_Sword0022_fb"}, "n_answers": 3, "quorum": 0, "calibration": 0, "created": "2015-09-29T15:35:22.531826", "state": "completed", "project_id": 253, "id": 46784, "priority_0": 0.0}, {"info": {"url": "https://farm6.staticflickr.com/5714/21624454079_fe3cea0178.jpg", "url_m": "https://farm6.staticflickr.com/5714/21624454079_fe3cea0178_m.jpg", "link": "https://www.flickr.com/photos/115096994@N02/21624454079", "url_b": "https://farm6.staticflickr.com/5714/21624454079_fe3cea0178_b.jpg", "title": "Cambridge_Sword0019_Cambridge_Sword0020_fb"}, "n_answers": 3, "quorum": 0, "calibration": 0, "created": "2015-09-29T15:35:22.557081", "state": "completed", "project_id": 253, "id": 46785, "priority_0": 0.0}, {"info": {"url": "https://farm1.staticflickr.com/620/21624456949_c2d5a23362.jpg", "url_m": "https://farm1.staticflickr.com/620/21624456949_c2d5a23362_m.jpg", "link": "https://www.flickr.com/photos/115096994@N02/21624456949", "url_b": "https://farm1.staticflickr.com/620/21624456949_c2d5a23362_b.jpg", "title": "Cambridge_Sword0017_Cambridge_Sword0018_fb"}, "n_answers": 3, "quorum": 0, "calibration": 0, "created": "2015-09-29T15:35:22.582895", "state": "completed", "project_id": 253, "id": 46786, "priority_0": 0.0}, {"info": {"url": "https://farm1.staticflickr.com/770/21799542702_cf42ec6630.jpg", "url_m": "https://farm1.staticflickr.com/770/21799542702_cf42ec6630_m.jpg", "link": "https://www.flickr.com/photos/115096994@N02/21799542702", "url_b": "https://farm1.staticflickr.com/770/21799542702_cf42ec6630_b.jpg", "title": "Cambridge_Sword0015_Cambridge_Sword0016_fb"}, "n_answers": 3, "quorum": 0, "calibration": 0, "created": "2015-09-29T15:35:22.607219", "state": "completed", "project_id": 253, "id": 46787, "priority_0": 0.0}, {"info": {"url": "https://farm6.staticflickr.com/5676/21799545612_04d87665d9.jpg", "url_m": "https://farm6.staticflickr.com/5676/21799545612_04d87665d9_m.jpg", "link": "https://www.flickr.com/photos/115096994@N02/21799545612", "url_b": "https://farm6.staticflickr.com/5676/21799545612_04d87665d9_b.jpg", "title": "Cambridge_Sword0013_Cambridge_Sword0014_fb"}, "n_answers": 3, "quorum": 0, "calibration": 0, "created": "2015-09-29T15:35:22.632179", "state": "completed", "project_id": 253, "id": 46788, "priority_0": 0.0}, {"info": {"url": "https://farm1.staticflickr.com/758/21811361725_f5cca36b13.jpg", "url_m": "https://farm1.staticflickr.com/758/21811361725_f5cca36b13_m.jpg", "link": "https://www.flickr.com/photos/115096994@N02/21811361725", "url_b": "https://farm1.staticflickr.com/758/21811361725_f5cca36b13_b.jpg", "title": "Cambridge_Sword0011_Cambridge_Sword0012_fb"}, "n_answers": 3, "quorum": 0, "calibration": 0, "created": "2015-09-29T15:35:22.657156", "state": "completed", "project_id": 253, "id": 46789, "priority_0": 0.0}, {"info": {"url": "https://farm1.staticflickr.com/757/21785206586_9a3e57fbe4.jpg", "url_m": "https://farm1.staticflickr.com/757/21785206586_9a3e57fbe4_m.jpg", "link": "https://www.flickr.com/photos/115096994@N02/21785206586", "url_b": "https://farm1.staticflickr.com/757/21785206586_9a3e57fbe4_b.jpg", "title": "Cambridge_Sword0009_Cambridge_Sword0010_fb"}, "n_answers": 3, "quorum": 0, "calibration": 0, "created": "2015-09-29T15:35:22.682306", "state": "completed", "project_id": 253, "id": 46790, "priority_0": 0.0}, {"info": {"url": "https://farm1.staticflickr.com/769/21190260663_870b65614c.jpg", "url_m": "https://farm1.staticflickr.com/769/21190260663_870b65614c_m.jpg", "link": "https://www.flickr.com/photos/115096994@N02/21190260663", "url_b": "https://farm1.staticflickr.com/769/21190260663_870b65614c_b.jpg", "title": "Cambridge_Sword0007_Cambridge_Sword0008_fb"}, "n_answers": 3, "quorum": 0, "calibration": 0, "created": "2015-09-29T15:35:22.707206", "state": "completed", "project_id": 253, "id": 46791, "priority_0": 0.0}, {"info": {"url": "https://farm1.staticflickr.com/610/21190261113_e88339cd15.jpg", "url_m": "https://farm1.staticflickr.com/610/21190261113_e88339cd15_m.jpg", "link": "https://www.flickr.com/photos/115096994@N02/21190261113", "url_b": "https://farm1.staticflickr.com/610/21190261113_e88339cd15_b.jpg", "title": "Cambridge_Sword0005_Cambridge_Sword0006_fb"}, "n_answers": 3, "quorum": 0, "calibration": 0, "created": "2015-09-29T15:35:22.732384", "state": "completed", "project_id": 253, "id": 46792, "priority_0": 0.0}, {"info": {"url": "https://farm6.staticflickr.com/5690/21820869051_ed3910321c.jpg", "url_m": "https://farm6.staticflickr.com/5690/21820869051_ed3910321c_m.jpg", "link": "https://www.flickr.com/photos/115096994@N02/21820869051", "url_b": "https://farm6.staticflickr.com/5690/21820869051_ed3910321c_b.jpg", "title": "Cambridge_Sword0003_Cambridge_Sword0004_fb"}, "n_answers": 3, "quorum": 0, "calibration": 0, "created": "2015-09-29T15:35:22.757392", "state": "completed", "project_id": 253, "id": 46793, "priority_0": 0.0}, {"info": {"url": "https://farm1.staticflickr.com/724/21623481488_aef59f5cb5.jpg", "url_m": "https://farm1.staticflickr.com/724/21623481488_aef59f5cb5_m.jpg", "link": "https://www.flickr.com/photos/115096994@N02/21623481488", "url_b": "https://farm1.staticflickr.com/724/21623481488_aef59f5cb5_b.jpg", "title": "Cambridge_Sword0001_Cambridge_Sword0002_fb"}, "n_answers": 3, "quorum": 0, "calibration": 0, "created": "2015-09-29T15:35:22.782333", "state": "completed", "project_id": 253, "id": 46794, "priority_0": 0.0}, {"info": {"url": "https://farm6.staticflickr.com/5721/21623483068_2a0d9faefd.jpg", "url_m": "https://farm6.staticflickr.com/5721/21623483068_2a0d9faefd_m.jpg", "link": "https://www.flickr.com/photos/115096994@N02/21623483068", "url_b": "https://farm6.staticflickr.com/5721/21623483068_2a0d9faefd_b.jpg", "title": "Bucks_Sword0009_Bucks_Sword0010_fb"}, "n_answers": 3, "quorum": 0, "calibration": 0, "created": "2015-09-29T15:35:22.807464", "state": "completed", "project_id": 253, "id": 46795, "priority_0": 0.0}, {"info": {"url": "https://farm6.staticflickr.com/5699/21799561712_ebc4a681f7.jpg", "url_m": "https://farm6.staticflickr.com/5699/21799561712_ebc4a681f7_m.jpg", "link": "https://www.flickr.com/photos/115096994@N02/21799561712", "url_b": "https://farm6.staticflickr.com/5699/21799561712_ebc4a681f7_b.jpg", "title": "Bucks_Sword0007_Bucks_Sword0008_fb"}, "n_answers": 3, "quorum": 0, "calibration": 0, "created": "2015-09-29T15:35:22.832373", "state": "completed", "project_id": 253, "id": 46796, "priority_0": 0.0}, {"info": {"url": "https://farm1.staticflickr.com/584/21785219926_7283647d0f.jpg", "url_m": "https://farm1.staticflickr.com/584/21785219926_7283647d0f_m.jpg", "link": "https://www.flickr.com/photos/115096994@N02/21785219926", "url_b": "https://farm1.staticflickr.com/584/21785219926_7283647d0f_b.jpg", "title": "Bucks_Sword0005_Bucks_Sword0006_fb"}, "n_answers": 3, "quorum": 0, "calibration": 0, "created": "2015-09-29T15:35:22.857914", "state": "completed", "project_id": 253, "id": 46797, "priority_0": 0.0}, {"info": {"url": "https://farm1.staticflickr.com/781/21799564372_f02ae85dcd.jpg", "url_m": "https://farm1.staticflickr.com/781/21799564372_f02ae85dcd_m.jpg", "link": "https://www.flickr.com/photos/115096994@N02/21799564372", "url_b": "https://farm1.staticflickr.com/781/21799564372_f02ae85dcd_b.jpg", "title": "Bucks_Sword0003_Bucks_Sword0004_fb"}, "n_answers": 3, "quorum": 0, "calibration": 0, "created": "2015-09-29T15:35:22.882597", "state": "completed", "project_id": 253, "id": 46798, "priority_0": 0.0}, {"info": {"url": "https://farm6.staticflickr.com/5723/21624479599_7670dddb25.jpg", "url_m": "https://farm6.staticflickr.com/5723/21624479599_7670dddb25_m.jpg", "link": "https://www.flickr.com/photos/115096994@N02/21624479599", "url_b": "https://farm6.staticflickr.com/5723/21624479599_7670dddb25_b.jpg", "title": "Bucks_Sword0001_Bucks_Sword0002_fb"}, "n_answers": 3, "quorum": 0, "calibration": 0, "created": "2015-09-29T15:35:22.907523", "state": "completed", "project_id": 253, "id": 46799, "priority_0": 0.0}, {"info": {"url": "https://farm6.staticflickr.com/5763/21623327970_b275dba209.jpg", "url_m": "https://farm6.staticflickr.com/5763/21623327970_b275dba209_m.jpg", "link": "https://www.flickr.com/photos/115096994@N02/21623327970", "url_b": "https://farm6.staticflickr.com/5763/21623327970_b275dba209_b.jpg", "title": "Borders_Swords0001_Borders_Swords0002_fb"}, "n_answers": 3, "quorum": 0, "calibration": 0, "created": "2015-09-29T15:35:22.932986", "state": "completed", "project_id": 253, "id": 46800, "priority_0": 0.0}, {"info": {"url": "https://farm6.staticflickr.com/5660/21623330520_b097e918b7.jpg", "url_m": "https://farm6.staticflickr.com/5660/21623330520_b097e918b7_m.jpg", "link": "https://www.flickr.com/photos/115096994@N02/21623330520", "url_b": "https://farm6.staticflickr.com/5660/21623330520_b097e918b7_b.jpg", "title": "Berks_Sword0013_Berks_Sword0014_fb"}, "n_answers": 3, "quorum": 0, "calibration": 0, "created": "2015-09-29T15:35:22.957890", "state": "completed", "project_id": 253, "id": 46801, "priority_0": 0.0}, {"info": {"url": "https://farm6.staticflickr.com/5696/21820882641_ed8812ce3d.jpg", "url_m": "https://farm6.staticflickr.com/5696/21820882641_ed8812ce3d_m.jpg", "link": "https://www.flickr.com/photos/115096994@N02/21820882641", "url_b": "https://farm6.staticflickr.com/5696/21820882641_ed8812ce3d_b.jpg", "title": "Berks_Sword0011_Berks_Sword0012_fb"}, "n_answers": 3, "quorum": 0, "calibration": 0, "created": "2015-09-29T15:35:23.005747", "state": "completed", "project_id": 253, "id": 46802, "priority_0": 0.0}, {"info": {"url": "https://farm1.staticflickr.com/577/21785228246_baf962d279.jpg", "url_m": "https://farm1.staticflickr.com/577/21785228246_baf962d279_m.jpg", "link": "https://www.flickr.com/photos/115096994@N02/21785228246", "url_b": "https://farm1.staticflickr.com/577/21785228246_baf962d279_b.jpg", "title": "Berks_Sword0009_Berks_Sword0010_fb"}, "n_answers": 3, "quorum": 0, "calibration": 0, "created": "2015-09-29T15:35:23.049632", "state": "completed", "project_id": 253, "id": 46803, "priority_0": 0.0}, {"info": {"url": "https://farm1.staticflickr.com/709/21811386945_1d20f15714.jpg", "url_m": "https://farm1.staticflickr.com/709/21811386945_1d20f15714_m.jpg", "link": "https://www.flickr.com/photos/115096994@N02/21811386945", "url_b": "https://farm1.staticflickr.com/709/21811386945_1d20f15714_b.jpg", "title": "Berks_Sword0007_Berks_Sword0008_fb"}, "n_answers": 3, "quorum": 0, "calibration": 0, "created": "2015-09-29T15:35:23.074618", "state": "completed", "project_id": 253, "id": 46804, "priority_0": 0.0}, {"info": {"url": "https://farm6.staticflickr.com/5774/21785233326_659288bc1d.jpg", "url_m": "https://farm6.staticflickr.com/5774/21785233326_659288bc1d_m.jpg", "link": "https://www.flickr.com/photos/115096994@N02/21785233326", "url_b": "https://farm6.staticflickr.com/5774/21785233326_659288bc1d_b.jpg", "title": "Berks_Sword0005_Berks_Sword0006_fb"}, "n_answers": 3, "quorum": 0, "calibration": 0, "created": "2015-09-29T15:35:23.099607", "state": "completed", "project_id": 253, "id": 46805, "priority_0": 0.0}, {"info": {"url": "https://farm1.staticflickr.com/640/21190285703_b2a2be295b.jpg", "url_m": "https://farm1.staticflickr.com/640/21190285703_b2a2be295b_m.jpg", "link": "https://www.flickr.com/photos/115096994@N02/21190285703", "url_b": "https://farm1.staticflickr.com/640/21190285703_b2a2be295b_b.jpg", "title": "Berks_Sword0003_Berks_Sword0004_fb"}, "n_answers": 3, "quorum": 0, "calibration": 0, "created": "2015-09-29T15:35:23.124328", "state": "completed", "project_id": 253, "id": 46806, "priority_0": 0.0}, {"info": {"url": "https://farm1.staticflickr.com/665/21812940065_5aab73c1a4.jpg", "url_m": "https://farm1.staticflickr.com/665/21812940065_5aab73c1a4_m.jpg", "link": "https://www.flickr.com/photos/115096994@N02/21812940065", "url_b": "https://farm1.staticflickr.com/665/21812940065_5aab73c1a4_b.jpg", "title": "Berks_Sword0001_Berks_Sword0002_fb"}, "n_answers": 3, "quorum": 0, "calibration": 0, "created": "2015-09-29T15:35:23.149693", "state": "completed", "project_id": 253, "id": 46807, "priority_0": 0.0}]