[{"info": {"url_m": "https://farm6.staticflickr.com/5586/14884612989_6c821e2da8_m.jpg", "link": "https://www.flickr.com/photos/MicroPasts/14884612989", "url_b": "https://farm6.staticflickr.com/5586/14884612989_6c821e2da8_b.jpg"}, "n_answers": 2, "quorum": 0, "calibration": 0, "created": "2014-08-29T10:16:21.757525", "app_id": 52, "state": "completed", "id": 11040, "priority_0": 0.0}, {"info": {"url_m": "https://farm6.staticflickr.com/5564/15071316355_a5b6146384_m.jpg", "link": "https://www.flickr.com/photos/MicroPasts/15071316355", "url_b": "https://farm6.staticflickr.com/5564/15071316355_a5b6146384_b.jpg"}, "n_answers": 2, "quorum": 0, "calibration": 0, "created": "2014-08-29T10:16:24.877889", "app_id": 52, "state": "completed", "id": 11041, "priority_0": 0.0}, {"info": {"url_m": "https://farm4.staticflickr.com/3856/15068288681_3f4351c964_m.jpg", "link": "https://www.flickr.com/photos/MicroPasts/15068288681", "url_b": "https://farm4.staticflickr.com/3856/15068288681_3f4351c964_b.jpg"}, "n_answers": 2, "quorum": 0, "calibration": 0, "created": "2014-08-29T10:16:27.933533", "app_id": 52, "state": "completed", "id": 11042, "priority_0": 0.0}, {"info": {"url_m": "https://farm6.staticflickr.com/5594/15068288641_651481af34_m.jpg", "link": "https://www.flickr.com/photos/MicroPasts/15068288641", "url_b": "https://farm6.staticflickr.com/5594/15068288641_651481af34_b.jpg"}, "n_answers": 2, "quorum": 0, "calibration": 0, "created": "2014-08-29T10:16:30.985311", "app_id": 52, "state": "completed", "id": 11043, "priority_0": 0.0}, {"info": {"url_m": "https://farm4.staticflickr.com/3922/15048311786_b8cd50ffb1_m.jpg", "link": "https://www.flickr.com/photos/MicroPasts/15048311786", "url_b": "https://farm4.staticflickr.com/3922/15048311786_b8cd50ffb1_b.jpg"}, "n_answers": 2, "quorum": 0, "calibration": 0, "created": "2014-08-29T10:16:34.013744", "app_id": 52, "state": "completed", "id": 11044, "priority_0": 0.0}, {"info": {"url_m": "https://farm6.staticflickr.com/5584/14884716228_6ce893a397_m.jpg", "link": "https://www.flickr.com/photos/MicroPasts/14884716228", "url_b": "https://farm6.staticflickr.com/5584/14884716228_6ce893a397_b.jpg"}, "n_answers": 2, "quorum": 0, "calibration": 0, "created": "2014-08-29T10:16:37.062142", "app_id": 52, "state": "completed", "id": 11045, "priority_0": 0.0}, {"info": {"url_m": "https://farm6.staticflickr.com/5566/14884612849_f5a4073515_m.jpg", "link": "https://www.flickr.com/photos/MicroPasts/14884612849", "url_b": "https://farm6.staticflickr.com/5566/14884612849_f5a4073515_b.jpg"}, "n_answers": 2, "quorum": 0, "calibration": 0, "created": "2014-08-29T10:16:40.109929", "app_id": 52, "state": "completed", "id": 11046, "priority_0": 0.0}, {"info": {"url_m": "https://farm6.staticflickr.com/5557/14884612779_4c8ba4a3c0_m.jpg", "link": "https://www.flickr.com/photos/MicroPasts/14884612779", "url_b": "https://farm6.staticflickr.com/5557/14884612779_4c8ba4a3c0_b.jpg"}, "n_answers": 2, "quorum": 0, "calibration": 0, "created": "2014-08-29T10:16:43.163149", "app_id": 52, "state": "completed", "id": 11047, "priority_0": 0.0}, {"info": {"url_m": "https://farm6.staticflickr.com/5580/14884670240_2f629f60b6_m.jpg", "link": "https://www.flickr.com/photos/MicroPasts/14884670240", "url_b": "https://farm6.staticflickr.com/5580/14884670240_2f629f60b6_b.jpg"}, "n_answers": 2, "quorum": 0, "calibration": 0, "created": "2014-08-29T10:16:46.212810", "app_id": 52, "state": "completed", "id": 11048, "priority_0": 0.0}, {"info": {"url_m": "https://farm4.staticflickr.com/3875/15048311536_01faa0da10_m.jpg", "link": "https://www.flickr.com/photos/MicroPasts/15048311536", "url_b": "https://farm4.staticflickr.com/3875/15048311536_01faa0da10_b.jpg"}, "n_answers": 2, "quorum": 0, "calibration": 0, "created": "2014-08-29T10:16:49.269451", "app_id": 52, "state": "completed", "id": 11049, "priority_0": 0.0}, {"info": {"url_m": "https://farm6.staticflickr.com/5596/15071316045_406d52c0b4_m.jpg", "link": "https://www.flickr.com/photos/MicroPasts/15071316045", "url_b": "https://farm6.staticflickr.com/5596/15071316045_406d52c0b4_b.jpg"}, "n_answers": 2, "quorum": 0, "calibration": 0, "created": "2014-08-29T10:16:52.309275", "app_id": 52, "state": "completed", "id": 11050, "priority_0": 0.0}, {"info": {"url_m": "https://farm4.staticflickr.com/3896/14884670150_35d5fcb579_m.jpg", "link": "https://www.flickr.com/photos/MicroPasts/14884670150", "url_b": "https://farm4.staticflickr.com/3896/14884670150_35d5fcb579_b.jpg"}, "n_answers": 2, "quorum": 0, "calibration": 0, "created": "2014-08-29T10:16:55.345123", "app_id": 52, "state": "completed", "id": 11051, "priority_0": 0.0}, {"info": {"url_m": "https://farm4.staticflickr.com/3906/15070954732_55e58953d0_m.jpg", "link": "https://www.flickr.com/photos/MicroPasts/15070954732", "url_b": "https://farm4.staticflickr.com/3906/15070954732_55e58953d0_b.jpg"}, "n_answers": 2, "quorum": 0, "calibration": 0, "created": "2014-08-29T10:16:58.438153", "app_id": 52, "state": "completed", "id": 11052, "priority_0": 0.0}, {"info": {"url_m": "https://farm6.staticflickr.com/5589/15048311386_7af436bbf5_m.jpg", "link": "https://www.flickr.com/photos/MicroPasts/15048311386", "url_b": "https://farm6.staticflickr.com/5589/15048311386_7af436bbf5_b.jpg"}, "n_answers": 2, "quorum": 0, "calibration": 0, "created": "2014-08-29T10:17:01.486019", "app_id": 52, "state": "completed", "id": 11053, "priority_0": 0.0}, {"info": {"url_m": "https://farm6.staticflickr.com/5578/15071315905_15e6f6b9dd_m.jpg", "link": "https://www.flickr.com/photos/MicroPasts/15071315905", "url_b": "https://farm6.staticflickr.com/5578/15071315905_15e6f6b9dd_b.jpg"}, "n_answers": 2, "quorum": 0, "calibration": 0, "created": "2014-08-29T10:17:04.526663", "app_id": 52, "state": "completed", "id": 11054, "priority_0": 0.0}, {"info": {"url_m": "https://farm4.staticflickr.com/3914/14884761637_7940853e48_m.jpg", "link": "https://www.flickr.com/photos/MicroPasts/14884761637", "url_b": "https://farm4.staticflickr.com/3914/14884761637_7940853e48_b.jpg"}, "n_answers": 2, "quorum": 0, "calibration": 0, "created": "2014-08-29T10:17:07.580535", "app_id": 52, "state": "completed", "id": 11055, "priority_0": 0.0}, {"info": {"url_m": "https://farm4.staticflickr.com/3900/15070954582_d6a35da212_m.jpg", "link": "https://www.flickr.com/photos/MicroPasts/15070954582", "url_b": "https://farm4.staticflickr.com/3900/15070954582_d6a35da212_b.jpg"}, "n_answers": 2, "quorum": 0, "calibration": 0, "created": "2014-08-29T10:17:10.777191", "app_id": 52, "state": "completed", "id": 11056, "priority_0": 0.0}, {"info": {"url_m": "https://farm6.staticflickr.com/5584/15048310456_c1a06dff34_m.jpg", "link": "https://www.flickr.com/photos/MicroPasts/15048310456", "url_b": "https://farm6.staticflickr.com/5584/15048310456_c1a06dff34_b.jpg"}, "n_answers": 2, "quorum": 0, "calibration": 0, "created": "2014-08-29T10:17:13.827342", "app_id": 52, "state": "completed", "id": 11057, "priority_0": 0.0}, {"info": {"url_m": "https://farm6.staticflickr.com/5559/15068287431_8d97204b16_m.jpg", "link": "https://www.flickr.com/photos/MicroPasts/15068287431", "url_b": "https://farm6.staticflickr.com/5559/15068287431_8d97204b16_b.jpg"}, "n_answers": 2, "quorum": 0, "calibration": 0, "created": "2014-08-29T10:17:16.869110", "app_id": 52, "state": "completed", "id": 11058, "priority_0": 0.0}, {"info": {"url_m": "https://farm4.staticflickr.com/3859/14884611049_aeab8f8c4f_m.jpg", "link": "https://www.flickr.com/photos/MicroPasts/14884611049", "url_b": "https://farm4.staticflickr.com/3859/14884611049_aeab8f8c4f_b.jpg"}, "n_answers": 2, "quorum": 0, "calibration": 0, "created": "2014-08-29T10:17:19.910429", "app_id": 52, "state": "completed", "id": 11059, "priority_0": 0.0}]