[{"info": {"url_m": "https://farm8.staticflickr.com/7524/15758754420_5df5a7228d_m.jpg", "link": "https://www.flickr.com/photos/MicroPasts/15758754420", "url_b": "https://farm8.staticflickr.com/7524/15758754420_5df5a7228d_b.jpg"}, "n_answers": 2, "quorum": 0, "calibration": 0, "created": "2014-12-04T15:59:37.866759", "state": "completed", "project_id": 85, "id": 27638, "priority_0": 0.0}, {"info": {"url_m": "https://farm8.staticflickr.com/7482/15944094691_ecfa992da1_m.jpg", "link": "https://www.flickr.com/photos/MicroPasts/15944094691", "url_b": "https://farm8.staticflickr.com/7482/15944094691_ecfa992da1_b.jpg"}, "n_answers": 2, "quorum": 0, "calibration": 0, "created": "2014-12-04T15:59:40.932744", "state": "completed", "project_id": 85, "id": 27639, "priority_0": 0.0}, {"info": {"url_m": "https://farm8.staticflickr.com/7547/15760312197_06fde7d54b_m.jpg", "link": "https://www.flickr.com/photos/MicroPasts/15760312197", "url_b": "https://farm8.staticflickr.com/7547/15760312197_06fde7d54b_b.jpg"}, "n_answers": 2, "quorum": 0, "calibration": 0, "created": "2014-12-04T15:59:43.998731", "state": "completed", "project_id": 85, "id": 27640, "priority_0": 0.0}, {"info": {"url_m": "https://farm8.staticflickr.com/7539/15760312187_75e039c768_m.jpg", "link": "https://www.flickr.com/photos/MicroPasts/15760312187", "url_b": "https://farm8.staticflickr.com/7539/15760312187_75e039c768_b.jpg"}, "n_answers": 2, "quorum": 0, "calibration": 0, "created": "2014-12-04T15:59:47.089891", "state": "completed", "project_id": 85, "id": 27641, "priority_0": 0.0}, {"info": {"url_m": "https://farm8.staticflickr.com/7582/15758630118_61b59171ab_m.jpg", "link": "https://www.flickr.com/photos/MicroPasts/15758630118", "url_b": "https://farm8.staticflickr.com/7582/15758630118_61b59171ab_b.jpg"}, "n_answers": 2, "quorum": 0, "calibration": 0, "created": "2014-12-04T15:59:50.136021", "state": "completed", "project_id": 85, "id": 27642, "priority_0": 0.0}, {"info": {"url_m": "https://farm8.staticflickr.com/7564/15758754720_ac6b2148d4_m.jpg", "link": "https://www.flickr.com/photos/MicroPasts/15758754720", "url_b": "https://farm8.staticflickr.com/7564/15758754720_ac6b2148d4_b.jpg"}, "n_answers": 2, "quorum": 0, "calibration": 0, "created": "2014-12-04T15:59:53.207811", "state": "completed", "project_id": 85, "id": 27643, "priority_0": 0.0}, {"info": {"url_m": "https://farm9.staticflickr.com/8585/15760015129_e4d1e007d2_m.jpg", "link": "https://www.flickr.com/photos/MicroPasts/15760015129", "url_b": "https://farm9.staticflickr.com/8585/15760015129_e4d1e007d2_b.jpg"}, "n_answers": 2, "quorum": 0, "calibration": 0, "created": "2014-12-04T15:59:56.245047", "state": "completed", "project_id": 85, "id": 27644, "priority_0": 0.0}, {"info": {"url_m": "https://farm8.staticflickr.com/7511/15326415423_30bbd397b3_m.jpg", "link": "https://www.flickr.com/photos/MicroPasts/15326415423", "url_b": "https://farm8.staticflickr.com/7511/15326415423_30bbd397b3_b.jpg"}, "n_answers": 2, "quorum": 0, "calibration": 0, "created": "2014-12-04T15:59:59.307014", "state": "completed", "project_id": 85, "id": 27645, "priority_0": 0.0}, {"info": {"url_m": "https://farm9.staticflickr.com/8637/15758630438_2c5fa18114_m.jpg", "link": "https://www.flickr.com/photos/MicroPasts/15758630438", "url_b": "https://farm9.staticflickr.com/8637/15758630438_2c5fa18114_b.jpg"}, "n_answers": 2, "quorum": 0, "calibration": 0, "created": "2014-12-04T16:00:02.356519", "state": "completed", "project_id": 85, "id": 27646, "priority_0": 0.0}, {"info": {"url_m": "https://farm9.staticflickr.com/8585/15760015379_48fe0fa124_m.jpg", "link": "https://www.flickr.com/photos/MicroPasts/15760015379", "url_b": "https://farm9.staticflickr.com/8585/15760015379_48fe0fa124_b.jpg"}, "n_answers": 2, "quorum": 0, "calibration": 0, "created": "2014-12-04T16:00:05.413256", "state": "completed", "project_id": 85, "id": 27647, "priority_0": 0.0}, {"info": {"url_m": "https://farm8.staticflickr.com/7473/15760312907_1e82da55a0_m.jpg", "link": "https://www.flickr.com/photos/MicroPasts/15760312907", "url_b": "https://farm8.staticflickr.com/7473/15760312907_1e82da55a0_b.jpg"}, "n_answers": 2, "quorum": 0, "calibration": 0, "created": "2014-12-04T16:00:08.667573", "state": "completed", "project_id": 85, "id": 27648, "priority_0": 0.0}, {"info": {"url_m": "https://farm9.staticflickr.com/8587/15758755560_afe6882136_m.jpg", "link": "https://www.flickr.com/photos/MicroPasts/15758755560", "url_b": "https://farm9.staticflickr.com/8587/15758755560_afe6882136_b.jpg"}, "n_answers": 2, "quorum": 0, "calibration": 0, "created": "2014-12-04T16:00:11.723662", "state": "completed", "project_id": 85, "id": 27649, "priority_0": 0.0}, {"info": {"url_m": "https://farm8.staticflickr.com/7503/15946057755_3d202d6cbd_m.jpg", "link": "https://www.flickr.com/photos/MicroPasts/15946057755", "url_b": "https://farm8.staticflickr.com/7503/15946057755_3d202d6cbd_b.jpg"}, "n_answers": 2, "quorum": 0, "calibration": 0, "created": "2014-12-04T16:00:14.780518", "state": "completed", "project_id": 85, "id": 27650, "priority_0": 0.0}, {"info": {"url_m": "https://farm8.staticflickr.com/7498/15946058105_cd9510efe0_m.jpg", "link": "https://www.flickr.com/photos/MicroPasts/15946058105", "url_b": "https://farm8.staticflickr.com/7498/15946058105_cd9510efe0_b.jpg"}, "n_answers": 2, "quorum": 0, "calibration": 0, "created": "2014-12-04T16:00:17.847253", "state": "completed", "project_id": 85, "id": 27651, "priority_0": 0.0}, {"info": {"url_m": "https://farm8.staticflickr.com/7548/15323783844_1fd14303eb_m.jpg", "link": "https://www.flickr.com/photos/MicroPasts/15323783844", "url_b": "https://farm8.staticflickr.com/7548/15323783844_1fd14303eb_b.jpg"}, "n_answers": 2, "quorum": 0, "calibration": 0, "created": "2014-12-04T16:00:20.905193", "state": "completed", "project_id": 85, "id": 27652, "priority_0": 0.0}, {"info": {"url_m": "https://farm9.staticflickr.com/8579/15944095301_75b109fc3f_m.jpg", "link": "https://www.flickr.com/photos/MicroPasts/15944095301", "url_b": "https://farm9.staticflickr.com/8579/15944095301_75b109fc3f_b.jpg"}, "n_answers": 2, "quorum": 0, "calibration": 0, "created": "2014-12-04T16:00:23.963804", "state": "completed", "project_id": 85, "id": 27653, "priority_0": 0.0}, {"info": {"url_m": "https://farm8.staticflickr.com/7565/15326416493_834a09f1d2_m.jpg", "link": "https://www.flickr.com/photos/MicroPasts/15326416493", "url_b": "https://farm8.staticflickr.com/7565/15326416493_834a09f1d2_b.jpg"}, "n_answers": 2, "quorum": 0, "calibration": 0, "created": "2014-12-04T16:00:27.021961", "state": "completed", "project_id": 85, "id": 27654, "priority_0": 0.0}, {"info": {"url_m": "https://farm8.staticflickr.com/7496/15323784144_90564b6eba_m.jpg", "link": "https://www.flickr.com/photos/MicroPasts/15323784144", "url_b": "https://farm8.staticflickr.com/7496/15323784144_90564b6eba_b.jpg"}, "n_answers": 2, "quorum": 0, "calibration": 0, "created": "2014-12-04T16:00:30.063961", "state": "completed", "project_id": 85, "id": 27655, "priority_0": 0.0}, {"info": {"url_m": "https://farm8.staticflickr.com/7482/15945382732_63e72c02f7_m.jpg", "link": "https://www.flickr.com/photos/MicroPasts/15945382732", "url_b": "https://farm8.staticflickr.com/7482/15945382732_63e72c02f7_b.jpg"}, "n_answers": 2, "quorum": 0, "calibration": 0, "created": "2014-12-04T16:00:33.129172", "state": "completed", "project_id": 85, "id": 27656, "priority_0": 0.0}, {"info": {"url_m": "https://farm9.staticflickr.com/8577/15758631468_916656f6bd_m.jpg", "link": "https://www.flickr.com/photos/MicroPasts/15758631468", "url_b": "https://farm9.staticflickr.com/8577/15758631468_916656f6bd_b.jpg"}, "n_answers": 2, "quorum": 0, "calibration": 0, "created": "2014-12-04T16:00:36.179476", "state": "completed", "project_id": 85, "id": 27657, "priority_0": 0.0}, {"info": {"url_m": "https://farm9.staticflickr.com/8635/15946058625_2bb2398243_m.jpg", "link": "https://www.flickr.com/photos/MicroPasts/15946058625", "url_b": "https://farm9.staticflickr.com/8635/15946058625_2bb2398243_b.jpg"}, "n_answers": 2, "quorum": 0, "calibration": 0, "created": "2014-12-04T16:00:39.245127", "state": "completed", "project_id": 85, "id": 27658, "priority_0": 0.0}, {"info": {"url_m": "https://farm9.staticflickr.com/8603/15760314257_6d2d1b32ab_m.jpg", "link": "https://www.flickr.com/photos/MicroPasts/15760314257", "url_b": "https://farm9.staticflickr.com/8603/15760314257_6d2d1b32ab_b.jpg"}, "n_answers": 2, "quorum": 0, "calibration": 0, "created": "2014-12-04T16:00:42.311823", "state": "completed", "project_id": 85, "id": 27659, "priority_0": 0.0}, {"info": {"url_m": "https://farm8.staticflickr.com/7575/15323784834_c73b75f5a9_m.jpg", "link": "https://www.flickr.com/photos/MicroPasts/15323784834", "url_b": "https://farm8.staticflickr.com/7575/15323784834_c73b75f5a9_b.jpg"}, "n_answers": 2, "quorum": 0, "calibration": 0, "created": "2014-12-04T16:00:45.378881", "state": "completed", "project_id": 85, "id": 27660, "priority_0": 0.0}, {"info": {"url_m": "https://farm9.staticflickr.com/8580/15945383242_0532da8748_m.jpg", "link": "https://www.flickr.com/photos/MicroPasts/15945383242", "url_b": "https://farm9.staticflickr.com/8580/15945383242_0532da8748_b.jpg"}, "n_answers": 2, "quorum": 0, "calibration": 0, "created": "2014-12-04T16:00:48.429306", "state": "completed", "project_id": 85, "id": 27661, "priority_0": 0.0}, {"info": {"url_m": "https://farm8.staticflickr.com/7568/15758756800_a611fc8025_m.jpg", "link": "https://www.flickr.com/photos/MicroPasts/15758756800", "url_b": "https://farm8.staticflickr.com/7568/15758756800_a611fc8025_b.jpg"}, "n_answers": 2, "quorum": 0, "calibration": 0, "created": "2014-12-04T16:00:51.486934", "state": "completed", "project_id": 85, "id": 27662, "priority_0": 0.0}, {"info": {"url_m": "https://farm8.staticflickr.com/7479/15323784984_1677af3231_m.jpg", "link": "https://www.flickr.com/photos/MicroPasts/15323784984", "url_b": "https://farm8.staticflickr.com/7479/15323784984_1677af3231_b.jpg"}, "n_answers": 2, "quorum": 0, "calibration": 0, "created": "2014-12-04T16:00:54.553325", "state": "completed", "project_id": 85, "id": 27663, "priority_0": 0.0}, {"info": {"url_m": "https://farm8.staticflickr.com/7567/15946059235_b8bb9689f1_m.jpg", "link": "https://www.flickr.com/photos/MicroPasts/15946059235", "url_b": "https://farm8.staticflickr.com/7567/15946059235_b8bb9689f1_b.jpg"}, "n_answers": 2, "quorum": 0, "calibration": 0, "created": "2014-12-04T16:00:57.594466", "state": "completed", "project_id": 85, "id": 27664, "priority_0": 0.0}, {"info": {"url_m": "https://farm8.staticflickr.com/7464/15920249666_0a47943c7a_m.jpg", "link": "https://www.flickr.com/photos/MicroPasts/15920249666", "url_b": "https://farm8.staticflickr.com/7464/15920249666_0a47943c7a_b.jpg"}, "n_answers": 2, "quorum": 0, "calibration": 0, "created": "2014-12-04T16:01:00.644368", "state": "completed", "project_id": 85, "id": 27665, "priority_0": 0.0}, {"info": {"url_m": "https://farm9.staticflickr.com/8608/15945383592_efc4d8ac5d_m.jpg", "link": "https://www.flickr.com/photos/MicroPasts/15945383592", "url_b": "https://farm9.staticflickr.com/8608/15945383592_efc4d8ac5d_b.jpg"}, "n_answers": 2, "quorum": 0, "calibration": 0, "created": "2014-12-04T16:01:03.695228", "state": "completed", "project_id": 85, "id": 27666, "priority_0": 0.0}, {"info": {"url_m": "https://farm9.staticflickr.com/8683/15946059205_caf9bda693_m.jpg", "link": "https://www.flickr.com/photos/MicroPasts/15946059205", "url_b": "https://farm9.staticflickr.com/8683/15946059205_caf9bda693_b.jpg"}, "n_answers": 2, "quorum": 0, "calibration": 0, "created": "2014-12-04T16:01:06.760926", "state": "completed", "project_id": 85, "id": 27667, "priority_0": 0.0}, {"info": {"url_m": "https://farm9.staticflickr.com/8623/15944096361_fd746d5630_m.jpg", "link": "https://www.flickr.com/photos/MicroPasts/15944096361", "url_b": "https://farm9.staticflickr.com/8623/15944096361_fd746d5630_b.jpg"}, "n_answers": 2, "quorum": 0, "calibration": 0, "created": "2014-12-04T16:01:09.812132", "state": "completed", "project_id": 85, "id": 27668, "priority_0": 0.0}, {"info": {"url_m": "https://farm9.staticflickr.com/8576/15920249676_601d89379e_m.jpg", "link": "https://www.flickr.com/photos/MicroPasts/15920249676", "url_b": "https://farm9.staticflickr.com/8576/15920249676_601d89379e_b.jpg"}, "n_answers": 2, "quorum": 0, "calibration": 0, "created": "2014-12-04T16:01:12.876510", "state": "completed", "project_id": 85, "id": 27669, "priority_0": 0.0}, {"info": {"url_m": "https://farm9.staticflickr.com/8627/15758757080_b3a6ff13ec_m.jpg", "link": "https://www.flickr.com/photos/MicroPasts/15758757080", "url_b": "https://farm9.staticflickr.com/8627/15758757080_b3a6ff13ec_b.jpg"}, "n_answers": 2, "quorum": 0, "calibration": 0, "created": "2014-12-04T16:01:15.928485", "state": "completed", "project_id": 85, "id": 27670, "priority_0": 0.0}, {"info": {"url_m": "https://farm8.staticflickr.com/7500/15945383792_5e9676097a_m.jpg", "link": "https://www.flickr.com/photos/MicroPasts/15945383792", "url_b": "https://farm8.staticflickr.com/7500/15945383792_5e9676097a_b.jpg"}, "n_answers": 2, "quorum": 0, "calibration": 0, "created": "2014-12-04T16:01:18.991656", "state": "completed", "project_id": 85, "id": 27671, "priority_0": 0.0}, {"info": {"url_m": "https://farm8.staticflickr.com/7544/15760017689_299529de5e_m.jpg", "link": "https://www.flickr.com/photos/MicroPasts/15760017689", "url_b": "https://farm8.staticflickr.com/7544/15760017689_299529de5e_b.jpg"}, "n_answers": 2, "quorum": 0, "calibration": 0, "created": "2014-12-04T16:01:22.045040", "state": "completed", "project_id": 85, "id": 27672, "priority_0": 0.0}, {"info": {"url_m": "https://farm9.staticflickr.com/8595/15323785614_b0713ca3fa_m.jpg", "link": "https://www.flickr.com/photos/MicroPasts/15323785614", "url_b": "https://farm9.staticflickr.com/8595/15323785614_b0713ca3fa_b.jpg"}, "n_answers": 2, "quorum": 0, "calibration": 0, "created": "2014-12-04T16:01:25.099104", "state": "completed", "project_id": 85, "id": 27673, "priority_0": 0.0}, {"info": {"url_m": "https://farm8.staticflickr.com/7555/15920250166_0fc7687c86_m.jpg", "link": "https://www.flickr.com/photos/MicroPasts/15920250166", "url_b": "https://farm8.staticflickr.com/7555/15920250166_0fc7687c86_b.jpg"}, "n_answers": 2, "quorum": 0, "calibration": 0, "created": "2014-12-04T16:01:28.162000", "state": "completed", "project_id": 85, "id": 27674, "priority_0": 0.0}, {"info": {"url_m": "https://farm8.staticflickr.com/7537/15946059735_bc7ef02d4f_m.jpg", "link": "https://www.flickr.com/photos/MicroPasts/15946059735", "url_b": "https://farm8.staticflickr.com/7537/15946059735_bc7ef02d4f_b.jpg"}, "n_answers": 2, "quorum": 0, "calibration": 0, "created": "2014-12-04T16:01:31.217345", "state": "completed", "project_id": 85, "id": 27675, "priority_0": 0.0}, {"info": {"url_m": "https://farm8.staticflickr.com/7556/15920250346_5c97ff4915_m.jpg", "link": "https://www.flickr.com/photos/MicroPasts/15920250346", "url_b": "https://farm8.staticflickr.com/7556/15920250346_5c97ff4915_b.jpg"}, "n_answers": 2, "quorum": 0, "calibration": 0, "created": "2014-12-04T16:01:34.284000", "state": "completed", "project_id": 85, "id": 27676, "priority_0": 0.0}, {"info": {"url_m": "https://farm8.staticflickr.com/7507/15920250426_cf1c1da551_m.jpg", "link": "https://www.flickr.com/photos/MicroPasts/15920250426", "url_b": "https://farm8.staticflickr.com/7507/15920250426_cf1c1da551_b.jpg"}, "n_answers": 2, "quorum": 0, "calibration": 0, "created": "2014-12-04T16:01:37.336122", "state": "completed", "project_id": 85, "id": 27677, "priority_0": 0.0}, {"info": {"url_m": "https://farm8.staticflickr.com/7514/15758758020_4fdd3dafc1_m.jpg", "link": "https://www.flickr.com/photos/MicroPasts/15758758020", "url_b": "https://farm8.staticflickr.com/7514/15758758020_4fdd3dafc1_b.jpg"}, "n_answers": 2, "quorum": 0, "calibration": 0, "created": "2014-12-04T16:01:40.374464", "state": "completed", "project_id": 85, "id": 27678, "priority_0": 0.0}, {"info": {"url_m": "https://farm8.staticflickr.com/7493/15945384412_dc40daf54b_m.jpg", "link": "https://www.flickr.com/photos/MicroPasts/15945384412", "url_b": "https://farm8.staticflickr.com/7493/15945384412_dc40daf54b_b.jpg"}, "n_answers": 2, "quorum": 0, "calibration": 0, "created": "2014-12-04T16:01:43.486107", "state": "completed", "project_id": 85, "id": 27679, "priority_0": 0.0}, {"info": {"url_m": "https://farm9.staticflickr.com/8625/15323786414_88fc9ba942_m.jpg", "link": "https://www.flickr.com/photos/MicroPasts/15323786414", "url_b": "https://farm9.staticflickr.com/8625/15323786414_88fc9ba942_b.jpg"}, "n_answers": 2, "quorum": 0, "calibration": 0, "created": "2014-12-04T16:01:46.541955", "state": "completed", "project_id": 85, "id": 27680, "priority_0": 0.0}, {"info": {"url_m": "https://farm8.staticflickr.com/7482/15760018569_cefb13f430_m.jpg", "link": "https://www.flickr.com/photos/MicroPasts/15760018569", "url_b": "https://farm8.staticflickr.com/7482/15760018569_cefb13f430_b.jpg"}, "n_answers": 2, "quorum": 0, "calibration": 0, "created": "2014-12-04T16:01:49.611543", "state": "completed", "project_id": 85, "id": 27681, "priority_0": 0.0}, {"info": {"url_m": "https://farm9.staticflickr.com/8671/15946060295_fde78810a6_m.jpg", "link": "https://www.flickr.com/photos/MicroPasts/15946060295", "url_b": "https://farm9.staticflickr.com/8671/15946060295_fde78810a6_b.jpg"}, "n_answers": 2, "quorum": 0, "calibration": 0, "created": "2014-12-04T16:01:52.668953", "state": "completed", "project_id": 85, "id": 27682, "priority_0": 0.0}, {"info": {"url_m": "https://farm8.staticflickr.com/7517/15323786714_e570ea3fa6_m.jpg", "link": "https://www.flickr.com/photos/MicroPasts/15323786714", "url_b": "https://farm8.staticflickr.com/7517/15323786714_e570ea3fa6_b.jpg"}, "n_answers": 2, "quorum": 0, "calibration": 0, "created": "2014-12-04T16:01:55.720780", "state": "completed", "project_id": 85, "id": 27683, "priority_0": 0.0}, {"info": {"url_m": "https://farm8.staticflickr.com/7556/15326419053_e79863513a_m.jpg", "link": "https://www.flickr.com/photos/MicroPasts/15326419053", "url_b": "https://farm8.staticflickr.com/7556/15326419053_e79863513a_b.jpg"}, "n_answers": 2, "quorum": 0, "calibration": 0, "created": "2014-12-04T16:01:58.784768", "state": "completed", "project_id": 85, "id": 27684, "priority_0": 0.0}, {"info": {"url_m": "https://farm9.staticflickr.com/8683/15945385112_781d991e77_m.jpg", "link": "https://www.flickr.com/photos/MicroPasts/15945385112", "url_b": "https://farm9.staticflickr.com/8683/15945385112_781d991e77_b.jpg"}, "n_answers": 2, "quorum": 0, "calibration": 0, "created": "2014-12-04T16:02:01.843331", "state": "completed", "project_id": 85, "id": 27685, "priority_0": 0.0}, {"info": {"url_m": "https://farm9.staticflickr.com/8576/15945385132_5449878f96_m.jpg", "link": "https://www.flickr.com/photos/MicroPasts/15945385132", "url_b": "https://farm9.staticflickr.com/8576/15945385132_5449878f96_b.jpg"}, "n_answers": 2, "quorum": 0, "calibration": 0, "created": "2014-12-04T16:02:04.916600", "state": "completed", "project_id": 85, "id": 27686, "priority_0": 0.0}, {"info": {"url_m": "https://farm9.staticflickr.com/8596/15945385162_051281830d_m.jpg", "link": "https://www.flickr.com/photos/MicroPasts/15945385162", "url_b": "https://farm9.staticflickr.com/8596/15945385162_051281830d_b.jpg"}, "n_answers": 2, "quorum": 0, "calibration": 0, "created": "2014-12-04T16:02:07.963279", "state": "completed", "project_id": 85, "id": 27687, "priority_0": 0.0}, {"info": {"url_m": "https://farm8.staticflickr.com/7484/15326419263_3cf295745b_m.jpg", "link": "https://www.flickr.com/photos/MicroPasts/15326419263", "url_b": "https://farm8.staticflickr.com/7484/15326419263_3cf295745b_b.jpg"}, "n_answers": 2, "quorum": 0, "calibration": 0, "created": "2014-12-04T16:02:11.013727", "state": "completed", "project_id": 85, "id": 27688, "priority_0": 0.0}, {"info": {"url_m": "https://farm9.staticflickr.com/8634/15920251206_83d7973210_m.jpg", "link": "https://www.flickr.com/photos/MicroPasts/15920251206", "url_b": "https://farm9.staticflickr.com/8634/15920251206_83d7973210_b.jpg"}, "n_answers": 2, "quorum": 0, "calibration": 0, "created": "2014-12-04T16:02:14.062987", "state": "completed", "project_id": 85, "id": 27689, "priority_0": 0.0}, {"info": {"url_m": "https://farm8.staticflickr.com/7576/15758634088_81517b9348_m.jpg", "link": "https://www.flickr.com/photos/MicroPasts/15758634088", "url_b": "https://farm8.staticflickr.com/7576/15758634088_81517b9348_b.jpg"}, "n_answers": 2, "quorum": 0, "calibration": 0, "created": "2014-12-04T16:02:17.112849", "state": "completed", "project_id": 85, "id": 27690, "priority_0": 0.0}, {"info": {"url_m": "https://farm9.staticflickr.com/8672/15946061065_6a2aab6cd6_m.jpg", "link": "https://www.flickr.com/photos/MicroPasts/15946061065", "url_b": "https://farm9.staticflickr.com/8672/15946061065_6a2aab6cd6_b.jpg"}, "n_answers": 2, "quorum": 0, "calibration": 0, "created": "2014-12-04T16:02:20.664684", "state": "completed", "project_id": 85, "id": 27691, "priority_0": 0.0}, {"info": {"url_m": "https://farm8.staticflickr.com/7556/15946061115_c98e02dd38_m.jpg", "link": "https://www.flickr.com/photos/MicroPasts/15946061115", "url_b": "https://farm8.staticflickr.com/7556/15946061115_c98e02dd38_b.jpg"}, "n_answers": 2, "quorum": 0, "calibration": 0, "created": "2014-12-04T16:02:23.729981", "state": "completed", "project_id": 85, "id": 27692, "priority_0": 0.0}, {"info": {"url_m": "https://farm9.staticflickr.com/8561/15760019319_da845d4c44_m.jpg", "link": "https://www.flickr.com/photos/MicroPasts/15760019319", "url_b": "https://farm9.staticflickr.com/8561/15760019319_da845d4c44_b.jpg"}, "n_answers": 2, "quorum": 0, "calibration": 0, "created": "2014-12-04T16:02:26.795546", "state": "completed", "project_id": 85, "id": 27693, "priority_0": 0.0}, {"info": {"url_m": "https://farm8.staticflickr.com/7502/15323787664_a9fdeb0840_m.jpg", "link": "https://www.flickr.com/photos/MicroPasts/15323787664", "url_b": "https://farm8.staticflickr.com/7502/15323787664_a9fdeb0840_b.jpg"}, "n_answers": 2, "quorum": 0, "calibration": 0, "created": "2014-12-04T16:02:30.048746", "state": "completed", "project_id": 85, "id": 27694, "priority_0": 0.0}, {"info": {"url_m": "https://farm8.staticflickr.com/7557/15326419813_5db1cf3da6_m.jpg", "link": "https://www.flickr.com/photos/MicroPasts/15326419813", "url_b": "https://farm8.staticflickr.com/7557/15326419813_5db1cf3da6_b.jpg"}, "n_answers": 2, "quorum": 0, "calibration": 0, "created": "2014-12-04T16:02:33.112894", "state": "completed", "project_id": 85, "id": 27695, "priority_0": 0.0}, {"info": {"url_m": "https://farm8.staticflickr.com/7485/15326419883_6c1b30c1f5_m.jpg", "link": "https://www.flickr.com/photos/MicroPasts/15326419883", "url_b": "https://farm8.staticflickr.com/7485/15326419883_6c1b30c1f5_b.jpg"}, "n_answers": 2, "quorum": 0, "calibration": 0, "created": "2014-12-04T16:02:36.162087", "state": "completed", "project_id": 85, "id": 27696, "priority_0": 0.0}, {"info": {"url_m": "https://farm8.staticflickr.com/7530/15946061645_b3c7a9b395_m.jpg", "link": "https://www.flickr.com/photos/MicroPasts/15946061645", "url_b": "https://farm8.staticflickr.com/7530/15946061645_b3c7a9b395_b.jpg"}, "n_answers": 2, "quorum": 0, "calibration": 0, "created": "2014-12-04T16:02:39.256335", "state": "completed", "project_id": 85, "id": 27697, "priority_0": 0.0}, {"info": {"url_m": "https://farm8.staticflickr.com/7549/15760317347_24c0e5c0b5_m.jpg", "link": "https://www.flickr.com/photos/MicroPasts/15760317347", "url_b": "https://farm8.staticflickr.com/7549/15760317347_24c0e5c0b5_b.jpg"}, "n_answers": 2, "quorum": 0, "calibration": 0, "created": "2014-12-04T16:02:42.302814", "state": "completed", "project_id": 85, "id": 27698, "priority_0": 0.0}, {"info": {"url_m": "https://farm8.staticflickr.com/7521/15758634798_db9d0ebd97_m.jpg", "link": "https://www.flickr.com/photos/MicroPasts/15758634798", "url_b": "https://farm8.staticflickr.com/7521/15758634798_db9d0ebd97_b.jpg"}, "n_answers": 2, "quorum": 0, "calibration": 0, "created": "2014-12-04T16:02:45.341608", "state": "completed", "project_id": 85, "id": 27699, "priority_0": 0.0}, {"info": {"url_m": "https://farm8.staticflickr.com/7480/15944098891_74f6f8bae9_m.jpg", "link": "https://www.flickr.com/photos/MicroPasts/15944098891", "url_b": "https://farm8.staticflickr.com/7480/15944098891_74f6f8bae9_b.jpg"}, "n_answers": 2, "quorum": 0, "calibration": 0, "created": "2014-12-04T16:02:48.392444", "state": "completed", "project_id": 85, "id": 27700, "priority_0": 0.0}, {"info": {"url_m": "https://farm8.staticflickr.com/7518/15945386112_1411b3953a_m.jpg", "link": "https://www.flickr.com/photos/MicroPasts/15945386112", "url_b": "https://farm8.staticflickr.com/7518/15945386112_1411b3953a_b.jpg"}, "n_answers": 2, "quorum": 0, "calibration": 0, "created": "2014-12-04T16:02:51.444129", "state": "completed", "project_id": 85, "id": 27701, "priority_0": 0.0}, {"info": {"url_m": "https://farm8.staticflickr.com/7550/15323788044_530a43c309_m.jpg", "link": "https://www.flickr.com/photos/MicroPasts/15323788044", "url_b": "https://farm8.staticflickr.com/7550/15323788044_530a43c309_b.jpg"}, "n_answers": 2, "quorum": 0, "calibration": 0, "created": "2014-12-04T16:02:54.492731", "state": "completed", "project_id": 85, "id": 27702, "priority_0": 0.0}, {"info": {"url_m": "https://farm8.staticflickr.com/7507/15758634958_afc81f0ab9_m.jpg", "link": "https://www.flickr.com/photos/MicroPasts/15758634958", "url_b": "https://farm8.staticflickr.com/7507/15758634958_afc81f0ab9_b.jpg"}, "n_answers": 2, "quorum": 0, "calibration": 0, "created": "2014-12-04T16:02:57.544278", "state": "completed", "project_id": 85, "id": 27703, "priority_0": 0.0}, {"info": {"url_m": "https://farm8.staticflickr.com/7489/15323788244_812716d349_m.jpg", "link": "https://www.flickr.com/photos/MicroPasts/15323788244", "url_b": "https://farm8.staticflickr.com/7489/15323788244_812716d349_b.jpg"}, "n_answers": 2, "quorum": 0, "calibration": 0, "created": "2014-12-04T16:03:00.593666", "state": "completed", "project_id": 85, "id": 27704, "priority_0": 0.0}, {"info": {"url_m": "https://farm8.staticflickr.com/7476/15326420413_5ea265b7a6_m.jpg", "link": "https://www.flickr.com/photos/MicroPasts/15326420413", "url_b": "https://farm8.staticflickr.com/7476/15326420413_5ea265b7a6_b.jpg"}, "n_answers": 2, "quorum": 0, "calibration": 0, "created": "2014-12-04T16:03:03.651895", "state": "completed", "project_id": 85, "id": 27705, "priority_0": 0.0}, {"info": {"url_m": "https://farm8.staticflickr.com/7575/15760317877_fa5101c9ac_m.jpg", "link": "https://www.flickr.com/photos/MicroPasts/15760317877", "url_b": "https://farm8.staticflickr.com/7575/15760317877_fa5101c9ac_b.jpg"}, "n_answers": 2, "quorum": 0, "calibration": 0, "created": "2014-12-04T16:03:06.701155", "state": "completed", "project_id": 85, "id": 27706, "priority_0": 0.0}, {"info": {"url_m": "https://farm8.staticflickr.com/7469/15758635128_76a7a673c5_m.jpg", "link": "https://www.flickr.com/photos/MicroPasts/15758635128", "url_b": "https://farm8.staticflickr.com/7469/15758635128_76a7a673c5_b.jpg"}, "n_answers": 2, "quorum": 0, "calibration": 0, "created": "2014-12-04T16:03:09.761402", "state": "completed", "project_id": 85, "id": 27707, "priority_0": 0.0}, {"info": {"url_m": "https://farm8.staticflickr.com/7544/15760020229_3c6cabffc9_m.jpg", "link": "https://www.flickr.com/photos/MicroPasts/15760020229", "url_b": "https://farm8.staticflickr.com/7544/15760020229_3c6cabffc9_b.jpg"}, "n_answers": 2, "quorum": 0, "calibration": 0, "created": "2014-12-04T16:03:12.793828", "state": "completed", "project_id": 85, "id": 27708, "priority_0": 0.0}, {"info": {"url_m": "https://farm8.staticflickr.com/7461/15758635388_81e47287e0_m.jpg", "link": "https://www.flickr.com/photos/MicroPasts/15758635388", "url_b": "https://farm8.staticflickr.com/7461/15758635388_81e47287e0_b.jpg"}, "n_answers": 2, "quorum": 0, "calibration": 0, "created": "2014-12-04T16:03:15.852641", "state": "completed", "project_id": 85, "id": 27709, "priority_0": 0.0}, {"info": {"url_m": "https://farm8.staticflickr.com/7505/15945386582_3f42155c3a_m.jpg", "link": "https://www.flickr.com/photos/MicroPasts/15945386582", "url_b": "https://farm8.staticflickr.com/7505/15945386582_3f42155c3a_b.jpg"}, "n_answers": 2, "quorum": 0, "calibration": 0, "created": "2014-12-04T16:03:18.910066", "state": "completed", "project_id": 85, "id": 27710, "priority_0": 0.0}, {"info": {"url_m": "https://farm9.staticflickr.com/8605/15920252676_2f2b630970_m.jpg", "link": "https://www.flickr.com/photos/MicroPasts/15920252676", "url_b": "https://farm9.staticflickr.com/8605/15920252676_2f2b630970_b.jpg"}, "n_answers": 2, "quorum": 0, "calibration": 0, "created": "2014-12-04T16:03:21.960237", "state": "completed", "project_id": 85, "id": 27711, "priority_0": 0.0}, {"info": {"url_m": "https://farm8.staticflickr.com/7492/15946062695_7c8250225b_m.jpg", "link": "https://www.flickr.com/photos/MicroPasts/15946062695", "url_b": "https://farm8.staticflickr.com/7492/15946062695_7c8250225b_b.jpg"}, "n_answers": 2, "quorum": 0, "calibration": 0, "created": "2014-12-04T16:03:25.024617", "state": "completed", "project_id": 85, "id": 27712, "priority_0": 0.0}, {"info": {"url_m": "https://farm8.staticflickr.com/7489/15944099631_809ebdacc5_m.jpg", "link": "https://www.flickr.com/photos/MicroPasts/15944099631", "url_b": "https://farm8.staticflickr.com/7489/15944099631_809ebdacc5_b.jpg"}, "n_answers": 2, "quorum": 0, "calibration": 0, "created": "2014-12-04T16:03:28.076229", "state": "completed", "project_id": 85, "id": 27713, "priority_0": 0.0}, {"info": {"url_m": "https://farm8.staticflickr.com/7476/15946062865_3da3283bd6_m.jpg", "link": "https://www.flickr.com/photos/MicroPasts/15946062865", "url_b": "https://farm8.staticflickr.com/7476/15946062865_3da3283bd6_b.jpg"}, "n_answers": 2, "quorum": 0, "calibration": 0, "created": "2014-12-04T16:03:31.126729", "state": "completed", "project_id": 85, "id": 27714, "priority_0": 0.0}, {"info": {"url_m": "https://farm9.staticflickr.com/8578/15326421013_832ec1facb_m.jpg", "link": "https://www.flickr.com/photos/MicroPasts/15326421013", "url_b": "https://farm9.staticflickr.com/8578/15326421013_832ec1facb_b.jpg"}, "n_answers": 2, "quorum": 0, "calibration": 0, "created": "2014-12-04T16:03:34.176925", "state": "completed", "project_id": 85, "id": 27715, "priority_0": 0.0}, {"info": {"url_m": "https://farm9.staticflickr.com/8628/15945386952_cda4d0cdda_m.jpg", "link": "https://www.flickr.com/photos/MicroPasts/15945386952", "url_b": "https://farm9.staticflickr.com/8628/15945386952_cda4d0cdda_b.jpg"}, "n_answers": 2, "quorum": 0, "calibration": 0, "created": "2014-12-04T16:03:37.242470", "state": "completed", "project_id": 85, "id": 27716, "priority_0": 0.0}, {"info": {"url_m": "https://farm8.staticflickr.com/7568/15760318317_b92d7bd0f1_m.jpg", "link": "https://www.flickr.com/photos/MicroPasts/15760318317", "url_b": "https://farm8.staticflickr.com/7568/15760318317_b92d7bd0f1_b.jpg"}, "n_answers": 2, "quorum": 0, "calibration": 0, "created": "2014-12-04T16:03:40.309623", "state": "completed", "project_id": 85, "id": 27717, "priority_0": 0.0}, {"info": {"url_m": "https://farm8.staticflickr.com/7490/15758760340_bfbd1e794e_m.jpg", "link": "https://www.flickr.com/photos/MicroPasts/15758760340", "url_b": "https://farm8.staticflickr.com/7490/15758760340_bfbd1e794e_b.jpg"}, "n_answers": 2, "quorum": 0, "calibration": 0, "created": "2014-12-04T16:03:43.466349", "state": "completed", "project_id": 85, "id": 27718, "priority_0": 0.0}, {"info": {"url_m": "https://farm9.staticflickr.com/8582/15946062995_5cea0c3a57_m.jpg", "link": "https://www.flickr.com/photos/MicroPasts/15946062995", "url_b": "https://farm9.staticflickr.com/8582/15946062995_5cea0c3a57_b.jpg"}, "n_answers": 2, "quorum": 0, "calibration": 0, "created": "2014-12-04T16:03:46.522564", "state": "completed", "project_id": 85, "id": 27719, "priority_0": 0.0}, {"info": {"url_m": "https://farm8.staticflickr.com/7476/15323789174_263ea2eb16_m.jpg", "link": "https://www.flickr.com/photos/MicroPasts/15323789174", "url_b": "https://farm8.staticflickr.com/7476/15323789174_263ea2eb16_b.jpg"}, "n_answers": 2, "quorum": 0, "calibration": 0, "created": "2014-12-04T16:03:49.556784", "state": "completed", "project_id": 85, "id": 27720, "priority_0": 0.0}, {"info": {"url_m": "https://farm8.staticflickr.com/7545/15758636228_45ca2fc695_m.jpg", "link": "https://www.flickr.com/photos/MicroPasts/15758636228", "url_b": "https://farm8.staticflickr.com/7545/15758636228_45ca2fc695_b.jpg"}, "n_answers": 2, "quorum": 0, "calibration": 0, "created": "2014-12-04T16:03:52.617527", "state": "completed", "project_id": 85, "id": 27721, "priority_0": 0.0}, {"info": {"url_m": "https://farm8.staticflickr.com/7483/15920253336_42cd3cab6b_m.jpg", "link": "https://www.flickr.com/photos/MicroPasts/15920253336", "url_b": "https://farm8.staticflickr.com/7483/15920253336_42cd3cab6b_b.jpg"}, "n_answers": 2, "quorum": 0, "calibration": 0, "created": "2014-12-04T16:03:55.680715", "state": "completed", "project_id": 85, "id": 27722, "priority_0": 0.0}, {"info": {"url_m": "https://farm9.staticflickr.com/8609/15760020989_324baa2e77_m.jpg", "link": "https://www.flickr.com/photos/MicroPasts/15760020989", "url_b": "https://farm9.staticflickr.com/8609/15760020989_324baa2e77_b.jpg"}, "n_answers": 2, "quorum": 0, "calibration": 0, "created": "2014-12-04T16:03:58.733286", "state": "completed", "project_id": 85, "id": 27723, "priority_0": 0.0}, {"info": {"url_m": "https://farm8.staticflickr.com/7534/15944100111_fcd2d16577_m.jpg", "link": "https://www.flickr.com/photos/MicroPasts/15944100111", "url_b": "https://farm8.staticflickr.com/7534/15944100111_fcd2d16577_b.jpg"}, "n_answers": 2, "quorum": 0, "calibration": 0, "created": "2014-12-04T16:04:01.782836", "state": "completed", "project_id": 85, "id": 27724, "priority_0": 0.0}, {"info": {"url_m": "https://farm9.staticflickr.com/8571/15920253596_8755af9112_m.jpg", "link": "https://www.flickr.com/photos/MicroPasts/15920253596", "url_b": "https://farm9.staticflickr.com/8571/15920253596_8755af9112_b.jpg"}, "n_answers": 2, "quorum": 0, "calibration": 0, "created": "2014-12-04T16:04:04.832560", "state": "completed", "project_id": 85, "id": 27725, "priority_0": 0.0}, {"info": {"url_m": "https://farm9.staticflickr.com/8634/15944100251_fd6a0c006f_m.jpg", "link": "https://www.flickr.com/photos/MicroPasts/15944100251", "url_b": "https://farm9.staticflickr.com/8634/15944100251_fd6a0c006f_b.jpg"}, "n_answers": 2, "quorum": 0, "calibration": 0, "created": "2014-12-04T16:04:07.927003", "state": "completed", "project_id": 85, "id": 27726, "priority_0": 0.0}, {"info": {"url_m": "https://farm9.staticflickr.com/8604/15920253796_6b3aa678f7_m.jpg", "link": "https://www.flickr.com/photos/MicroPasts/15920253796", "url_b": "https://farm9.staticflickr.com/8604/15920253796_6b3aa678f7_b.jpg"}, "n_answers": 2, "quorum": 0, "calibration": 0, "created": "2014-12-04T16:04:10.981942", "state": "completed", "project_id": 85, "id": 27727, "priority_0": 0.0}, {"info": {"url_m": "https://farm9.staticflickr.com/8652/15946063865_26cee41986_m.jpg", "link": "https://www.flickr.com/photos/MicroPasts/15946063865", "url_b": "https://farm9.staticflickr.com/8652/15946063865_26cee41986_b.jpg"}, "n_answers": 2, "quorum": 0, "calibration": 0, "created": "2014-12-04T16:04:14.051406", "state": "completed", "project_id": 85, "id": 27728, "priority_0": 0.0}, {"info": {"url_m": "https://farm8.staticflickr.com/7549/15944100571_e290250332_m.jpg", "link": "https://www.flickr.com/photos/MicroPasts/15944100571", "url_b": "https://farm8.staticflickr.com/7549/15944100571_e290250332_b.jpg"}, "n_answers": 2, "quorum": 0, "calibration": 0, "created": "2014-12-04T16:04:17.100350", "state": "completed", "project_id": 85, "id": 27729, "priority_0": 0.0}, {"info": {"url_m": "https://farm8.staticflickr.com/7473/15760021619_9fb3b1d6cb_m.jpg", "link": "https://www.flickr.com/photos/MicroPasts/15760021619", "url_b": "https://farm8.staticflickr.com/7473/15760021619_9fb3b1d6cb_b.jpg"}, "n_answers": 2, "quorum": 0, "calibration": 0, "created": "2014-12-04T16:04:20.291151", "state": "completed", "project_id": 85, "id": 27730, "priority_0": 0.0}, {"info": {"url_m": "https://farm9.staticflickr.com/8597/15945388272_5262bc1b54_m.jpg", "link": "https://www.flickr.com/photos/MicroPasts/15945388272", "url_b": "https://farm9.staticflickr.com/8597/15945388272_5262bc1b54_b.jpg"}, "n_answers": 2, "quorum": 0, "calibration": 0, "created": "2014-12-04T16:04:23.357362", "state": "completed", "project_id": 85, "id": 27731, "priority_0": 0.0}, {"info": {"url_m": "https://farm9.staticflickr.com/8636/15920254356_2734d1e3a3_m.jpg", "link": "https://www.flickr.com/photos/MicroPasts/15920254356", "url_b": "https://farm9.staticflickr.com/8636/15920254356_2734d1e3a3_b.jpg"}, "n_answers": 2, "quorum": 0, "calibration": 0, "created": "2014-12-04T16:04:26.395353", "state": "completed", "project_id": 85, "id": 27732, "priority_0": 0.0}, {"info": {"url_m": "https://farm9.staticflickr.com/8583/15944101021_557636611a_m.jpg", "link": "https://www.flickr.com/photos/MicroPasts/15944101021", "url_b": "https://farm9.staticflickr.com/8583/15944101021_557636611a_b.jpg"}, "n_answers": 2, "quorum": 0, "calibration": 0, "created": "2014-12-04T16:04:29.456357", "state": "completed", "project_id": 85, "id": 27733, "priority_0": 0.0}, {"info": {"url_m": "https://farm8.staticflickr.com/7485/15326422623_da8e8e4d2d_m.jpg", "link": "https://www.flickr.com/photos/MicroPasts/15326422623", "url_b": "https://farm8.staticflickr.com/7485/15326422623_da8e8e4d2d_b.jpg"}, "n_answers": 2, "quorum": 0, "calibration": 0, "created": "2014-12-04T16:04:32.508188", "state": "completed", "project_id": 85, "id": 27734, "priority_0": 0.0}, {"info": {"url_m": "https://farm8.staticflickr.com/7479/15944101351_5868e73a8f_m.jpg", "link": "https://www.flickr.com/photos/MicroPasts/15944101351", "url_b": "https://farm8.staticflickr.com/7479/15944101351_5868e73a8f_b.jpg"}, "n_answers": 2, "quorum": 0, "calibration": 0, "created": "2014-12-04T16:04:35.731419", "state": "completed", "project_id": 85, "id": 27735, "priority_0": 0.0}, {"info": {"url_m": "https://farm9.staticflickr.com/8579/15920254766_79a5e83dc9_m.jpg", "link": "https://www.flickr.com/photos/MicroPasts/15920254766", "url_b": "https://farm9.staticflickr.com/8579/15920254766_79a5e83dc9_b.jpg"}, "n_answers": 2, "quorum": 0, "calibration": 0, "created": "2014-12-04T16:04:38.798213", "state": "completed", "project_id": 85, "id": 27736, "priority_0": 0.0}, {"info": {"url_m": "https://farm8.staticflickr.com/7464/15758762180_9642d85fc1_m.jpg", "link": "https://www.flickr.com/photos/MicroPasts/15758762180", "url_b": "https://farm8.staticflickr.com/7464/15758762180_9642d85fc1_b.jpg"}, "n_answers": 2, "quorum": 0, "calibration": 0, "created": "2014-12-04T16:04:41.847513", "state": "completed", "project_id": 85, "id": 27737, "priority_0": 0.0}, {"info": {"url_m": "https://farm8.staticflickr.com/7517/15944101631_9ea3972ee4_m.jpg", "link": "https://www.flickr.com/photos/MicroPasts/15944101631", "url_b": "https://farm8.staticflickr.com/7517/15944101631_9ea3972ee4_b.jpg"}, "n_answers": 2, "quorum": 0, "calibration": 0, "created": "2014-12-04T16:04:44.955719", "state": "completed", "project_id": 85, "id": 27738, "priority_0": 0.0}, {"info": {"url_m": "https://farm8.staticflickr.com/7536/15945389392_f68ff3a547_m.jpg", "link": "https://www.flickr.com/photos/MicroPasts/15945389392", "url_b": "https://farm8.staticflickr.com/7536/15945389392_f68ff3a547_b.jpg"}, "n_answers": 2, "quorum": 0, "calibration": 0, "created": "2014-12-04T16:04:48.013812", "state": "completed", "project_id": 85, "id": 27739, "priority_0": 0.0}, {"info": {"url_m": "https://farm9.staticflickr.com/8633/15945389562_c383dfb178_m.jpg", "link": "https://www.flickr.com/photos/MicroPasts/15945389562", "url_b": "https://farm9.staticflickr.com/8633/15945389562_c383dfb178_b.jpg"}, "n_answers": 2, "quorum": 0, "calibration": 0, "created": "2014-12-04T16:04:51.153599", "state": "completed", "project_id": 85, "id": 27740, "priority_0": 0.0}, {"info": {"url_m": "https://farm8.staticflickr.com/7483/15946065285_1b8ec98996_m.jpg", "link": "https://www.flickr.com/photos/MicroPasts/15946065285", "url_b": "https://farm8.staticflickr.com/7483/15946065285_1b8ec98996_b.jpg"}, "n_answers": 2, "quorum": 0, "calibration": 0, "created": "2014-12-04T16:04:54.213617", "state": "completed", "project_id": 85, "id": 27741, "priority_0": 0.0}, {"info": {"url_m": "https://farm9.staticflickr.com/8561/15920255366_d2f0e67cbb_m.jpg", "link": "https://www.flickr.com/photos/MicroPasts/15920255366", "url_b": "https://farm9.staticflickr.com/8561/15920255366_d2f0e67cbb_b.jpg"}, "n_answers": 2, "quorum": 0, "calibration": 0, "created": "2014-12-04T16:04:57.263419", "state": "completed", "project_id": 85, "id": 27742, "priority_0": 0.0}, {"info": {"url_m": "https://farm9.staticflickr.com/8606/15758762910_9521da6a08_m.jpg", "link": "https://www.flickr.com/photos/MicroPasts/15758762910", "url_b": "https://farm9.staticflickr.com/8606/15758762910_9521da6a08_b.jpg"}, "n_answers": 2, "quorum": 0, "calibration": 0, "created": "2014-12-04T16:05:00.330372", "state": "completed", "project_id": 85, "id": 27743, "priority_0": 0.0}, {"info": {"url_m": "https://farm8.staticflickr.com/7500/15944102251_83332f9a9d_m.jpg", "link": "https://www.flickr.com/photos/MicroPasts/15944102251", "url_b": "https://farm8.staticflickr.com/7500/15944102251_83332f9a9d_b.jpg"}, "n_answers": 2, "quorum": 0, "calibration": 0, "created": "2014-12-04T16:05:03.379717", "state": "completed", "project_id": 85, "id": 27744, "priority_0": 0.0}, {"info": {"url_m": "https://farm9.staticflickr.com/8642/15944102441_6010a32626_m.jpg", "link": "https://www.flickr.com/photos/MicroPasts/15944102441", "url_b": "https://farm9.staticflickr.com/8642/15944102441_6010a32626_b.jpg"}, "n_answers": 2, "quorum": 0, "calibration": 0, "created": "2014-12-04T16:05:06.437715", "state": "completed", "project_id": 85, "id": 27745, "priority_0": 0.0}, {"info": {"url_m": "https://farm9.staticflickr.com/8681/15323792114_4c8d855674_m.jpg", "link": "https://www.flickr.com/photos/MicroPasts/15323792114", "url_b": "https://farm9.staticflickr.com/8681/15323792114_4c8d855674_b.jpg"}, "n_answers": 2, "quorum": 0, "calibration": 0, "created": "2014-12-04T16:05:09.488398", "state": "completed", "project_id": 85, "id": 27746, "priority_0": 0.0}, {"info": {"url_m": "https://farm8.staticflickr.com/7569/15946065925_7e3203f903_m.jpg", "link": "https://www.flickr.com/photos/MicroPasts/15946065925", "url_b": "https://farm8.staticflickr.com/7569/15946065925_7e3203f903_b.jpg"}, "n_answers": 2, "quorum": 0, "calibration": 0, "created": "2014-12-04T16:05:12.536651", "state": "completed", "project_id": 85, "id": 27747, "priority_0": 0.0}, {"info": {"url_m": "https://farm9.staticflickr.com/8624/15323792414_463ff61db3_m.jpg", "link": "https://www.flickr.com/photos/MicroPasts/15323792414", "url_b": "https://farm9.staticflickr.com/8624/15323792414_463ff61db3_b.jpg"}, "n_answers": 2, "quorum": 0, "calibration": 0, "created": "2014-12-04T16:05:15.762432", "state": "completed", "project_id": 85, "id": 27748, "priority_0": 0.0}, {"info": {"url_m": "https://farm8.staticflickr.com/7493/15758639248_b287f3b267_m.jpg", "link": "https://www.flickr.com/photos/MicroPasts/15758639248", "url_b": "https://farm8.staticflickr.com/7493/15758639248_b287f3b267_b.jpg"}, "n_answers": 2, "quorum": 0, "calibration": 0, "created": "2014-12-04T16:05:18.812734", "state": "completed", "project_id": 85, "id": 27749, "priority_0": 0.0}, {"info": {"url_m": "https://farm9.staticflickr.com/8588/15758639218_6845d70375_m.jpg", "link": "https://www.flickr.com/photos/MicroPasts/15758639218", "url_b": "https://farm9.staticflickr.com/8588/15758639218_6845d70375_b.jpg"}, "n_answers": 2, "quorum": 0, "calibration": 0, "created": "2014-12-04T16:05:21.862133", "state": "completed", "project_id": 85, "id": 27750, "priority_0": 0.0}, {"info": {"url_m": "https://farm9.staticflickr.com/8657/15760023989_9dabafb656_m.jpg", "link": "https://www.flickr.com/photos/MicroPasts/15760023989", "url_b": "https://farm9.staticflickr.com/8657/15760023989_9dabafb656_b.jpg"}, "n_answers": 2, "quorum": 0, "calibration": 0, "created": "2014-12-04T16:05:24.928446", "state": "completed", "project_id": 85, "id": 27751, "priority_0": 0.0}, {"info": {"url_m": "https://farm8.staticflickr.com/7505/15760321747_4a442b0c37_m.jpg", "link": "https://www.flickr.com/photos/MicroPasts/15760321747", "url_b": "https://farm8.staticflickr.com/7505/15760321747_4a442b0c37_b.jpg"}, "n_answers": 2, "quorum": 0, "calibration": 0, "created": "2014-12-04T16:05:27.970689", "state": "completed", "project_id": 85, "id": 27752, "priority_0": 0.0}, {"info": {"url_m": "https://farm8.staticflickr.com/7566/15326424833_8798fb2537_m.jpg", "link": "https://www.flickr.com/photos/MicroPasts/15326424833", "url_b": "https://farm8.staticflickr.com/7566/15326424833_8798fb2537_b.jpg"}, "n_answers": 2, "quorum": 0, "calibration": 0, "created": "2014-12-04T16:05:31.036636", "state": "completed", "project_id": 85, "id": 27753, "priority_0": 0.0}, {"info": {"url_m": "https://farm8.staticflickr.com/7556/15920256486_3b45c771b6_m.jpg", "link": "https://www.flickr.com/photos/MicroPasts/15920256486", "url_b": "https://farm8.staticflickr.com/7556/15920256486_3b45c771b6_b.jpg"}, "n_answers": 2, "quorum": 0, "calibration": 0, "created": "2014-12-04T16:05:34.084682", "state": "completed", "project_id": 85, "id": 27754, "priority_0": 0.0}, {"info": {"url_m": "https://farm8.staticflickr.com/7551/15920256556_8653165c3a_m.jpg", "link": "https://www.flickr.com/photos/MicroPasts/15920256556", "url_b": "https://farm8.staticflickr.com/7551/15920256556_8653165c3a_b.jpg"}, "n_answers": 2, "quorum": 0, "calibration": 0, "created": "2014-12-04T16:05:37.144420", "state": "completed", "project_id": 85, "id": 27755, "priority_0": 0.0}, {"info": {"url_m": "https://farm9.staticflickr.com/8601/15758764430_d9996eb3e4_m.jpg", "link": "https://www.flickr.com/photos/MicroPasts/15758764430", "url_b": "https://farm9.staticflickr.com/8601/15758764430_d9996eb3e4_b.jpg"}, "n_answers": 2, "quorum": 0, "calibration": 0, "created": "2014-12-04T16:05:40.192757", "state": "completed", "project_id": 85, "id": 27756, "priority_0": 0.0}, {"info": {"url_m": "https://farm8.staticflickr.com/7480/15758640148_836a90da7e_m.jpg", "link": "https://www.flickr.com/photos/MicroPasts/15758640148", "url_b": "https://farm8.staticflickr.com/7480/15758640148_836a90da7e_b.jpg"}, "n_answers": 2, "quorum": 0, "calibration": 0, "created": "2014-12-04T16:05:43.252658", "state": "completed", "project_id": 85, "id": 27757, "priority_0": 0.0}, {"info": {"url_m": "https://farm8.staticflickr.com/7582/15946067045_6cddf32608_m.jpg", "link": "https://www.flickr.com/photos/MicroPasts/15946067045", "url_b": "https://farm8.staticflickr.com/7582/15946067045_6cddf32608_b.jpg"}, "n_answers": 2, "quorum": 0, "calibration": 0, "created": "2014-12-04T16:05:46.303412", "state": "completed", "project_id": 85, "id": 27758, "priority_0": 0.0}, {"info": {"url_m": "https://farm8.staticflickr.com/7520/15758765000_5c46b996e6_m.jpg", "link": "https://www.flickr.com/photos/MicroPasts/15758765000", "url_b": "https://farm8.staticflickr.com/7520/15758765000_5c46b996e6_b.jpg"}, "n_answers": 2, "quorum": 0, "calibration": 0, "created": "2014-12-04T16:05:49.369182", "state": "completed", "project_id": 85, "id": 27759, "priority_0": 0.0}, {"info": {"url_m": "https://farm8.staticflickr.com/7582/15920256986_f81b9aaec1_m.jpg", "link": "https://www.flickr.com/photos/MicroPasts/15920256986", "url_b": "https://farm8.staticflickr.com/7582/15920256986_f81b9aaec1_b.jpg"}, "n_answers": 2, "quorum": 0, "calibration": 0, "created": "2014-12-04T16:05:52.419296", "state": "completed", "project_id": 85, "id": 27760, "priority_0": 0.0}, {"info": {"url_m": "https://farm8.staticflickr.com/7534/15323793824_e5dc5811e5_m.jpg", "link": "https://www.flickr.com/photos/MicroPasts/15323793824", "url_b": "https://farm8.staticflickr.com/7534/15323793824_e5dc5811e5_b.jpg"}, "n_answers": 2, "quorum": 0, "calibration": 0, "created": "2014-12-04T16:05:55.462697", "state": "completed", "project_id": 85, "id": 27761, "priority_0": 0.0}, {"info": {"url_m": "https://farm8.staticflickr.com/7502/15920257206_0fbb413b79_m.jpg", "link": "https://www.flickr.com/photos/MicroPasts/15920257206", "url_b": "https://farm8.staticflickr.com/7502/15920257206_0fbb413b79_b.jpg"}, "n_answers": 2, "quorum": 0, "calibration": 0, "created": "2014-12-04T16:05:58.519769", "state": "completed", "project_id": 85, "id": 27762, "priority_0": 0.0}, {"info": {"url_m": "https://farm8.staticflickr.com/7495/15326426293_baa58e1329_m.jpg", "link": "https://www.flickr.com/photos/MicroPasts/15326426293", "url_b": "https://farm8.staticflickr.com/7495/15326426293_baa58e1329_b.jpg"}, "n_answers": 2, "quorum": 0, "calibration": 0, "created": "2014-12-04T16:06:01.567955", "state": "completed", "project_id": 85, "id": 27763, "priority_0": 0.0}, {"info": {"url_m": "https://farm9.staticflickr.com/8623/15758640828_24b8505035_m.jpg", "link": "https://www.flickr.com/photos/MicroPasts/15758640828", "url_b": "https://farm9.staticflickr.com/8623/15758640828_24b8505035_b.jpg"}, "n_answers": 2, "quorum": 0, "calibration": 0, "created": "2014-12-04T16:06:04.636321", "state": "completed", "project_id": 85, "id": 27764, "priority_0": 0.0}, {"info": {"url_m": "https://farm9.staticflickr.com/8572/15323794364_929fe8a36c_m.jpg", "link": "https://www.flickr.com/photos/MicroPasts/15323794364", "url_b": "https://farm9.staticflickr.com/8572/15323794364_929fe8a36c_b.jpg"}, "n_answers": 2, "quorum": 0, "calibration": 0, "created": "2014-12-04T16:06:07.701076", "state": "completed", "project_id": 85, "id": 27765, "priority_0": 0.0}, {"info": {"url_m": "https://farm8.staticflickr.com/7502/15944104771_d479ea666e_m.jpg", "link": "https://www.flickr.com/photos/MicroPasts/15944104771", "url_b": "https://farm8.staticflickr.com/7502/15944104771_d479ea666e_b.jpg"}, "n_answers": 2, "quorum": 0, "calibration": 0, "created": "2014-12-04T16:06:10.751118", "state": "completed", "project_id": 85, "id": 27766, "priority_0": 0.0}, {"info": {"url_m": "https://farm8.staticflickr.com/7564/15945392472_3bc347ba45_m.jpg", "link": "https://www.flickr.com/photos/MicroPasts/15945392472", "url_b": "https://farm8.staticflickr.com/7564/15945392472_3bc347ba45_b.jpg"}, "n_answers": 2, "quorum": 0, "calibration": 0, "created": "2014-12-04T16:06:13.817671", "state": "completed", "project_id": 85, "id": 27767, "priority_0": 0.0}, {"info": {"url_m": "https://farm9.staticflickr.com/8611/15944105011_5b56990bb7_m.jpg", "link": "https://www.flickr.com/photos/MicroPasts/15944105011", "url_b": "https://farm9.staticflickr.com/8611/15944105011_5b56990bb7_b.jpg"}, "n_answers": 2, "quorum": 0, "calibration": 0, "created": "2014-12-04T16:06:18.194058", "state": "completed", "project_id": 85, "id": 27768, "priority_0": 0.0}, {"info": {"url_m": "https://farm8.staticflickr.com/7496/15920258066_f7695e06a1_m.jpg", "link": "https://www.flickr.com/photos/MicroPasts/15920258066", "url_b": "https://farm8.staticflickr.com/7496/15920258066_f7695e06a1_b.jpg"}, "n_answers": 2, "quorum": 0, "calibration": 0, "created": "2014-12-04T16:06:21.257394", "state": "completed", "project_id": 85, "id": 27769, "priority_0": 0.0}, {"info": {"url_m": "https://farm8.staticflickr.com/7489/15758641448_fa78cdb6c4_m.jpg", "link": "https://www.flickr.com/photos/MicroPasts/15758641448", "url_b": "https://farm8.staticflickr.com/7489/15758641448_fa78cdb6c4_b.jpg"}, "n_answers": 2, "quorum": 0, "calibration": 0, "created": "2014-12-04T16:06:24.318842", "state": "completed", "project_id": 85, "id": 27770, "priority_0": 0.0}, {"info": {"url_m": "https://farm9.staticflickr.com/8671/15944105321_c56385144f_m.jpg", "link": "https://www.flickr.com/photos/MicroPasts/15944105321", "url_b": "https://farm9.staticflickr.com/8671/15944105321_c56385144f_b.jpg"}, "n_answers": 2, "quorum": 0, "calibration": 0, "created": "2014-12-04T16:06:27.358850", "state": "completed", "project_id": 85, "id": 27771, "priority_0": 0.0}, {"info": {"url_m": "https://farm9.staticflickr.com/8583/15946068795_79d720953c_m.jpg", "link": "https://www.flickr.com/photos/MicroPasts/15946068795", "url_b": "https://farm9.staticflickr.com/8583/15946068795_79d720953c_b.jpg"}, "n_answers": 2, "quorum": 0, "calibration": 0, "created": "2014-12-04T16:06:30.448355", "state": "completed", "project_id": 85, "id": 27772, "priority_0": 0.0}, {"info": {"url_m": "https://farm9.staticflickr.com/8577/15944105451_00f48eb717_m.jpg", "link": "https://www.flickr.com/photos/MicroPasts/15944105451", "url_b": "https://farm9.staticflickr.com/8577/15944105451_00f48eb717_b.jpg"}, "n_answers": 2, "quorum": 0, "calibration": 0, "created": "2014-12-04T16:06:33.484069", "state": "completed", "project_id": 85, "id": 27773, "priority_0": 0.0}, {"info": {"url_m": "https://farm8.staticflickr.com/7568/15323795084_6991466224_m.jpg", "link": "https://www.flickr.com/photos/MicroPasts/15323795084", "url_b": "https://farm8.staticflickr.com/7568/15323795084_6991466224_b.jpg"}, "n_answers": 2, "quorum": 0, "calibration": 0, "created": "2014-12-04T16:06:36.550782", "state": "completed", "project_id": 85, "id": 27774, "priority_0": 0.0}, {"info": {"url_m": "https://farm8.staticflickr.com/7494/15946069145_ded7c1630f_m.jpg", "link": "https://www.flickr.com/photos/MicroPasts/15946069145", "url_b": "https://farm8.staticflickr.com/7494/15946069145_ded7c1630f_b.jpg"}, "n_answers": 2, "quorum": 0, "calibration": 0, "created": "2014-12-04T16:06:39.599688", "state": "completed", "project_id": 85, "id": 27775, "priority_0": 0.0}, {"info": {"url_m": "https://farm8.staticflickr.com/7505/15945393522_4843b36aa3_m.jpg", "link": "https://www.flickr.com/photos/MicroPasts/15945393522", "url_b": "https://farm8.staticflickr.com/7505/15945393522_4843b36aa3_b.jpg"}, "n_answers": 2, "quorum": 0, "calibration": 0, "created": "2014-12-04T16:06:42.666825", "state": "completed", "project_id": 85, "id": 27776, "priority_0": 0.0}, {"info": {"url_m": "https://farm8.staticflickr.com/7534/15760324527_345ebdbfcb_m.jpg", "link": "https://www.flickr.com/photos/MicroPasts/15760324527", "url_b": "https://farm8.staticflickr.com/7534/15760324527_345ebdbfcb_b.jpg"}, "n_answers": 2, "quorum": 0, "calibration": 0, "created": "2014-12-04T16:06:45.732668", "state": "completed", "project_id": 85, "id": 27777, "priority_0": 0.0}, {"info": {"url_m": "https://farm8.staticflickr.com/7474/15760026869_42f2d93b84_m.jpg", "link": "https://www.flickr.com/photos/MicroPasts/15760026869", "url_b": "https://farm8.staticflickr.com/7474/15760026869_42f2d93b84_b.jpg"}, "n_answers": 2, "quorum": 0, "calibration": 0, "created": "2014-12-04T16:06:48.799347", "state": "completed", "project_id": 85, "id": 27778, "priority_0": 0.0}, {"info": {"url_m": "https://farm8.staticflickr.com/7539/15760324717_c4ea4eab34_m.jpg", "link": "https://www.flickr.com/photos/MicroPasts/15760324717", "url_b": "https://farm8.staticflickr.com/7539/15760324717_c4ea4eab34_b.jpg"}, "n_answers": 2, "quorum": 0, "calibration": 0, "created": "2014-12-04T16:06:51.865278", "state": "completed", "project_id": 85, "id": 27779, "priority_0": 0.0}, {"info": {"url_m": "https://farm8.staticflickr.com/7557/15944106211_a769156950_m.jpg", "link": "https://www.flickr.com/photos/MicroPasts/15944106211", "url_b": "https://farm8.staticflickr.com/7557/15944106211_a769156950_b.jpg"}, "n_answers": 2, "quorum": 0, "calibration": 0, "created": "2014-12-04T16:06:54.931803", "state": "completed", "project_id": 85, "id": 27780, "priority_0": 0.0}, {"info": {"url_m": "https://farm8.staticflickr.com/7574/15326428303_ed87dee600_m.jpg", "link": "https://www.flickr.com/photos/MicroPasts/15326428303", "url_b": "https://farm8.staticflickr.com/7574/15326428303_ed87dee600_b.jpg"}, "n_answers": 2, "quorum": 0, "calibration": 0, "created": "2014-12-04T16:06:57.990622", "state": "completed", "project_id": 85, "id": 27781, "priority_0": 0.0}, {"info": {"url_m": "https://farm9.staticflickr.com/8645/15920259356_0472d1786c_m.jpg", "link": "https://www.flickr.com/photos/MicroPasts/15920259356", "url_b": "https://farm9.staticflickr.com/8645/15920259356_0472d1786c_b.jpg"}, "n_answers": 2, "quorum": 0, "calibration": 0, "created": "2014-12-04T16:07:01.043495", "state": "completed", "project_id": 85, "id": 27782, "priority_0": 0.0}, {"info": {"url_m": "https://farm8.staticflickr.com/7500/15946070105_4fb6de3fc0_m.jpg", "link": "https://www.flickr.com/photos/MicroPasts/15946070105", "url_b": "https://farm8.staticflickr.com/7500/15946070105_4fb6de3fc0_b.jpg"}, "n_answers": 2, "quorum": 0, "calibration": 0, "created": "2014-12-04T16:07:04.104618", "state": "completed", "project_id": 85, "id": 27783, "priority_0": 0.0}, {"info": {"url_m": "https://farm8.staticflickr.com/7500/15758642858_ac15da2092_m.jpg", "link": "https://www.flickr.com/photos/MicroPasts/15758642858", "url_b": "https://farm8.staticflickr.com/7500/15758642858_ac15da2092_b.jpg"}, "n_answers": 2, "quorum": 0, "calibration": 0, "created": "2014-12-04T16:07:07.156765", "state": "completed", "project_id": 85, "id": 27784, "priority_0": 0.0}, {"info": {"url_m": "https://farm8.staticflickr.com/7549/15323796434_1884446f26_m.jpg", "link": "https://www.flickr.com/photos/MicroPasts/15323796434", "url_b": "https://farm8.staticflickr.com/7549/15323796434_1884446f26_b.jpg"}, "n_answers": 2, "quorum": 0, "calibration": 0, "created": "2014-12-04T16:07:10.224351", "state": "completed", "project_id": 85, "id": 27785, "priority_0": 0.0}, {"info": {"url_m": "https://farm8.staticflickr.com/7566/15944107011_688c74c92f_m.jpg", "link": "https://www.flickr.com/photos/MicroPasts/15944107011", "url_b": "https://farm8.staticflickr.com/7566/15944107011_688c74c92f_b.jpg"}, "n_answers": 2, "quorum": 0, "calibration": 0, "created": "2014-12-04T16:07:13.272874", "state": "completed", "project_id": 85, "id": 27786, "priority_0": 0.0}, {"info": {"url_m": "https://farm8.staticflickr.com/7557/15760325637_454229048e_m.jpg", "link": "https://www.flickr.com/photos/MicroPasts/15760325637", "url_b": "https://farm8.staticflickr.com/7557/15760325637_454229048e_b.jpg"}, "n_answers": 2, "quorum": 0, "calibration": 0, "created": "2014-12-04T16:07:16.331913", "state": "completed", "project_id": 85, "id": 27787, "priority_0": 0.0}, {"info": {"url_m": "https://farm8.staticflickr.com/7524/15758768200_665d247c74_m.jpg", "link": "https://www.flickr.com/photos/MicroPasts/15758768200", "url_b": "https://farm8.staticflickr.com/7524/15758768200_665d247c74_b.jpg"}, "n_answers": 2, "quorum": 0, "calibration": 0, "created": "2014-12-04T16:07:19.398690", "state": "completed", "project_id": 85, "id": 27788, "priority_0": 0.0}, {"info": {"url_m": "https://farm8.staticflickr.com/7528/15323796834_21a8f180f1_m.jpg", "link": "https://www.flickr.com/photos/MicroPasts/15323796834", "url_b": "https://farm8.staticflickr.com/7528/15323796834_21a8f180f1_b.jpg"}, "n_answers": 2, "quorum": 0, "calibration": 0, "created": "2014-12-04T16:07:22.448199", "state": "completed", "project_id": 85, "id": 27789, "priority_0": 0.0}, {"info": {"url_m": "https://farm9.staticflickr.com/8591/15760028259_040382985f_m.jpg", "link": "https://www.flickr.com/photos/MicroPasts/15760028259", "url_b": "https://farm9.staticflickr.com/8591/15760028259_040382985f_b.jpg"}, "n_answers": 2, "quorum": 0, "calibration": 0, "created": "2014-12-04T16:07:25.503038", "state": "completed", "project_id": 85, "id": 27790, "priority_0": 0.0}, {"info": {"url_m": "https://farm8.staticflickr.com/7484/15920260236_348568867b_m.jpg", "link": "https://www.flickr.com/photos/MicroPasts/15920260236", "url_b": "https://farm8.staticflickr.com/7484/15920260236_348568867b_b.jpg"}, "n_answers": 2, "quorum": 0, "calibration": 0, "created": "2014-12-04T16:07:28.555758", "state": "completed", "project_id": 85, "id": 27791, "priority_0": 0.0}, {"info": {"url_m": "https://farm8.staticflickr.com/7486/15760028609_9442d6a5e0_m.jpg", "link": "https://www.flickr.com/photos/MicroPasts/15760028609", "url_b": "https://farm8.staticflickr.com/7486/15760028609_9442d6a5e0_b.jpg"}, "n_answers": 2, "quorum": 0, "calibration": 0, "created": "2014-12-04T16:07:31.613800", "state": "completed", "project_id": 85, "id": 27792, "priority_0": 0.0}, {"info": {"url_m": "https://farm8.staticflickr.com/7531/15326429503_cfbb84bf39_m.jpg", "link": "https://www.flickr.com/photos/MicroPasts/15326429503", "url_b": "https://farm8.staticflickr.com/7531/15326429503_cfbb84bf39_b.jpg"}, "n_answers": 2, "quorum": 0, "calibration": 0, "created": "2014-12-04T16:07:34.660700", "state": "completed", "project_id": 85, "id": 27793, "priority_0": 0.0}, {"info": {"url_m": "https://farm8.staticflickr.com/7461/15758768900_e153148887_m.jpg", "link": "https://www.flickr.com/photos/MicroPasts/15758768900", "url_b": "https://farm8.staticflickr.com/7461/15758768900_e153148887_b.jpg"}, "n_answers": 2, "quorum": 0, "calibration": 0, "created": "2014-12-04T16:07:37.713788", "state": "completed", "project_id": 85, "id": 27794, "priority_0": 0.0}, {"info": {"url_m": "https://farm8.staticflickr.com/7512/15760029139_e30ffe5157_m.jpg", "link": "https://www.flickr.com/photos/MicroPasts/15760029139", "url_b": "https://farm8.staticflickr.com/7512/15760029139_e30ffe5157_b.jpg"}, "n_answers": 2, "quorum": 0, "calibration": 0, "created": "2014-12-04T16:07:40.763095", "state": "completed", "project_id": 85, "id": 27795, "priority_0": 0.0}, {"info": {"url_m": "https://farm9.staticflickr.com/8643/15760326837_97d23dfcf1_m.jpg", "link": "https://www.flickr.com/photos/MicroPasts/15760326837", "url_b": "https://farm9.staticflickr.com/8643/15760326837_97d23dfcf1_b.jpg"}, "n_answers": 2, "quorum": 0, "calibration": 0, "created": "2014-12-04T16:07:43.829628", "state": "completed", "project_id": 85, "id": 27796, "priority_0": 0.0}, {"info": {"url_m": "https://farm9.staticflickr.com/8564/15920260896_1b253b4559_m.jpg", "link": "https://www.flickr.com/photos/MicroPasts/15920260896", "url_b": "https://farm9.staticflickr.com/8564/15920260896_1b253b4559_b.jpg"}, "n_answers": 2, "quorum": 0, "calibration": 0, "created": "2014-12-04T16:07:46.897387", "state": "completed", "project_id": 85, "id": 27797, "priority_0": 0.0}, {"info": {"url_m": "https://farm8.staticflickr.com/7491/15326430273_80ef6fdfa6_m.jpg", "link": "https://www.flickr.com/photos/MicroPasts/15326430273", "url_b": "https://farm8.staticflickr.com/7491/15326430273_80ef6fdfa6_b.jpg"}, "n_answers": 2, "quorum": 0, "calibration": 0, "created": "2014-12-04T16:07:49.954791", "state": "completed", "project_id": 85, "id": 27798, "priority_0": 0.0}, {"info": {"url_m": "https://farm9.staticflickr.com/8661/15758644228_fa0045bfa1_m.jpg", "link": "https://www.flickr.com/photos/MicroPasts/15758644228", "url_b": "https://farm9.staticflickr.com/8661/15758644228_fa0045bfa1_b.jpg"}, "n_answers": 2, "quorum": 0, "calibration": 0, "created": "2014-12-04T16:07:53.020667", "state": "completed", "project_id": 85, "id": 27799, "priority_0": 0.0}, {"info": {"url_m": "https://farm8.staticflickr.com/7464/15760327157_46064ca57b_m.jpg", "link": "https://www.flickr.com/photos/MicroPasts/15760327157", "url_b": "https://farm8.staticflickr.com/7464/15760327157_46064ca57b_b.jpg"}, "n_answers": 2, "quorum": 0, "calibration": 0, "created": "2014-12-04T16:07:56.070865", "state": "completed", "project_id": 85, "id": 27800, "priority_0": 0.0}, {"info": {"url_m": "https://farm9.staticflickr.com/8621/15758769740_a0a46ee218_m.jpg", "link": "https://www.flickr.com/photos/MicroPasts/15758769740", "url_b": "https://farm9.staticflickr.com/8621/15758769740_a0a46ee218_b.jpg"}, "n_answers": 2, "quorum": 0, "calibration": 0, "created": "2014-12-04T16:07:59.179091", "state": "completed", "project_id": 85, "id": 27801, "priority_0": 0.0}, {"info": {"url_m": "https://farm8.staticflickr.com/7491/15326430643_d87bb3f56f_m.jpg", "link": "https://www.flickr.com/photos/MicroPasts/15326430643", "url_b": "https://farm8.staticflickr.com/7491/15326430643_d87bb3f56f_b.jpg"}, "n_answers": 2, "quorum": 0, "calibration": 0, "created": "2014-12-04T16:08:02.228729", "state": "completed", "project_id": 85, "id": 27802, "priority_0": 0.0}, {"info": {"url_m": "https://farm8.staticflickr.com/7549/15760029879_ae7c052970_m.jpg", "link": "https://www.flickr.com/photos/MicroPasts/15760029879", "url_b": "https://farm8.staticflickr.com/7549/15760029879_ae7c052970_b.jpg"}, "n_answers": 2, "quorum": 0, "calibration": 0, "created": "2014-12-04T16:08:05.294048", "state": "completed", "project_id": 85, "id": 27803, "priority_0": 0.0}, {"info": {"url_m": "https://farm8.staticflickr.com/7469/15944109041_b7df10aab8_m.jpg", "link": "https://www.flickr.com/photos/MicroPasts/15944109041", "url_b": "https://farm8.staticflickr.com/7469/15944109041_b7df10aab8_b.jpg"}, "n_answers": 2, "quorum": 0, "calibration": 0, "created": "2014-12-04T16:08:08.362205", "state": "completed", "project_id": 85, "id": 27804, "priority_0": 0.0}, {"info": {"url_m": "https://farm9.staticflickr.com/8682/15758644968_50a8296148_m.jpg", "link": "https://www.flickr.com/photos/MicroPasts/15758644968", "url_b": "https://farm9.staticflickr.com/8682/15758644968_50a8296148_b.jpg"}, "n_answers": 2, "quorum": 0, "calibration": 0, "created": "2014-12-04T16:08:11.631848", "state": "completed", "project_id": 85, "id": 27805, "priority_0": 0.0}, {"info": {"url_m": "https://farm9.staticflickr.com/8636/15758770350_c282285dd6_m.jpg", "link": "https://www.flickr.com/photos/MicroPasts/15758770350", "url_b": "https://farm9.staticflickr.com/8636/15758770350_c282285dd6_b.jpg"}, "n_answers": 2, "quorum": 0, "calibration": 0, "created": "2014-12-04T16:08:14.695453", "state": "completed", "project_id": 85, "id": 27806, "priority_0": 0.0}, {"info": {"url_m": "https://farm8.staticflickr.com/7467/15946072685_eaefa16fca_m.jpg", "link": "https://www.flickr.com/photos/MicroPasts/15946072685", "url_b": "https://farm8.staticflickr.com/7467/15946072685_eaefa16fca_b.jpg"}, "n_answers": 2, "quorum": 0, "calibration": 0, "created": "2014-12-04T16:08:17.744926", "state": "completed", "project_id": 85, "id": 27807, "priority_0": 0.0}, {"info": {"url_m": "https://farm9.staticflickr.com/8637/15760328077_92de5d6ddb_m.jpg", "link": "https://www.flickr.com/photos/MicroPasts/15760328077", "url_b": "https://farm9.staticflickr.com/8637/15760328077_92de5d6ddb_b.jpg"}, "n_answers": 2, "quorum": 0, "calibration": 0, "created": "2014-12-04T16:08:20.794384", "state": "completed", "project_id": 85, "id": 27808, "priority_0": 0.0}, {"info": {"url_m": "https://farm9.staticflickr.com/8681/15758770760_a27dab816c_m.jpg", "link": "https://www.flickr.com/photos/MicroPasts/15758770760", "url_b": "https://farm9.staticflickr.com/8681/15758770760_a27dab816c_b.jpg"}, "n_answers": 2, "quorum": 0, "calibration": 0, "created": "2014-12-04T16:08:23.844732", "state": "completed", "project_id": 85, "id": 27809, "priority_0": 0.0}, {"info": {"url_m": "https://farm9.staticflickr.com/8674/15323799394_6617bab2ba_m.jpg", "link": "https://www.flickr.com/photos/MicroPasts/15323799394", "url_b": "https://farm9.staticflickr.com/8674/15323799394_6617bab2ba_b.jpg"}, "n_answers": 2, "quorum": 0, "calibration": 0, "created": "2014-12-04T16:08:26.894046", "state": "completed", "project_id": 85, "id": 27810, "priority_0": 0.0}, {"info": {"url_m": "https://farm8.staticflickr.com/7561/15323799254_4af2c389cc_m.jpg", "link": "https://www.flickr.com/photos/MicroPasts/15323799254", "url_b": "https://farm8.staticflickr.com/7561/15323799254_4af2c389cc_b.jpg"}, "n_answers": 2, "quorum": 0, "calibration": 0, "created": "2014-12-04T16:08:29.952790", "state": "completed", "project_id": 85, "id": 27811, "priority_0": 0.0}, {"info": {"url_m": "https://farm9.staticflickr.com/8632/15945397552_b84f65b204_m.jpg", "link": "https://www.flickr.com/photos/MicroPasts/15945397552", "url_b": "https://farm9.staticflickr.com/8632/15945397552_b84f65b204_b.jpg"}, "n_answers": 2, "quorum": 0, "calibration": 0, "created": "2014-12-04T16:08:33.010718", "state": "completed", "project_id": 85, "id": 27812, "priority_0": 0.0}, {"info": {"url_m": "https://farm8.staticflickr.com/7537/15760030969_24ebcd533e_m.jpg", "link": "https://www.flickr.com/photos/MicroPasts/15760030969", "url_b": "https://farm8.staticflickr.com/7537/15760030969_24ebcd533e_b.jpg"}, "n_answers": 2, "quorum": 0, "calibration": 0, "created": "2014-12-04T16:08:36.297806", "state": "completed", "project_id": 85, "id": 27813, "priority_0": 0.0}, {"info": {"url_m": "https://farm8.staticflickr.com/7467/15760328647_c0f3567715_m.jpg", "link": "https://www.flickr.com/photos/MicroPasts/15760328647", "url_b": "https://farm8.staticflickr.com/7467/15760328647_c0f3567715_b.jpg"}, "n_answers": 2, "quorum": 0, "calibration": 0, "created": "2014-12-04T16:08:39.361270", "state": "completed", "project_id": 85, "id": 27814, "priority_0": 0.0}, {"info": {"url_m": "https://farm8.staticflickr.com/7472/15946073505_e339b52691_m.jpg", "link": "https://www.flickr.com/photos/MicroPasts/15946073505", "url_b": "https://farm8.staticflickr.com/7472/15946073505_e339b52691_b.jpg"}, "n_answers": 2, "quorum": 0, "calibration": 0, "created": "2014-12-04T16:08:42.410895", "state": "completed", "project_id": 85, "id": 27815, "priority_0": 0.0}, {"info": {"url_m": "https://farm8.staticflickr.com/7483/15323799874_f8e58b16e1_m.jpg", "link": "https://www.flickr.com/photos/MicroPasts/15323799874", "url_b": "https://farm8.staticflickr.com/7483/15323799874_f8e58b16e1_b.jpg"}, "n_answers": 2, "quorum": 0, "calibration": 0, "created": "2014-12-04T16:08:45.465704", "state": "completed", "project_id": 85, "id": 27816, "priority_0": 0.0}, {"info": {"url_m": "https://farm8.staticflickr.com/7473/15920263036_8709227786_m.jpg", "link": "https://www.flickr.com/photos/MicroPasts/15920263036", "url_b": "https://farm8.staticflickr.com/7473/15920263036_8709227786_b.jpg"}, "n_answers": 2, "quorum": 0, "calibration": 0, "created": "2014-12-04T16:08:48.525863", "state": "completed", "project_id": 85, "id": 27817, "priority_0": 0.0}, {"info": {"url_m": "https://farm8.staticflickr.com/7555/15944110431_e492e24508_m.jpg", "link": "https://www.flickr.com/photos/MicroPasts/15944110431", "url_b": "https://farm8.staticflickr.com/7555/15944110431_e492e24508_b.jpg"}, "n_answers": 2, "quorum": 0, "calibration": 0, "created": "2014-12-04T16:08:51.589333", "state": "completed", "project_id": 85, "id": 27818, "priority_0": 0.0}, {"info": {"url_m": "https://farm8.staticflickr.com/7481/15758771830_8e47cd3a2a_m.jpg", "link": "https://www.flickr.com/photos/MicroPasts/15758771830", "url_b": "https://farm8.staticflickr.com/7481/15758771830_8e47cd3a2a_b.jpg"}, "n_answers": 2, "quorum": 0, "calibration": 0, "created": "2014-12-04T16:08:54.653014", "state": "completed", "project_id": 85, "id": 27819, "priority_0": 0.0}, {"info": {"url_m": "https://farm8.staticflickr.com/7520/15326432683_e99175cefb_m.jpg", "link": "https://www.flickr.com/photos/MicroPasts/15326432683", "url_b": "https://farm8.staticflickr.com/7520/15326432683_e99175cefb_b.jpg"}, "n_answers": 2, "quorum": 0, "calibration": 0, "created": "2014-12-04T16:08:57.710285", "state": "completed", "project_id": 85, "id": 27820, "priority_0": 0.0}, {"info": {"url_m": "https://farm8.staticflickr.com/7506/15323800364_5d8579356a_m.jpg", "link": "https://www.flickr.com/photos/MicroPasts/15323800364", "url_b": "https://farm8.staticflickr.com/7506/15323800364_5d8579356a_b.jpg"}, "n_answers": 2, "quorum": 0, "calibration": 0, "created": "2014-12-04T16:09:00.756493", "state": "completed", "project_id": 85, "id": 27821, "priority_0": 0.0}, {"info": {"url_m": "https://farm8.staticflickr.com/7514/15758772190_628b47e325_m.jpg", "link": "https://www.flickr.com/photos/MicroPasts/15758772190", "url_b": "https://farm8.staticflickr.com/7514/15758772190_628b47e325_b.jpg"}, "n_answers": 2, "quorum": 0, "calibration": 0, "created": "2014-12-04T16:09:03.821024", "state": "completed", "project_id": 85, "id": 27822, "priority_0": 0.0}, {"info": {"url_m": "https://farm9.staticflickr.com/8571/15920263766_02a5882b9f_m.jpg", "link": "https://www.flickr.com/photos/MicroPasts/15920263766", "url_b": "https://farm9.staticflickr.com/8571/15920263766_02a5882b9f_b.jpg"}, "n_answers": 2, "quorum": 0, "calibration": 0, "created": "2014-12-04T16:09:06.866490", "state": "completed", "project_id": 85, "id": 27823, "priority_0": 0.0}, {"info": {"url_m": "https://farm8.staticflickr.com/7574/15758646918_3a567fbc1b_m.jpg", "link": "https://www.flickr.com/photos/MicroPasts/15758646918", "url_b": "https://farm8.staticflickr.com/7574/15758646918_3a567fbc1b_b.jpg"}, "n_answers": 2, "quorum": 0, "calibration": 0, "created": "2014-12-04T16:09:09.935729", "state": "completed", "project_id": 85, "id": 27824, "priority_0": 0.0}, {"info": {"url_m": "https://farm9.staticflickr.com/8574/15758647088_c061f74a77_m.jpg", "link": "https://www.flickr.com/photos/MicroPasts/15758647088", "url_b": "https://farm9.staticflickr.com/8574/15758647088_c061f74a77_b.jpg"}, "n_answers": 2, "quorum": 0, "calibration": 0, "created": "2014-12-04T16:09:12.992396", "state": "completed", "project_id": 85, "id": 27825, "priority_0": 0.0}, {"info": {"url_m": "https://farm8.staticflickr.com/7564/15758772700_ea149d3870_m.jpg", "link": "https://www.flickr.com/photos/MicroPasts/15758772700", "url_b": "https://farm8.staticflickr.com/7564/15758772700_ea149d3870_b.jpg"}, "n_answers": 2, "quorum": 0, "calibration": 0, "created": "2014-12-04T16:09:16.058642", "state": "completed", "project_id": 85, "id": 27826, "priority_0": 0.0}, {"info": {"url_m": "https://farm8.staticflickr.com/7555/15760330117_ca2902e5e4_m.jpg", "link": "https://www.flickr.com/photos/MicroPasts/15760330117", "url_b": "https://farm8.staticflickr.com/7555/15760330117_ca2902e5e4_b.jpg"}, "n_answers": 2, "quorum": 0, "calibration": 0, "created": "2014-12-04T16:09:19.109602", "state": "completed", "project_id": 85, "id": 27827, "priority_0": 0.0}, {"info": {"url_m": "https://farm8.staticflickr.com/7514/15323801034_df3e502a6f_m.jpg", "link": "https://www.flickr.com/photos/MicroPasts/15323801034", "url_b": "https://farm8.staticflickr.com/7514/15323801034_df3e502a6f_b.jpg"}, "n_answers": 2, "quorum": 0, "calibration": 0, "created": "2014-12-04T16:09:22.150944", "state": "completed", "project_id": 85, "id": 27828, "priority_0": 0.0}, {"info": {"url_m": "https://farm8.staticflickr.com/7462/15944111701_3bc89dab3f_m.jpg", "link": "https://www.flickr.com/photos/MicroPasts/15944111701", "url_b": "https://farm8.staticflickr.com/7462/15944111701_3bc89dab3f_b.jpg"}, "n_answers": 2, "quorum": 0, "calibration": 0, "created": "2014-12-04T16:09:25.217188", "state": "completed", "project_id": 85, "id": 27829, "priority_0": 0.0}, {"info": {"url_m": "https://farm8.staticflickr.com/7490/15760033019_30fb69ee33_m.jpg", "link": "https://www.flickr.com/photos/MicroPasts/15760033019", "url_b": "https://farm8.staticflickr.com/7490/15760033019_30fb69ee33_b.jpg"}, "n_answers": 2, "quorum": 0, "calibration": 0, "created": "2014-12-04T16:09:28.264800", "state": "completed", "project_id": 85, "id": 27830, "priority_0": 0.0}, {"info": {"url_m": "https://farm9.staticflickr.com/8592/15326433713_64931f0fff_m.jpg", "link": "https://www.flickr.com/photos/MicroPasts/15326433713", "url_b": "https://farm9.staticflickr.com/8592/15326433713_64931f0fff_b.jpg"}, "n_answers": 2, "quorum": 0, "calibration": 0, "created": "2014-12-04T16:09:31.316770", "state": "completed", "project_id": 85, "id": 27831, "priority_0": 0.0}, {"info": {"url_m": "https://farm8.staticflickr.com/7578/15758647808_938e84ba83_m.jpg", "link": "https://www.flickr.com/photos/MicroPasts/15758647808", "url_b": "https://farm8.staticflickr.com/7578/15758647808_938e84ba83_b.jpg"}, "n_answers": 2, "quorum": 0, "calibration": 0, "created": "2014-12-04T16:09:34.366896", "state": "completed", "project_id": 85, "id": 27832, "priority_0": 0.0}, {"info": {"url_m": "https://farm8.staticflickr.com/7501/15758647928_fcf716fd47_m.jpg", "link": "https://www.flickr.com/photos/MicroPasts/15758647928", "url_b": "https://farm8.staticflickr.com/7501/15758647928_fcf716fd47_b.jpg"}, "n_answers": 2, "quorum": 0, "calibration": 0, "created": "2014-12-04T16:09:37.418266", "state": "completed", "project_id": 85, "id": 27833, "priority_0": 0.0}, {"info": {"url_m": "https://farm8.staticflickr.com/7485/15946075495_5a9299d14b_m.jpg", "link": "https://www.flickr.com/photos/MicroPasts/15946075495", "url_b": "https://farm8.staticflickr.com/7485/15946075495_5a9299d14b_b.jpg"}, "n_answers": 2, "quorum": 0, "calibration": 0, "created": "2014-12-04T16:09:40.485877", "state": "completed", "project_id": 85, "id": 27834, "priority_0": 0.0}, {"info": {"url_m": "https://farm8.staticflickr.com/7520/15326434263_8604606b76_m.jpg", "link": "https://www.flickr.com/photos/MicroPasts/15326434263", "url_b": "https://farm8.staticflickr.com/7520/15326434263_8604606b76_b.jpg"}, "n_answers": 2, "quorum": 0, "calibration": 0, "created": "2014-12-04T16:09:43.541593", "state": "completed", "project_id": 85, "id": 27835, "priority_0": 0.0}, {"info": {"url_m": "https://farm8.staticflickr.com/7537/15946075815_b1fe31a9cf_m.jpg", "link": "https://www.flickr.com/photos/MicroPasts/15946075815", "url_b": "https://farm8.staticflickr.com/7537/15946075815_b1fe31a9cf_b.jpg"}, "n_answers": 2, "quorum": 0, "calibration": 0, "created": "2014-12-04T16:09:46.608999", "state": "completed", "project_id": 85, "id": 27836, "priority_0": 0.0}, {"info": {"url_m": "https://farm8.staticflickr.com/7549/15323802194_64e038bb40_m.jpg", "link": "https://www.flickr.com/photos/MicroPasts/15323802194", "url_b": "https://farm8.staticflickr.com/7549/15323802194_64e038bb40_b.jpg"}, "n_answers": 2, "quorum": 0, "calibration": 0, "created": "2014-12-04T16:09:49.673159", "state": "completed", "project_id": 85, "id": 27837, "priority_0": 0.0}, {"info": {"url_m": "https://farm8.staticflickr.com/7467/15945400332_3a70dbd17e_m.jpg", "link": "https://www.flickr.com/photos/MicroPasts/15945400332", "url_b": "https://farm8.staticflickr.com/7467/15945400332_3a70dbd17e_b.jpg"}, "n_answers": 2, "quorum": 0, "calibration": 0, "created": "2014-12-04T16:09:52.728037", "state": "completed", "project_id": 85, "id": 27838, "priority_0": 0.0}, {"info": {"url_m": "https://farm8.staticflickr.com/7507/15760331297_67a9bd78ea_m.jpg", "link": "https://www.flickr.com/photos/MicroPasts/15760331297", "url_b": "https://farm8.staticflickr.com/7507/15760331297_67a9bd78ea_b.jpg"}, "n_answers": 2, "quorum": 0, "calibration": 0, "created": "2014-12-04T16:09:55.792645", "state": "completed", "project_id": 85, "id": 27839, "priority_0": 0.0}, {"info": {"url_m": "https://farm8.staticflickr.com/7465/15920265736_728ed3f30b_m.jpg", "link": "https://www.flickr.com/photos/MicroPasts/15920265736", "url_b": "https://farm8.staticflickr.com/7465/15920265736_728ed3f30b_b.jpg"}, "n_answers": 2, "quorum": 0, "calibration": 0, "created": "2014-12-04T16:09:58.859157", "state": "completed", "project_id": 85, "id": 27840, "priority_0": 0.0}, {"info": {"url_m": "https://farm8.staticflickr.com/7567/15758648728_511e814309_m.jpg", "link": "https://www.flickr.com/photos/MicroPasts/15758648728", "url_b": "https://farm8.staticflickr.com/7567/15758648728_511e814309_b.jpg"}, "n_answers": 2, "quorum": 0, "calibration": 0, "created": "2014-12-04T16:10:04.463695", "state": "completed", "project_id": 85, "id": 27841, "priority_0": 0.0}, {"info": {"url_m": "https://farm8.staticflickr.com/7464/15326434943_5f2e78d8c5_m.jpg", "link": "https://www.flickr.com/photos/MicroPasts/15326434943", "url_b": "https://farm8.staticflickr.com/7464/15326434943_5f2e78d8c5_b.jpg"}, "n_answers": 2, "quorum": 0, "calibration": 0, "created": "2014-12-04T16:10:07.563880", "state": "completed", "project_id": 85, "id": 27842, "priority_0": 0.0}, {"info": {"url_m": "https://farm9.staticflickr.com/8581/15945400742_e2220ef333_m.jpg", "link": "https://www.flickr.com/photos/MicroPasts/15945400742", "url_b": "https://farm9.staticflickr.com/8581/15945400742_e2220ef333_b.jpg"}, "n_answers": 2, "quorum": 0, "calibration": 0, "created": "2014-12-04T16:10:10.614648", "state": "completed", "project_id": 85, "id": 27843, "priority_0": 0.0}, {"info": {"url_m": "https://farm8.staticflickr.com/7513/15946076635_982c03be53_m.jpg", "link": "https://www.flickr.com/photos/MicroPasts/15946076635", "url_b": "https://farm8.staticflickr.com/7513/15946076635_982c03be53_b.jpg"}, "n_answers": 2, "quorum": 0, "calibration": 0, "created": "2014-12-04T16:10:13.656750", "state": "completed", "project_id": 85, "id": 27844, "priority_0": 0.0}, {"info": {"url_m": "https://farm8.staticflickr.com/7509/15326435283_ce4cb3fea2_m.jpg", "link": "https://www.flickr.com/photos/MicroPasts/15326435283", "url_b": "https://farm8.staticflickr.com/7509/15326435283_ce4cb3fea2_b.jpg"}, "n_answers": 2, "quorum": 0, "calibration": 0, "created": "2014-12-04T16:10:16.742356", "state": "completed", "project_id": 85, "id": 27845, "priority_0": 0.0}, {"info": {"url_m": "https://farm8.staticflickr.com/7530/15944113361_41ce49f351_m.jpg", "link": "https://www.flickr.com/photos/MicroPasts/15944113361", "url_b": "https://farm8.staticflickr.com/7530/15944113361_41ce49f351_b.jpg"}, "n_answers": 2, "quorum": 0, "calibration": 0, "created": "2014-12-04T16:10:19.781094", "state": "completed", "project_id": 85, "id": 27846, "priority_0": 0.0}, {"info": {"url_m": "https://farm8.staticflickr.com/7536/15323803164_275bc96537_m.jpg", "link": "https://www.flickr.com/photos/MicroPasts/15323803164", "url_b": "https://farm8.staticflickr.com/7536/15323803164_275bc96537_b.jpg"}, "n_answers": 2, "quorum": 0, "calibration": 0, "created": "2014-12-04T16:10:22.863937", "state": "completed", "project_id": 85, "id": 27847, "priority_0": 0.0}, {"info": {"url_m": "https://farm9.staticflickr.com/8562/15323803284_2664589646_m.jpg", "link": "https://www.flickr.com/photos/MicroPasts/15323803284", "url_b": "https://farm9.staticflickr.com/8562/15323803284_2664589646_b.jpg"}, "n_answers": 2, "quorum": 0, "calibration": 0, "created": "2014-12-04T16:10:25.914666", "state": "completed", "project_id": 85, "id": 27848, "priority_0": 0.0}]